show,segment_name,segment_id,platform,region,source
,LR-TIMSTEST1,1304470,DDA,,audience_items
,US-LR-Swoop_1020119061_Aug25,1308907,DDA,,audience_items
,US-LR-DM-Acxiom-InMarket_NewLuxuryVehicle,1308912,DDA,,audience_items
,US-LR-DM-Acxiom-InMarket_NewVehicle,1308999,DDA,,audience_items
,US-LR-DM-Acxiom-InMarket_UsedVehicle,1309000,DDA,,audience_items
,US-LR-Swoop-0825_1020207431,1309045,DDA,,audience_items
,US-LR-Swoop-0825_1020207441,1309046,DDA,,audience_items
,US-LR-Swoop-0825_1020207461,1309047,DDA,,audience_items
,US-LR-DM-Alliant-MoviesShows_Avatar_Aug25,1309052,DDA,,audience_items
,US-LR-DM-Alliant-Genre_Animation_Aug25,1309053,DDA,,audience_items
,US-LR-DM-UltimateData-Ghibli_Aug25,1309054,DDA,,audience_items
,US-LR-DM-UltimateData-OnePiece_Aug25,1309055,DDA,,audience_items
,US-LR-DM-UltimateData-Naruto_Aug25,1309056,DDA,,audience_items
,US-LR-Swoop_1019605161_Aug25,1309176,DDA,,audience_items
,US-LR-Swoop_1019605171_Aug25,1309178,DDA,,audience_items
,US-LR-DM-AffinityAnswers-AwardShows deactivated at 2025-08-20 13:54:47 UTC,1309317,DDA,,audience_items
,US-LR-DM-Acxiom-HomeAgeAfter2000-Aug25,1309318,DDA,,audience_items
,US-LR-DM-Epsilon_VikingCruisesRefresh_Aug25,1309352,DDA,,audience_items
,US-LR-DM-AnalyticsIQ_10-49-Employees_Aug25,1309353,DDA,,audience_items
,US-LR-DM-AnalyticsIQ_Annual-Revenue-500Mplus_Aug25,1309354,DDA,,audience_items
,US-LR-DM-AnalyticsIQ_Annual-Revenue-100m-499m_Aug25,1309355,DDA,,audience_items
,US-LR-DM-AnalyticsIQ-AnalyticsIQ_WorkFromHome_Aug25,1309357,DDA,,audience_items
,US-LR-DM-Acxiom-Spanish-Speakers-Aug25,1309358,DDA,,audience_items
,US-LR-DM-Acxiom_PresenceofChildren_Yes_Aug25,1309359,DDA,,audience_items
,US-LR-DM-AnalyticsIQ_50-99-Employees_Aug25,1309360,DDA,,audience_items
,US-LR-DM-AnalyticsIQ_100-499-Employees_Aug25,1309361,DDA,,audience_items
,US-LR-DM-AnalyticsIQ_500-999-Employees_Aug25,1309362,DDA,,audience_items
,US-LR-DM-AnalyticsIQ_1000-4999-Employees_Aug25,1309363,DDA,,audience_items
,US-CR-Annalect_Pepsi_SavvySingles_Aug25,1309366,DDA,,audience_items
,US-CR-Annalect_Pepsi_HealthConsciousProfesionals_Aug25,1309367,DDA,,audience_items
,US-CR-Annalect_Pepsi_QualityFirstFamilies_Aug25,1309368,DDA,,audience_items
,US-CR-Annalect_Pepsi_GreatOutdoorAdventurers_Aug25,1309369,DDA,,audience_items
,US-CR-Annalect_Pepsi_FastPacedHouseholds_Aug25,1309370,DDA,,audience_items
,US-CR-Annalect_Pepsi_CrowdPleasingFamilies_Aug25,1309371,DDA,,audience_items
,US-CR-Annalect_Canva_KW_v2_Aug25,1309378,DDA,,audience_items
,US-CR-Annalect_HomeDepot_LDAppliances_Aug25,1309380,DDA,,audience_items
,US-LR-DM-AnalyticsIQ_PoolOwner_Aug25,1309575,DDA,,audience_items
,US-LR-DM-Dynata_ComedyGenre_Aug25,1309576,DDA,,audience_items
,US-LR-DM-Dynata_SouthParkFans_Aug25,1309577,DDA,,audience_items
,US-LR-Swoop_1020118901_Aug25,1309578,DDA,,audience_items
,US-LR-Swoop_1020118911_Aug25,1309579,DDA,,audience_items
,US-LR-Swoop_1020119041_Aug25,1309580,DDA,,audience_items
,US-LR-Bombora-IBM_Micro-CustomerService_Aug25,1309594,DDA,,audience_items
,US-LR-DB-IBM_Micros-CustomerService-JobTitles_Aug25,1309595,DDA,,audience_items
,US-LR-Bombora-IBM_Micro-HumanResources_Aug25,1309596,DDA,,audience_items
,US-LR-DB-IBM_Micros-HR-JobTitles_Aug25,1309597,DDA,,audience_items
,US-LR-Bombora-IBM_Micro-AccountingAndFinance_Aug25,1309599,DDA,,audience_items
,US-LR-DB-IBM_Micros-AccountFinance-JobTitles_Aug25,1309600,DDA,,audience_items
,US-LR-DB-IBM_Micros-DataMgmtGov-JobTitles_Aug25,1309601,DDA,,audience_items
,US-LR-Bombora-IBM_Micro-CoreBDMs_Aug25,1309602,DDA,,audience_items
,US-LR-Bombora-IBM_Seniority-BDM_Aug25,1309603,DDA,,audience_items
,US-LR-DB-IBM_Micros-Core-JobTitles_Aug25,1309604,DDA,,audience_items
,US-LR-Bombora-IBM_DataMgmtAndGov_Aug25,1309607,DDA,,audience_items
,US-LR-Bombora-IBM_Micro-Infra_Aug25,1309610,DDA,,audience_items
,US-LR-DB-IBM_Micros-Infrastructure-JobTitles_Aug25,1309611,DDA,,audience_items
,US-LR-DM-Bridge-DrinksBeer_Aug25,1310301,DDA,,audience_items
,US-LR-DM-Bridge-DrinksTequila_Aug25,1310302,DDA,,audience_items
,US-LR-DM-Bridge-DrinksVodka_Aug25,1310303,DDA,,audience_items
,US-LR-DM-Bridge-DrinksBrandy-Armagnac_Aug25,1310304,DDA,,audience_items
,US-LR-DM-Bridge-DrinksGin_Aug25,1310305,DDA,,audience_items
,US-LR-DM-Bridge-DrinksRum_Aug25,1310306,DDA,,audience_items
,US-LR-DM-Bridge-DrinksIrishWhiskey_Aug25,1310307,DDA,,audience_items
,US-LR-DM-Bridge-DrinksScotch_Aug25,1310308,DDA,,audience_items
,US-LR-DM-Bridge-DrinksBourbon_Aug25,1310309,DDA,,audience_items
,US-LR-DM-Bridge-DrinksBlendedWhiskeyRye_Aug25,1310310,DDA,,audience_items
,US-LR-DM-Acxiom-Age-35-64,1310317,DDA,,audience_items
,US-LR-DM-Acxiom-Age_HoH_25-29,1310322,DDA,,audience_items
,US-LR-DM-Acxiom-Age_HoH_30-34,1310325,DDA,,audience_items
,US-LR-DM-Acxiom-Age_HoH_35-39,1310326,DDA,,audience_items
,US-LR-DM-Acxiom-Age_HoH_40-44,1310327,DDA,,audience_items
,US-LR-DM-Acxiom-Age_HoH_45-49,1310328,DDA,,audience_items
,US-LR-DM-AudienceAcuity_PoliticalNewsJunkies_Aug25,1310339,DDA,,audience_items
,US-LR-DM-Acxiom-Age_HoH_55-59,1310450,DDA,,audience_items
,US-LR-DM-Acxiom-Age_HoH_60-64,1310451,DDA,,audience_items
,US-LR-DM-Acxiom-Age_HoH_65plus,1310452,DDA,,audience_items
,US-LR-DM-AnalyticsIQ_Tesla-Owners_Aug25,1310738,DDA,,audience_items
,US-LR-DM-AnalyticsIQ_inMarketfor-Tesla_Aug25,1310739,DDA,,audience_items
,US-LR-DM-Acxiom-Vehicle_Truck,1310756,DDA,,audience_items
,US-LR-DM-AnalyticsIQ-VehicleType_AllElectricVehicleDrivers,1310757,DDA,,audience_items
,US-LR-DM-AnalyticsIQ-ElectricHybridVehicles,1310758,DDA,,audience_items
,US-LR-DM-AnalyticsIQ-VehicleType_InMarket_Truck,1310760,DDA,,audience_items
,US-LR-DM-DataAxle-AutoIntenders,1310762,DDA,,audience_items
,US-LR-DM-ATVEXP-Auto_DIYOnlineAutoProducts,1310763,DDA,,audience_items
,US-LR-DM-ATVEXP-Auto_InMarket_BuyerUsed,1310764,DDA,,audience_items
,US-LR-DM-ATVEXP-Auto_InMarket_NewCar,1310765,DDA,,audience_items
,US-LR-DM-ATVEXP-Auto_DIYCarsandAutoRepair,1310767,DDA,,audience_items
,US-LR-DM-ATVEXP-Auto_InMarketSwitchers_Luxury,1310768,DDA,,audience_items
,US-LR-DM-ATVEXP-AutoPartsAccessories_FrequentSpenders,1310769,DDA,,audience_items
,US-LR-DM-LoopMe-CarOwners,1310770,DDA,,audience_items
,US-LR-DM-PolkAudiences-ElectricVehicles,1310771,DDA,,audience_items
,US-LR-DM-PolkAudiences-NewLuxuryVehicle,1310772,DDA,,audience_items
,US-LR-DM-PolkAudiences-NewVehicle,1310773,DDA,,audience_items
,US-LR-DM-PolkAudiences-UsedVehicle,1310774,DDA,,audience_items
,US-LR-DM-PolkAudiences-NewMidSizePickup,1310775,DDA,,audience_items
,US-LR-DM-PolkAudiences-NewHalfTonFullSizePickup,1310777,DDA,,audience_items
,US-LR-DM-PolkAudiences-New3QTonFullSizePickup,1310778,DDA,,audience_items
,US-LR-DM-PolkAudiences-NewSubCompactUtilityVehicle,1310779,DDA,,audience_items
,US-LR-DM-PolkAudiences-NewCompactUtilityVehicle,1310788,DDA,,audience_items
,US-LR-DM-PolkAudiences-NewFullSizeUtilityVehicle,1310793,DDA,,audience_items
,US-LR-DM-PolkAudiences-NewLowerMidSizeUtilityVehicle,1310796,DDA,,audience_items
,US-LR-DM-PolkAudiences-NewUpperMidSizeUtilityVehicle,1310797,DDA,,audience_items
,US-LR-DM-PolkAudiences-NewCompactCar,1310798,DDA,,audience_items
,US-LR-DM-PolkAudiences-NewMidSizeCar,1310799,DDA,,audience_items
,US-LR-DM-PolkAudiences-NewFullSizeCar,1310800,DDA,,audience_items
,US-LR-DM-PolkAudiences-NewEV,1310801,DDA,,audience_items
,US-LR-DM-PolkAudiences-ServiceTires,1310802,DDA,,audience_items
,US-LR-DM-PolkAudiences-ServiceGeneral,1310803,DDA,,audience_items
,US-LR-DM-PolkAudiences-NewLuxurySubCompactUtilityVehicle,1310804,DDA,,audience_items
,US-LR-DM-PolkAudiences-NewLuxuryCompactUtilityVehicle,1310807,DDA,,audience_items
,US-LR-DM-PolkAudiences-NewLuxuryFullSizeUtilityVehicle,1310808,DDA,,audience_items
,US-LR-DM-PolkAudiences-NewLuxuryLowerMidSizeUtilityVehicle,1310809,DDA,,audience_items
,US-LR-DM-PolkAudiences-NewLuxuryUpperMidSizeUtilityVehicle,1310810,DDA,,audience_items
,US-LR-DM-PolkAudiences-NewLuxuryCompactCar,1310811,DDA,,audience_items
,US-LR-DM-Stirista-AutoEnthusiasts,1310812,DDA,,audience_items
,US-LR-DM-UltimateData-BoatingYachting,1310813,DDA,,audience_items
,US-LR-DM-AnalyticsIQ-BusinessOwners,1310814,DDA,,audience_items
,US-LR-DM-Bombora-B2B_DecisionMakers_Business,1310816,DDA,,audience_items
,US-LR-DM-Bombora-B2B_DecisionMakers_Marketing,1310817,DDA,,audience_items
,US-LR-DM-Bombora-B2B_DecisionMakers_Sales,1310819,DDA,,audience_items
,US-LR-DM-Bombora-B2B_Industry_BusinessServices,1310822,DDA,,audience_items
,US-LR-DM-Bombora-B2B_Industry_Construction,1310823,DDA,,audience_items
,US-LR-DM-Bombora-B2B_Industry_Education,1310824,DDA,,audience_items
,US-LR-DM-Bombora-B2B_Industry_Finance,1310825,DDA,,audience_items
,US-LR-DM-Bombora-B2B_Industry_Government,1310826,DDA,,audience_items
,US-LR-DM-Bombora-B2B_Industry_Healthcare,1310827,DDA,,audience_items
,US-LR-DM-Bombora-B2B_Industry_Retail,1310828,DDA,,audience_items
,US-LR-DM-Bombora-B2B_Industry_Software,1310829,DDA,,audience_items
,US-LR-DM-Bombora-B2B_Industry_Telecommunications,1310831,DDA,,audience_items
,US-LR-DM-Bombora-B2B_Industry_TransportationTravel,1310832,DDA,,audience_items
,US-LR-DM-Bombora-JobFunction_Engineering,1310833,DDA,,audience_items
,US-LR-DM-Bombora-JobFunction_Operations,1310834,DDA,,audience_items
,US-LR-DM-Bombora-JobFunction_Sales,1310835,DDA,,audience_items
,US-LR-DM-Bombora-Entrepreneur,1310838,DDA,,audience_items
,US-LR-DM-ATVEXP-Occupation_SmallBusinessOwners,1310839,DDA,,audience_items
,US-LR-DM-Bombora-B2B_DecisionMakers_Finance,1310840,DDA,,audience_items
,US-LR-DM-Bombora-B2B_DecisionMakers_SmallBusiness,1310841,DDA,,audience_items
,US-LR-DM-Bombora-B2B_Industry_EnergyUtilitiesWaste,1310842,DDA,,audience_items
,US-LR-DM-Bombora-B2B_Industry_HospitalityHotels,1310843,DDA,,audience_items
,US-LR-DM-Bombora-B2B_Industry_Insurance,1310844,DDA,,audience_items
,US-LR-DM-Bombora-B2B_Industry_MediaInternet,1310845,DDA,,audience_items
,US-LR-DM-Bombora-B2B_Industry_RealEstate,1310846,DDA,,audience_items
,US-LR-DM-Bombora-JobFunction_IT,1310849,DDA,,audience_items
,US-LR-DM-Bombora-JobFunction_SoftwareDevelopers,1310850,DDA,,audience_items
,US-LR-DM-Bombora-JobFunction_WebDevelopment,1310851,DDA,,audience_items
,US-LR-DM-ATVEXP-GroceryPickUpandDelivery,1310852,DDA,,audience_items
,US-LR-DM-Epsilon-Back-to-SchoolShoppers,1310859,DDA,,audience_items
,US-LR-DM-Adstra-Tech_EarlyAdopter-Innovator,1310860,DDA,,audience_items
,US-LR-DM-Acxiom-GreenLiving,1310861,DDA,,audience_items
,US-LR-DM-IRI-BeautyMavens,1310863,DDA,,audience_items
,US-LR-DM-IRI-ConvenienceSeekers,1310864,DDA,,audience_items
,US-LR-DM-IRI-Nutritionist,1310865,DDA,,audience_items
,US-LR-DM-IRI-SweetTooth,1310867,DDA,,audience_items
,US-LR-DM-Asterisks-FTP,1310868,DDA,,audience_items
,US-LR-DM-Acxiom-Ethnicity_AA,1310869,DDA,,audience_items
,US-LR-DM-Acxiom-Ethnicity_Hispanic,1310870,DDA,,audience_items
,US-LR-DM-Acxiom-Veteran,1310871,DDA,,audience_items
,US-LR-DM-Acxiom-BuyVacation-SecondHome,1310872,DDA,,audience_items
,US-LR-DM-Acxiom-BuyFirstHome,1310873,DDA,,audience_items
,US-LR-DM-Acxiom-Military,1310874,DDA,,audience_items
,US-LR-DM-Adsquare-Employed,1310876,DDA,,audience_items
,US-LR-DM-AnalyticsIQ-PreMovers,1310877,DDA,,audience_items
,US-LR-DM-AnalyticsIQ-ActivelySeekingNewJob,1310878,DDA,,audience_items
,US-LR-DM-AnalyticsIQ-MilitaryVeteran,1310879,DDA,,audience_items
,US-LR-DM-Acxiom-CountryMusicPerformances,1310880,DDA,,audience_items
,US-LR-DM-Acxiom-Interest_LiveTheater,1310881,DDA,,audience_items
,US-LR-DM-AcxiomUSMedia-Documentaries,1310882,DDA,,audience_items
,US-LR-DM-AcxiomUSMedia-GameShows,1310883,DDA,,audience_items
,US-LR-DM-AffinityAnswers-AwardShows,1310884,DDA,,audience_items
,US-LR-DM-Alliant-Movies_HarryPotter,1310886,DDA,,audience_items
,US-LR-DM-Alliant-Movies_MarvelComic,1310887,DDA,,audience_items
,US-LR-DM-Alliant-Movies_DCComics,1310888,DDA,,audience_items
,US-LR-DM-Alliant-SportsEnthusiasts,1310891,DDA,,audience_items
,US-LR-DM-Clickagy-Animation_Anime,1310892,DDA,,audience_items
,US-LR-DM-Comscore-Network_AE,1310894,DDA,,audience_items
,US-LR-DM-Comscore-Network_Bravo,1310897,DDA,,audience_items
,US-LR-DM-Comscore-Network_CBS,1310899,DDA,,audience_items
,US-LR-DM-Comscore-Network_Cinemax,1310901,DDA,,audience_items
,US-LR-DM-Comscore-Network_CMT,1310903,DDA,,audience_items
,US-LR-DM-Comscore-Network_ComedyCentral,1310905,DDA,,audience_items
,US-LR-DM-Comscore-Network_E,1310907,DDA,,audience_items
,US-LR-DM-Comscore-Network_ESPN,1310910,DDA,,audience_items
,US-LR-DM-Comscore-Network_FoodNetwork,1310912,DDA,,audience_items
,US-LR-DM-Comscore-Network_FX,1310914,DDA,,audience_items
,US-LR-DM-Comscore-Network_Golf,1310916,DDA,,audience_items
,US-LR-DM-Comscore-Network_HBO,1310918,DDA,,audience_items
,US-LR-DM-Comscore-Network_Showtime,1310919,DDA,,audience_items
,US-LR-DM-Comscore-Network_Paramount,1310920,DDA,,audience_items
,US-LR-DM-Comscore-Network_Syfy,1310922,DDA,,audience_items
,US-LR-DM-Comscore-Network_TNT,1310923,DDA,,audience_items
,US-LR-DM-Comscore-Network_VH1,1310925,DDA,,audience_items
,US-LR-DM-Comscore-SpanishLanguageTVWatchers,1310927,DDA,,audience_items
,US-LR-DM-ContextualGraph-FantasyMovies,1310929,DDA,,audience_items
,US-LR-DM-ContextualGraph-MusicTV,1310930,DDA,,audience_items
,US-LR-DM-Experian-FrequentMovieAttendee,1310931,DDA,,audience_items
,US-LR-DM-ATVEXP-MusicConcertsFestivals_HighSpenders,1310932,DDA,,audience_items
,US-LR-DM-UltimateData-ActionAdventureMovies,1310933,DDA,,audience_items
,US-LR-DM-UltimateData-ComedyMovies,1310934,DDA,,audience_items
,US-LR-DM-UltimateData-TVActionDrama,1310935,DDA,,audience_items
,US-LR-DM-UltimateData-FamilyFriendlyStreaming,1310936,DDA,,audience_items
,US-LR-DM-UltimateData-HomeImprovementDIY,1310937,DDA,,audience_items
,US-LR-DM-UltimateData-HorrorMovies,1310938,DDA,,audience_items
,US-LR-DM-UltimateData-MusicalDanceMovies,1310939,DDA,,audience_items
,US-LR-DM-UltimateData-PremiumChannels,1310940,DDA,,audience_items
,US-LR-DM-UltimateData-RealityTV,1310941,DDA,,audience_items
,US-LR-DM-UltimateData-RomanceMovies,1310942,DDA,,audience_items
,US-LR-DM-UltimateData-SciFiMovies,1310943,DDA,,audience_items
,US-LR-DM-Alliant-TV-Movies_Comedy,1310944,DDA,,audience_items
,US-LR-DM-Alliant-Genre_History,1310945,DDA,,audience_items
,US-LR-DM-Acxiom-Network_BET,1310946,DDA,,audience_items
,US-LR-DM-AffinityAnswers-MTV,1310947,DDA,,audience_items
,US-LR-DM-Acxiom-FightingTypeVideoGames,1310948,DDA,,audience_items
,US-LR-DM-Acxiom-TV_CollegeFootball,1310949,DDA,,audience_items
,US-LR-DM-Acxiom-PurchasedFinancialProductsForSmallBusiness,1310950,DDA,,audience_items
,US-LR-DM-Acxiom-Landlords,1310951,DDA,,audience_items
,US-LR-DM-Experian-TaxPreparationServicesBuyers,1310952,DDA,,audience_items
,US-LR-DM-ATVEXP-Finance_DiscretionarySpend_10000-24999,1310953,DDA,,audience_items
,US-LR-DM-ATVEXP-Finance_DiscretionarySpend_25000-49999,1310954,DDA,,audience_items
,US-LR-DM-ATVEXP-Finance_DiscretionarySpend_50000plus,1310955,DDA,,audience_items
,US-LR-DM-ATVEXP-Finance_DiscretionarySpend_5000-9999,1310956,DDA,,audience_items
,US-LR-DM-ATVEXP-Finance_InMarketAutoLoan,1310957,DDA,,audience_items
,US-LR-DM-ATVEXP-Finance_InMarketBankcardRevolving,1310958,DDA,,audience_items
,US-LR-DM-ATVEXP-LoyalRewardsEnthusiastLowCCBalance,1310959,DDA,,audience_items
,US-LR-DM-Experian-NetWorth_100000-249999,1310960,DDA,,audience_items
,US-LR-DM-Experian-NetWorth_250000-499999,1310961,DDA,,audience_items
,US-LR-DM-Experian-NetWorth_500000-749999,1310962,DDA,,audience_items
,US-LR-DM-Experian-NetWorth_750000-999999,1310963,DDA,,audience_items
,US-LR-DM-ATVEXP-Finance_NetWorth_1Mplus,1310964,DDA,,audience_items
,US-LR-DM-ATVEXP-FinancialBehavior_SmartInvestors,1310966,DDA,,audience_items
,US-LR-DM-ATVEXP-InvestmentLeaders,1310967,DDA,,audience_items
,US-LR-DM-Clickagy-Amusement-ThemeParks,1311004,DDA,,audience_items
,US-LR-DM-AuDigent-Travel_FamilyVacationers,1311005,DDA,,audience_items
,US-LR-DM-Claritas-PlanToTravelToFlorida,1311006,DDA,,audience_items
,US-LR-DM-AuDigent-TripsToCalifornia,1311007,DDA,,audience_items
,US-LR-DM-AnalyticsIQ-TravelInterest_Domestic,1311008,DDA,,audience_items
,US-LR-DM-AnalyticsIQ-TravelInterest_International,1311011,DDA,,audience_items
,US-LR-DM-AnalyticsIQ-TravelIntenders_Luxury,1311013,DDA,,audience_items
,US-LR-DM-AnalyticsIQ-TravelLikely_Next3mth,1311014,DDA,,audience_items
,US-LR-DM-AnalyticsIQ-PostponedTravel,1311016,DDA,,audience_items
,US-LR-DM-Alliant-LuxuryHotelVisitors_Propensity,1311017,DDA,,audience_items
,US-LR-DM-Alliant-EconomyHotelVisitors_Propensity,1311018,DDA,,audience_items
,US-LR-DM-Acxiom-Travel_Golfing,1311019,DDA,,audience_items
,US-LR-DM-Acxiom-Travel_AmusementParks,1311020,DDA,,audience_items
,US-LR-DM-Epsilon-CasinoVacationers,1311022,DDA,,audience_items
,US-LR-DM-Experian-Recent_CordCutters,1311023,DDA,,audience_items
,US-LR-DM-Epsilon-ElectronicEnthusiast,1311024,DDA,,audience_items
,US-LR-DM-Claritas-EarlyAdopters,1311025,DDA,,audience_items
,US-LR-DM-Bridge-HHDoesNotSubscribetoCable,1311026,DDA,,audience_items
,US-LR-DM-Acxiom-SubscribetoStreamingVidServices,1311027,DDA,,audience_items
,US-LR-DM-Acxiom-LaptopLikelyProductType,1311028,DDA,,audience_items
,US-LR-DM-Acxiom-DesktopLikelyProductType,1311029,DDA,,audience_items
,US-LR-DM-AffinityAnswers-Sports_WWE,1311030,DDA,,audience_items
,US-LR-DM-AffinityAnswers-Sports_UFC,1311031,DDA,,audience_items
,US-LR-DM-AffinityAnswers-Sports_Rugby,1311032,DDA,,audience_items
,US-LR-DM-AffinityAnswers-Sports_NHL,1311034,DDA,,audience_items
,US-LR-DM-Acxiom-Age_HoH_50-54,1311046,DDA,,audience_items
,US-LR-DM-Quorum-AdultsInCollege_Aug25,1311112,DDA,,audience_items
,US-LR-DM-Dstillery-FirstGen_College_Aug25,1311113,DDA,,audience_items
,US-LR-DM-DataAxle-ReturnToCollege_Aug25,1311114,DDA,,audience_items
,US-LR-DM-Bridge-First-TimeVoters_2018_Aug25,1311130,DDA,,audience_items
,US-LR-DM-Bridge-MidtermVoters_Aug25,1311131,DDA,,audience_items
,US-LR-DM-Acxiom-VideoGames_XboxLiveGaming_Aug25,1311132,DDA,,audience_items
,US-LR-DM-Acxiom-VideoGames_PlayStationGaming_Aug25,1311133,DDA,,audience_items
,US-LR-DM-Stirista-Interest_ThemeANDAmusementParks,1311134,DDA,,audience_items
,US-LR-DM-Acxiom-SiriusXMSubscription_Aug25,1311135,DDA,,audience_items
,US-LR-DM-Acxiom-RegularlyPaysForPhoneApps_Aug25,1311137,DDA,,audience_items
,US-LR-DM-Acxiom-PremiumTVStreamers_Aug25,1311139,DDA,,audience_items
,US-LR-DM-ATVEXP-TravelIntent_TraveledForLeisureInLast12M,1311138,DDA,,audience_items
,US-LR-DM-Acxiom-Tech_BuyWithinSixMonths_Aug25,1311140,DDA,,audience_items
,US-LR-DM-Acxiom-EarlyTechnologyAdopter_Aug25,1311141,DDA,,audience_items
,US-LR-DM-ATVEXP-TravelIntent_TravelPreference_BeachWaterfront,1311142,DDA,,audience_items
,US-LR-DM-Acxiom-TrueTechies_Aug25,1311143,DDA,,audience_items
,US-LR-DM-Acxiom-PremiumTechnologyAdopter_Aug25,1311145,DDA,,audience_items
,US-LR-DM-ATVEXP-TravelIntent_LikelihoodToVisitAmusementPark,1311146,DDA,,audience_items
,US-LR-DM-ATVEXP-RetailShoppers_VacationLeisureTravelers_Luxury,1311147,DDA,,audience_items
,US-LR-DM-ATVEXP-RetailShoppers_Travel_SummerTrips,1311148,DDA,,audience_items
,US-LR-DM-ATVEXP-PurchaseBased_Travel_LuxuryHotels,1311149,DDA,,audience_items
,US-LR-DM-Bridge-Interests_Religion_Aug25,1311150,DDA,,audience_items
,US-LR-DM-ATVEXP-PurchaseBased_Travel_Economy-MidscaleHotels,1311151,DDA,,audience_items
,US-LR-DM-ATVEXP-PurchasePredictorsShoppers_Travel,1311152,DDA,,audience_items
,US-LR-DM-AuDigent-TripsToLA,1311153,DDA,,audience_items
,US-LR-DM-Acxiom-FamilyTravelers,1311154,DDA,,audience_items
,US-LR-DM-Dstillery-ViewingIntender_Nobody2_Aug25,1311155,DDA,,audience_items
,US-LR-DM-Dstillery-ViewingIntender_LoveHurts_Aug25,1311156,DDA,,audience_items
,US-LR-DM-ATVEXP-PurchaseBased_TechnologyTelecom_VerizonMobilePhoneSpenders,1311157,DDA,,audience_items
,US-LR-DM-Dstillery-ViewingIntender_TheMinOfUngentWarfare_Aug25,1311158,DDA,,audience_items
,US-LR-DM-Dstillery-ViewingIntender_ViolentNight_Aug25,1311159,DDA,,audience_items
,US-LR-DM-ATVEXP-PurchaseBased_TechnologyTelecom_TMobileMobilePhoneSpenders,1311160,DDA,,audience_items
,US-LR-DM-ATVEXP-PurchaseBased_TechnologyTelecom_MobileSwitchersFromVerizon,1311161,DDA,,audience_items
,US-LR-DM-ATVEXP-PurchaseBased_TechnologyTelecom_MobileSwitchersFromTMobile,1311162,DDA,,audience_items
,US-LR-DM-ATVEXP-PurchaseBased_TechnologyTelecom_MobileSwitchersFromSprint,1311163,DDA,,audience_items
,US-LR-DM-ATVEXP-PurchaseBased_TechnologyTelecom_MobileSwitchersFromCricket,1311164,DDA,,audience_items
,US-LR-DM-ATVEXP-PurchaseBased_TechnologyTelecom_MobileSwitchersFromBoost,1311165,DDA,,audience_items
,US-LR-DM-ATVEXP-PurchaseBased_TechnologyTelecom_MobileSwitchersFromATT,1311166,DDA,,audience_items
,US-LR-DM-Dstillery-ViewingIntender_MonkeyMan_Aug25,1311167,DDA,,audience_items
,US-LR-DM-ATVEXP-PurchaseBased_TechnologyTelecom_ATTMobilePhoneSpenders,1311168,DDA,,audience_items
,US-LR-DM-Dstillery-ViewingIntender_Expend4bles_Aug25,1311169,DDA,,audience_items
,US-LR-DM-AffinityAnswers-Sports_NFL,1311170,DDA,,audience_items
,US-LR-DM-Dstillery-ViewingIntender_Ambulance_Aug25,1311171,DDA,,audience_items
,US-LR-DM-AffinityAnswers-Sports_NBA,1311172,DDA,,audience_items
,US-LR-DM-Dstillery-ViewingIntender_JohnWick_Aug25,1311173,DDA,,audience_items
,US-LR-DM-AffinityAnswers-Sports_MLS,1311174,DDA,,audience_items
,US-LR-DM-AffinityAnswers-Sports_MLB,1311175,DDA,,audience_items
,US-LR-DM-AffinityAnswers-Sports_HorseRacing,1311176,DDA,,audience_items
,US-LR-DM-AffinityAnswers-Sports_AutoRacing,1311177,DDA,,audience_items
,US-LR-DM-AffinityAnswers-Events_USOpen,1311178,DDA,,audience_items
,US-LR-DM-AffinityAnswers-Events_PGAChampionship,1311180,DDA,,audience_items
,US-LR-DM-AffinityAnswers-Events_MarchMadness,1311182,DDA,,audience_items
,US-LR-DM-AffinityAnswers-Events_NBAPlayoffs,1311183,DDA,,audience_items
,US-LR-DM-Acxiom-Interest_Sports,1311184,DDA,,audience_items
,US-LR-DM-Acxiom-SportsEquipment,1311187,DDA,,audience_items
,US-LR-DM-Acxiom-LuxuryShoppers,1311189,DDA,,audience_items
,US-LR-DM-UltimateData-HomeImprovement_DecorRetailCooperativeBrands,1311190,DDA,,audience_items
,US-LR-DM-UltimateData-ModernFurniture,1311191,DDA,,audience_items
,US-LR-DM-Stirista-BlackFriday_CyberMonday_Shoppers,1311193,DDA,,audience_items
,US-LR-DM-Ibotta-CPG_HomeImprovement,1311195,DDA,,audience_items
,US-LR-DM-ATVEXP-PurchaseBased_ShoppingBehavior_JewelryWatchesHighSpenders,1311197,DDA,,audience_items
,US-LR-DM-ATVEXP-PurchaseBased_ConsumerElectronics_OnlineHighSpenders,1311199,DDA,,audience_items
,US-LR-DM-ATVEXP-PurchaseBased_ConsumerElectronics_InStoreHighSpenders,1311200,DDA,,audience_items
,US-LR-DM-ATVEXP-PurchasePredictors_ElectronicsAppliances,1311201,DDA,,audience_items
,US-LR-DM-ATVEXP-PurchasedBased_ShoppingBehavior_BabyProductsInStore_FrequentSpenders,1311202,DDA,,audience_items
,US-LR-DM-ATVEXP-PurchasedBased_ShoppingBehavior_ChildrenFamilyFamiliesWithBabies,1311203,DDA,,audience_items
,US-LR-DM-ATVEXP-PurchaseBased_HomeImprovement_DIY_InStoreHighSpenders,1311204,DDA,,audience_items
,US-LR-DM-ATVEXP-ShoppingBehavior_BrandLoyals,1311205,DDA,,audience_items
,US-LR-DM-Experian-HolidayShoppers_ConsumerElectronics,1311206,DDA,,audience_items
,US-LR-DM-Experian-RetailShoppers_ConsumerElectronics_InStoreHighSpenders,1311209,DDA,,audience_items
,US-LR-DM-Experian-RetailShoppers_CamerasPhotograhy_HighSpenders,1311210,DDA,,audience_items
,US-LR-DM-Experian-HolidayShoppers_Last-Minute,1311211,DDA,,audience_items
,US-LR-DM-Cubeiq-DIY_Shoppers,1311212,DDA,,audience_items
,US-LR-DM-Claritas-Retail_BestBuy,1311213,DDA,,audience_items
,US-LR-DM-Claritas-Retail_Target,1311214,DDA,,audience_items
,US-LR-DM-Claritas-Retail_JCPenny,1311215,DDA,,audience_items
,US-LR-DM-AnalyticsIQ-OnlineShoppers,1311216,DDA,,audience_items
,US-LR-DM-AnalyticsIQ-HomeDecorating,1311218,DDA,,audience_items
,US-LR-DM-Acxiom-QSR_Wendys,1311219,DDA,,audience_items
,US-LR-DM-Acxiom-QSR_McDonalds,1311220,DDA,,audience_items
,US-LR-DM-Acxiom-QSR_TacoBell,1311221,DDA,,audience_items
,US-LR-DM-Acxiom-QSR_Chick-Fil-A,1311222,DDA,,audience_items
,US-LR-DM-Kantar-FineDining,1311224,DDA,,audience_items
,US-LR-DM-ATVEXP-PurchaseBased_FastFoodQSR_FrequentSpenders,1311225,DDA,,audience_items
,US-LR-DM-ATVEXP-PurchasePredictors_FoodSnacksBeverages,1311226,DDA,,audience_items
,US-LR-DM-Datasys-RegularCoffeeDrinkers,1311227,DDA,,audience_items
,US-LR-Crossix_VC08274_Aug25,1311229,DDA,,audience_items
,US-LR-Crossix_VC08275_Aug25,1311230,DDA,,audience_items
,US-LR-Crossix_VC08297_Aug25,1311231,DDA,,audience_items
,US-LR-DM-Clickagy-CasualDining,1311233,DDA,,audience_items
,US-LR-DM-AuDigent-Foodies,1311234,DDA,,audience_items
,US-LR-DM-Acxiom-FineDiningRestaurant,1311235,DDA,,audience_items
,US-LR-DM-ATVEXP-Politics_UltraConservatives,1311238,DDA,,audience_items
,US-LR-DM-ATVEXP-Politics_PoliticalAffiliation_Unregistered,1311240,DDA,,audience_items
,US-LR-DM-ATVEXP-Politics_PoliticalAffiliation_Republican,1311241,DDA,,audience_items
,US-LR-DM-ATVEXP-Politics_PoliticalAffiliation_Democrat,1311242,DDA,,audience_items
,US-LR-DM-ATVEXP-Politics_PoliticalAffiliation_Independent,1311244,DDA,,audience_items
,US-LR-DM-AnalyticsIQ-SociallyModerate,1311245,DDA,,audience_items
,US-LR-DM-AnalyticsIQ-SociallyLiberal,1311246,DDA,,audience_items
,US-LR-DM-AnalyticsIQ-SociallyConservative,1311247,DDA,,audience_items
,US-LR-DM-Adstra-NewlyRegisteredVoters,1311249,DDA,,audience_items
,US-LR-DM-Adstra-VotersWithChildren,1311250,DDA,,audience_items
,US-LR-DM-Adstra-SeniorVoters,1311251,DDA,,audience_items
,US-LR-DM-Adstra-MillennialVoters,1311252,DDA,,audience_items
,US-LR-DM-Adstra-SingleVoters,1311253,DDA,,audience_items
,US-LR-DM-Adstra-MarriedVoters,1311254,DDA,,audience_items
,US-LR-DM-Adstra-MaleVoters,1311255,DDA,,audience_items
,US-LR-DM-Adstra-FemaleVoters,1311256,DDA,,audience_items
,US-LR-DM-Adstra-Republican-Only_HH,1311257,DDA,,audience_items
,US-LR-Crossix_VC0822__2__Aug25,1311258,DDA,,audience_items
,US-LR-Crossix_VC0822_1_Aug25,1311259,DDA,,audience_items
,US-LR-DM-Adstra-Republican-PersuadableSoft,1311260,DDA,,audience_items
,US-LR-DM-Adstra-RepublicanHardcore,1311261,DDA,,audience_items
,US-LR-DM-Adstra-Democrat-Only_HH,1311262,DDA,,audience_items
,US-LR-DM-Adstra-Democrat-YellowDog,1311263,DDA,,audience_items
,US-LR-DM-Adstra-Democrat-PersuadableSoft,1311264,DDA,,audience_items
,US-LR-DM-Adstra-AllVoters,1311265,DDA,,audience_items
,US-LR-DM-Acxiom-PoliticalParty_Unknown,1311266,DDA,,audience_items
,US-LR-DM-Acxiom-PoliticalParty_Republican,1311267,DDA,,audience_items
,US-LR-DM-Acxiom-PoliticalParty_Independent,1311268,DDA,,audience_items
,US-LR-DM-Acxiom-PoliticalParty_Democrat,1311269,DDA,,audience_items
,US-LR-DM-Acxiom-PoliticalActivities_WorkedPoliticalParty,1311270,DDA,,audience_items
,US-LR-DM-Acxiom-PoliticalActivities_Held-RanForOffice,1311272,DDA,,audience_items
,US-LR-DM-Acxiom-PoliticalActivities_ActivelyWorkedPolitics_PastYear,1311274,DDA,,audience_items
,US-LR-DM-Acxiom-PoliticalViews_VeryInterestedInPolitics,1311275,DDA,,audience_items
,US-LR-DM-Acxiom-PoliticalViews_Responsibility,1311276,DDA,,audience_items
,US-LR-DM-Acxiom-PoliticalViews_NotInterestedInPolitics,1311277,DDA,,audience_items
,US-LR-DM-Acxiom-PoliticalViews_Neutral,1311278,DDA,,audience_items
,US-LR-DM-Acxiom-PoliticalViews_Liberal,1311279,DDA,,audience_items
,US-LR-DM-Acxiom-PoliticalViews_Conservative,1311280,DDA,,audience_items
,US-LR-DM-IRI-PetSupplies,1311281,DDA,,audience_items
,US-LR-DM-AnalyticsIQ-PetOwner_Dog,1311282,DDA,,audience_items
,US-LR-DM-AnalyticsIQ-PetOwner_Cat,1311283,DDA,,audience_items
,US-LR-DM-AnalyticsIQ-PetOwner_CatOrDog,1311284,DDA,,audience_items
,US-LR-DM-Stirista-BlueCollar,1311285,DDA,,audience_items
,US-LR-DM-Acxiom-Interest_Exercise_Health,1311286,DDA,,audience_items
,US-LR-DM-Acxiom-Interest_Dieting_WeightLoss,1311287,DDA,,audience_items
,US-LR-DM-ATVEXP-LifestyleAndInterests_TelevisionTVNews,1311288,DDA,,audience_items
,US-LR-DM-ATVEXP-LifestyleAndInterests_TelevisionTV_RealityShowViewer,1311289,DDA,,audience_items
,US-LR-DM-ATVEXP-LifestyleAndInterests_StyleAndFashion,1311290,DDA,,audience_items
,US-LR-DM-ATVEXP-LifestyleAndInterests_SportsAndRecreation_SportsEnthusiast,1311291,DDA,,audience_items
,US-LR-DM-ATVEXP-LifestyleAndInterests_Sports_CollegeFootballBowls,1311292,DDA,,audience_items
,US-LR-DM-ATVEXP-LifestyleAndInterests_VideoGamer,1311293,DDA,,audience_items
,US-LR-DM-ATVEXP-LifestyleAndInterests_Pets_DogOwners,1311294,DDA,,audience_items
,US-LR-DM-ATVEXP-LifestyleAndInterests_SciFiMovieBuff,1311297,DDA,,audience_items
,US-LR-DM-ATVEXP-LifestyleAndInterests_AdventureMovieLovers,1311298,DDA,,audience_items
,US-LR-DM-ATVEXP-LifestyleAndInterests_InMarket_HomeImprovement,1311299,DDA,,audience_items
,US-LR-DM-ATVEXP-LifestyleAndInterests_InMarket_Furniture,1311300,DDA,,audience_items
,US-LR-DM-ATVEXP-LifestyleAndInterests_CordCutters,1311301,DDA,,audience_items
,US-LR-DM-ATVEXP-LifestyleAndInterests_AmusementParkVisitors,1311302,DDA,,audience_items
,US-LR-DM-Datasys-Interest_Plant-BasedEaters,1311303,DDA,,audience_items
,US-LR-DM-Claritas-OrganicProductPurchasers,1311305,DDA,,audience_items
,US-LR-DM-Claritas-BuyEco-Friendly_CleanProducts,1311306,DDA,,audience_items
,US-LR-DM-Bridge-JobSeekers,1311307,DDA,,audience_items
,US-LR-DM-CausewaySolutions-NewHomeOwner,1311308,DDA,,audience_items
,US-LR-DM-Acxiom-VegetarianDiet,1311309,DDA,,audience_items
,US-LR-DM-Acxiom-LowCarbDiet,1311311,DDA,,audience_items
,US-LR-DM-Acxiom-PropertyTypeDetail_SingleFamilyUnit,1311315,DDA,,audience_items
,US-LR-DM-Acxiom-PropertyTypeDetail_Single,1311316,DDA,,audience_items
,US-LR-DM-Acxiom-RegularlyWatch_NewsShows,1311317,DDA,,audience_items
,US-LR-DM-Acxiom-Interest_Reading,1311318,DDA,,audience_items
,US-LR-DM-Acxiom-Interest_Photography,1311319,DDA,,audience_items
,US-LR-DM-Acxiom-Interest_Parenting,1311320,DDA,,audience_items
,US-LR-DM-Acxiom-OutdoorActivities_Grouping_Interest,1311321,DDA,,audience_items
,US-LR-DM-Acxiom-OutdoorActivities_CampingAndHiking_Interest,1311322,DDA,,audience_items
,US-LR-DM-Acxiom-Interest_Museums,1311323,DDA,,audience_items
,US-LR-DM-Acxiom-Interest_Home_UpscaleLiving,1311324,DDA,,audience_items
,US-LR-DM-Acxiom-Interest_HomeImprovement,1311325,DDA,,audience_items
,US-LR-DM-Acxiom-Interest_HomeImprovement_DIY,1311326,DDA,,audience_items
,US-LR-DM-Acxiom-Interest_Gardening,1311327,DDA,,audience_items
,US-LR-DM-Acxiom-Interest_HomeFurnishingsDecorating,1311328,DDA,,audience_items
,US-LR-DM-Acxiom-Interest_Wines,1311329,DDA,,audience_items
,US-LR-DM-Acxiom-Interest_Fashion,1311330,DDA,,audience_items
,US-LR-DM-Acxiom-Interest_EnvironmentalIssues,1311331,DDA,,audience_items
,US-LR-DM-Acxiom-Interest_CurrentAffairsPolitics,1311332,DDA,,audience_items
,US-LR-DM-Acxiom-Interest_Charities,1311333,DDA,,audience_items
,US-LR-DM-Acxiom-Interest_Career,1311334,DDA,,audience_items
,US-LR-DM-Acxiom-Interest_Barbecuing,1311335,DDA,,audience_items
,US-LR-DM-Acxiom-Interest_Baking,1311337,DDA,,audience_items
,US-LR-DM-Acxiom-Interest_Arts,1311338,DDA,,audience_items
,US-LR-DM-Acxiom-LiquidInvestible_500K-999K,1311339,DDA,,audience_items
,US-LR-DM-Acxiom-LiquidInvestible_250K-499K,1311340,DDA,,audience_items
,US-LR-DM-Acxiom-LiquidInvestible_100K-249K,1311341,DDA,,audience_items
,US-LR-DM-Acxiom-LiquidInvestible_1M-2M,1311342,DDA,,audience_items
,US-LR-DM-AnalyticsIQ-AutoInsurance,1311343,DDA,,audience_items
,US-LR-DM-AnalyticsIQ-InMarket_HealthInsurance,1311344,DDA,,audience_items
,US-LR-DM-AnalyticsIQ-InMarket_HomeownersInsurance,1311345,DDA,,audience_items
,US-LR-DM-AnalyticsIQ-InMarket_DentalInsurance,1311346,DDA,,audience_items
,US-LR-DM-Acxiom-PurchasedBusinessInsurance,1311347,DDA,,audience_items
,US-LR-DM-Comscore-YouTubeWatchers,1311348,DDA,,audience_items
,US-LR-DM-Comscore-OTTWatchers,1311349,DDA,,audience_items
,US-LR-DM-Comscore-NetflixWatchers,1311350,DDA,,audience_items
,US-LR-DM-Comscore-HuluWatchers,1311351,DDA,,audience_items
,US-LR-DM-Comscore-AmazonWatchers,1311353,DDA,,audience_items
,US-LR-DM-Clickagy-VideoGames_Platform_NintendoSwitch,1311354,DDA,,audience_items
,US-LR-DM-Clickagy-VideoGames_Platform_Computer,1311355,DDA,,audience_items
,US-LR-DM-Clickagy-VideoGames_Genre_VirtualReality,1311356,DDA,,audience_items
,US-LR-DM-Clickagy-VideoGames_Genre_Simulation,1311357,DDA,,audience_items
,US-LR-DM-Clickagy-VideoGames_Genre_RPG,1311358,DDA,,audience_items
,US-LR-DM-Clickagy-VideoGames_Genre_MOBA,1311359,DDA,,audience_items
,US-LR-DM-Clickagy-VideoGames_Genre_Casual,1311360,DDA,,audience_items
,US-LR-DM-Clickagy-VideoGames_Genre_Adventure,1311361,DDA,,audience_items
,US-LR-DM-Clickagy-VideoGames_Genre_Action,1311362,DDA,,audience_items
,US-LR-DM-Alliant_VideoGames_Mobile,1311363,DDA,,audience_items
,US-LR-DM-Acxiom-VideoGames_XBoxLive,1311364,DDA,,audience_items
,US-LR-DM-Acxiom-QSR_BurgerKing,1311365,DDA,,audience_items
,US-LR-DM-Acxiom-QSR_KFC,1311366,DDA,,audience_items
,US-LR-DM-Acxiom-VideoGamers,1311367,DDA,,audience_items
,US-LR-DM-AffinityAnswers-Intent_Jewelry,1311368,DDA,,audience_items
,US-LR-DM-Acxiom-VideoGames_PowerGamer,1311370,DDA,,audience_items
,US-LR-DM-Acxiom-VideoGames_PlayStation,1311371,DDA,,audience_items
,US-LR-DM-Claritas-Retail_Walmart,1311706,DDA,,audience_items
,US-LR-DM-ATVEXP-OnlineBuyer_HeavyOnlineShopper,1311707,DDA,,audience_items
,US-LR-Crossix_VC08273_Aug25,1311717,DDA,,audience_items
,US-LR-DM-Alliant_DraftKingsUsers_Aug25,1311718,DDA,,audience_items
,US-LR-DM-Alliant_FanduelUsers_Aug25,1311719,DDA,,audience_items
,US-LR-DM-Adstra_GamblingInterest_Aug25,1311720,DDA,,audience_items
,US-LR-DM-AlarisPeople_CryptoBuyers_Traders,1311949,DDA,,audience_items
,US-LR-DM-AnalyticsIQ_LuxuryTravelIntenders_HighSpenders_Aug25,1311950,DDA,,audience_items
,US-LR-DM-Alliant_MGMGrandHotelAndCasino_BuyerPropensity_Aug25,1311954,DDA,,audience_items
,US-LR-1P-IBM_Micros_BusinessDMs_Aug25,1312134,DDA,,audience_items
,US-LR-DM-Bridge-First-TimeVoters_2022_Aug25,1312136,DDA,,audience_items
,US-LR-1P-Hallmark_CurrentSubSuppress_Sep25,1312137,DDA,,audience_items
,US-LR-1P-Hallmark_24hmkplsuppressglobal_Sep25,1312138,DDA,,audience_items
,US-LR-1P-Hallmark_25Q3hmkplbrand1Prollup_Sep25,1312139,DDA,,audience_items
,US-LR-Experian_Honda-Hispanicplusenglish-Sep25,1312727,DDA,,audience_items
,US-LR-Epsilon_lazboy_Sep25,1312728,DDA,,audience_items
,US-LR-Epsilon_redlobster-eid-Sep25,1312729,DDA,,audience_items
,US-LR-Epsilon_Costar-Apartmentrenter-Sep25,1312730,DDA,,audience_items
,US-LR-Experian_Acura-Totalmarket-Sep25,1312731,DDA,,audience_items
,US-CR-Annalect_Infiniti_Sep25,1312732,DDA,,audience_items
,US-LR-Annalect_ArmyReserves_Sep25,1312735,DDA,,audience_items
,US-LR-Epsilon_Costar-Apartmentlandlord-Sep25,1312739,DDA,,audience_items
,US-LR-Epsilon_Viking-Cruises-Sep25,1312741,DDA,,audience_items
,US-LR-Epsilon_Marathonoil-Sep25,1312742,DDA,,audience_items
,US-LR-Experian_Acura-HEcreative-Sep25,1312743,DDA,,audience_items
,US-LR-Crossix-VC08351-Sep25,1312759,DDA,,audience_items
,US-LR-DM-Acxiom-HHI_75Kplus,1312822,DDA,,audience_items
,US-LR-DM-Experian_Volunteering_Sep25,1312944,DDA,,audience_items
,US-LR-DM-AlarisPeople_charitydonors-Sep25,1312954,DDA,,audience_items
,US-LR-DM-Dstillery_SportsFans_SportsGamblers_Aug25,1313083,DDA,,audience_items
,US-LR-Epsilon-costar-homes-Sep25,1313090,DDA,,audience_items
,US-LR-Experian-Honda-TMspanish-Sep25,1313091,DDA,,audience_items
,US-LR-DM-AcxiomUSInvestment-250K-499K_Sep25,1313184,DDA,,audience_items
,US-LR-DM-AcxiomUSInvestment-500K-999K_Sep25,1313185,DDA,,audience_items
,US-LR-DMAcxiomUSInvestment-500k-5Mplus_Sep25,1313186,DDA,,audience_items
,US-LR-DM-AcxiomUSInvestment-1M-2M_Sep25,1313187,DDA,,audience_items
,US-LR-DM-Bombora_CompanySize_Medium-Small_50-199_Sep25,1313390,DDA,,audience_items
,US-OAP-LR-LibertyMutual_Dec3_Sep25,1313407,DDA,,audience_items
,US-OAP-LR-LibertyMutual_Dec1_Sep25,1313408,DDA,,audience_items
,US-OAP-LR-LibertyMutual_Dec2_Sep25,1313409,DDA,,audience_items
,US-OAP-LR-LibertyMutual_Dec4_Sep25,1313410,DDA,,audience_items
,US-OAP-LR-LibertyMutual_Dec5_Sep25,1313411,DDA,,audience_items
,US-OAP-LR-LibertyMutual_Dec6_Sep25,1313412,DDA,,audience_items
,US-LR-DM-Bombora_CompanySize_Medium_200-499_Sep25,1313443,DDA,,audience_items
,US-LR-DM-Bombora_CompanySize_Medium-Large_500-999_Sep25,1313444,DDA,,audience_items
,US-LR-DM-Bombora_CompanySize_Large_1000-4999_Sep25,1313445,DDA,,audience_items
,US-LR-DM-Bombora_CompanySize_XLarge_5000-10000_Sep25,1313446,DDA,,audience_items
,US-LR-DM-Bombora_CompanySize_XXLarge_10000plus_Sep25,1313447,DDA,,audience_items
,US-LR-Swoop_1020740421-Sep25,1313453,DDA,,audience_items
,US-LR-1P-Amgen_U6438750_Aug25,1313461,DDA,,audience_items
,US-LR-Swoop-Amgen_0625_1019790561_Aug25,1313462,DDA,,audience_items
,US-LR-Swoop-Amgen_0625_1019790571_Aug25,1313463,DDA,,audience_items
,US-LR-1P-Acxiom_Teze_HP000623P_Aug25,1313464,DDA,,audience_items
,US-LR-Crossix-VC05114_Aug25,1313465,DDA,,audience_items
,US-LR-1P-Acxiom-AstraZeneca_Teze_4Q25,1313466,DDA,,audience_items
,US-LR-Experian-Acura-HispanicSpanish-Sep25,1315589,DDA,,audience_items
,US-LR-DM-Datasys_In-Market_GymMemberships_Sep25,1324241,DDA,,audience_items
,US-LR-DM-AffinitySolutions_AloYoga_Shoppers_Sep25,1324316,DDA,,audience_items
,US-LR-DM-Acxiom_Lululemon_Sep25,1324364,DDA,,audience_items
,US-LR-PrincipalFinancial_Influcers_V1_TV_Sep25,1325073,DDA,,audience_items
,US-LR-PrincipalFinancial_Influcers_TV_Sep25,1325074,DDA,,audience_items
,US-LR-PrincipalFinancial_Influcers_Legacy_TV_Sep25,1325075,DDA,,audience_items
,US-LR-PrincipalFinancial_MoreThan1000Employees_Legacy_Sep25,1325076,DDA,,audience_items
,US-LR-PrincipalFinancial_PrimaryAudience_10_59_Sep25,1325077,DDA,,audience_items
,US-LR-PrincipalFinancial_Micro_10to59_Sep25,1325078,DDA,,audience_items
,US-LR-PrincipalFinancial_Micro_10to59_Legacy_Sep25,1325079,DDA,,audience_items
,US-LR-PrincipalFinancial_SecondaryAudience_RetailExclusionTV_Sep25,1325080,DDA,,audience_items
,US-LR-PrincipalFinancial_PrimaryAudience_60_500_Sep25,1325081,DDA,,audience_items
,US-LR-PrincipalFinancial_SMB_60to499_Sep25,1325082,DDA,,audience_items
,US-LR-PrincipalFinancial_SMB_60to499_Legacy_Sep25,1325083,DDA,,audience_items
,US-LR-PrincipalFinancial_PrimaryAudience_501_1000_Sep25,1325084,DDA,,audience_items
,US-LR-PrincipalFinancial_Employees_500to1k_Legacy_Sep25,1325085,DDA,,audience_items
,US-LR-Annalect_ATT_DiscerningProfessionals_Sep25,1325125,DDA,,audience_items
,US-LR-Annalect_ATT_YoungAndDiverse_Sep25,1325126,DDA,,audience_items
,US-CR-Annalect_Boehringer_CanDoKate_Sep25,1325131,DDA,,audience_items
,US-CR-Annalect_Boehringer_RealisticReggie_Sep25,1325132,DDA,,audience_items
,US-CR-Annalect_Boehringer_OptimisticOlivia_Sep25,1325133,DDA,,audience_items
,US-CR-Annalect_RedBull_Sep25,1325177,DDA,,audience_items
,US-LR-Epsilon_00-OptOut_Sep25,1325244,DDA,,audience_items
,US-LR-Epsilon_01a_BND_Ocean_Sep25,1325246,DDA,,audience_items
,US-LR-Epsilon_01b_BND_River_Sep25,1325247,DDA,,audience_items
,US-LR-Epsilon_03_Best_ppax_Emailable_Sep25,1325248,DDA,,audience_items
,US-LR-Epsilon_04_Lower_ppax_Emailable_Sep25,1325249,DDA,,audience_items
,US-LR-Epsilon_06_Best_ppax_NotEmailable_Sep25,1325250,DDA,,audience_items
,US-LR-Epsilon_07_Lower_ppax_NotEmailable_Sep25,1325251,DDA,,audience_items
,US-LR-Epsilon_08_Inq_Best_Emailable_Sep25,1325252,DDA,,audience_items
,US-LR-Epsilon_10c_Inq_Best_NotEmailable_Sep25,1325253,DDA,,audience_items
,US-LR-Epsilon_10d_Inq_Mid_NotEmailable_Sep25,1325255,DDA,,audience_items
,US-LR-Epsilon_13_PRO_Top_20_Sep25,1325257,DDA,,audience_items
,US-LR-Epsilon_13c_PRO_Top_40_Sep25,1325258,DDA,,audience_items
,US-LR-DM-Dstillery_TechNewsEnthusiasts_Sep25,1325392,DDA,,audience_items
,US-LR-DM-Bombora_HighIncomeProfessionals_Sep25,1325430,DDA,,audience_items
,US-LR-AcxiomCustom_LIA1000000-1999999_Sep25,1325431,DDA,,audience_items
,US-LR-AcxiomCustom_LIA2000000-2999999_Sep25,1325432,DDA,,audience_items
,US-LR-AcxiomCustom_LIA3000000-4999999_Sep25,1325433,DDA,,audience_items
,US-LR-AcxiomCustom_LIA5000000-9999999_Sep25,1325434,DDA,,audience_items
,US-LR-AcxiomCustom_LIA5Mplus_Sep25,1325435,DDA,,audience_items
,US-LR-DM-Bombora_NetWorth_250k-499K_Sep25,1325436,DDA,,audience_items
,US-LR-DM-Bombora_BusinessProfessional_Sep25,1325437,DDA,,audience_items
,US-LR-DM-AnalyticsIQ_Interest_Travel_Sep25,1325438,DDA,,audience_items
,US-LR-DM-Acxiom_MobileTravelApps_Sep25,1325440,DDA,,audience_items
,US-LR-ATVEXP_NewParents_ChildAge0to36Mo_Sep25,1325442,DDA,,audience_items
,US-LR-Galderma_Nemluvio_Sep25,1325458,DDA,,audience_items
,US-LR-DM-AffinitySolutions_Mens-Grooming-Shoppers_Sep25,1325513,DDA,,audience_items
,US-LR-DM-Clickagy_InvestmentType_Cryptocurrency_Sep25,1325592,DDA,,audience_items
,US-LR-1P-AcxiomCustom_Amgen_25-54_Sep25,1325596,DDA,,audience_items
,US-LR-1P-AcxiomCustom_Amgen_50plus_Sep25,1325597,DDA,,audience_items
,US-LR-DM-Experian_HomeValue350K-499K_Sep25,1325599,DDA,,audience_items
,US-LR-DM-Experian_HomeValueOver1Million_Dec25,1325600,DDA,,audience_items
,US-LR-DM-Experian_HomeValue450K-749K_Sep25,1325601,DDA,,audience_items
,US-LR-DM-Experian_HomeValue750K-999K_Sep25,1325603,DDA,,audience_items
,US-LR-DM-Experian_HomeValue250K-349K_Sep25,1325604,DDA,,audience_items
,US-LR-DM-Transunion_HomeBuilt_1996-2000_Sep25,1325606,DDA,,audience_items
,US-LR-DM-Transunion_HomeBuilt_2001-2005_Sep25,1325608,DDA,,audience_items
,US-LR-DM-Acxiom_Interests_Sports_Sep25,1325641,DDA,,audience_items
,US-LR-DM-AcxiomUSMedia_NewsShows_Sep25,1325642,DDA,,audience_items
,US-LR-DM-Acxiom_Demo_Veteran_Sep25,1325643,DDA,,audience_items
,US-LR-DM-Acxiom_Military_Sep25,1325644,DDA,,audience_items
,US-LR-DM-DB_B2BDecisionMakers_Sep25,1325647,DDA,,audience_items
,US-LR-DM-DB_SmallBusinessDecisionMakers_Sep25,1325648,DDA,,audience_items
,US-LR-DM-Adstra_Political-Causes_Sep25,1325676,DDA,,audience_items
,US-CR-Annalect_Mercedes_InMarketLuxury_Sep25,1325956,DDA,,audience_items
,US-LR-DM-AnalyticsIQ_Teacher_Sep25,1325958,DDA,,audience_items
,US-LR-DM-AnalyticsIQ_Educator_Sep25,1325959,DDA,,audience_items
,US-CR-Annalect_ATT_NoFrillsBoomers_Sep25,1326008,DDA,,audience_items
,US-LR-Swoop_1020252061_Sep25,1326030,DDA,,audience_items
,US-LR-Swoop_1020252071_Sep25,1326031,DDA,,audience_items
,US-LR-Swoop_1020251881_Sep25,1326032,DDA,,audience_items
,US-LR-Swoop_1020251901_Sep25,1326033,DDA,,audience_items
,US-LR-DM-Dynata_SchoolAdmin_Sep25,1326043,DDA,,audience_items
,US-LR-DM-Experian_Government-Worker_Sep25,1326044,DDA,,audience_items
,US-LR-DM-Alliant_Detroit-Lions-Fans_Sep25,1326045,DDA,,audience_items
,US-LR-DM-AlarisPeople_NFLFanatic_Sep25,1326046,DDA,,audience_items
,US-LR-DM-Dstillery_Lottery-Enthusiast_Sep25,1326047,DDA,,audience_items
,US-LR-DM-Dstillery_Supermarket-Shoppers_Sep25,1326048,DDA,,audience_items
,US-LR-DM-Speedeon_A35plus_Sep25,1326049,DDA,,audience_items
,US-LR-DM-Acxiom_LiquidInvestible_500k-5M_ plus_Sep25,1326050,DDA,,audience_items
,US-LR-DM-ATVEXP_AutosCarsTrucksInMarketBodyStylesLuxuryCar__Sep25,1326051,DDA,,audience_items
,US-LR-DM-ATVEXP_AutosCarsTrucksInMarketFuelTypeElectricLuxury__Sep25,1326052,DDA,,audience_items
,US-LR-DM-ATVEXP_AutosCarsTrucksInMarketLeaseLuxuryLease__Sep25,1326054,DDA,,audience_items
,US-LR-DM-Acxiom_RV_Vacation_Likely_Sep25,1326055,DDA,,audience_items
,US-LR-DM-AnalyticsIQ_Persona_DealSeeker_Sep25,1326056,DDA,,audience_items
,generalautoq425v1,1326192,DDA,,audience_items
,kimberlyclarkhuggiesq425v1,1326194,DDA,,audience_items
,US-LR-DM-RevOptimal_Streaming_MGMPlus_Sep25,1326476,DDA,,audience_items
,US-LR-DM-123Push_Interest_Entertainment_Epix_Sep25,1326477,DDA,,audience_items
,US-LR-DM-BDEX_Entertainment_WesternViewers_Sep25,1326478,DDA,,audience_items
,US-LR-DM-Dynata_Interest_SocialMediaEnthusiast_Sep25,1326479,DDA,,audience_items
,US-LR-DM-Lotame_Interest_SocialMedia_Sep25,1326480,DDA,,audience_items
,US-LR-Annalect_Army_T1_T2_HHage_Sep25,1326951,DDA,,audience_items
,US-LR-Swoop_Galderma_Nemluvio_Sep25,1326952,DDA,,audience_items
,US-CR-Annalect_Nissan_UnifiedFrontier_Sep25,1326956,DDA,,audience_items
,US-CR-Annalect_Nissan_Rogue_Sep25,1326957,DDA,,audience_items
,US-CR-Annalect_Nissan_Pathfinder_Sep25,1326958,DDA,,audience_items
,US-LR-DM-Resonate_InMarket_Alcohol_Vodka_Sep25,1326959,DDA,,audience_items
,US-LR-ATT_Cricket_Core_Sep25,1326973,DDA,,audience_items
,US-LR-DM-AnalyticsIQ_Medicare_Sep25,1326981,DDA,,audience_items
,dinsyeworldcruiselinesq425v1,1327061,DDA,,audience_items
,dinsyeworldparksq425v1,1327062,DDA,,audience_items
,gorillaglueq425v1,1327063,DDA,,audience_items
,US-CR-Annalect_StateFarm_Cohort_Sep25,1328075,DDA,,audience_items
,US-CR-Annalect_BurgerKing_Sep25,1328076,DDA,,audience_items
,US-CR-Annalect_Popeyes_Sep25,1328077,DDA,,audience_items
,US-LR-PurpleLabs_1020750821_Sep25,1328078,DDA,,audience_items
,US-LR-DM-DataAxle_B2B_FunctionalArea_Government_Sep25,1328080,DDA,,audience_items
,US-LR-DM-DB_B2B_JobFunction-Roles_Admin_Sep25,1328081,DDA,,audience_items
,US-LR-DM-DataAxle_B2B_FunctionalArea_Education_Sep25,1328082,DDA,,audience_items
,US-LR-DM-ATVEXP_B2B_Industry_PublicAdministrationandGovernment_Sep25,1328083,DDA,,audience_items
,disneyworldcruiselinesq425v1,1328440,DDA,,audience_items
,tmobilebroadbandq425v2,1328441,DDA,,audience_items
,US-LR-1P-AcxiomCustom_UpperEmergingAffluent_Sep25,1328741,DDA,,audience_items
,US-LR-OAP-LLBean_4Q25,1328774,DDA,,audience_items
,US-LR-DM-AffinityAnswers_Mercedes-Benz-Driver_Sep25,1328953,DDA,,audience_items
,US-LR-DM-Acxiom_LikelyNewVehicle_Infiniti,1329049,DDA,,audience_items
,US-LR-DM-Adstra_InMarket_Acura,1329050,DDA,,audience_items
,US-LR-DM-Adstra_InMarket_Audi,1329052,DDA,,audience_items
,US-LR-DM-Adstra_InMarket_Nissan,1329053,DDA,,audience_items
,US-LR-DM-Adstra_InMarket_Mazda,1329054,DDA,,audience_items
,US-LR-DM-Adstra_InMarket_Mitsubishi,1329055,DDA,,audience_items
,US-LR-DM-Adstra_InMarket_RAM,1329056,DDA,,audience_items
,US-LR-DM-Adstra_InMarket_Subaru,1329057,DDA,,audience_items
,US-LR-DM-Adstra_InMarket_Volkswagen,1329058,DDA,,audience_items
,US-LR-DM-Adstra_InMarket_Volvo,1329059,DDA,,audience_items
,US-LR-DM-Adstra_InMarket_Kia,1329060,DDA,,audience_items
,US-LR-DM-Adstra_InMarket_Jeep,1329061,DDA,,audience_items
,US-LR-DM-Adstra_InMarket_Honda,1329062,DDA,,audience_items
,US-LR-DM-Adstra_InMarket_GMC,1329063,DDA,,audience_items
,US-LR-DM-Adstra_InMarket_Ford,1329064,DDA,,audience_items
,US-LR-DM-Adstra_InMarket_Dodge,1329065,DDA,,audience_items
,US-LR-DM-Adstra_InMarket_Chrysler,1329066,DDA,,audience_items
,US-LR-DM-Adstra_InMarket_Chevrolet,1329067,DDA,,audience_items
,US-LR-DM-Adstra_InMarket_Cadillac,1329068,DDA,,audience_items
,US-LR-DM-Adstra_InMarket_BMW,1329069,DDA,,audience_items
,US-LR-DM-V12_Automotive_Truck,1329070,DDA,,audience_items
,US-LR-Crossix_VC08222-1020368791_Sep25,1329926,DDA,,audience_items
,US-DDA-OAP-Acxiom-AmgenOtezla_4q25,1329927,DDA,,audience_items
,US-LR-DM-AffinityAnswers_TV_NFLonCBS_Sep25,1329928,DDA,,audience_items
,US-LR-DM-Bridge_Interests_NFL_Last12Mo_Sep25,1329929,DDA,,audience_items
,US-LR-DM-Bridge_NFLFanatics_Sep25,1329930,DDA,,audience_items
,US-LR-DM-Acxiom_Income_100k_Sep25,1329938,DDA,,audience_items
,US-DDA-OAP-Swoop-AmgenRepatha_4q25,1329939,DDA,,audience_items
,US-LR-Epsilon_redlobster-reds-Sep25,1329956,DDA,,audience_items
,US-LR-DM-AudienceAcuity_ParentsWithKids_Under18_Sep25,1330214,DDA,,audience_items
,US-LR-Swoop_Galderma_Nemluvio_8M_Sep25,1330245,DDA,,audience_items
,US-LR-Swoop_Galderma_Nemluvio_10M_Sep25,1330246,DDA,,audience_items
,US-LR-Subway_LAL_HFrequentNonLoyalty_Sep25,1330247,DDA,,audience_items
,US-LR-Subway_LAL_LoyaltyTransacting_Sep25,1330248,DDA,,audience_items
,US-LR-Subway_LAL_CRMNonLoyalty_Sep25,1330249,DDA,,audience_items
,US-LR-Subway_1PD_CRMNonLoyalty_Sep25,1330250,DDA,,audience_items
,US-LR-Subway_1PD_Loyalty_0Visits_Sep25,1330251,DDA,,audience_items
,US-LR-Subway_1PD_Loyalty_181plus_Sep25,1330252,DDA,,audience_items
,US-LR-Subway_1PD_NonLoyalty_181plus_Sep25,1330253,DDA,,audience_items
,US-LR-Subway_1PD_NonLoyalty_1_180_Sep25,1330254,DDA,,audience_items
,wholefoodsq425v1,1330274,DDA,,audience_items
,US-LR-DM-AlarisPeople_FlowerPurchaser_Sep25,1330588,DDA,,audience_items
,US-LR-DM-Dstillery_Christmas-Movie-Enthusiasts_Sep25,1330589,DDA,,audience_items
,US-LR-DM-AlarisPeople_Road-Trips_Sep25,1330592,DDA,,audience_items
,US-LR-DM-Adstra_InMarket_Toyota,1330594,DDA,,audience_items
,US-LR-DM-AffinityAnswers_Intent_Hyundai,1330595,DDA,,audience_items
,US-LR-DM-AlarisPeople_Luxury-Brand-Seekers_Sep25,1330596,DDA,,audience_items
,US-LR-Subway_1PD_Loyalty_1_180_Sep25,1330701,DDA,,audience_items
,US-LR-DM-Alliant_ToysBuyerPropensity_Sep25,1330722,DDA,,audience_items
,US-LR-DM-AnalyticsIQ_ChildrensLearningToys_Sep25,1330724,DDA,,audience_items
,US-CR-Annalect_FedEx_50_499_Manager_Sep25,1330726,DDA,,audience_items
,US-CR-Annalect_FedEx_500_Manager_Sep25,1330727,DDA,,audience_items
,US-DDA-OAP-1P-Applebees_4q25,1330772,DDA,,audience_items
,US-DDA-OAP-AcxiomHealth-AZBreztri_4q25,1330775,DDA,,audience_items
,US-DDA-OAP-AcxiomHealth-AZTeze_4q25,1330787,DDA,,audience_items
,US-DDA-OAP-Annalect-AT&TCricket_4q25,1330809,DDA,,audience_items
,US-DDA-OAP-Resonate-CapellaUniversity_4q25,1330858,DDA,,audience_items
,US-DDA-OAP-Epsilon-CostarHomes.com_4q25,1330859,DDA,,audience_items
,US-LR-DM-AnalyticsIQ_LGBTQ_LifestyleAllies_Sep25,1330860,DDA,,audience_items
,US-DDA-OAP-1PD-GeneralAuto_4q25,1330861,DDA,,audience_items
,US-DDA-OAP-Crossix-GileadBiktarvy_4q25,1330862,DDA,,audience_items
,US-DDA-OAP-Crossix-GileadDescovy_4q25,1330870,DDA,,audience_items
,US-DDA-OAP-MRI-GorillaGlue_4q25,1330872,DDA,,audience_items
,US-DDA-OAP-AcxiomHealth-Merck_4q25,1330877,DDA,,audience_items
,US-DDA-OAP-Swoop-PfizerAdultVax_4q25,1330880,DDA,,audience_items
,US-DDA-OAP-Epsilon-Popeyes_4q25,1330884,DDA,,audience_items
,US-DDA-OAP-Epsilon-Sonic_4q25,1330886,DDA,,audience_items
,US-DDA-OAP-LR1P-Subway_4q25,1330889,DDA,,audience_items
,US-DDA-OAP-Acxiom-TMobilePrepaid_4q25,1330892,DDA,,audience_items
,US-DDA-OAP-Acxiom-TMobilePostpaidInert_4q25,1330894,DDA,,audience_items
,US-DDA-OAP-Acxiom-TMobilePostpaidPotentials_4q25,1330896,DDA,,audience_items
,US-DDA-OAP-Acxiom-TMobileBroadband_4q25,1330898,DDA,,audience_items
,US-DDA-OAP-Acxiom-UltaBeauty_4q25,1330900,DDA,,audience_items
,US-DDA-OAP-Epsilon-Verizon_4q25,1330904,DDA,,audience_items
,US-DDA-OAP-Acxiom-WholeFoods_4q25,1330906,DDA,,audience_items
,US-LR-DM-Acxiom-Age_HoH_25-54,1330916,DDA,,audience_items
,US-CR-Annalect_WellsFargo_AffluentMixer_Entertainment_Sep25,1330925,DDA,,audience_items
,US-CR-Annalect_WellsFargo_AffluentMixer_Home_Sep25,1330926,DDA,,audience_items
,US-CR-Annalect_WellsFargo_AffluentMixer_Cooking_Sep25,1330927,DDA,,audience_items
,US-CR-Annalect_WellsFargo_AffluentMixer_Sports_Sep25,1330928,DDA,,audience_items
,US-CR-Annalect_WellsFargo_AffluentMixer_Sep25,1330929,DDA,,audience_items
,US-CR-Annalect_WellsFargo_AffluentMixer_Finance_Sep25,1330930,DDA,,audience_items
,US-CR-Annalect_WellsFargo_AffluentTransactor_Hotels_Sep25,1330931,DDA,,audience_items
,US-CR-Annalect_WellsFargo_AffluentTransactor_Travel_Sep25,1330932,DDA,,audience_items
,US-CR-Annalect_WellsFargo_AffluentTransactor_Sep25,1330934,DDA,,audience_items
,US-CR-Annalect_Pepsi_UniversalAudience_Sep25,1330940,DDA,,audience_items
,US-LR-DM-Dynata_ListensTo_ClassicalMusic_Sep25,1334516,DDA,,audience_items
,US-LR-DM-123Push_HolidayMovies_TheaterGoers_Sep25,1334537,DDA,,audience_items
,US-LR-DM-Archetype_BackToSchool_ElementaryParents_Sep25,1334677,DDA,,audience_items
,US-LR-DM-123Push_Parents_YoungChildren_Sep25,1334704,DDA,,audience_items
,US-LR-DM-Acxiom_AttitudeBehavior_StockMarketInvesting_TooRisky_Sep25,1334885,DDA,,audience_items
,US-LR-DM-Acxiom_MetWithFinancialPlanner_L12Mo_LeastLikely_Sep25,1334904,DDA,,audience_items
,US-LR-DM-Dstillery_HolidayResolution_SaveMoreSpendLess_Sep25,1334924,DDA,,audience_items
,US-LR-DM-Datasys_RecentPersonalInjury_Sep25,1335080,DDA,,audience_items
,US-LR-DM-Gravy_LegalServices_Sep25,1335105,DDA,,audience_items
,US-LR-DM-AffinityAnswers_SkiSnowboarders_Sep25,1337177,DDA,,audience_items
,US-LR-DM-Acxiom_LikelyHomeValue_400K-600K_Sep25,1338292,DDA,,audience_items
,US-LR-DM-Acxiom_LikelyHomeValue_600K-1M_Sep25,1338330,DDA,,audience_items
,US-LR-DM-Acxiom_LikelyHomeValue_GreaterThan1M_Sep25,1338361,DDA,,audience_items
,US-LR-DM-123Push_HomeValueRange_GreaterThan1M_Sep25,1338387,DDA,,audience_items
,US-LR-DM-Alliant_BeverageBuyer_Sep25,1345409,DDA,,audience_items
,US-LR-DM-Alliant_cookiesANDchips_Sep25,1345421,DDA,,audience_items
,US-LR-DM-Alliant_OtherSnacks_Sep25,1345426,DDA,,audience_items
,US-LR-Swoop_1020775101_Sep25,1345483,DDA,,audience_items
,US-LR-DM-AlarisRetail_Return-To-College_Sep25,1354799,DDA,,audience_items
,US-LR-DM-Claritas_HeavySocialMediaUsers_Sep25,1354800,DDA,,audience_items
,US-LR-DM-AnalyticsIQ_ActiveInvestors_Sep25,1354802,DDA,,audience_items
,US-LR-DM-AnalyticsIQ_HealthyBalance_Sep25,1354809,DDA,,audience_items
,US-LR-DM-DataAxle_LikelytoRefinanceMortgage_Sep25,1354811,DDA,,audience_items
,US-LR-DM-AcxiomUSAutomotive_RecreationalVehicle_Sep25,1354812,DDA,,audience_items
,US-LR-DM-AcxiomUSAutomotive_FifthWheel__Sep25,1354813,DDA,,audience_items
,US-LR-DM-AcxiomUSAutomotive_MotorHome_Sep25,1354814,DDA,,audience_items
,US-LR-DM-AcxiomUSAutomotive_Camper_Sep25,1354817,DDA,,audience_items
,US-LR-DM-AnalyticsIQ_MotorcycleEnthusiasts_Sep25,1354818,DDA,,audience_items
,US-LR-DM-ATVEXP_Finance_InMarketHomeEquity_Sep25,1354854,DDA,,audience_items
,US-LR-DM-InMarket_Purchase_Dairy_Sep25,1356059,DDA,,audience_items
,US-LR-DM-Acxiom_Likely_HomeMortgage_Sep25,1356566,DDA,,audience_items
,US-DDA-OAP-InMarket-KimberlyClarkHuggies_4q25,1357896,DDA,,audience_items
,US-DDA-OAP-Epsilon-DisneyWDW_4q25,1357988,DDA,,audience_items
,US-DDA-OAP-Epsilon-DisneyDCL_4q25,1358002,DDA,,audience_items
,US-DDA-OAP-Merkle-CrackerBarrelFall_4q25,1358032,DDA,,audience_items
,US-LR-DM-DataAxle_B2B_C-Level-C-SuiteExecutives_Sep25,1359842,DDA,,audience_items
,US-LR-DM-DataAxle_B2B_FunctionalArea_C-Level_Sep25,1359843,DDA,,audience_items
,US-LR-DM-AmeribaseDigital_OutdoorGrilling_Sep25,1375055,DDA,,audience_items
,US-LR-Crossix_VC08504-1020782751_Sep25,1375069,DDA,,audience_items
,US-CR-Annalect_Voya_Sep25,1375084,DDA,,audience_items
,US-CR-Annalect_Voya_Validators_Sep25,1375085,DDA,,audience_items
,US-CR-Annalect_JaguarLandRover_RRSports_8M_Sep25,1375263,DDA,,audience_items
,US-CR-Annalect_JaguarLandRover_LuxurySUV_Sep25,1375264,DDA,,audience_items
,US-CR-Annalect_JaguarLandRover_RRS_Broad_Sep25,1375265,DDA,,audience_items
,US-CR-Annalect_JaguarLandRover_RRS_HighConfidence_Sep25,1375266,DDA,,audience_items
,US-CR-Annalect_JaguarLandRover_RRS_MostConfident_Sep25,1375267,DDA,,audience_items
,US-CR-Annalect_JaguarLandRover_Defender_8M_Sep25,1375268,DDA,,audience_items
,US-CR-Annalect_JaguarLandRover_Defender_Broad_Sep25,1375269,DDA,,audience_items
,US-CR-Annalect_JaguarLandRover_Defender_HighConfidence_Sep25,1375270,DDA,,audience_items
,US-CR-Annalect_JaguarLandRover_Defender_MostConfident_Sep25,1375271,DDA,,audience_items
,US-LR-DM-Equifax_B2B_SmallBusinessEnterprise_Sep25,1375321,DDA,,audience_items
,US-LR-DM-Acxiom_PurchasedBusinessInsurance_Sep25,1375322,DDA,,audience_items
,US-LR-DM-DB_BusinessOwnersBoardJobFunction_Sep25,1375324,DDA,,audience_items
,US-LR-DM-DB_SmallBusinessOwnersSBO_Sep25,1375326,DDA,,audience_items
,US-LR-DM-Claritas_HELOC_Sep25,1375395,DDA,,audience_items
,US-LR-DM-CoreLogic_New-Purchase-Home-Loan_Sep25,1375396,DDA,,audience_items
,US-LR-DM-Epsilon_Auto-Loan-Intender_Sep25,1375397,DDA,,audience_items
,US-LR-DM-Transunion_MostLikely_ApplyForPersonalLoan_Sep25,1375585,DDA,,audience_items
,US-LR-DM-AlarisPeople_SellFirstOrNewHome_Next-12M_Sep25,1387881,DDA,,audience_items
,US-LR-DM-Acxiom_UniversalStudios_Sep25,1387886,DDA,,audience_items
,US-LR-DM-Dstillery_Travel_VisitFlorida_Sep25,1387888,DDA,,audience_items
,US-DDA-OAP-GSK_VC08270_1-2_Sep25,1388050,DDA,,audience_items
,US-LR-Swoop-1020888521-Sep25,1389109,DDA,,audience_items
,US-LR-Swoop-1020888511-Sep25,1389111,DDA,,audience_items
,US-LR-Swoop-1020888461-Sep25,1389113,DDA,,audience_items
,US-LR-Swoop-1020888451-Sep25,1389114,DDA,,audience_items
,US-LR-Kohls_All_Lifecycle_Sep25,1389736,DDA,,audience_items
,US-LR-Kohls_1122_Lifecycle-All_Sep25,1389737,DDA,,audience_items
,US-DDA-OAP-Annalect-Nissan_4q25,1389886,DDA,,audience_items
,US-LR-DM-Speedeon_BusinessOwner_Sep25,1389903,DDA,,audience_items
,US-LR-DM-Acxiom_HalloweenActivity_HomeYardDecor_Sep25,1389906,DDA,,audience_items
,US-LR-DM-Acxiom_HalloweenActivity_Costume_Sep25,1389909,DDA,,audience_items
,US-LR-DM-Acxiom_HalloweenActivity_OnlineInspo_Sep25,1389913,DDA,,audience_items
,US-LR-DM-Stirista_ThemeandAmusementParks_Sep25,1389918,DDA,,audience_items
,US-LR-DM-Acxiom_HalloweenActivity_Participate_Sep25,1389924,DDA,,audience_items
,US-LR-DM-Acxiom_Travel_FamilyTravelers_Sep25,1389927,DDA,,audience_items
,US-LR-DM-ATVEXP_LifeEvents_NewMoversLast12Months_Sep25,1389928,DDA,,audience_items
,US-LR-DM-NinthDecimal_GroceryStore_Sep25,1389929,DDA,,audience_items
,US-LR-DM-AffinitySolutions_MattressStores_Sep25,1389930,DDA,,audience_items
,US-LR-DM-Alliant_MattressBuyers_Sep25,1389931,DDA,,audience_items
,US-LR-DM-AffinitySolutions_MattressStores_SelectComfort_Sep25,1389932,DDA,,audience_items
,US-LR-DM-AffinitySolutions_MattressStores_Tempur-Pedic_Sep25,1389933,DDA,,audience_items
,US-LR-DM-Epsilon_MedicareInformationSeekers_Sep25,1389958,DDA,,audience_items
,US-LR-DM-AuDigent_Ski-Resorts_Sep25,1389960,DDA,,audience_items
,US-LR-DM-Acxiom_Winter-Sports_Sep25,1389961,DDA,,audience_items
,US-LR-DM-Acxiom-HomeOwnership-Owner-Sep25,1389962,DDA,,audience_items
,US-LR-DM-ATVEXP_LifeEvents_NewHomeownersLast12Months_Sep25,1389963,DDA,,audience_items
,US-LR-DM-ATVEXP_LifeEvents_NewHomeownersLast6Months_Sep25,1389964,DDA,,audience_items
,US-LR-DM-Speedeon_HomeOwner_Sep25,1389966,DDA,,audience_items
,US-LR-DM-Acxiom_PropertyType_Single_Sep25,1389967,DDA,,audience_items
,US-LR-DM-ATVEXP_PurchaseTransactions_HomeImprovementDIYSpenders_Sep25,1389968,DDA,,audience_items
,US-LR-DM-ATVEXP_LifestyleandInterests_InMarketHomeImprovement_Sep25,1389969,DDA,,audience_items
,US-LR-DM-AcxiomMotorcycleTourists_Sep25,1389984,DDA,,audience_items
,US-LR-DM-Experian_MotorcycleType_Off-Road-On-Road_Sep25,1389985,DDA,,audience_items
,US-LR-DM-Experian_MotorcycleType_ClassCruiser_Sep25,1389986,DDA,,audience_items
,US-LR-DM-Experian_MotorcycleType_ClassSport_Sep25,1389995,DDA,,audience_items
,US-LR-DM-Experian_MotorcycleType_ClassStandard_Sep25,1389996,DDA,,audience_items
,US-LR-DM-Experian_MotorcycleType_ClassTouring_Sep25,1389997,DDA,,audience_items
,US-LR-DM-AlarisPolitics_Republican-Primary-Voters_Sep25,1389999,DDA,,audience_items
,US-LR-DM-AlarisPolitics_Democrat-Primary-Voters_Sep25,1390000,DDA,,audience_items
,US-LR-DM-ChrisBenoit_Sep25,1390001,DDA,,audience_items
,US-LR-DM-Rock_Sep25,1390002,DDA,,audience_items
,US-LR-DM-MickFoley_Sep25,1390003,DDA,,audience_items
,US-LR-Swoop_1020330771_Sep25,1402714,DDA,,audience_items
,US-LR-Crossix_VC08374_sep25,1402735,DDA,,audience_items
,US-LR-Swoop_0925_1020752691_Sep25,1403577,DDA,,audience_items
,US-LR-Swoop_0925_1020752701_Sep25,1403578,DDA,,audience_items
,US-LR-DM-AnalyticsIQ_Personal-Savings-Account-Holder_Sep25,1403830,DDA,,audience_items
,US-CR-Annalect_Canva_LYW3_Solos_Sep25,1403930,DDA,,audience_items
,US-CR-Annalect_Canva_LYW3_SMB_Sep25,1403933,DDA,,audience_items
,US-LR-1P-MorganStanley_1M_2M_Sep25,1404818,DDA,,audience_items
,US-LR-1P-MorganStanley_2M_3M_Sep25,1404819,DDA,,audience_items
,US-LR-1P-MorganStanley_3M_5M_Sep25,1404820,DDA,,audience_items
,US-LR-1P-MorganStanley_500k_1M_Sep25,1404821,DDA,,audience_items
,US-LR-1P-MorganStanley_5MPlus_Sep25,1404823,DDA,,audience_items
,US-LR-1P-MorganStanley_DB_DecisionMakers_Sep25,1404824,DDA,,audience_items
,US-LR-1P-MorganStanley_DB_KeyDecisionMakers_Sep25,1404825,DDA,,audience_items
,US-LR-DM-Bombora-HighIncomeProfessional_Sep25,1404826,DDA,,audience_items
,US-DDA-OAP-GM_EV_Oct25,1404857,DDA,,audience_items
,US-DDA-OAP-GM_SUV_Oct25,1404858,DDA,,audience_items
,US-DDA-OAP-GM_Truck_Oct25,1404859,DDA,,audience_items
,US-LR-DM-AnalyticsIQ_LotteryGaming_Sep25,1404860,DDA,,audience_items
,US-LR-DM-Datastream_Gambling_Lottery_Sep25,1404861,DDA,,audience_items
,US-CR-Annalect_OldNavyCTV_Gap_Sep25,1404863,DDA,,audience_items
,US-LR-1P-Gallo_NAV_CurrentandCompPurchasers_Sep25,1404864,DDA,,audience_items
,US-LR-DM-DB_B2B_Function_Nurse_Sep25,1404909,DDA,,audience_items
,US-LR-DM-DB_HealthcareDecisionMakers_Sep25,1404910,DDA,,audience_items
,US-LR-DM-DataAxle_B2B_FunctionalArea_Medical-Health_Sep25,1404911,DDA,,audience_items
,US-LR-Crossix-VC08446-Sep25,1404993,DDA,,audience_items
,US-LR-Crossix_VC08492-Sep25,1404994,DDA,,audience_items
,US-LR-Crossix-VC06616-Sep25,1404995,DDA,,audience_items
,US-LR-1P-MorganStanley_DecisionMakers_Sep25,1405242,DDA,,audience_items
,US-LR-DM-AnalyticsIQ-WealthManagement_Oct25,1405256,DDA,,audience_items
,US-LR-DM-Circana-PeanutButter_Oct25,1405273,DDA,,audience_items
,US-LR-DM-Epsilon-PeanutButterPurchasers_Oct25,1405279,DDA,,audience_items
,US-LR-DM-Circana-PeanutButter_Jif_Oct25,1405283,DDA,,audience_items
,US-LR-DM-Circana-Spreads_Nutella_Oct25,1405286,DDA,,audience_items
,US-LR-DM-Circana-Spreads_Hazelnut_Oct25,1405287,DDA,,audience_items
,US-LR-DM-Circana-Spreads_CreamCheese_Oct25,1405290,DDA,,audience_items
,US-LR-DM-Circana-Spreads_Mayonnaise_Oct25,1405295,DDA,,audience_items
,US-LR-DM-Circana-Salsa_Oct25,1405300,DDA,,audience_items
,US-LR-DM-Ibotta-Spreads_Hummus_Oct25,1405306,DDA,,audience_items
,US-LR-DM-Datasys-RegularCoffeeDrinkers_Oct25,1405310,DDA,,audience_items
,US-LR-1P-AA_CURRENT_TIER_P_Oct25,1405324,DDA,,audience_items
,US-LR-1P-AA_CURRENT_TIER_R_Oct25,1405329,DDA,,audience_items
,US-LR-1P-AA_CURRENT_TIER_C_Oct25,1405332,DDA,,audience_items
,US-LR-1P-AA_CURRENT_TIER_T_Oct25,1405335,DDA,,audience_items
,US-LR-1P-AA_CURRENT_TIER_E_Oct25,1405363,DDA,,audience_items
,US-LR-1P-AA_CURRENT_TIER_G_Oct25,1405364,DDA,,audience_items
,US-LR-1P-AA_LIFETM_TIER_P_Oct25,1405367,DDA,,audience_items
,US-LR-1P-AA_LIFETM_TIER_G_Oct25,1405368,DDA,,audience_items
,US-LR-1P-AA_BARCLAYS_CARD_IND_Y_Oct25,1405369,DDA,,audience_items
,US-LR-1P-AA_COBRAND_ANY_IND_Y_Oct25,1405371,DDA,,audience_items
,US-LR-1P-AA_COBRAND_ANY_CITI_IND_Y_Oct25,1405372,DDA,,audience_items
,US-LR-1P-AA_CITI_PLAT_IND_Y_Oct25,1405373,DDA,,audience_items
,US-LR-1P-AA_CITI_EXEC_IND_Y_Oct25,1405377,DDA,,audience_items
,US-LR-1P-AA_CITI_CARD_IND_Y_Oct25,1405378,DDA,,audience_items
,US-LR-1P-AA_CITI_BIZ_IND_Y_Oct25,1405379,DDA,,audience_items
,US-LR-1P-AA_CITI_MILEUP_IND_Y_Oct25,1405380,DDA,,audience_items
,US-LR-Swoop-1020126231-Oct25,1405382,DDA,,audience_items
,US-LR-DM-Acxiom-Age_18-24,1405384,DDA,,audience_items
,US-LR-DM-Acxiom-Age_25-29,1405385,DDA,,audience_items
,US-LR-DM-Acxiom-Age_30-34,1405386,DDA,,audience_items
,US-LR-DM-Acxiom-Age_35-39,1405387,DDA,,audience_items
,US-LR-DM-Acxiom-Age_40-44,1405388,DDA,,audience_items
,US-LR-DM-Acxiom-Age_45-49,1405389,DDA,,audience_items
,US-LR-DM-Acxiom-Age_50-54,1405390,DDA,,audience_items
,US-LR-DM-Acxiom-Age_55-59,1405391,DDA,,audience_items
,US-LR-DM-Acxiom-Age_60-64,1405392,DDA,,audience_items
,US-LR-DM-Acxiom-Age_65plus,1405394,DDA,,audience_items
,US-LR-Crossix-VC08383-Sep25,1405395,DDA,,audience_items
,US-LR-Crossix-VC08494-Sep25,1405397,DDA,,audience_items
,US-LR-DM-Adstra-Christmas-Holiday-Shoppers-Oct25,1405495,DDA,,audience_items
,US-LR-DM-Acxiom-Age-25+,1405496,DDA,,audience_items
,US-LR-DM-Datasys-PopCulture_Sep25,1405560,DDA,,audience_items
,US-LR-DM-Acxiom-TV_BingeWatching_Sep25,1405561,DDA,,audience_items
,US-LR-DM-Circana-IRI-ProScores_BottledWater_Sep25,1405563,DDA,,audience_items
,US-LR-DM-Dstillery-Family_EventPlanning_Sep25,1405564,DDA,,audience_items
,US-LR-DM-Acxiom-InspiredToCook-Bake-by-CelebChefs_Sep25,1405566,DDA,,audience_items
,US-LR-DM-Acxiom-Age_HoH_18-24,1405967,DDA,,audience_items
,US-LR-DM-Acxiom-Gender_Female,1405968,DDA,,audience_items
,US-LR-DM-Acxiom-Gender_Male,1405970,DDA,,audience_items
,US-LR-DM-Dstillery-Home-Buyers-Oct25,1405980,DDA,,audience_items
,US-LR-DM-AnalyticsIQ-Club-Nightlife-Enthusiasts-Oct25,1406149,DDA,,audience_items
,US-LR-DM-AnalyticsIQ-Foodies-Oct25,1406151,DDA,,audience_items
,US-LR-DM-AlarisPeople-IReallyEnjoyCooking-Oct25,1406152,DDA,,audience_items
,US-LR-DM-Kantar-Caregiver-Sep25,1406155,DDA,,audience_items
,US-LR-Swoop-1020978701_Oct25,1406182,DDA,,audience_items
,US-LR-Swoop-1020978711_Oct25,1406183,DDA,,audience_items
,US-LR-DM-Lotame-ParentsofTeenagers_Oct25,1406225,DDA,,audience_items
,US-LR-DM-Acxiom-AffluentParentsofTeenagers_Oct25,1406226,DDA,,audience_items
,US-LR-DM-Dstillery-B2B-BudgetSBResearchers-Oct25,1406235,DDA,,audience_items
,US-LR-DM-Dstillery-B2B-BudgetSBResources-Oct25,1406236,DDA,,audience_items
,US-CR-Annalect-HomeDepot_FallAppliances_Oct25,1406347,DDA,,audience_items
,US-CR-Annalect-HomeDepot_FallSavings_Oct25,1406348,DDA,,audience_items
,US-CR-Annalect-HomeDepot_Holiday_Oct25,1406349,DDA,,audience_items
,US-DDA-OAP-PayPal-ActiveLoyalist-Oct25,1406354,DDA,,audience_items
,US-DDA-OAP-PayPal-CasualBuyers-Oct25,1406355,DDA,,audience_items
,US-LR-DM-Acxiom-OutdoorActivity-Hiking-Oct25,1406356,DDA,,audience_items
,US-LR-DM-Acxiom-OutdoorActivity-Fishing-Oct25,1406359,DDA,,audience_items
,US-LR-DM-Acxiom-OutdoorActivity-Hunting-Oct25,1406360,DDA,,audience_items
,US-LR-DM-Acxiom-Retailer-Cabelas-Oct25,1406361,DDA,,audience_items
,US-DDA-OAP-Merkle-CrackerBarrelHolidayl_4q25,1406373,DDA,,audience_items
,US-DDA-OAP-Acxiom-NewBalance_4q25,1406374,DDA,,audience_items
,US-DDA-OAP-Epsilon-Paypal_4q25,1406375,DDA,,audience_items
,US-DDA-OAP-Acxiom-USPS_4q25,1406376,DDA,,audience_items
,US-LR-Republican-25s7-ab-Oct25,1406377,DDA,,audience_items
,US-LR-Republican-25s7-Sep25,1406378,DDA,,audience_items
,US-LR-Unearth-demtargets-Sep25,1406379,DDA,,audience_items
,US-LR-Unearth-nppothtargets-Sep25,1406381,DDA,,audience_items
,CCBeavisButtheadQ425V1,1406383,DDA,,audience_items
,CCTheDailyShowQ425V1,1406384,DDA,,audience_items
,MTVCaughtInTheActUnfaithfulQ425V1,1406385,DDA,,audience_items
,US-LR-DM-123Push-ParentsofChildren_Ages7-9_Oct25,1406395,DDA,,audience_items
,US-LR-DM-123Push-ParentsofChildren_Ages10-12_Oct25,1406396,DDA,,audience_items
,US-LR-DM-123Push-ParentsofChildren_Ages13-18_Oct25,1406397,DDA,,audience_items
,US-CR-Annalect-HomeDepot_WAYWO_Oct25,1406659,DDA,,audience_items
,US-CR-Annalect-HomeDepot_HolidayEventLFDV_Oct25,1406660,DDA,,audience_items
,US-CR-Annalect-HomeDepot_HolidayEvent1P_Oct25,1406661,DDA,,audience_items
,US-CR-Annalect-HomeDepot_HolidayEvent3P_Oct25,1406662,DDA,,audience_items
,US-LR-DM-Acxiom-Sportsmans-Warehouse-Shopper-Oct25,1406669,DDA,,audience_items
,US-LR-DM-Acxiom-Personicx-07C-TakingFlight_Oct25,1406709,DDA,,audience_items
,US-LR-DM-Acxiom-Personicx-09C-EstablishedSophisticates-Oct25,1406710,DDA,,audience_items
,US-LR-DM-Acxiom-Personicx-13E-Scenic-Settled-Oct25,1406711,DDA,,audience_items
,US-LR-DM-Acxiom-Personicx-14E-Limitless-Luxury-Oct25,1406712,DDA,,audience_items
,US-LR-DM-Acxiom-Personicx-16E-Prosperous-Pastimes-Oct25,1406713,DDA,,audience_items
,US-LR-DM-Acxiom-Personicx-17E-Pastoral-Upbringings-Oct25,1406714,DDA,,audience_items
,US-LR-DM-DRAKO-MagicEnthusiast-Oct25,1406731,DDA,,audience_items
,paypalq425v1,1406732,DDA,,audience_items
,nissanq425v1,1406973,DDA,,audience_items
,US-LR-DM-Acxiom-HomeAge_1941_1950_Oct25,1407097,DDA,,audience_items
,US-LR-DM-Acxiom-HomeAge_1971_1980_Oct25,1407099,DDA,,audience_items
,US-LR-DM-Acxiom-HomeAge_1981_1985_Oct25,1407100,DDA,,audience_items
,US-LR-DM-Acxiom-HomeAge_1991_1995_Oct25,1407103,DDA,,audience_items
,US-LR-DM-Acxiom-POC_Yes,1407105,DDA,,audience_items
,US-LR-DM-Acxiom-Original-Medicare-Sep25,1407148,DDA,,audience_items
,US-LR-DM-Speedeon-POC-Oct25,1407186,DDA,,audience_items
,US-LR-DM-Claritas-CollegeBasketballFans-Oct25,1407187,DDA,,audience_items
,US-LR-Acxiom-StateFarm_Oct25,1407273,DDA,,audience_items
,PPlusInkMasterQ425V1,1407289,DDA,,audience_items
,US-LR-DM-AcxiomUSInvestment-100K-249K-Sep25,1407354,DDA,,audience_items
,US-LR-DM-Datasys-FinancialAdvisory-Oct25,1407356,DDA,,audience_items
,US-LR-DM-AlarisPeople-HHIOver1Million-Oct25,1407358,DDA,,audience_items
,US-LR-DM-AnalyticsIQ-InMarket-LifeInsurance-Oct25,1407364,DDA,,audience_items
,US-LR-DM-UltimateData-B2B_Roofing_Oct25,1407365,DDA,,audience_items
,US-DDA-OAP-MRI-NewBalanceUpdated_4q25v2,1407462,DDA,,audience_items
,US-DDA-OAP-MRI-Loreal_4q25,1407463,DDA,,audience_items
,US-LR-DM-Acxiom-Age_21-24,1407479,DDA,,audience_items
,BETLoveHipHopMiamiQ425V1,1407512,DDA,,audience_items
,US-LR-DM-AnalyticsIQ-CharitableContributors-Oct25,1407984,DDA,,audience_items
,US-LR-DM-AnalyticsIQ-CharitableContributors-LikelyDonors-Sep25,1407985,DDA,,audience_items
,US-LR-DM-Acxiom-HomeAge_1900_1940_Oct25,1408182,DDA,,audience_items
,US-LR-DM-Acxiom-HomeAge_1951_1960_Oct25,1408183,DDA,,audience_items
,US-LR-DM-Acxiom-HomeAge_1961_1970_Oct25,1408184,DDA,,audience_items
,US-LR-DM-Acxiom-HomeAge_1986_1990_Oct25,1408185,DDA,,audience_items
,US-LR-DM-Acxiom-HomeAge-1996-2000-Oct25,1408186,DDA,,audience_items
,US-LR-DM-Experian-EssentialWorkers-Oct25,1408196,DDA,,audience_items
,US-LR-Annalect-MSCCruises_Oct25,1408272,DDA,,audience_items
,US-LR-DM-Acxiom-AffluentParentsOfTeens_Oct25,1408336,DDA,,audience_items
,sonicq425v1,1408454,DDA,,audience_items
,popeyesq425v1,1408456,DDA,,audience_items
,subwayq425v1,1408457,DDA,,audience_items
,walmartq425v1,1408458,DDA,,audience_items
,applebeesq425v1,1408463,DDA,,audience_items
,bloominq425v1,1408464,DDA,,audience_items
,burgerkingq425v1,1408465,DDA,,audience_items
,capellaq425v1,1408466,DDA,,audience_items
,costarhomesq425v1,1408467,DDA,,audience_items
,nationalvisionq425v1,1408468,DDA,,audience_items
,US-LR-DM-Acxiom-AutoInsurance_Farmers_Oct25,1408522,DDA,,audience_items
,US-LR-DM-Acxiom-AutoInsurance_Geico_Oct25,1408523,DDA,,audience_items
,US-LR-DM-Acxiom-AutoInsurance_LibertyMutual_Oct25,1408525,DDA,,audience_items
,US-LR-DM-Acxiom-AutoInsurance_Progressive_Oct25,1408526,DDA,,audience_items
,US-LR-DM-Acxiom-AutoInsurance_Travelers_Oct25,1408527,DDA,,audience_items
,US-LR-Tunnl-2021-2023-SpecElectionVoter-Oct25,1408570,DDA,,audience_items
,US-DDA-OAP-Annalect-NissanUpdated_4q25v2,1408580,DDA,,audience_items
,chilisq425v1,1408589,DDA,,audience_items
,newbalanceq425v1,1408590,DDA,,audience_items
,US-DDA-OAP-Merkle-Hilton_4q25,1408622,DDA,,audience_items
,attcricketq425v1,1408669,DDA,,audience_items
,lorealq425v1,1408670,DDA,,audience_items
,newbalanceupdatedq425v1,1408676,DDA,,audience_items
,nissanupdatedq425v1,1408677,DDA,,audience_items
,US-LR-1P-Membership-AllTiersIncludingEveryday_Oct25,1409103,DDA,,audience_items
,US-LR-DM-AnalyticsIQ-Own2_OrMoreVehicles_Oct25,1409138,DDA,,audience_items
,US-LR-DM-AlarisRetail-Allstate_AutoInsurance_Oct25,1409139,DDA,,audience_items
,US-LR-DM-123Push-RomComMovies_Oct25,1409342,DDA,,audience_items
,US-LR-DM-Epsilon-CocktailEnthusiasts-Oct25,1409358,DDA,,audience_items
,US-LR-DM-Alliant-SpiritsBuyer-Oct25,1409359,DDA,,audience_items
,US-LR-DM-AlarisPeople-TequilaDrinker-Oct25,1409360,DDA,,audience_items
,US-LR-Swoop-1020369811_Oct25,1409393,DDA,,audience_items
,US-DDA-OAP-GSK-VC08270_1-3_Oct25,1409463,DDA,,audience_items
,US-LR-Swoop-1020157381_Oct25,1409464,DDA,,audience_items
,US-LR-Swoop-1020157391_Oct25,1409465,DDA,,audience_items
,US-LR-Swoop-1020157441_Oct25,1409466,DDA,,audience_items
,US-LR-Swoop-1020157451_Oct25,1409467,DDA,,audience_items
,US-LR-1P-IBM-Governance_JobTitles_Oct25,1409469,DDA,,audience_items
,US-LR-1P-IBM-CoreJobTitles_Oct25,1409470,DDA,,audience_items
,US-LR-1P-IBM-BusinessDMs_Oct25,1409471,DDA,,audience_items
,US-LR-1P-IBM-Accounting_Finance_JobTitles_Oct25,1409472,DDA,,audience_items
,US-LR-1P-IBM-CustomerService_JobTitles_Oct25,1409473,DDA,,audience_items
,US-LR-1P-IBM-HR_JobTitles_Oct25,1409474,DDA,,audience_items
,US-LR-1P-IBM-Sales_JobTitles_Oct25,1409478,DDA,,audience_items
,US-LR-1P-IBM-Infrastructure_JobTitles_Oct25,1409479,DDA,,audience_items
,US-LR-DM-Dstillery-StevenSpielbergFan_Oct25,1409480,DDA,,audience_items
,US-LR-Crossix-VC08766_Oct25,1409481,DDA,,audience_items
,US-LR-Crossix-VC08765_Oct25,1409482,DDA,,audience_items
,US-LR-Crossix-VC08767_Oct25,1409483,DDA,,audience_items
,US-LR-1P-DEPT_12MO_FRAG_Oct25,1409622,DDA,,audience_items
,US-LR-1P-DEPT_13_24MO_Fragrance_Oct25,1409623,DDA,,audience_items
,US-LR-1P-BRAND_12MO_Dior_Oct25,1409624,DDA,,audience_items
,US-LR-1P-LspDior_Adhoc_20250903_Oct25,1409625,DDA,,audience_items
,US-LR-1P-LspFragSet_12m_Adhoc_20251010_Oct25,1409626,DDA,,audience_items
,US-LR-1P-Propensity_Frag_decile_1_2_Oct25,1409627,DDA,,audience_items
,US-LR-1P-LUX_BUYER_D1_2_Oct25,1409628,DDA,,audience_items
,US-LR-1P-Prop_MensFrag_dec1_2_Oct25,1409629,DDA,,audience_items
,US-LR-1P-Prop_WomensFrag_dec1_2_Oct25,1409630,DDA,,audience_items
,US-LR-1P-Prop_Dior_dec1_2_Oct25,1409631,DDA,,audience_items
,US-LR-1P-Propensity_PrestCos_decile_1_2_Oct25,1409632,DDA,,audience_items
,US-LR-1P-Propensity_PrestCos_decile_3_4_Oct25,1409633,DDA,,audience_items
,US-LR-DM-Comscore-ParentsofTeens_Oct25,1409649,DDA,,audience_items
,US-LR-OAP-BreatheRight_Proscore_4Q25,1410086,DDA,,audience_items
,US-DDA-OAP-Merkle-CrackerBarrelHoliday_4q25,1410709,DDA,,audience_items
,US-LR-DM-Acxiom-StartTradingWithin12Mo_Oct25,1410714,DDA,,audience_items
,US-LR-DM-LBDigital-Investing_Derivatives_Oct25,1410715,DDA,,audience_items
,US-LR-DM-LBDigital-Investing_Commodities-Futures_Oct25,1410716,DDA,,audience_items
,US-LR-DM-LBDigital-Investing_MutualFunds_Oct25,1410718,DDA,,audience_items
,US-LR-DM-LBDigital-Investing_Cryptocurrency_Oct25,1410719,DDA,,audience_items
,US-LR-DM-Acxiom-HHI_75KorLess,1410722,DDA,,audience_items
,crackerbarrelholidayupdatedq425v1,1410996,DDA,,audience_items
,US-LR-1P-AcxiomCustom-Amgen_U6590950_Oct25,1411223,DDA,,audience_items
,US-LR-1P-AcxiomCustom-Amgen_U6590960_Oct25,1411224,DDA,,audience_items
,US-LR-1P-AcxiomCustom-Amgen_U6590920_Oct25,1411225,DDA,,audience_items
,US-LR-1P-AcxiomCustom-Amgen_U6590923_Oct25,1411226,DDA,,audience_items
,US-LR-DM-Adsquare-Theatre-Musicals_Oct25,1411228,DDA,,audience_items
,US-LR-DM-Alliant-InMarket_NewLincolnNautilus_Oct25,1411229,DDA,,audience_items
,US-DDA-PMXLift-Lowes-1P_AllPro_v16,1411325,DDA,,audience_items
,US-DDA-PMXLift-Lowes-1P_AllPro_v15,1411326,DDA,,audience_items
,US-DDA-PMXLift-Lowes-1P_AllPro_v14,1411327,DDA,,audience_items
,US-LR-DM-Alliant-Cooking-FoodEnthusiasts_Oct25,1411331,DDA,,audience_items
,US-LR-DM-Alliant-Condiments_Oct25,1411332,DDA,,audience_items
,US-LR-DM-Alliant-ShopRite_Oct25,1411333,DDA,,audience_items
,US-LR-DM-Acxiom-Publix_Oct25,1411334,DDA,,audience_items
,US-LR-DM-AnalyticsIQ-PassionateGroceryShoppers_Oct25,1411335,DDA,,audience_items
,US-LR-DM-AlarisPeople-Transaction_DrinkGin_Oct25,1411336,DDA,,audience_items
,US-LR-DM-Adstra-InMarket_Spirits_Oct25,1411337,DDA,,audience_items
,hiltonq425v1,1411693,DDA,,audience_items
,uspsq425v1,1411694,DDA,,audience_items
,US-DDA-Eps_PARAMOUNT_Target_664544_STA--TAD-ZEN-SWAROVSKI-RTL-DEMOOBETXCLTSPMT-SwarovskiLuxA35PQ42025-V1-Oct25,1411826,DDA,,audience_items
,US-DDA-Eps_PARAMOUNT_Target_664544_STA--TAD-ZEN-SWAROVSKI-RTL-DEMOOBETXCLTSPMT-SwarovskiLuxA35PQ42025-V2-Oct25,1411827,DDA,,audience_items
,US-DDA-Eps_PARAMOUNT_Target_664566_STA--TAD-ZEN-SWAROVSKI-RTL-DEMOOBETXCLTSPMT-SwarovskiLuxA35PQ42025-V9-Oct25,1411828,DDA,,audience_items
,US-LR-DM-TransUnion_CreditCardType_AmexPlatinum_Oct25,1411862,DDA,,audience_items
,AU - LR - Coles360 - ID - Peak - FMCG - Alcohol Active APAC deactivated at 2026-04-09 01:11:42 UTC,1412098,DDA,,audience_items
,AU - LR - Coles360 - ID - Peak - FMCG - Alcohol Lapsed APAC deactivated at 2026-04-09 01:11:43 UTC,1412117,DDA,,audience_items
,AU - LR - Coles360 - ID - Peak - FMCG - Apparel Active APAC deactivated at 2026-04-09 01:11:44 UTC,1412118,DDA,,audience_items
,AU - LR - Coles360 - ID - Peak - FMCG - Apparel Lapsed APAC deactivated at 2026-04-09 01:11:45 UTC,1412119,DDA,,audience_items
,AU - LR - Coles360 - ID - Peak - FMCG - Apparel Lapsing APAC deactivated at 2026-04-09 01:11:46 UTC,1412120,DDA,,audience_items
,AU - LR - Coles360 - ID - Peak - FMCG - Apparel New APAC deactivated at 2026-04-09 01:11:48 UTC,1412121,DDA,,audience_items
,AU - LR - Coles360 - ID - Peak - FMCG - Baby And Toddler Formula And Food Active APAC deactivated at 2026-04-09 01:11:49 UTC,1412122,DDA,,audience_items
,AU - LR - Coles360 - ID - Peak - FMCG - Baby And Toddler Nappies Active APAC deactivated at 2026-04-09 01:11:50 UTC,1412123,DDA,,audience_items
,AU - LR - Coles360 - ID - Peak - FMCG - Baby And Toddler Personal Products Active APAC deactivated at 2026-04-09 01:11:51 UTC,1412124,DDA,,audience_items
,AU - LR - Coles360 - ID - Peak - FMCG - Bakery Active APAC deactivated at 2026-04-09 01:11:52 UTC,1412125,DDA,,audience_items
,AU - LR - Coles360 - ID - Peak - FMCG - Bakery Lapsed APAC deactivated at 2026-04-09 01:11:54 UTC,1412126,DDA,,audience_items
,AU - LR - Coles360 - ID - Peak - FMCG - Bakery Lapsing APAC deactivated at 2026-04-09 01:11:55 UTC,1412127,DDA,,audience_items
,AU - LR - Coles360 - ID - Peak - FMCG - Bakery New APAC deactivated at 2026-04-09 01:11:56 UTC,1412128,DDA,,audience_items
,AU - LR - Coles360 - ID - Peak - FMCG - Beef And Veal Active APAC deactivated at 2026-04-09 01:11:57 UTC,1412129,DDA,,audience_items
,AU - LR - Coles360 - ID - Peak - FMCG - Beef And Veal Lapsed APAC deactivated at 2026-04-09 01:11:58 UTC,1412130,DDA,,audience_items
,AU - LR - Coles360 - ID - Peak - FMCG - Beef And Veal Lapsing APAC deactivated at 2026-04-09 01:11:59 UTC,1412131,DDA,,audience_items
,AU - LR - Coles360 - ID - Peak - FMCG - Beef And Veal New APAC deactivated at 2026-04-09 01:12:01 UTC,1412132,DDA,,audience_items
,AU - LR - Coles360 - ID - Peak - FMCG - Biscuits And Cookies Active APAC deactivated at 2026-04-09 01:12:02 UTC,1412133,DDA,,audience_items
,AU - LR - Coles360 - ID - Peak - FMCG - Biscuits And Cookies Lapsed APAC deactivated at 2026-04-09 01:12:03 UTC,1412134,DDA,,audience_items
,AU - LR - Coles360 - ID - Peak - FMCG - Biscuits And Cookies Lapsing APAC deactivated at 2026-04-09 01:12:04 UTC,1412135,DDA,,audience_items
,AU - LR - Coles360 - ID - Peak - FMCG - Biscuits And Cookies New APAC deactivated at 2026-04-09 01:12:05 UTC,1412136,DDA,,audience_items
,AU - LR - Coles360 - ID - Peak - FMCG - Boxed Chocolates Active APAC deactivated at 2026-04-09 01:12:06 UTC,1412137,DDA,,audience_items
,AU - LR - Coles360 - ID - Peak - FMCG - Boxed Chocolates Lapsed APAC deactivated at 2026-04-09 01:12:08 UTC,1412138,DDA,,audience_items
,AU - LR - Coles360 - ID - Peak - FMCG - Boxed Chocolates Lapsing APAC deactivated at 2026-04-09 01:12:09 UTC,1412139,DDA,,audience_items
,AU - LR - Coles360 - ID - Peak - FMCG - Boxed Chocolates New APAC deactivated at 2026-04-09 01:12:10 UTC,1412140,DDA,,audience_items
,AU - LR - Coles360 - ID - Peak - FMCG - Canned Fish Active APAC deactivated at 2026-04-09 01:12:11 UTC,1412141,DDA,,audience_items
,AU - LR - Coles360 - ID - Peak - FMCG - Canned Fish Lapsed APAC deactivated at 2026-04-09 01:12:12 UTC,1412142,DDA,,audience_items
,AU - LR - Coles360 - ID - Peak - FMCG - Canned Fish Lapsing APAC deactivated at 2026-04-09 01:12:14 UTC,1412143,DDA,,audience_items
,AU - LR - Coles360 - ID - Peak - FMCG - Canned Fish New APAC deactivated at 2026-04-09 01:12:15 UTC,1412144,DDA,,audience_items
,AU - LR - Coles360 - ID - Peak - FMCG - Canned Meals Active APAC deactivated at 2026-04-09 01:12:16 UTC,1412145,DDA,,audience_items
,AU - LR - Coles360 - ID - Peak - FMCG - Canned Meals Lapsed APAC deactivated at 2026-04-09 01:12:17 UTC,1412146,DDA,,audience_items
,AU - LR - Coles360 - ID - Peak - FMCG - Canned Meals Lapsing APAC deactivated at 2026-04-09 01:12:18 UTC,1412147,DDA,,audience_items
,AU - LR - Coles360 - ID - Peak - FMCG - Canned Meals New APAC deactivated at 2026-04-09 01:12:20 UTC,1412148,DDA,,audience_items
,AU - LR - Coles360 - ID - Peak - FMCG - Canned Vegetables Active APAC deactivated at 2026-04-09 01:12:21 UTC,1412149,DDA,,audience_items
,AU - LR - Coles360 - ID - Peak - FMCG - Canned Vegetables Lapsed APAC deactivated at 2026-04-12 23:47:52 UTC,1412150,DDA,,audience_items
,AU - LR - Coles360 - ID - Peak - FMCG - Canned Vegetables Lapsing APAC deactivated at 2026-04-12 23:47:53 UTC,1412151,DDA,,audience_items
,AU - LR - Coles360 - ID - Peak - FMCG - Canned Vegetables New APAC deactivated at 2026-04-12 23:47:55 UTC,1412152,DDA,,audience_items
,AU - LR - Coles360 - ID - Peak - FMCG - Internet Shopper APAC deactivated at 2026-04-09 01:12:23 UTC,1412159,DDA,,audience_items
,AU - LR - Coles360 - ID - Peak - FMCG - Cider Lapsed APAC deactivated at 2026-04-09 01:12:24 UTC,1412161,DDA,,audience_items
,AU - LR - Coles360 - ID - Peak - FMCG - Cider Active APAC deactivated at 2026-04-09 01:12:25 UTC,1412162,DDA,,audience_items
,AU - LR - Coles360 - ID - Peak - FMCG - Beer Active APAC deactivated at 2026-04-09 01:12:27 UTC,1412163,DDA,,audience_items
,AU - LR - Coles360 - ID - Peak - FMCG - Beer Lapsed APAC deactivated at 2026-04-09 01:12:28 UTC,1412164,DDA,,audience_items
,AU - LR - Coles360 - ID - Peak - FMCG - Light Spirits Lapsed APAC deactivated at 2026-04-09 01:12:29 UTC,1412165,DDA,,audience_items
,AU - LR - Coles360 - ID - Peak - FMCG - Light Spirits Active APAC deactivated at 2026-04-09 01:12:30 UTC,1412166,DDA,,audience_items
,AU - LR - Coles360 - ID - Peak - FMCG - Dark Spirits Lapsed APAC deactivated at 2026-04-09 01:12:31 UTC,1412168,DDA,,audience_items
,AU - LR - Coles360 - ID - Peak - FMCG - Dark Spirits Active APAC deactivated at 2026-04-09 01:12:33 UTC,1412169,DDA,,audience_items
,AU - LR - Coles360 - ID - Peak - FMCG - Spirits Lapsed APAC deactivated at 2026-04-09 01:12:34 UTC,1412170,DDA,,audience_items
,AU - LR - Coles360 - ID - Peak - FMCG - Spirits Active APAC deactivated at 2026-04-09 01:12:35 UTC,1412171,DDA,,audience_items
,AU - LR - Coles360 - ID - Peak - FMCG - Sparkling Champagne Lapsed APAC deactivated at 2026-04-09 01:12:36 UTC,1412172,DDA,,audience_items
,AU - LR - Coles360 - ID - Peak - FMCG - Sparkling Champagne Active APAC deactivated at 2026-04-09 01:12:37 UTC,1412173,DDA,,audience_items
,AU - LR - Coles360 - ID - Peak - FMCG - Whiskey Lapsed APAC deactivated at 2026-04-09 01:12:38 UTC,1412174,DDA,,audience_items
,AU - LR - Coles360 - ID - Peak - FMCG - Whiskey Active APAC deactivated at 2026-04-09 01:12:39 UTC,1412175,DDA,,audience_items
,AU - LR - Coles360 - ID - Peak - FMCG - Craft Beer Lapsed APAC deactivated at 2026-04-09 01:12:41 UTC,1412176,DDA,,audience_items
,AU - LR - Coles360 - ID - Peak - FMCG - Craft Beer Active APAC deactivated at 2026-04-09 01:12:42 UTC,1412177,DDA,,audience_items
,AU - LR - Coles360 - ID - Peak - FMCG - Rose Wine Lapsed APAC deactivated at 2026-04-09 01:12:43 UTC,1412178,DDA,,audience_items
,AU - LR - Coles360 - ID - Peak - FMCG - Rose Wine Active APAC deactivated at 2026-04-09 01:12:44 UTC,1412179,DDA,,audience_items
,AU - LR - Coles360 - ID - Peak - FMCG - White Wine Lapsed APAC deactivated at 2026-04-09 01:12:45 UTC,1412180,DDA,,audience_items
,AU - LR - Coles360 - ID - Peak - FMCG - White Wine Active APAC deactivated at 2026-04-09 01:12:47 UTC,1412181,DDA,,audience_items
,AU - LR - Coles360 - ID - Peak - FMCG - Red Wine Lapsed APAC deactivated at 2026-04-09 01:12:48 UTC,1412182,DDA,,audience_items
,AU - LR - Coles360 - ID - Peak - FMCG - Red Wine Active APAC deactivated at 2026-04-09 01:12:49 UTC,1412183,DDA,,audience_items
,AU - LR - Coles360 - ID - Peak - FMCG - Pre Mix Ready to Drink Alcohol Lapsed APAC deactivated at 2026-04-09 01:12:50 UTC,1412184,DDA,,audience_items
,AU - LR - Coles360 - ID - Peak - FMCG - Pre Mix Ready to Drink Alcohol Active APAC deactivated at 2026-04-09 01:12:51 UTC,1412185,DDA,,audience_items
,AU - LR - Coles360 - ID - Peak - FMCG - Red Wine over 20 dollars Lapsed APAC deactivated at 2026-04-09 01:12:52 UTC,1412186,DDA,,audience_items
,AU - LR - Coles360 - ID - Peak - FMCG - Red Wine over 20 dollars Active APAC deactivated at 2026-04-09 01:12:54 UTC,1412187,DDA,,audience_items
,AU - LR - Coles360 - ID - Peak - FMCG - White Wine over 20 dollars Lapsed APAC deactivated at 2026-04-09 01:12:55 UTC,1412188,DDA,,audience_items
,AU - LR - Coles360 - ID - Peak - FMCG - White Wine over 20 dollars Active APAC deactivated at 2026-04-09 01:12:56 UTC,1412189,DDA,,audience_items
,AU - LR - Coles360 - ID - Peak - FMCG - Womens Deodorant And Grooming New APAC deactivated at 2026-04-09 01:12:57 UTC,1412190,DDA,,audience_items
,AU - LR - Coles360 - ID - Peak - FMCG - Womens Deodorant And Grooming Lapsing APAC deactivated at 2026-04-09 01:12:58 UTC,1412191,DDA,,audience_items
,AU - LR - Coles360 - ID - Peak - FMCG - Womens Deodorant And Grooming Lapsed APAC deactivated at 2026-04-09 01:12:59 UTC,1412192,DDA,,audience_items
,AU - LR - Coles360 - ID - Peak - FMCG - Womens Deodorant And Grooming Active APAC deactivated at 2026-04-09 01:13:01 UTC,1412193,DDA,,audience_items
,AU - LR - Coles360 - ID - Peak - FMCG - Vitamins New APAC deactivated at 2026-04-09 01:13:03 UTC,1412194,DDA,,audience_items
,AU - LR - Coles360 - ID - Peak - FMCG - Vitamins Lapsing APAC deactivated at 2026-04-09 01:13:04 UTC,1412195,DDA,,audience_items
,AU - LR - Coles360 - ID - Peak - FMCG - Vitamins Lapsed APAC deactivated at 2026-04-09 01:13:05 UTC,1412196,DDA,,audience_items
,AU - LR - Coles360 - ID - Peak - FMCG - Vitamins Active APAC deactivated at 2026-04-09 01:13:06 UTC,1412197,DDA,,audience_items
,AU - LR - Coles360 - ID - Peak - FMCG - Toilet Paper New APAC deactivated at 2026-04-09 01:13:07 UTC,1412198,DDA,,audience_items
,AU - LR - Coles360 - ID - Peak - FMCG - Toilet Paper Lapsing APAC deactivated at 2026-04-09 01:13:08 UTC,1412199,DDA,,audience_items
,AU - LR - Coles360 - ID - Peak - FMCG - Toilet Paper Lapsed APAC deactivated at 2026-04-09 01:13:10 UTC,1412200,DDA,,audience_items
,AU - LR - Coles360 - ID - Peak - FMCG - Toilet Paper Active APAC deactivated at 2026-04-09 01:13:11 UTC,1412201,DDA,,audience_items
,AU - LR - Coles360 - ID - Peak - FMCG - Tissues New APAC deactivated at 2026-04-09 01:13:12 UTC,1412202,DDA,,audience_items
,AU - LR - Coles360 - ID - Peak - FMCG - Tissues Lapsing APAC deactivated at 2026-04-09 01:13:13 UTC,1412203,DDA,,audience_items
,AU - LR - Coles360 - ID - Peak - FMCG - Tissues Lapsed APAC deactivated at 2026-04-09 01:13:14 UTC,1412204,DDA,,audience_items
,AU - LR - Coles360 - ID - Peak - FMCG - Tissues Active APAC deactivated at 2026-04-09 01:13:15 UTC,1412205,DDA,,audience_items
,AU - LR - Coles360 - ID - Peak - FMCG - Tea New APAC deactivated at 2026-04-09 01:13:17 UTC,1412206,DDA,,audience_items
,AU - LR - Coles360 - ID - Peak - FMCG - Tea Lapsing APAC deactivated at 2026-04-09 01:13:18 UTC,1412207,DDA,,audience_items
,AU - LR - Coles360 - ID - Peak - FMCG - Tea Lapsed APAC deactivated at 2026-04-09 01:13:19 UTC,1412208,DDA,,audience_items
,AU - LR - Coles360 - ID - Peak - FMCG - Tea Active APAC deactivated at 2026-04-09 01:13:20 UTC,1412209,DDA,,audience_items
,AU - LR - Coles360 - ID - Peak - FMCG - Still Water New APAC deactivated at 2026-04-09 01:13:21 UTC,1412210,DDA,,audience_items
,AU - LR - Coles360 - ID - Peak - FMCG - Still Water Lapsing APAC deactivated at 2026-04-09 01:13:22 UTC,1412211,DDA,,audience_items
,AU - LR - Coles360 - ID - Peak - FMCG - Still Water Lapsed APAC deactivated at 2026-04-09 01:13:24 UTC,1412212,DDA,,audience_items
,AU - LR - Coles360 - ID - Peak - FMCG - Still Water Active APAC deactivated at 2026-04-09 01:13:25 UTC,1412213,DDA,,audience_items
,AU - LR - Coles360 - ID - Peak - FMCG - Spreads New APAC deactivated at 2026-04-09 01:13:26 UTC,1412214,DDA,,audience_items
,AU - LR - Coles360 - ID - Peak - FMCG - Spreads Lapsing APAC deactivated at 2026-04-09 01:13:27 UTC,1412215,DDA,,audience_items
,AU - LR - Coles360 - ID - Peak - FMCG - Spreads Lapsed APAC deactivated at 2026-04-09 01:13:28 UTC,1412216,DDA,,audience_items
,AU - LR - Coles360 - ID - Peak - FMCG - Spreads Active APAC deactivated at 2026-04-09 01:13:29 UTC,1412217,DDA,,audience_items
,AU - LR - Coles360 - ID - Peak - FMCG - Sports Drinks And Iced Tea New APAC deactivated at 2026-04-09 01:13:31 UTC,1412218,DDA,,audience_items
,AU - LR - Coles360 - ID - Peak - FMCG - Sports Drinks And Iced Tea Lapsing APAC deactivated at 2026-04-09 01:13:32 UTC,1412219,DDA,,audience_items
,AU - LR - Coles360 - ID - Peak - FMCG - Sports Drinks And Iced Tea Lapsed APAC deactivated at 2026-04-09 01:13:33 UTC,1412220,DDA,,audience_items
,AU - LR - Coles360 - ID - Peak - FMCG - Sports Drinks And Iced Tea Active APAC deactivated at 2026-04-09 01:13:34 UTC,1412221,DDA,,audience_items
,AU - LR - Coles360 - ID - Peak - FMCG - Soup New APAC deactivated at 2026-04-09 01:13:35 UTC,1412222,DDA,,audience_items
,AU - LR - Coles360 - ID - Peak - FMCG - Soup Lapsing APAC deactivated at 2026-04-09 01:13:36 UTC,1412223,DDA,,audience_items
,AU - LR - Coles360 - ID - Peak - FMCG - Soup Lapsed APAC deactivated at 2026-04-09 01:13:38 UTC,1412224,DDA,,audience_items
,AU - LR - Coles360 - ID - Peak - FMCG - Soup Active APAC deactivated at 2026-04-09 01:13:39 UTC,1412225,DDA,,audience_items
,AU - LR - Coles360 - ID - Peak - FMCG - Cereals Active APAC deactivated at 2026-04-09 01:13:40 UTC,1412226,DDA,,audience_items
,AU - LR - Coles360 - ID - Peak - FMCG - Cereals Lapsed APAC deactivated at 2026-04-09 01:13:41 UTC,1412227,DDA,,audience_items
,AU - LR - Coles360 - ID - Peak - FMCG - Cereals Lapsing APAC deactivated at 2026-04-09 01:13:42 UTC,1412228,DDA,,audience_items
,AU - LR - Coles360 - ID - Peak - FMCG - Cereals New APAC deactivated at 2026-04-09 01:13:43 UTC,1412229,DDA,,audience_items
,AU - LR - Coles360 - ID - Peak - FMCG - Cheese Active APAC deactivated at 2026-04-09 01:13:45 UTC,1412230,DDA,,audience_items
,AU - LR - Coles360 - ID - Peak - FMCG - Cheese Lapsed APAC deactivated at 2026-04-09 01:13:46 UTC,1412231,DDA,,audience_items
,AU - LR - Coles360 - ID - Peak - FMCG - Cheese Lapsing APAC deactivated at 2026-04-09 01:13:47 UTC,1412232,DDA,,audience_items
,AU - LR - Coles360 - ID - Peak - FMCG - Cheese New APAC deactivated at 2026-04-09 01:13:48 UTC,1412233,DDA,,audience_items
,AU - LR - Coles360 - ID - Peak - FMCG - Chilled Desserts Active APAC deactivated at 2026-04-09 01:13:49 UTC,1412234,DDA,,audience_items
,AU - LR - Coles360 - ID - Peak - FMCG - Chilled Desserts Lapsed APAC deactivated at 2026-04-09 01:13:50 UTC,1412235,DDA,,audience_items
,AU - LR - Coles360 - ID - Peak - FMCG - Chilled Desserts Lapsing APAC deactivated at 2026-04-09 01:13:52 UTC,1412236,DDA,,audience_items
,AU - LR - Coles360 - ID - Peak - FMCG - Chilled Desserts New APAC deactivated at 2026-04-09 01:13:53 UTC,1412237,DDA,,audience_items
,AU - LR - Coles360 - ID - Peak - FMCG - Chilled Spreads Active APAC deactivated at 2026-04-09 01:13:54 UTC,1412238,DDA,,audience_items
,AU - LR - Coles360 - ID - Peak - FMCG - Chilled Spreads Lapsed APAC deactivated at 2026-04-09 01:13:55 UTC,1412239,DDA,,audience_items
,AU - LR - Coles360 - ID - Peak - FMCG - Chilled Spreads Lapsing APAC deactivated at 2026-04-09 01:13:56 UTC,1412240,DDA,,audience_items
,AU - LR - Coles360 - ID - Peak - FMCG - Chilled Spreads New APAC deactivated at 2026-04-09 01:13:57 UTC,1412241,DDA,,audience_items
,AU - LR - Coles360 - ID - Peak - FMCG - Chocolate Active APAC deactivated at 2026-04-09 01:13:59 UTC,1412242,DDA,,audience_items
,AU - LR - Coles360 - ID - Peak - FMCG - Chocolate Lapsed APAC deactivated at 2026-04-09 01:14:00 UTC,1412243,DDA,,audience_items
,AU - LR - Coles360 - ID - Peak - FMCG - Chocolate Lapsing APAC deactivated at 2026-04-09 01:14:01 UTC,1412244,DDA,,audience_items
,AU - LR - Coles360 - ID - Peak - FMCG - Chocolate New APAC deactivated at 2026-04-09 01:14:02 UTC,1412245,DDA,,audience_items
,AU - LR - Coles360 - ID - Peak - FMCG - Cleaning Essentials Active APAC deactivated at 2026-04-09 01:14:03 UTC,1412246,DDA,,audience_items
,AU - LR - Coles360 - ID - Peak - FMCG - Cleaning Essentials Lapsed APAC deactivated at 2026-04-09 01:14:04 UTC,1412247,DDA,,audience_items
,AU - LR - Coles360 - ID - Peak - FMCG - Cleaning Essentials Lapsing APAC deactivated at 2026-04-09 01:14:06 UTC,1412248,DDA,,audience_items
,AU - LR - Coles360 - ID - Peak - FMCG - Cleaning Essentials New APAC deactivated at 2026-04-09 01:14:07 UTC,1412249,DDA,,audience_items
,AU - LR - Coles360 - ID - Peak - FMCG - Cleaning Goods Active APAC deactivated at 2026-04-09 01:14:08 UTC,1412250,DDA,,audience_items
,AU - LR - Coles360 - ID - Peak - FMCG - Cleaning Goods Lapsed APAC deactivated at 2026-04-09 01:14:09 UTC,1412251,DDA,,audience_items
,AU - LR - Coles360 - ID - Peak - FMCG - Cleaning Goods Lapsing APAC deactivated at 2026-04-09 01:14:10 UTC,1412252,DDA,,audience_items
,AU - LR - Coles360 - ID - Peak - FMCG - Cleaning Goods New APAC deactivated at 2026-04-09 01:14:12 UTC,1412253,DDA,,audience_items
,AU - LR - Coles360 - ID - Peak - FMCG - Coffee Active APAC deactivated at 2026-04-09 01:14:13 UTC,1412254,DDA,,audience_items
,AU - LR - Coles360 - ID - Peak - FMCG - Coffee Lapsed APAC deactivated at 2026-04-09 01:14:14 UTC,1412255,DDA,,audience_items
,AU - LR - Coles360 - ID - Peak - FMCG - Coffee Lapsing APAC deactivated at 2026-04-09 01:14:15 UTC,1412256,DDA,,audience_items
,AU - LR - Coles360 - ID - Peak - FMCG - Coffee New APAC deactivated at 2026-04-09 01:14:16 UTC,1412257,DDA,,audience_items
,AU - LR - Coles360 - ID - Peak - FMCG - Confectionary Active APAC deactivated at 2026-04-09 01:14:18 UTC,1412258,DDA,,audience_items
,AU - LR - Coles360 - ID - Peak - FMCG - Confectionary Lapsed APAC deactivated at 2026-04-09 01:14:19 UTC,1412259,DDA,,audience_items
,AU - LR - Coles360 - ID - Peak - FMCG - Confectionary Lapsing APAC deactivated at 2026-04-09 01:14:20 UTC,1412260,DDA,,audience_items
,AU - LR - Coles360 - ID - Peak - FMCG - Confectionary New APAC deactivated at 2026-04-09 01:14:21 UTC,1412261,DDA,,audience_items
,AU - LR - Coles360 - ID - Peak - FMCG - Convenience Meals Active APAC deactivated at 2026-04-09 01:14:22 UTC,1412262,DDA,,audience_items
,AU - LR - Coles360 - ID - Peak - FMCG - Convenience Meals Lapsed APAC deactivated at 2026-04-09 01:14:23 UTC,1412263,DDA,,audience_items
,AU - LR - Coles360 - ID - Peak - FMCG - Convenience Meals Lapsing APAC deactivated at 2026-04-09 01:14:24 UTC,1412264,DDA,,audience_items
,AU - LR - Coles360 - ID - Peak - FMCG - Convenience Meals New APAC deactivated at 2026-04-09 01:14:26 UTC,1412265,DDA,,audience_items
,AU - LR - Coles360 - ID - Peak - FMCG - Cooking other Active APAC deactivated at 2026-04-09 01:14:27 UTC,1412266,DDA,,audience_items
,AU - LR - Coles360 - ID - Peak - FMCG - Cooking other Lapsed APAC deactivated at 2026-04-09 01:14:28 UTC,1412267,DDA,,audience_items
,AU - LR - Coles360 - ID - Peak - FMCG - Cooking other Lapsing APAC deactivated at 2026-04-09 01:14:29 UTC,1412268,DDA,,audience_items
,AU - LR - Coles360 - ID - Peak - FMCG - Cooking other New APAC deactivated at 2026-04-09 01:14:31 UTC,1412269,DDA,,audience_items
,AU - LR - Coles360 - ID - Peak - FMCG - Dairy Products Active APAC deactivated at 2026-04-09 01:14:32 UTC,1412270,DDA,,audience_items
,AU - LR - Coles360 - ID - Peak - FMCG - Dairy Products Lapsed APAC deactivated at 2026-04-09 01:14:33 UTC,1412271,DDA,,audience_items
,AU - LR - Coles360 - ID - Peak - FMCG - Dairy Products Lapsing APAC deactivated at 2026-04-09 01:14:34 UTC,1412272,DDA,,audience_items
,AU - LR - Coles360 - ID - Peak - FMCG - Dairy Products New APAC deactivated at 2026-04-09 01:14:35 UTC,1412274,DDA,,audience_items
,AU - LR - Coles360 - ID - Peak - FMCG - Deli Active APAC deactivated at 2026-04-09 01:14:37 UTC,1412275,DDA,,audience_items
,AU - LR - Coles360 - ID - Peak - FMCG - Deli Lapsed APAC deactivated at 2026-04-09 01:14:38 UTC,1412276,DDA,,audience_items
,AU - LR - Coles360 - ID - Peak - FMCG - Deli Lapsing APAC deactivated at 2026-04-09 01:14:39 UTC,1412277,DDA,,audience_items
,AU - LR - Coles360 - ID - Peak - FMCG - Deli New APAC deactivated at 2026-04-09 01:14:40 UTC,1412278,DDA,,audience_items
,AU - LR - Coles360 - ID - Peak - FMCG - Dental Health Active APAC deactivated at 2026-04-09 01:14:41 UTC,1412279,DDA,,audience_items
,AU - LR - Coles360 - ID - Peak - FMCG - Dental Health Lapsing APAC deactivated at 2026-04-09 01:14:42 UTC,1412280,DDA,,audience_items
,AU - LR - Coles360 - ID - Peak - FMCG - Dental Health New APAC deactivated at 2026-04-09 01:14:44 UTC,1412281,DDA,,audience_items
,AU - LR - Coles360 - ID - Peak - FMCG - Desserts Active APAC deactivated at 2026-04-09 01:14:45 UTC,1412282,DDA,,audience_items
,AU - LR - Coles360 - ID - Peak - FMCG - Desserts Lapsed APAC deactivated at 2026-04-09 01:14:46 UTC,1412283,DDA,,audience_items
,AU - LR - Coles360 - ID - Peak - FMCG - Desserts Lapsing APAC deactivated at 2026-04-09 01:14:47 UTC,1412284,DDA,,audience_items
,AU - LR - Coles360 - ID - Peak - FMCG - Desserts New APAC deactivated at 2026-04-09 01:14:48 UTC,1412285,DDA,,audience_items
,AU - LR - Coles360 - ID - Peak - FMCG - Dishwashing Goods Active APAC deactivated at 2026-04-09 01:14:50 UTC,1412286,DDA,,audience_items
,AU - LR - Coles360 - ID - Peak - FMCG - Dishwashing Goods Lapsed APAC deactivated at 2026-04-09 01:14:51 UTC,1412287,DDA,,audience_items
,AU - LR - Coles360 - ID - Peak - FMCG - Dishwashing Goods Lapsing APAC deactivated at 2026-04-09 01:14:52 UTC,1412288,DDA,,audience_items
,AU - LR - Coles360 - ID - Peak - FMCG - Dishwashing Goods New APAC deactivated at 2026-04-09 01:14:53 UTC,1412289,DDA,,audience_items
,AU - LR - Coles360 - ID - Peak - FMCG - Fresh Juices And Drinks Active APAC deactivated at 2026-04-09 01:14:54 UTC,1412290,DDA,,audience_items
,AU - LR - Coles360 - ID - Peak - FMCG - Fresh Juices And Drinks Lapsed APAC deactivated at 2026-04-09 01:14:55 UTC,1412291,DDA,,audience_items
,AU - LR - Coles360 - ID - Peak - FMCG - Fresh Juices And Drinks Lapsing APAC deactivated at 2026-04-09 01:14:57 UTC,1412292,DDA,,audience_items
,AU - LR - Coles360 - ID - Peak - FMCG - Fresh Juices And Drinks New APAC deactivated at 2026-04-09 01:14:58 UTC,1412293,DDA,,audience_items
,AU - LR - Coles360 - ID - Peak - FMCG - Frozen Fruit And Desserts Active APAC deactivated at 2026-04-09 01:14:59 UTC,1412294,DDA,,audience_items
,AU - LR - Coles360 - ID - Peak - FMCG - Frozen Fruit And Desserts Lapsed APAC deactivated at 2026-04-09 01:15:00 UTC,1412295,DDA,,audience_items
,AU - LR - Coles360 - ID - Peak - FMCG - Frozen Fruit And Desserts Lapsing APAC deactivated at 2026-04-09 01:15:02 UTC,1412296,DDA,,audience_items
,AU - LR - Coles360 - ID - Peak - FMCG - Frozen Fruit And Desserts New APAC deactivated at 2026-04-09 01:15:04 UTC,1412297,DDA,,audience_items
,AU - LR - Coles360 - ID - Peak - FMCG - Frozen Meals Active APAC deactivated at 2026-04-09 01:15:05 UTC,1412298,DDA,,audience_items
,AU - LR - Coles360 - ID - Peak - FMCG - Frozen Meals Lapsed APAC deactivated at 2026-04-09 01:15:06 UTC,1412299,DDA,,audience_items
,AU - LR - Coles360 - ID - Peak - FMCG - Frozen Meals Lapsing APAC deactivated at 2026-04-09 01:15:07 UTC,1412300,DDA,,audience_items
,AU - LR - Coles360 - ID - Peak - FMCG - Frozen Meals New APAC deactivated at 2026-04-09 01:15:08 UTC,1412301,DDA,,audience_items
,AU - LR - Coles360 - ID - Peak - FMCG - Frozen Vegetables Active APAC deactivated at 2026-04-09 01:15:10 UTC,1412302,DDA,,audience_items
,AU - LR - Coles360 - ID - Peak - FMCG - Frozen Vegetables Lapsed APAC deactivated at 2026-04-09 01:15:11 UTC,1412303,DDA,,audience_items
,AU - LR - Coles360 - ID - Peak - FMCG - Frozen Vegetables Lapsing APAC deactivated at 2026-04-09 01:15:12 UTC,1412304,DDA,,audience_items
,AU - LR - Coles360 - ID - Peak - FMCG - Frozen Vegetables New APAC deactivated at 2026-04-09 01:15:13 UTC,1412305,DDA,,audience_items
,AU - LR - Coles360 - ID - Peak - FMCG - Fruit Dry Fruit And Nuts Active APAC deactivated at 2026-04-09 01:15:14 UTC,1412306,DDA,,audience_items
,AU - LR - Coles360 - ID - Peak - FMCG - Fruit Dry Fruit And Nuts Lapsed APAC deactivated at 2026-04-09 01:15:16 UTC,1412307,DDA,,audience_items
,AU - LR - Coles360 - ID - Peak - FMCG - Fruit Dry Fruit And Nuts Lapsing APAC deactivated at 2026-04-09 01:15:17 UTC,1412308,DDA,,audience_items
,AU - LR - Coles360 - ID - Peak - FMCG - Fruit Dry Fruit And Nuts New APAC deactivated at 2026-04-09 01:15:18 UTC,1412309,DDA,,audience_items
,AU - LR - Coles360 - ID - Peak - FMCG - Game Meat Active APAC deactivated at 2026-04-09 01:15:19 UTC,1412310,DDA,,audience_items
,AU - LR - Coles360 - ID - Peak - FMCG - Game Meat Lapsed APAC deactivated at 2026-04-09 01:15:20 UTC,1412311,DDA,,audience_items
,AU - LR - Coles360 - ID - Peak - FMCG - Game Meat Lapsing APAC deactivated at 2026-04-09 01:15:21 UTC,1412312,DDA,,audience_items
,AU - LR - Coles360 - ID - Peak - FMCG - Game Meat New APAC deactivated at 2026-04-09 01:15:23 UTC,1412313,DDA,,audience_items
,AU - LR - Coles360 - ID - Peak - FMCG - Hair Care And Accessories Active APAC deactivated at 2026-04-09 01:15:24 UTC,1412314,DDA,,audience_items
,AU - LR - Coles360 - ID - Peak - FMCG - Hair Care And Accessories Lapsed APAC deactivated at 2026-04-09 01:15:25 UTC,1412315,DDA,,audience_items
,AU - LR - Coles360 - ID - Peak - FMCG - Hair Care And Accessories Lapsing APAC deactivated at 2026-04-09 01:15:26 UTC,1412316,DDA,,audience_items
,AU - LR - Coles360 - ID - Peak - FMCG - Hair Care And Accessories New APAC deactivated at 2026-04-09 01:15:27 UTC,1412317,DDA,,audience_items
,AU - LR - Coles360 - ID - Peak - FMCG - Ham And Bacon Active APAC deactivated at 2026-04-09 01:15:29 UTC,1412318,DDA,,audience_items
,AU - LR - Coles360 - ID - Peak - FMCG - Ham And Bacon Lapsed APAC deactivated at 2026-04-09 01:15:30 UTC,1412319,DDA,,audience_items
,AU - LR - Coles360 - ID - Peak - FMCG - Ham And Bacon Lapsing APAC deactivated at 2026-04-09 01:15:31 UTC,1412320,DDA,,audience_items
,AU - LR - Coles360 - ID - Peak - FMCG - Ham And Bacon New APAC deactivated at 2026-04-09 01:15:32 UTC,1412321,DDA,,audience_items
,AU - LR - Coles360 - ID - Peak - FMCG - Hard Vegetables Active APAC deactivated at 2026-04-09 01:15:33 UTC,1412322,DDA,,audience_items
,AU - LR - Coles360 - ID - Peak - FMCG - Hard Vegetables Lapsed APAC deactivated at 2026-04-09 01:15:35 UTC,1412323,DDA,,audience_items
,AU - LR - Coles360 - ID - Peak - FMCG - Hard Vegetables Lapsing APAC deactivated at 2026-04-09 01:15:36 UTC,1412324,DDA,,audience_items
,AU - LR - Coles360 - ID - Peak - FMCG - Hard Vegetables New APAC deactivated at 2026-04-09 01:15:37 UTC,1412325,DDA,,audience_items
,AU - LR - Coles360 - ID - Peak - FMCG - Health Foods Active APAC deactivated at 2026-04-09 01:15:38 UTC,1412326,DDA,,audience_items
,AU - LR - Coles360 - ID - Peak - FMCG - Health Foods Lapsed APAC deactivated at 2026-04-09 01:15:39 UTC,1412327,DDA,,audience_items
,AU - LR - Coles360 - ID - Peak - FMCG - Health Foods Lapsing APAC deactivated at 2026-04-09 01:15:40 UTC,1412328,DDA,,audience_items
,AU - LR - Coles360 - ID - Peak - FMCG - Health Foods New APAC deactivated at 2026-04-09 01:15:42 UTC,1412329,DDA,,audience_items
,AU - LR - Coles360 - ID - Peak - FMCG - Herbs And Spices Active APAC deactivated at 2026-04-09 01:15:43 UTC,1412330,DDA,,audience_items
,AU - LR - Coles360 - ID - Peak - FMCG - Herbs And Spices Lapsed APAC deactivated at 2026-04-09 01:15:44 UTC,1412331,DDA,,audience_items
,AU - LR - Coles360 - ID - Peak - FMCG - Herbs And Spices Lapsing APAC deactivated at 2026-04-09 01:15:45 UTC,1412332,DDA,,audience_items
,AU - LR - Coles360 - ID - Peak - FMCG - Herbs And Spices New APAC deactivated at 2026-04-09 01:15:46 UTC,1412333,DDA,,audience_items
,AU - LR - Coles360 - ID - Peak - FMCG - Homecare Active APAC deactivated at 2026-04-09 01:15:48 UTC,1412334,DDA,,audience_items
,AU - LR - Coles360 - ID - Peak - FMCG - Homecare Lapsed APAC deactivated at 2026-04-09 01:15:49 UTC,1412335,DDA,,audience_items
,AU - LR - Coles360 - ID - Peak - FMCG - Homecare Lapsing APAC deactivated at 2026-04-09 01:15:50 UTC,1412336,DDA,,audience_items
,AU - LR - Coles360 - ID - Peak - FMCG - Homecare New APAC deactivated at 2026-04-09 01:15:51 UTC,1412337,DDA,,audience_items
,AU - LR - Coles360 - ID - Peak - FMCG - Ice Cream Active APAC deactivated at 2026-04-09 01:15:52 UTC,1412338,DDA,,audience_items
,AU - LR - Coles360 - ID - Peak - FMCG - Ice Cream Lapsed APAC deactivated at 2026-04-09 01:15:54 UTC,1412339,DDA,,audience_items
,AU - LR - Coles360 - ID - Peak - FMCG - Ice Cream Lapsing APAC deactivated at 2026-04-09 01:15:55 UTC,1412340,DDA,,audience_items
,AU - LR - Coles360 - ID - Peak - FMCG - Ice Cream New APAC deactivated at 2026-04-09 01:15:56 UTC,1412341,DDA,,audience_items
,AU - LR - Coles360 - ID - Peak - FMCG - International Foods Active APAC deactivated at 2026-04-09 01:15:57 UTC,1412342,DDA,,audience_items
,AU - LR - Coles360 - ID - Peak - FMCG - International Foods Lapsed APAC deactivated at 2026-04-09 01:15:58 UTC,1412343,DDA,,audience_items
,AU - LR - Coles360 - ID - Peak - FMCG - International Foods Lapsing APAC deactivated at 2026-04-09 01:15:59 UTC,1412344,DDA,,audience_items
,AU - LR - Coles360 - ID - Peak - FMCG - International Foods New APAC deactivated at 2026-04-09 01:16:01 UTC,1412345,DDA,,audience_items
,AU - LR - Coles360 - ID - Peak - FMCG - Juices And Cordials Active APAC deactivated at 2026-04-09 01:16:02 UTC,1412346,DDA,,audience_items
,AU - LR - Coles360 - ID - Peak - FMCG - Juices And Cordials Lapsed APAC deactivated at 2026-04-09 01:16:03 UTC,1412347,DDA,,audience_items
,AU - LR - Coles360 - ID - Peak - FMCG - Juices And Cordials Lapsing APAC deactivated at 2026-04-09 01:16:04 UTC,1412348,DDA,,audience_items
,AU - LR - Coles360 - ID - Peak - FMCG - Juices And Cordials New APAC deactivated at 2026-04-09 01:16:05 UTC,1412349,DDA,,audience_items
,AU - LR - Coles360 - ID - Peak - FMCG - Lamb Active APAC deactivated at 2026-04-09 01:16:07 UTC,1412350,DDA,,audience_items
,AU - LR - Coles360 - ID - Peak - FMCG - Lamb Lapsed APAC deactivated at 2026-04-09 01:16:08 UTC,1412351,DDA,,audience_items
,AU - LR - Coles360 - ID - Peak - FMCG - Lamb Lapsing APAC deactivated at 2026-04-09 01:16:09 UTC,1412352,DDA,,audience_items
,AU - LR - Coles360 - ID - Peak - FMCG - Lamb New APAC deactivated at 2026-04-09 01:16:10 UTC,1412353,DDA,,audience_items
,AU - LR - Coles360 - ID - Peak - FMCG - Laundry Active APAC deactivated at 2026-04-09 01:16:11 UTC,1412354,DDA,,audience_items
,AU - LR - Coles360 - ID - Peak - FMCG - Laundry Lapsed APAC deactivated at 2026-04-09 01:16:12 UTC,1412355,DDA,,audience_items
,AU - LR - Coles360 - ID - Peak - FMCG - Laundry Lapsing APAC deactivated at 2026-04-09 01:16:14 UTC,1412356,DDA,,audience_items
,AU - LR - Coles360 - ID - Peak - FMCG - Laundry New APAC deactivated at 2026-04-09 01:16:15 UTC,1412357,DDA,,audience_items
,AU - LR - Coles360 - ID - Peak - FMCG - Medicinal And First Aid Active APAC deactivated at 2026-04-09 01:16:16 UTC,1412358,DDA,,audience_items
,AU - LR - Coles360 - ID - Peak - FMCG - Medicinal And First Aid Lapsed APAC deactivated at 2026-04-09 01:16:17 UTC,1412359,DDA,,audience_items
,AU - LR - Coles360 - ID - Peak - FMCG - Medicinal And First Aid Lapsing APAC deactivated at 2026-04-09 01:16:18 UTC,1412360,DDA,,audience_items
,AU - LR - Coles360 - ID - Peak - FMCG - Medicinal And First Aid New APAC deactivated at 2026-04-09 01:16:19 UTC,1412361,DDA,,audience_items
,AU - LR - Coles360 - ID - Peak - FMCG - Mens Deodorants And Grooming Active APAC deactivated at 2026-04-09 01:16:21 UTC,1412362,DDA,,audience_items
,AU - LR - Coles360 - ID - Peak - FMCG - Mens Deodorants And Grooming Lapsed APAC deactivated at 2026-04-09 01:16:22 UTC,1412363,DDA,,audience_items
,AU - LR - Coles360 - ID - Peak - FMCG - Mens Deodorants And Grooming Lapsing APAC deactivated at 2026-04-09 01:16:23 UTC,1412364,DDA,,audience_items
,AU - LR - Coles360 - ID - Peak - FMCG - Mens Deodorants And Grooming New APAC deactivated at 2026-04-09 01:16:24 UTC,1412365,DDA,,audience_items
,AU - LR - Coles360 - ID - Peak - FMCG - Milk Active APAC deactivated at 2026-04-09 01:16:25 UTC,1412366,DDA,,audience_items
,AU - LR - Coles360 - ID - Peak - FMCG - Milk Lapsed APAC deactivated at 2026-04-09 01:16:26 UTC,1412367,DDA,,audience_items
,AU - LR - Coles360 - ID - Peak - FMCG - Milk Lapsing APAC deactivated at 2026-04-09 01:16:28 UTC,1412368,DDA,,audience_items
,AU - LR - Coles360 - ID - Peak - FMCG - Milk New APAC deactivated at 2026-04-09 01:16:29 UTC,1412369,DDA,,audience_items
,AU - LR - Coles360 - ID - Peak - FMCG - Non refridgerated Milk And Milk Additives Active APAC deactivated at 2026-04-09 01:16:30 UTC,1412370,DDA,,audience_items
,AU - LR - Coles360 - ID - Peak - FMCG - Non refridgerated Milk And Milk Additives Lapsed APAC deactivated at 2026-04-09 01:16:31 UTC,1412371,DDA,,audience_items
,AU - LR - Coles360 - ID - Peak - FMCG - Non refridgerated Milk And Milk Additives Lapsing APAC deactivated at 2026-04-09 01:16:32 UTC,1412372,DDA,,audience_items
,AU - LR - Coles360 - ID - Peak - FMCG - Non refridgerated Milk And Milk Additives New APAC deactivated at 2026-04-09 01:16:34 UTC,1412373,DDA,,audience_items
,AU - LR - Coles360 - ID - Peak - FMCG - Nutritional Snacks Active APAC deactivated at 2026-04-09 01:16:35 UTC,1412374,DDA,,audience_items
,AU - LR - Coles360 - ID - Peak - FMCG - Nutritional Snacks Lapsed APAC deactivated at 2026-04-09 01:16:36 UTC,1412375,DDA,,audience_items
,AU - LR - Coles360 - ID - Peak - FMCG - Nutritional Snacks Lapsing APAC deactivated at 2026-04-09 01:16:37 UTC,1412376,DDA,,audience_items
,AU - LR - Coles360 - ID - Peak - FMCG - Nutritional Snacks New APAC deactivated at 2026-04-09 01:16:38 UTC,1412377,DDA,,audience_items
,AU - LR - Coles360 - ID - Peak - FMCG - Oil Active APAC deactivated at 2026-04-09 01:16:39 UTC,1412378,DDA,,audience_items
,AU - LR - Coles360 - ID - Peak - FMCG - Oil Lapsed APAC deactivated at 2026-04-09 01:16:41 UTC,1412379,DDA,,audience_items
,AU - LR - Coles360 - ID - Peak - FMCG - Oil Lapsing APAC deactivated at 2026-04-09 01:16:42 UTC,1412380,DDA,,audience_items
,AU - LR - Coles360 - ID - Peak - FMCG - Oil New APAC deactivated at 2026-04-09 01:16:43 UTC,1412381,DDA,,audience_items
,AU - LR - Coles360 - ID - Peak - FMCG - Organic Fruit And Vegetables Active APAC deactivated at 2026-04-09 01:16:44 UTC,1412382,DDA,,audience_items
,AU - LR - Coles360 - ID - Peak - FMCG - Organic Fruit And Vegetables Lapsed APAC deactivated at 2026-04-09 01:16:45 UTC,1412383,DDA,,audience_items
,AU - LR - Coles360 - ID - Peak - FMCG - Organic Fruit And Vegetables Lapsing APAC deactivated at 2026-04-09 01:16:46 UTC,1412384,DDA,,audience_items
,AU - LR - Coles360 - ID - Peak - FMCG - Organic Fruit And Vegetables New APAC deactivated at 2026-04-09 01:16:48 UTC,1412385,DDA,,audience_items
,AU - LR - Coles360 - ID - Peak - FMCG - Health And Beauty Cosmetics Active APAC deactivated at 2026-04-09 01:16:49 UTC,1412386,DDA,,audience_items
,AU - LR - Coles360 - ID - Peak - FMCG - Health And Beauty Cosmetics Lapsed APAC deactivated at 2026-04-09 01:16:50 UTC,1412387,DDA,,audience_items
,AU - LR - Coles360 - ID - Peak - FMCG - Health And Beauty Cosmetics Lapsing APAC deactivated at 2026-04-09 01:16:51 UTC,1412388,DDA,,audience_items
,AU - LR - Coles360 - ID - Peak - FMCG - Health And Beauty Cosmetics New APAC deactivated at 2026-04-09 01:16:52 UTC,1412389,DDA,,audience_items
,AU - LR - Coles360 - ID - Peak - FMCG - Other Health And Beauty Products Active APAC deactivated at 2026-04-09 01:16:53 UTC,1412390,DDA,,audience_items
,AU - LR - Coles360 - ID - Peak - FMCG - Other Health And Beauty Products Lapsed APAC deactivated at 2026-04-09 01:16:55 UTC,1412391,DDA,,audience_items
,AU - LR - Coles360 - ID - Peak - FMCG - Other Health And Beauty Products Lapsing APAC deactivated at 2026-04-09 01:16:56 UTC,1412392,DDA,,audience_items
,AU - LR - Coles360 - ID - Peak - FMCG - Other Health And Beauty Products New APAC deactivated at 2026-04-09 01:16:57 UTC,1412393,DDA,,audience_items
,AU - LR - Coles360 - ID - Peak - FMCG - Pantry other Active APAC deactivated at 2026-04-09 01:16:58 UTC,1412394,DDA,,audience_items
,AU - LR - Coles360 - ID - Peak - FMCG - Pantry other Lapsed APAC deactivated at 2026-04-09 01:16:59 UTC,1412395,DDA,,audience_items
,AU - LR - Coles360 - ID - Peak - FMCG - Pantry other Lapsing APAC deactivated at 2026-04-09 01:17:00 UTC,1412396,DDA,,audience_items
,AU - LR - Coles360 - ID - Peak - FMCG - Pantry other New APAC deactivated at 2026-04-09 01:17:02 UTC,1412397,DDA,,audience_items
,AU - LR - Coles360 - ID - Peak - FMCG - Pasta Active APAC deactivated at 2026-04-09 01:17:03 UTC,1412398,DDA,,audience_items
,AU - LR - Coles360 - ID - Peak - FMCG - Pasta Lapsed APAC deactivated at 2026-04-09 01:17:04 UTC,1412399,DDA,,audience_items
,AU - LR - Coles360 - ID - Peak - FMCG - Pasta Lapsing APAC deactivated at 2026-04-09 01:17:05 UTC,1412400,DDA,,audience_items
,AU - LR - Coles360 - ID - Peak - FMCG - Pasta New APAC deactivated at 2026-04-09 01:17:07 UTC,1412401,DDA,,audience_items
,AU - LR - Coles360 - ID - Peak - FMCG - Pet Food And Accessories Active APAC deactivated at 2026-04-09 01:17:08 UTC,1412402,DDA,,audience_items
,AU - LR - Coles360 - ID - Peak - FMCG - Pet Food And Accessories Lapsed APAC deactivated at 2026-04-09 01:17:09 UTC,1412403,DDA,,audience_items
,AU - LR - Coles360 - ID - Peak - FMCG - Pet Food And Accessories Lapsing APAC deactivated at 2026-04-09 01:17:10 UTC,1412404,DDA,,audience_items
,AU - LR - Coles360 - ID - Peak - FMCG - Pet Food And Accessories New APAC deactivated at 2026-04-09 01:17:12 UTC,1412405,DDA,,audience_items
,AU - LR - Coles360 - ID - Peak - FMCG - Pork Active APAC deactivated at 2026-04-09 01:17:13 UTC,1412406,DDA,,audience_items
,AU - LR - Coles360 - ID - Peak - FMCG - Pork Lapsed APAC deactivated at 2026-04-09 01:17:14 UTC,1412407,DDA,,audience_items
,AU - LR - Coles360 - ID - Peak - FMCG - Pork Lapsing APAC deactivated at 2026-04-09 01:17:15 UTC,1412408,DDA,,audience_items
,AU - LR - Coles360 - ID - Peak - FMCG - Pork New APAC deactivated at 2026-04-09 01:17:16 UTC,1412409,DDA,,audience_items
,AU - LR - Coles360 - ID - Peak - FMCG - Poultry Active APAC deactivated at 2026-04-09 01:17:17 UTC,1412410,DDA,,audience_items
,AU - LR - Coles360 - ID - Peak - FMCG - Poultry Lapsed APAC deactivated at 2026-04-09 01:17:19 UTC,1412411,DDA,,audience_items
,AU - LR - Coles360 - ID - Peak - FMCG - Poultry Lapsing APAC deactivated at 2026-04-09 01:17:20 UTC,1412412,DDA,,audience_items
,AU - LR - Coles360 - ID - Peak - FMCG - Poultry New APAC deactivated at 2026-04-09 01:17:21 UTC,1412413,DDA,,audience_items
,AU - LR - Coles360 - ID - Peak - FMCG - Refridgerated Other Active APAC deactivated at 2026-04-09 01:17:22 UTC,1412414,DDA,,audience_items
,AU - LR - Coles360 - ID - Peak - FMCG - Refridgerated Other Lapsed APAC deactivated at 2026-04-09 01:17:23 UTC,1412415,DDA,,audience_items
,AU - LR - Coles360 - ID - Peak - FMCG - Refridgerated Other Lapsing APAC deactivated at 2026-04-09 01:17:24 UTC,1412416,DDA,,audience_items
,AU - LR - Coles360 - ID - Peak - FMCG - Refridgerated Other New APAC deactivated at 2026-04-09 01:17:26 UTC,1412417,DDA,,audience_items
,AU - LR - Coles360 - ID - Peak - FMCG - Rice Active APAC deactivated at 2026-04-09 01:17:27 UTC,1412418,DDA,,audience_items
,AU - LR - Coles360 - ID - Peak - FMCG - Rice Lapsed APAC deactivated at 2026-04-09 01:17:28 UTC,1412419,DDA,,audience_items
,AU - LR - Coles360 - ID - Peak - FMCG - Rice Lapsing APAC deactivated at 2026-04-09 01:17:29 UTC,1412420,DDA,,audience_items
,AU - LR - Coles360 - ID - Peak - FMCG - Rice New APAC deactivated at 2026-04-09 01:17:30 UTC,1412421,DDA,,audience_items
,AU - LR - Coles360 - ID - Peak - FMCG - Sauces Lapsed APAC deactivated at 2026-04-09 01:17:32 UTC,1412422,DDA,,audience_items
,AU - LR - Coles360 - ID - Peak - FMCG - Sauces Lapsing APAC deactivated at 2026-04-09 01:17:33 UTC,1412423,DDA,,audience_items
,AU - LR - Coles360 - ID - Peak - FMCG - Sauces New APAC deactivated at 2026-04-09 01:17:34 UTC,1412424,DDA,,audience_items
,AU - LR - Coles360 - ID - Peak - FMCG - Sausages Active APAC deactivated at 2026-04-09 01:17:36 UTC,1412425,DDA,,audience_items
,AU - LR - Coles360 - ID - Peak - FMCG - Sausages Lapsed APAC deactivated at 2026-04-09 01:17:37 UTC,1412426,DDA,,audience_items
,AU - LR - Coles360 - ID - Peak - FMCG - Sausages Lapsing APAC deactivated at 2026-04-09 01:17:38 UTC,1412427,DDA,,audience_items
,AU - LR - Coles360 - ID - Peak - FMCG - Sausages New APAC deactivated at 2026-04-09 01:17:39 UTC,1412428,DDA,,audience_items
,AU - LR - Coles360 - ID - Peak - FMCG - Seafood Active APAC deactivated at 2026-04-09 01:17:40 UTC,1412429,DDA,,audience_items
,AU - LR - Coles360 - ID - Peak - FMCG - Seafood Lapsed APAC deactivated at 2026-04-09 01:17:42 UTC,1412430,DDA,,audience_items
,AU - LR - Coles360 - ID - Peak - FMCG - Seafood Lapsing APAC deactivated at 2026-04-09 01:17:43 UTC,1412431,DDA,,audience_items
,AU - LR - Coles360 - ID - Peak - FMCG - Seafood New APAC deactivated at 2026-04-09 01:17:44 UTC,1412432,DDA,,audience_items
,AU - LR - Coles360 - ID - Peak - FMCG - Skin Care Active APAC deactivated at 2026-04-09 01:17:45 UTC,1412433,DDA,,audience_items
,AU - LR - Coles360 - ID - Peak - FMCG - Skin Care Lapsed APAC deactivated at 2026-04-09 01:17:46 UTC,1412434,DDA,,audience_items
,AU - LR - Coles360 - ID - Peak - FMCG - Skin Care Lapsing APAC deactivated at 2026-04-09 01:17:48 UTC,1412435,DDA,,audience_items
,AU - LR - Coles360 - ID - Peak - FMCG - Skin Care New APAC deactivated at 2026-04-09 01:17:49 UTC,1412436,DDA,,audience_items
,AU - LR - Coles360 - ID - Peak - FMCG - Snacks Active APAC deactivated at 2026-04-09 01:17:50 UTC,1412437,DDA,,audience_items
,AU - LR - Coles360 - ID - Peak - FMCG - Snacks Lapsed APAC deactivated at 2026-04-09 01:17:51 UTC,1412438,DDA,,audience_items
,AU - LR - Coles360 - ID - Peak - FMCG - Snacks Lapsing APAC deactivated at 2026-04-09 01:17:52 UTC,1412439,DDA,,audience_items
,AU - LR - Coles360 - ID - Peak - FMCG - Snacks New APAC deactivated at 2026-04-09 01:17:54 UTC,1412440,DDA,,audience_items
,AU - LR - Coles360 - ID - Peak - FMCG - Soaps And Body Wash Active APAC deactivated at 2026-04-09 01:17:55 UTC,1412441,DDA,,audience_items
,AU - LR - Coles360 - ID - Peak - FMCG - Soaps And Body Wash Lapsed APAC deactivated at 2026-04-09 01:17:56 UTC,1412442,DDA,,audience_items
,AU - LR - Coles360 - ID - Peak - FMCG - Soaps And Body Wash Lapsing APAC deactivated at 2026-04-09 01:17:57 UTC,1412443,DDA,,audience_items
,AU - LR - Coles360 - ID - Peak - FMCG - Soaps And Body Wash New APAC deactivated at 2026-04-09 01:17:58 UTC,1412444,DDA,,audience_items
,AU - LR - Coles360 - ID - Peak - FMCG - Soft Drinks Active APAC deactivated at 2026-04-09 01:17:59 UTC,1412445,DDA,,audience_items
,AU - LR - Coles360 - ID - Peak - FMCG - Soft Drinks Lapsed APAC deactivated at 2026-04-09 01:18:01 UTC,1412446,DDA,,audience_items
,AU - LR - Coles360 - ID - Peak - FMCG - Soft Drinks Lapsing APAC deactivated at 2026-04-09 01:18:02 UTC,1412447,DDA,,audience_items
,AU - LR - Coles360 - ID - Peak - FMCG - Soft Drinks New APAC deactivated at 2026-04-09 01:18:03 UTC,1412448,DDA,,audience_items
,AU - LR - Coles360 - ID - Peak - FMCG - Soft Vegetables And Salads Active APAC deactivated at 2026-04-09 01:18:04 UTC,1412449,DDA,,audience_items
,AU - LR - Coles360 - ID - Peak - FMCG - Soft Vegetables And Salads Lapsed APAC deactivated at 2026-04-09 00:59:52 UTC,1412450,DDA,,audience_items
,AU - LR - Coles360 - ID - Peak - FMCG - Soft Vegetables And Salads Lapsing APAC deactivated at 2026-04-09 00:59:53 UTC,1412451,DDA,,audience_items
,AU - LR - Coles360 - ID - Peak - FMCG - Soft Vegetables And Salads New APAC deactivated at 2026-03-24 00:52:21 UTC,1412452,DDA,,audience_items
,AU - LR - Coles360 - ID - Peak - FMCG - Dental Health Lapsed APAC deactivated at 2026-03-22 22:43:58 UTC,1412453,DDA,,audience_items
,AU - LR - Coles360 - ID - Peak - FMCG - Sauces Active APAC deactivated at 2026-04-09 01:18:08 UTC,1412454,DDA,,audience_items
,US-LR-Annalect-ATT_NoFrillsBoomers_Oct25,1412494,DDA,,audience_items
,US-LR-Annalect-ATT_DiscerningProfessionals_Oct25,1412495,DDA,,audience_items
,US-LR-Annalect-ATT_YoungAndDiverse_Oct25,1412499,DDA,,audience_items
,US-CR-Annalect-HomeDepot_HolidayEvent_Oct25,1412502,DDA,,audience_items
,US-CR-Annalect-HomeDepot_Holiday_BlackFridayAppliances_Oct25,1412503,DDA,,audience_items
,US-CR-Annalect-HomeDepot_MediumANDLargePros_Oct25,1412504,DDA,,audience_items
,US-LR-DM-Acxiom-LikelytoGetEngaged-Oct25,1412511,DDA,,audience_items
,US-LR-DM-Datasys-Auto-Accident-Oct25,1412513,DDA,,audience_items
,US-LR-Crossix_VC08893_Oct25,1412516,DDA,,audience_items
,US-LR-Crossix_VC08894_Oct25,1412517,DDA,,audience_items
,US-LR-Swoop_1025_1021335951_Oct25,1412518,DDA,,audience_items
,US-LR-Swoop_1025_1021335991_Oct25,1412519,DDA,,audience_items
,US-LR-Crossix_VC08345_Oct25,1412522,DDA,,audience_items
,US-DDA-PMXLift-GeneralMotors_1Q26_v1,1412633,DDA,,audience_items
,US-DDA-PMXLift-GeneralMotors_1Q26_v4,1412634,DDA,,audience_items
,US-DDA-PMXLift-GeneralMotors_1Q26_v11,1412635,DDA,,audience_items
,US-DDA-PMXLift-GeneralMotors_1Q26_v13,1412636,DDA,,audience_items
,US-CR-Annalect-HomeDepot_CohortA_3P_Oct25,1412758,DDA,,audience_items
,US-CR-Annalect-HomeDepot_CohortA_1P_Oct25,1412759,DDA,,audience_items
,US-LR-voter-exclusion-update-part1-Oct25,1412769,DDA,,audience_items
,US-LR-voter-exclusion-update-part2-Oct25,1412770,DDA,,audience_items
,US-LR-DM-Epsilon-ExerciseEnjoyers-Oct25,1413023,DDA,,audience_items
,US-LR-DM-DunBradstreet-C-Suite-Oct25,1413024,DDA,,audience_items
,US-CR-Annalect-HomeDepot_ProExisting_Oct25,1413136,DDA,,audience_items
,US-LR-DM-Acxiom_GolfingGear_Oct25,1413137,DDA,,audience_items
,US-LR-DM-Acxiom-DIYLiving-Oct25,1413206,DDA,,audience_items
,US-LR-DM-AlarisPeople-Occupation-Contractor-Oct25,1413207,DDA,,audience_items
,US-DDA-PMXLift-GeneralMotors_Cadillac1Q26_v4,1413210,DDA,,audience_items
,US-DDA-PMXLift-GeneralMotors_Cadillac1Q26_v1,1413211,DDA,,audience_items
,US-DDA-PMXLift-GeneralMotors_Cadillac1Q26_v11,1413212,DDA,,audience_items
,US-DDA-PMXLift-GeneralMotors_Cadillac1Q26_v13,1413213,DDA,,audience_items
,US-LR-DM-AnalyticsIQ-2CarsOwned-Nov25,1413425,DDA,,audience_items
,US-LR-DM-Acxiom-SubaruIntender-Nov25,1413428,DDA,,audience_items
,US-LR-DM-Circana-CarpetIntender-Nov25,1413430,DDA,,audience_items
,US-LR-DM-Dstillery-SodaDrinkers-Nov25,1413661,DDA,,audience_items
,US-LR-DM-AlarisPeople-FrequentSodaPurchaser-Nov25,1413662,DDA,,audience_items
,US-LR-DM-AlarisPeople-Millenial-Nov25,1413664,DDA,,audience_items
,US-LR-DM-AlarisRetail-IamAdventurous-Nov25,1413665,DDA,,audience_items
,US-LR-DM-Acxiom-GenZ-Nov25,1413666,DDA,,audience_items
,US-LR-DM-Tunnl-PopCultureFollwer-Nov25,1413667,DDA,,audience_items
,US-LR-DM-Epsilon-ExerciseEnthusiasts-Nov25,1413668,DDA,,audience_items
,US-LR-DM-AnalyticsIQ-ExtremelyHealthConscious-Nov25,1413669,DDA,,audience_items
,US-LR-DM-Dynata-SummerCelebrationHosts-Nov25,1413670,DDA,,audience_items
,US-LR-DM-AffinityAnswers-SummerVacayPlan-Nov25,1413671,DDA,,audience_items
,US-LR-DM-AudienceAcuity-IndependenceDay-Nov25,1413672,DDA,,audience_items
,US-LR-DM-Acxiom-Music-AvidListener-Nov25,1413674,DDA,,audience_items
,US-LR-DM-Acxiom-SocialCasualGamers-Nov25,1413675,DDA,,audience_items
,US-LR-DM-Sovrn-ConsumerBanking-Nov25,1413677,DDA,,audience_items
,US-DDA-PMXLift-Aldi_T3_v4_Nov25,1413697,DDA,,audience_items
,US-DDA-PMXLift-Aldi_T3_v5_Nov25,1413698,DDA,,audience_items
,US-LR-DM-Acxiom-LikelyNewVehicle_Electric,1413724,DDA,,audience_items
,US-LR-DM-Acxiom-LikelyNewVehicle_Hybrid,1413725,DDA,,audience_items
,US-LR-DM-Acxiom-VehicleType_Truck,1413726,DDA,,audience_items
,US-LR-DM-Alliant-InMarket_NewTruck,1413727,DDA,,audience_items
,geicoq425v1,1413935,DDA,,audience_items
,US-LR-DM-Acxiom-QSR_Popeyes_Oct25,1413937,DDA,,audience_items
,US-LR-DM-Acxiom-BargainShoppers_Nov25,1413938,DDA,,audience_items
,US-LR-DM-AdSquare-RaisingCanes_Oct25,1413939,DDA,,audience_items
,US-LR-DM-TransUnion-VisitedAnyThemeParks_L12M,1413940,DDA,,audience_items
,US-LR-DM-Acxiom-VacationInFlorida_Within12M,1413941,DDA,,audience_items
,US-LR-DM-Epsilon-FamilyVacationers,1413942,DDA,,audience_items
,US-LR-DM-Acxiom-DomesticTravel,1413943,DDA,,audience_items
,US-LR-DM-Epsilon-International_Travelers,1413944,DDA,,audience_items
,US-LR-DM-Epsilon-Technology_EarlyAdopters,1413945,DDA,,audience_items
,US-LR-DM-TransUnion-HHDoesNotSubscribe_CableSatelliteTV,1413946,DDA,,audience_items
,US-LR-DM-Acxiom-Sports_WWE,1413947,DDA,,audience_items
,US-LR-DM-Alliant-Sports_UFC,1413948,DDA,,audience_items
,US-LR-DM-Acxiom-Sports_Rugby,1413949,DDA,,audience_items
,US-LR-DM-Acxiom-Sports_NHL,1413950,DDA,,audience_items
,US-LR-DM-Acxiom-Sports_NFL,1413951,DDA,,audience_items
,US-LR-DM-Acxiom-Sports_NBA,1413952,DDA,,audience_items
,US-LR-DM-Acxiom-Sports_MLS,1413953,DDA,,audience_items
,US-LR-DM-Acxiom-Sports_MLB,1413954,DDA,,audience_items
,US-LR-DM-TransUnion-Sports_HorseRacing,1413955,DDA,,audience_items
,US-LR-DM-Acxiom-Sports_AutoMotorcycle_Racing,1413957,DDA,,audience_items
,US-LR-DM-Acxiom-Events_USOpen,1413958,DDA,,audience_items
,US-LR-DM-Acxiom-Events_PGAChampionship,1413959,DDA,,audience_items
,US-LR-DM-Acxiom-Retail_BargainShoppers,1413960,DDA,,audience_items
,US-LR-DM-Alliant-BlackFriday_Shoppers,1413961,DDA,,audience_items
,US-LR-DM-Alliant-Retail_BestBuy,1413966,DDA,,audience_items
,US-LR-DM-Acxiom-Retail_Walmart,1413967,DDA,,audience_items
,US-LR-DM-Acxiom-Retail_Target,1413968,DDA,,audience_items
,US-LR-DM-Acxiom-Retail_JCPenny,1413969,DDA,,audience_items
,US-LR-DM-Alliant-OnlineShoppers,1413970,DDA,,audience_items
,US-LR-DM-Alliant-HomeDecorating,1413971,DDA,,audience_items
,US-LR-DM-Acxiom-FineDining,1413972,DDA,,audience_items
,US-LR-DM-Acxiom-CoffeeEnthusiast,1413973,DDA,,audience_items
,US-LR-DM-Acxiom-CasualDining,1413974,DDA,,audience_items
,US-LR-DM-Experian-Foodies,1413975,DDA,,audience_items
,US-LR-DM-MRI-TrueFoodies,1413976,DDA,,audience_items
,US-LR-DM-Acxiom-ClassicCarOwner,1413978,DDA,,audience_items
,US-LR-DM-Alliant-Multi-CarOwners,1413979,DDA,,audience_items
,US-LR-DM-Acxiom-AutoEnthusiast,1413980,DDA,,audience_items
,US-LR-DM-Acxiom-LikelyActivity_Boating,1413981,DDA,,audience_items
,US-LR-DM-Epsilon-BoatOwners_Likely,1413982,DDA,,audience_items
,US-LR-DM-TransUnion-Occupation_BusinessOwner,1413983,DDA,,audience_items
,US-LR-DM-Epsilon-TechEarlyAdopters_Likely,1413984,DDA,,audience_items
,US-LR-DM-MRI-SociallyModerate,1413995,DDA,,audience_items
,US-LR-DM-MRI-SociallyLiberal,1413996,DDA,,audience_items
,US-LR-DM-MRI-SociallyConservative,1413997,DDA,,audience_items
,US-LR-DM-Acxiom-PetOwner_Dog,1413999,DDA,,audience_items
,US-LR-DM-Acxiom-PetOwner_Cat,1414000,DDA,,audience_items
,US-LR-DM-Acxiom-PetOwner_Other,1414001,DDA,,audience_items
,US-LR-DM-Alliant-BlueCollar_Occupations,1414002,DDA,,audience_items
,US-LR-DM-Epsilon-Likely_Plant-BasedConsumers,1414003,DDA,,audience_items
,US-LR-DM-Acxiom-OrganicORNatural_ProductPurchasers,1414004,DDA,,audience_items
,US-LR-DM-MRI-PurchaseEco-Friendly_CleanProducts,1414005,DDA,,audience_items
,US-LR-DM-Experian-InMarket_OnlineJobSeekers,1414006,DDA,,audience_items
,US-LR-DM-Acxiom-JobSeekers,1414008,DDA,,audience_items
,US-LR-DM-Experian-NewHomeowners_L12M,1414011,DDA,,audience_items
,US-LR-DM-Acxiom-InMarket_HomeownerInsurance,1414012,DDA,,audience_items
,US-LR-DM-Acxiom-InMarket_HealthInsurance,1414014,DDA,,audience_items
,US-LR-DM-Acxiom-InMarket_AutoInsurance,1414015,DDA,,audience_items
,US-LR-DM-TransUnion-Auto_InsuranceHolders,1414016,DDA,,audience_items
,US-LR-DM-Acxiom-DentalInsurance,1414017,DDA,,audience_items
,US-LR-DM-Alliant-YouTubeSubcriber,1414018,DDA,,audience_items
,US-LR-DM-Acxiom-NetflixWatchers,1414019,DDA,,audience_items
,US-LR-DM-Acxiom-HuluWatchers,1414020,DDA,,audience_items
,US-LR-DM-Acxiom-AmazonPrime_Watchers,1414021,DDA,,audience_items
,US-LR-DM-Acxiom-HHOwns_NintendoSwitch,1414022,DDA,,audience_items
,US-LR-DM-Alliant-Purchase_VideoGameSoftware,1414023,DDA,,audience_items
,US-LR-DM-Alliant-Purchase_VideoGameConsoles,1414024,DDA,,audience_items
,US-LR-DM-Acxiom-Genre_RPG,1414025,DDA,,audience_items
,US-LR-DM-Acxiom-Genre_Casual,1414026,DDA,,audience_items
,US-LR-DM-Acxiom-Genre_Adventure,1414027,DDA,,audience_items
,US-LR-DM-Acxiom-Genre_Action,1414028,DDA,,audience_items
,US-LR-DM-Acxiom-TVChannel_MTV2,1414029,DDA,,audience_items
,US-LR-DM-Acxiom-FirstTimeParents,1414030,DDA,,audience_items
,US-LR-DM-Alliant-Viewership_Genre_Thriller,1414031,DDA,,audience_items
,US-LR-DM-Acxiom-EmploymentStatus_FullTime,1414032,DDA,,audience_items
,US-LR-DM-Alliant-Viewership_Genre_Fantasy,1414033,DDA,,audience_items
,US-LR-DM-Acxiom-EmploymentStatus_NotEmployed,1414034,DDA,,audience_items
,US-LR-DM-Alliant-Viewership_Genre_Documentary,1414035,DDA,,audience_items
,US-LR-DM-Acxiom-EmploymentStatus_PartTime,1414036,DDA,,audience_items
,US-LR-DM-Epsilon-Retired,1414037,DDA,,audience_items
,US-LR-DM-Alliant-Viewership_Genre_Crime,1414038,DDA,,audience_items
,US-LR-DM-Acxiom-NewMover_Last6Mo,1414039,DDA,,audience_items
,US-LR-DM-Alliant-Military_VeteranAssociations,1414040,DDA,,audience_items
,US-DDA-PMXLift-Aldi_T3_v1_Nov25,1414041,DDA,,audience_items
,US-LR-DM-Acxiom-Dedicated_AwardShowWatcher,1414042,DDA,,audience_items
,US-LR-DM-Alliant-Anime,1414043,DDA,,audience_items
,US-LR-DM-Acxiom-TVChannel_AE,1414044,DDA,,audience_items
,US-LR-DM-Acxiom-TVChannel_Bravo,1414045,DDA,,audience_items
,US-LR-DM-Acxiom-TVChannel_CBS,1414046,DDA,,audience_items
,US-LR-DM-Acxiom-TVChannel_Cinemax,1414047,DDA,,audience_items
,US-LR-DM-Acxiom-TVChannel_CMT,1414048,DDA,,audience_items
,US-LR-DM-Acxiom-TVChannel_ComedyCentral,1414049,DDA,,audience_items
,US-LR-DM-Acxiom-TVChannel_ESPN,1414050,DDA,,audience_items
,US-LR-DM-Acxiom-TVChannel_FoodNetwork,1414051,DDA,,audience_items
,US-LR-DM-Acxiom-TVChannel_Fox,1414052,DDA,,audience_items
,US-LR-DM-Acxiom-TVChannel_Golf,1414053,DDA,,audience_items
,US-LR-DM-Acxiom-TVChannel_HBO,1414054,DDA,,audience_items
,US-LR-DM-Acxiom-TVChannel_Showtime,1414055,DDA,,audience_items
,US-LR-DM-Acxiom-TVChannel_TNT,1414056,DDA,,audience_items
,US-LR-DM-Acxiom-TVChannel_ABC,1414057,DDA,,audience_items
,US-LR-DM-Acxiom-TVChannel_CNN,1414058,DDA,,audience_items
,US-LR-DM-Acxiom-TVChannel_Disney,1414059,DDA,,audience_items
,US-LR-DM-Acxiom-TVChannel_Hallmark,1414060,DDA,,audience_items
,US-LR-DM-Acxiom-TVChannel_NBC,1414061,DDA,,audience_items
,US-LR-DM-Acxiom-TVChannel_NFL,1414062,DDA,,audience_items
,US-LR-DM-Acxiom-TVChannel_Nickelodeon,1414063,DDA,,audience_items
,US-LR-DM-Acxiom-TVChannel_PBS,1414064,DDA,,audience_items
,US-LR-DM-Acxiom-TVChannel_TheCW,1414065,DDA,,audience_items
,US-LR-DM-Acxiom-MovieGoer,1414066,DDA,,audience_items
,US-LR-DM-Alliant-Viewership_Genre_ActionAdventure,1414067,DDA,,audience_items
,US-LR-DM-Alliant-Viewership_Genre_Comedy,1414068,DDA,,audience_items
,US-LR-DM-Alliant-Viewership_Genre_Drama,1414069,DDA,,audience_items
,US-LR-DM-Alliant-Viewership_Genre_FamilyFriendly,1414070,DDA,,audience_items
,US-LR-DM-Alliant-Viewership_Genre_Horror,1414071,DDA,,audience_items
,US-LR-DM-Alliant-Viewership_Genre_Musical,1414072,DDA,,audience_items
,US-LR-DM-Alliant-Viewership_Genre_RealityTV,1414073,DDA,,audience_items
,US-LR-DM-Alliant-Viewership_Genre_Romance,1414074,DDA,,audience_items
,US-LR-DM-Alliant-Viewership_Genre_SciFi,1414075,DDA,,audience_items
,US-LR-DM-Alliant-Viewership_Genre_Animation,1414076,DDA,,audience_items
,AU - DWH - SMRTR - ID - Summit - Financial - Home Owners US,1414077,DDA,,audience_items
,AU - DWH - SMRTR - ID - Summit - Property - Renovators US,1414078,DDA,,audience_items
,AU - DWH - SMRTR - ID - Summit - Auto - Auto Buyers APAC,1414079,DDA,,audience_items
,AU - DWH - SMRTR - ID - Summit - Auto - Brand Alfa Romeo APAC,1414080,DDA,,audience_items
,AU - DWH - SMRTR - ID - Summit - Auto - Brand Aston Martin APAC,1414081,DDA,,audience_items
,AU - DWH - SMRTR - ID - Summit - Auto - Brand Audi APAC,1414082,DDA,,audience_items
,AU - DWH - SMRTR - ID - Summit - Auto - Brand Bentley APAC,1414083,DDA,,audience_items
,AU - DWH - SMRTR - ID - Summit - Auto - Brand BMW APAC,1414084,DDA,,audience_items
,AU - DWH - SMRTR - ID - Summit - Auto - Brand BMW MOTORCYCLES APAC,1414085,DDA,,audience_items
,AU - DWH - SMRTR - ID - Summit - Auto - Brand Chevrolet APAC,1414086,DDA,,audience_items
,AU - DWH - SMRTR - ID - Summit - Auto - Brand Chrysler APAC,1414087,DDA,,audience_items
,AU - DWH - SMRTR - ID - Summit - Auto - Brand Citroen APAC,1414088,DDA,,audience_items
,AU - DWH - SMRTR - ID - Summit - Auto - Brand Ferrari APAC,1414089,DDA,,audience_items
,AU - DWH - SMRTR - ID - Summit - Auto - Brand Fiat APAC,1414090,DDA,,audience_items
,AU - DWH - SMRTR - ID - Summit - Auto - Brand Ford APAC,1414091,DDA,,audience_items
,AU - DWH - SMRTR - ID - Summit - Auto - Brand Great Wall APAC,1414092,DDA,,audience_items
,AU - DWH - SMRTR - ID - Summit - Auto - Brand Haval APAC,1414093,DDA,,audience_items
,AU - DWH - SMRTR - ID - Summit - Auto - Brand Holden APAC,1414094,DDA,,audience_items
,AU - DWH - SMRTR - ID - Summit - Auto - Brand Holden Special Vehicles APAC,1414095,DDA,,audience_items
,AU - DWH - SMRTR - ID - Summit - Auto - Brand Honda APAC,1414096,DDA,,audience_items
,AU - DWH - SMRTR - ID - Summit - Auto - Brand Hyundai APAC,1414097,DDA,,audience_items
,AU - DWH - SMRTR - ID - Summit - Auto - Brand Infiniti APAC,1414098,DDA,,audience_items
,US-LR-DM-AnalyticsIQ-AgeRange18to34-Nov25,1414149,DDA,,audience_items
,US-LR-DM-AnalyticsIQ-18plus-Nov25,1414150,DDA,,audience_items
,US-LR-DM-AnalyticsIQ-AgeRange25to44-Nov25,1414151,DDA,,audience_items
,US-LR-DM-AlarisPeople-FirsttoTryNewStyles-Nov25,1414152,DDA,,audience_items
,US-LR-DM-AudienceAcuity-RockstarGames-Nov25,1414183,DDA,,audience_items
,US-LR-DM-Dstillery-GTAFans-Nov25,1414184,DDA,,audience_items
,US-LR-DM-AlarisPeople-HHIOver500k-Nov25,1414186,DDA,,audience_items
,US-LR-DM-Alliant-InMarket-NewSUV-Nov25,1414189,DDA,,audience_items
,US-LR-DM-Acxiom-MovieGoer-Nov25,1414229,DDA,,audience_items
,US-LR-DM-Stirista-LessThan10Employees-Nov25,1414231,DDA,,audience_items
,US-LR-DM-Stirista-10-49Employees-Nov25,1414234,DDA,,audience_items
,US-LR-DM-Stirista-50-99Employees-Nov25,1414235,DDA,,audience_items
,US-LR-DM-Stirista-100-499Employees-Nov25,1414236,DDA,,audience_items
,US-LR-DM-BusinessWatchNetwork-RevenueLessThan5M-Nov25,1414237,DDA,,audience_items
,AU - DWH - SMRTR - ID - Summit - Auto - Brand Isuzu APAC,1414270,DDA,,audience_items
,AU - DWH - SMRTR - ID - Summit - Auto - Brand Isuzu Ute APAC,1414271,DDA,,audience_items
,AU - DWH - SMRTR - ID - Summit - Auto - Brand Jaguar APAC,1414272,DDA,,audience_items
,AU - DWH - SMRTR - ID - Summit - Auto - Brand Jeep APAC,1414273,DDA,,audience_items
,AU - DWH - SMRTR - ID - Summit - Auto - Brand Kia APAC,1414274,DDA,,audience_items
,AU - DWH - SMRTR - ID - Summit - Auto - Brand Lamborghini APAC,1414275,DDA,,audience_items
,AU - DWH - SMRTR - ID - Summit - Auto - Brand Land Rover APAC,1414276,DDA,,audience_items
,AU - DWH - SMRTR - ID - Summit - Auto - Brand Lexus APAC,1414277,DDA,,audience_items
,AU - DWH - SMRTR - ID - Summit - Auto - Brand Maserati APAC,1414278,DDA,,audience_items
,AU - DWH - SMRTR - ID - Summit - Auto - Brand Mazda APAC,1414279,DDA,,audience_items
,AU - DWH - SMRTR - ID - Summit - Auto - Brand MercedesBenz APAC,1414280,DDA,,audience_items
,AU - DWH - SMRTR - ID - Summit - Auto - Brand MG APAC,1414281,DDA,,audience_items
,AU - DWH - SMRTR - ID - Summit - Auto - Brand MINI APAC,1414282,DDA,,audience_items
,AU - DWH - SMRTR - ID - Summit - Auto - Brand Mitsubishi APAC,1414283,DDA,,audience_items
,AU - DWH - SMRTR - ID - Summit - Auto - Brand Nissan APAC,1414284,DDA,,audience_items
,AU - DWH - SMRTR - ID - Summit - Auto - Brand Peugeot APAC,1414285,DDA,,audience_items
,AU - DWH - SMRTR - ID - Summit - Auto - Brand Porsche APAC,1414286,DDA,,audience_items
,AU - DWH - SMRTR - ID - Summit - Auto - Brand Renault APAC,1414287,DDA,,audience_items
,AU - DWH - SMRTR - ID - Summit - Auto - Brand SKODA APAC,1414288,DDA,,audience_items
,AU - DWH - SMRTR - ID - Summit - Auto - Brand SsangYong APAC,1414289,DDA,,audience_items
,AU - DWH - SMRTR - ID - Summit - Auto - Brand Subaru APAC,1414290,DDA,,audience_items
,AU - DWH - SMRTR - ID - Summit - Auto - Brand Suzuki APAC,1414291,DDA,,audience_items
,AU - DWH - SMRTR - ID - Summit - Auto - Brand Toyota APAC,1414292,DDA,,audience_items
,AU - DWH - SMRTR - ID - Summit - Auto - Brand Volkswagen APAC,1414293,DDA,,audience_items
,AU - DWH - SMRTR - ID - Summit - Auto - Brand Volvo APAC,1414294,DDA,,audience_items
,AU - DWH - SMRTR - ID - Summit - Auto - Brand YAMAHA APAC,1414295,DDA,,audience_items
,AU - DWH - SMRTR - ID - Summit - Auto - Car Enthusiasts APAC,1414296,DDA,,audience_items
,AU - DWH - SMRTR - ID - Summit - Auto - Type All Caravan APAC,1414297,DDA,,audience_items
,AU - DWH - SMRTR - ID - Summit - Auto - Type All EcoFriendly APAC,1414298,DDA,,audience_items
,AU - DWH - SMRTR - ID - Summit - Auto - Type All Electric Vehicle APAC,1414299,DDA,,audience_items
,AU - DWH - SMRTR - ID - Summit - Auto - Type All Hybrid APAC,1414300,DDA,,audience_items
,AU - DWH - SMRTR - ID - Summit - Auto - Type All Largeupper large Passenger APAC,1414301,DDA,,audience_items
,AU - DWH - SMRTR - ID - Summit - Auto - Type All Largeupper large SUV APAC,1414302,DDA,,audience_items
,AU - DWH - SMRTR - ID - Summit - Auto - Type All Light Commercial APAC,1414303,DDA,,audience_items
,AU - DWH - SMRTR - ID - Summit - Auto - Type All Lightmicro Passenger APAC,1414304,DDA,,audience_items
,AU - DWH - SMRTR - ID - Summit - Auto - Type All Luxury APAC,1414305,DDA,,audience_items
,AU - DWH - SMRTR - ID - Summit - Auto - Type All Medium Passenger APAC,1414306,DDA,,audience_items
,AU - DWH - SMRTR - ID - Summit - Auto - Type All Medium SUV APAC,1414307,DDA,,audience_items
,AU - DWH - SMRTR - ID - Summit - Auto - Type All Motorcycles APAC,1414308,DDA,,audience_items
,AU - DWH - SMRTR - ID - Summit - Auto - Type All Passenger APAC,1414309,DDA,,audience_items
,AU - DWH - SMRTR - ID - Summit - Auto - Type All Passenger Luxury APAC,1414310,DDA,,audience_items
,AU - DWH - SMRTR - ID - Summit - Auto - Type All Passenger Sports APAC,1414311,DDA,,audience_items
,AU - DWH - SMRTR - ID - Summit - Auto - Type All Passenger Station Wagon APAC,1414312,DDA,,audience_items
,AU - DWH - SMRTR - ID - Summit - Auto - Type All People Mover APAC,1414313,DDA,,audience_items
,AU - DWH - SMRTR - ID - Summit - Auto - Type All Small Passenger APAC,1414314,DDA,,audience_items
,AU - DWH - SMRTR - ID - Summit - Auto - Type All Small SUV APAC,1414315,DDA,,audience_items
,AU - DWH - SMRTR - ID - Summit - Auto - Type All SUV APAC,1414316,DDA,,audience_items
,AU - DWH - SMRTR - ID - Summit - Auto - Type All SUV Luxury APAC,1414317,DDA,,audience_items
,AU - DWH - SMRTR - ID - Summit - Education - Education Improvement APAC,1414318,DDA,,audience_items
,AU - DWH - SMRTR - ID - Summit - Education - Education Spend APAC,1414319,DDA,,audience_items
,AU - DWH - SMRTR - ID - Summit - Entertainment - Cinema Goers APAC,1414320,DDA,,audience_items
,AU - DWH - SMRTR - ID - Summit - Entertainment - Disney Plus APAC,1414321,DDA,,audience_items
,AU - DWH - SMRTR - ID - Summit - Entertainment - Event Cinemas APAC,1414322,DDA,,audience_items
,AU - DWH - SMRTR - ID - Summit - Entertainment - Foxtel APAC,1414323,DDA,,audience_items
,AU - DWH - SMRTR - ID - Summit - Entertainment - Netflix APAC,1414324,DDA,,audience_items
,AU - DWH - SMRTR - ID - Summit - Entertainment - Stan APAC,1414325,DDA,,audience_items
,AU - DWH - SMRTR - ID - Summit - Entertainment - Movies and Home Entertainment APAC,1414326,DDA,,audience_items
,AU - DWH - SMRTR - ID - Summit - Entertainment - Pay TV Subscribers APAC,1414327,DDA,,audience_items
,AU - DWH - SMRTR - ID - Summit - Entertainment - Entertainment Seekers APAC,1414328,DDA,,audience_items
,AU - DWH - SMRTR - ID - Summit - Financial - Charity Donors APAC,1414329,DDA,,audience_items
,AU - DWH - SMRTR - ID - Summit - Financial - Credit Card Intenders APAC,1414330,DDA,,audience_items
,AU - DWH - SMRTR - ID - Summit - Financial - Credit Card Rewards No APAC,1414331,DDA,,audience_items
,AU - DWH - SMRTR - ID - Summit - Financial - Credit Card Rewards Yes APAC,1414332,DDA,,audience_items
,AU - DWH - SMRTR - ID - Summit - Financial - Credit Card Spend High APAC,1414333,DDA,,audience_items
,AU - DWH - SMRTR - ID - Summit - Financial - Credit Card Spend Low APAC,1414334,DDA,,audience_items
,AU - DWH - SMRTR - ID - Summit - Financial - Credit Card Spend Med APAC,1414335,DDA,,audience_items
,AU - DWH - SMRTR - ID - Summit - Financial - Credit Card User APAC,1414336,DDA,,audience_items
,AU - DWH - SMRTR - ID - Summit - Financial - Crypto Holders APAC,1414337,DDA,,audience_items
,AU - DWH - SMRTR - ID - Summit - Financial - Disposable Income High APAC,1414338,DDA,,audience_items
,AU - DWH - SMRTR - ID - Summit - Financial - Disposable Income Low APAC,1414339,DDA,,audience_items
,AU - DWH - SMRTR - ID - Summit - Financial - Disposable Income Med APAC,1414340,DDA,,audience_items
,AU - DWH - SMRTR - ID - Summit - Financial - Downsizer APAC,1414341,DDA,,audience_items
,AU - DWH - SMRTR - ID - Summit - Financial - First Home Buyer APAC,1414342,DDA,,audience_items
,AU - DWH - SMRTR - ID - Summit - Financial - HHI $100k $150k APAC,1414345,DDA,,audience_items
,AU - DWH - SMRTR - ID - Summit - Financial - HHI $150k $200k APAC,1414346,DDA,,audience_items
,AU - DWH - SMRTR - ID - Summit - Financial - HHI $65k $100k APAC,1414347,DDA,,audience_items
,AU - DWH - SMRTR - ID - Summit - Financial - HHI Over $200k APAC,1414348,DDA,,audience_items
,AU - DWH - SMRTR - ID - Summit - Financial - HHI Under $65k APAC,1414349,DDA,,audience_items
,AU - DWH - SMRTR - ID - Summit - Financial - High Income Families APAC,1414350,DDA,,audience_items
,AU - DWH - SMRTR - ID - Summit - Financial - High Income Retirees APAC,1414351,DDA,,audience_items
,AU - DWH - SMRTR - ID - Summit - Financial - High Income Singles and Couples APAC,1414352,DDA,,audience_items
,AU - DWH - SMRTR - ID - Summit - Financial - High Spenders APAC,1414353,DDA,,audience_items
,AU - DWH - SMRTR - ID - Summit - Financial - Home Owners APAC,1414354,DDA,,audience_items
,AU - DWH - SMRTR - ID - Summit - Financial - Home Purchase N12M APAC,1414355,DDA,,audience_items
,AU - DWH - SMRTR - ID - Summit - Financial - Income All High APAC,1414356,DDA,,audience_items
,AU - DWH - SMRTR - ID - Summit - Financial - Income All Low APAC,1414357,DDA,,audience_items
,AU - DWH - SMRTR - ID - Summit - Financial - Income All Med APAC,1414358,DDA,,audience_items
,AU - DWH - SMRTR - ID - Summit - Financial - Income High APAC,1414359,DDA,,audience_items
,AU - DWH - SMRTR - ID - Summit - Financial - Income Low APAC,1414360,DDA,,audience_items
,AU - DWH - SMRTR - ID - Summit - Financial - Income Med APAC,1414361,DDA,,audience_items
,AU - DWH - SMRTR - ID - Summit - Financial - Investment Portfolio Value High APAC,1414362,DDA,,audience_items
,AU - DWH - SMRTR - ID - Summit - Financial - Investment Portfolio Value Low APAC,1414363,DDA,,audience_items
,AU - DWH - SMRTR - ID - Summit - Financial - Investment Portfolio Value Med APAC,1414364,DDA,,audience_items
,AU - DWH - SMRTR - ID - Summit - Financial - Low Income Families APAC,1414365,DDA,,audience_items
,AU - DWH - SMRTR - ID - Summit - Financial - Low Income Retirees APAC,1414366,DDA,,audience_items
,AU - DWH - SMRTR - ID - Summit - Financial - Low Income Singles and Couples APAC,1414367,DDA,,audience_items
,AU - DWH - SMRTR - ID - Summit - Financial - Mid Income Families APAC,1414368,DDA,,audience_items
,AU - DWH - SMRTR - ID - Summit - Financial - Mid Income Retirees APAC,1414369,DDA,,audience_items
,AU - DWH - SMRTR - ID - Summit - Financial - Mid Income Singles and Couples APAC,1414370,DDA,,audience_items
,AU - DWH - SMRTR - ID - Summit - Financial - Net Worth High APAC,1414371,DDA,,audience_items
,AU - DWH - SMRTR - ID - Summit - Financial - Net Worth Low APAC,1414372,DDA,,audience_items
,AU - DWH - SMRTR - ID - Summit - Financial - Net Worth Med APAC,1414373,DDA,,audience_items
,AU - DWH - SMRTR - ID - Summit - Financial - Mortgage Intenders APAC,1414374,DDA,,audience_items
,AU - DWH - SMRTR - ID - Summit - Financial - Personal Loan Intenders APAC,1414375,DDA,,audience_items
,AU - DWH - SMRTR - ID - Summit - Financial - No Credit Card APAC,1414376,DDA,,audience_items
,AU - DWH - SMRTR - ID - Summit - Financial - Price Sensitive High APAC,1414377,DDA,,audience_items
,AU - DWH - SMRTR - ID - Summit - Financial - Price Sensitive Low APAC,1414378,DDA,,audience_items
,AU - DWH - SMRTR - ID - Summit - Financial - Price Sensitive Med APAC,1414379,DDA,,audience_items
,AU - DWH - SMRTR - ID - Summit - Financial - Private Health Plan No APAC,1414380,DDA,,audience_items
,AU - DWH - SMRTR - ID - Summit - Financial - Private Health Plan Yes APAC,1414381,DDA,,audience_items
,AU - DWH - SMRTR - ID - Summit - Financial - Prop Owned Outright APAC,1414382,DDA,,audience_items
,AU - DWH - SMRTR - ID - Summit - Financial - Property Equity High APAC,1414383,DDA,,audience_items
,AU - DWH - SMRTR - ID - Summit - Financial - Property Equity Low APAC,1414384,DDA,,audience_items
,AU - DWH - SMRTR - ID - Summit - Financial - Property Equity Med APAC,1414385,DDA,,audience_items
,AU - DWH - SMRTR - ID - Summit - Financial - Property Investor APAC,1414386,DDA,,audience_items
,AU - DWH - SMRTR - ID - Summit - Financial - Refinancer APAC,1414387,DDA,,audience_items
,AU - DWH - SMRTR - ID - Summit - Financial - Savers APAC,1414388,DDA,,audience_items
,AU - DWH - SMRTR - ID - Summit - Financial - Super SMSF APAC,1414389,DDA,,audience_items
,AU - DWH - SMRTR - ID - Summit - Financial - Super Vale High APAC,1414390,DDA,,audience_items
,AU - DWH - SMRTR - ID - Summit - Financial - Super Vale Low APAC,1414391,DDA,,audience_items
,AU - DWH - SMRTR - ID - Summit - Financial - Super Vale Med APAC,1414392,DDA,,audience_items
,AU - DWH - SMRTR - ID - Summit - Financial - Super All APAC,1414393,DDA,,audience_items
,AU - DWH - SMRTR - ID - Summit - Financial - Upsizer APAC,1414394,DDA,,audience_items
,AU - DWH - SMRTR - ID - Summit - Financial - Use Broker APAC,1414395,DDA,,audience_items
,AU - DWH - SMRTR - ID - Summit - Financial - Use Financial Advisor APAC,1414396,DDA,,audience_items
,AU - DWH - SMRTR - ID - Summit - FMCG - 7 Eleven APAC,1414397,DDA,,audience_items
,AU - DWH - SMRTR - ID - Summit - FMCG - Aldi APAC,1414398,DDA,,audience_items
,AU - DWH - SMRTR - ID - Summit - FMCG - Butchers APAC,1414399,DDA,,audience_items
,AU - DWH - SMRTR - ID - Summit - FMCG - Coles APAC,1414400,DDA,,audience_items
,AU - DWH - SMRTR - ID - Summit - FMCG - Coles Express APAC,1414401,DDA,,audience_items
,AU - DWH - SMRTR - ID - Summit - FMCG - IGA APAC,1414402,DDA,,audience_items
,AU - DWH - SMRTR - ID - Summit - FMCG - Liquor BWS APAC,1414403,DDA,,audience_items
,AU - DWH - SMRTR - ID - Summit - FMCG - Liquor Dan Murphys APAC,1414404,DDA,,audience_items
,AU - DWH - SMRTR - ID - Summit - FMCG - Liquor Liquorland APAC,1414405,DDA,,audience_items
,AU - DWH - SMRTR - ID - Summit - FMCG - Woolworths APAC,1414406,DDA,,audience_items
,AU - DWH - SMRTR - ID - Summit - FMCG - All APAC,1414407,DDA,,audience_items
,AU - DWH - SMRTR - ID - Summit - Food - Dining Out Bars And Pubs APAC,1414408,DDA,,audience_items
,AU - DWH - SMRTR - ID - Summit - Food - Dining Out Chinese Cuisine APAC,1414409,DDA,,audience_items
,AU - DWH - SMRTR - ID - Summit - Food - Dining Out Dominos APAC,1414410,DDA,,audience_items
,AU - DWH - SMRTR - ID - Summit - Food - Dining Out Hotels And Pubs APAC,1414411,DDA,,audience_items
,AU - DWH - SMRTR - ID - Summit - Food - Dining Out Indian Cuisine APAC,1414412,DDA,,audience_items
,AU - DWH - SMRTR - ID - Summit - Food - Dining Out Japanese Cuisine APAC,1414413,DDA,,audience_items
,AU - DWH - SMRTR - ID - Summit - Food - Dining Out Middle Eastern Cuisine APAC,1414414,DDA,,audience_items
,AU - DWH - SMRTR - ID - Summit - Food - Dining Out Pizza And Pasta Places APAC,1414415,DDA,,audience_items
,AU - DWH - SMRTR - ID - Summit - Food - Dining Out Pizza Hut APAC,1414416,DDA,,audience_items
,AU - DWH - SMRTR - ID - Summit - Food - Dining Out Thai Cuisine APAC,1414417,DDA,,audience_items
,AU - DWH - SMRTR - ID - Summit - Food - Dining Out Vietnamese Cuisine APAC,1414418,DDA,,audience_items
,AU - DWH - SMRTR - ID - Summit - Food - Dining Out All APAC,1414419,DDA,,audience_items
,AU - DWH - SMRTR - ID - Summit - Food - Fast Food Hungry Jacks APAC,1414420,DDA,,audience_items
,AU - DWH - SMRTR - ID - Summit - Food - Fast Food KFC APAC,1414421,DDA,,audience_items
,AU - DWH - SMRTR - ID - Summit - Food - Fast Food Mcdonalds APAC,1414422,DDA,,audience_items
,AU - DWH - SMRTR - ID - Summit - Food - Fast Food Red Rooster APAC,1414423,DDA,,audience_items
,AU - DWH - SMRTR - ID - Summit - Food - Fast Food Subway APAC,1414424,DDA,,audience_items
,AU - DWH - SMRTR - ID - Summit - Food - Fast Food Fans APAC,1414425,DDA,,audience_items
,AU - DWH - SMRTR - ID - Summit - Food - Fast Foodies APAC,1414426,DDA,,audience_items
,AU - DWH - SMRTR - ID - Summit - Food - Food Delivery Deliveroo APAC,1414427,DDA,,audience_items
,AU - DWH - SMRTR - ID - Summit - Food - Food Delivery Menulog APAC,1414428,DDA,,audience_items
,AU - DWH - SMRTR - ID - Summit - Food - Food Delivery Uber Eats APAC,1414429,DDA,,audience_items
,AU - DWH - SMRTR - ID - Summit - Food - Food Delivery Service APAC,1414430,DDA,,audience_items
,AU - DWH - SMRTR - ID - Summit - Food - Pubs Visitors APAC,1414431,DDA,,audience_items
,AU - DWH - SMRTR - ID - Summit - Food - Foodies APAC,1414432,DDA,,audience_items
,AU - DWH - SMRTR - ID - Summit - Gambling - All APAC,1414433,DDA,,audience_items
,AU - DWH - SMRTR - ID - Summit - Gambling - Lottery APAC,1414434,DDA,,audience_items
,AU - DWH - SMRTR - ID - Summit - Gambling - Sportsbet APAC,1414435,DDA,,audience_items
,AU - DWH - SMRTR - ID - Summit - Gambling - Tab APAC,1414436,DDA,,audience_items
,AU - DWH - SMRTR - ID - Summit - Gambling - Tatts Group and The Lott APAC,1414437,DDA,,audience_items
,AU - DWH - SMRTR - ID - Summit - Health - Dentist APAC,1414438,DDA,,audience_items
,AU - DWH - SMRTR - ID - Summit - Health - Gyms and Other Memberships APAC,1414439,DDA,,audience_items
,AU - DWH - SMRTR - ID - Summit - Health - Health And Fitness APAC,1414440,DDA,,audience_items
,AU - DWH - SMRTR - ID - Summit - Health - Hospital APAC,1414441,DDA,,audience_items
,AU - DWH - SMRTR - ID - Summit - Health - Optician APAC,1414442,DDA,,audience_items
,AU - DWH - SMRTR - ID - Summit - Health - Pharmacy APAC,1414443,DDA,,audience_items
,AU - DWH - SMRTR - ID - Summit - Hobbies and Interests - Aquarium Visitors APAC,1414444,DDA,,audience_items
,AU - DWH - SMRTR - ID - Summit - Hobbies and Interests - Arts Enthusiasts APAC,1414445,DDA,,audience_items
,AU - DWH - SMRTR - ID - Summit - Hobbies and Interests - Basketball Fans APAC,1414446,DDA,,audience_items
,AU - DWH - SMRTR - ID - Summit - Hobbies and Interests - Beach Visitors APAC,1414447,DDA,,audience_items
,AU - DWH - SMRTR - ID - Summit - Hobbies and Interests - Beauty Enthusiasts APAC,1414448,DDA,,audience_items
,AU - DWH - SMRTR - ID - Summit - Hobbies and Interests - Book Enthusiasts APAC,1414449,DDA,,audience_items
,AU - DWH - SMRTR - ID - Summit - Hobbies and Interests - Bowling Enthusiasts APAC,1414450,DDA,,audience_items
,AU - DWH - SMRTR - ID - Summit - Hobbies and Interests - Combat and Martial Arts APAC,1414451,DDA,,audience_items
,AU - DWH - SMRTR - ID - Summit - Hobbies and Interests - Cricket Fans APAC,1414452,DDA,,audience_items
,AU - DWH - SMRTR - ID - Summit - Hobbies and Interests - Cyclists APAC,1414453,DDA,,audience_items
,AU - DWH - SMRTR - ID - Summit - Hobbies and Interests - Diving Enthusiasts APAC,1414454,DDA,,audience_items
,AU - DWH - SMRTR - ID - Summit - Hobbies and Interests - Esports Enthusiasts APAC,1414455,DDA,,audience_items
,AU - DWH - SMRTR - ID - Summit - Hobbies and Interests - Family Enthusiasts APAC,1414456,DDA,,audience_items
,AU - DWH - SMRTR - ID - Summit - Hobbies and Interests - Fishing Enthusiasts APAC,1414457,DDA,,audience_items
,AU - DWH - SMRTR - ID - Summit - Hobbies and Interests - Golfers APAC,1414458,DDA,,audience_items
,AU - DWH - SMRTR - ID - Summit - Hobbies and Interests - Gymnastics Enthusiasts APAC,1414459,DDA,,audience_items
,AU - DWH - SMRTR - ID - Summit - Hobbies and Interests - Happy Campers APAC,1414460,DDA,,audience_items
,AU - DWH - SMRTR - ID - Summit - Hobbies and Interests - Hockey Fans APAC,1414461,DDA,,audience_items
,AU - DWH - SMRTR - ID - Summit - Hobbies and Interests - Museum Visitors APAC,1414462,DDA,,audience_items
,AU - DWH - SMRTR - ID - Summit - Hobbies and Interests - Music Fanatics APAC,1414463,DDA,,audience_items
,AU - DWH - SMRTR - ID - Summit - Hobbies and Interests - Photography APAC,1414464,DDA,,audience_items
,AU - DWH - SMRTR - ID - Summit - Hobbies and Interests - Rugby Fans APAC,1414465,DDA,,audience_items
,AU - DWH - SMRTR - ID - Summit - Hobbies and Interests - Skaters APAC,1414466,DDA,,audience_items
,AU - DWH - SMRTR - ID - Summit - Hobbies and Interests - Skiers and Boarders APAC,1414467,DDA,,audience_items
,AU - DWH - SMRTR - ID - Summit - Hobbies and Interests - Smokers and Vapers APAC,1414468,DDA,,audience_items
,AU - DWH - SMRTR - ID - Summit - Hobbies and Interests - Soccer Fans APAC,1414469,DDA,,audience_items
,AU - DWH - SMRTR - ID - Summit - Hobbies and Interests - Sports Fans APAC,1414470,DDA,,audience_items
,AU - DWH - SMRTR - ID - Summit - Hobbies and Interests - Tennis Fans APAC,1414471,DDA,,audience_items
,AU - DWH - SMRTR - ID - Summit - Hobbies and Interests - Theme Park Visitors APAC,1414472,DDA,,audience_items
,AU - DWH - SMRTR - ID - Summit - Hobbies and Interests - Water Sports Enthusiasts APAC,1414473,DDA,,audience_items
,AU - DWH - SMRTR - ID - Summit - Hobbies and Interests - Yoga and Pilates Enthusiasts APAC,1414474,DDA,,audience_items
,AU - DWH - SMRTR - ID - Summit - Hobbies and Interests - Zoo Visitors APAC,1414475,DDA,,audience_items
,AU - DWH - SMRTR - ID - Summit - Insurance - Aami APAC,1414476,DDA,,audience_items
,AU - DWH - SMRTR - ID - Summit - Insurance - Allianz APAC,1414477,DDA,,audience_items
,AU - DWH - SMRTR - ID - Summit - Insurance - Budget Direct APAC,1414478,DDA,,audience_items
,AU - DWH - SMRTR - ID - Summit - Insurance - Bupa APAC,1414479,DDA,,audience_items
,AU - DWH - SMRTR - ID - Summit - Insurance - Medibank APAC,1414480,DDA,,audience_items
,AU - DWH - SMRTR - ID - Summit - Insurance - NRMA Insurance APAC,1414481,DDA,,audience_items
,AU - DWH - SMRTR - ID - Summit - Insurance - QBE APAC,1414482,DDA,,audience_items
,AU - DWH - SMRTR - ID - Summit - Insurance - Intenders APAC,1414483,DDA,,audience_items
,AU - DWH - SMRTR - ID - Summit - Insurance - Auto Insurance Renewal Jan APAC,1414484,DDA,,audience_items
,AU - DWH - SMRTR - ID - Summit - Insurance - Auto Insurance Renewal Feb APAC,1414485,DDA,,audience_items
,AU - DWH - SMRTR - ID - Summit - Insurance - Auto Insurance Renewal Mar APAC,1414486,DDA,,audience_items
,AU - DWH - SMRTR - ID - Summit - Insurance - Auto Insurance Renewal Apr APAC,1414487,DDA,,audience_items
,AU - DWH - SMRTR - ID - Summit - Insurance - Auto Insurance Renewal May APAC,1414488,DDA,,audience_items
,AU - DWH - SMRTR - ID - Summit - Insurance - Auto Insurance Renewal Jun APAC,1414489,DDA,,audience_items
,AU - DWH - SMRTR - ID - Summit - Insurance - Auto Insurance Renewal Jul APAC,1414490,DDA,,audience_items
,AU - DWH - SMRTR - ID - Summit - Insurance - Auto Insurance Renewal Aug APAC,1414491,DDA,,audience_items
,AU - DWH - SMRTR - ID - Summit - Insurance - Auto Insurance Renewal Sep APAC,1414492,DDA,,audience_items
,AU - DWH - SMRTR - ID - Summit - Insurance - Auto Insurance Renewal Oct APAC,1414493,DDA,,audience_items
,AU - DWH - SMRTR - ID - Summit - Insurance - Auto Insurance Renewal Nov APAC,1414494,DDA,,audience_items
,AU - DWH - SMRTR - ID - Summit - Insurance - Auto Insurance Renewal Dec APAC,1414495,DDA,,audience_items
,AU - DWH - SMRTR - ID - Summit - Lifestage - Families APAC,1414504,DDA,,audience_items
,AU - DWH - SMRTR - ID - Summit - Lifestage - HHComp Couples APAC,1414505,DDA,,audience_items
,AU - DWH - SMRTR - ID - Summit - Lifestage - HHComp Families APAC,1414506,DDA,,audience_items
,AU - DWH - SMRTR - ID - Summit - Lifestage - HHComp No Presence of Children APAC,1414507,DDA,,audience_items
,AU - DWH - SMRTR - ID - Summit - Lifestage - HHComp Presence of Children APAC,1414508,DDA,,audience_items
,AU - DWH - SMRTR - ID - Summit - Lifestage - HHComp Shared Living APAC,1414509,DDA,,audience_items
,AU - DWH - SMRTR - ID - Summit - Lifestage - HHComp Singles APAC,1414510,DDA,,audience_items
,AU - DWH - SMRTR - ID - Summit - Lifestage - Singles and Couples APAC,1414511,DDA,,audience_items
,AU - DWH - SMRTR - ID - Summit - Profession - Advertising or Marketing APAC,1414512,DDA,,audience_items
,AU - DWH - SMRTR - ID - Summit - Profession - Blue Collar APAC,1414513,DDA,,audience_items
,AU - DWH - SMRTR - ID - Summit - Profession - Business Interest APAC,1414514,DDA,,audience_items
,AU - DWH - SMRTR - ID - Summit - Profession - Business Owners APAC,1414515,DDA,,audience_items
,AU - DWH - SMRTR - ID - Summit - Profession - Education APAC,1414516,DDA,,audience_items
,AU - DWH - SMRTR - ID - Summit - Profession - Finance Professional APAC,1414517,DDA,,audience_items
,AU - DWH - SMRTR - ID - Summit - Profession - Human Resources APAC,1414518,DDA,,audience_items
,AU - DWH - SMRTR - ID - Summit - Profession - Legal Professional APAC,1414519,DDA,,audience_items
,AU - DWH - SMRTR - ID - Summit - Profession - SMB Coworking Space APAC,1414520,DDA,,audience_items
,AU - DWH - SMRTR - ID - Summit - Profession - White Collar APAC,1414521,DDA,,audience_items
,AU - DWH - SMRTR - ID - Summit - Property - Has Aircon No APAC,1414531,DDA,,audience_items
,AU - DWH - SMRTR - ID - Summit - Property - Has Aircon Yes APAC,1414536,DDA,,audience_items
,AU - DWH - SMRTR - ID - Summit - Property - House APAC,1414537,DDA,,audience_items
,AU - DWH - SMRTR - ID - Summit - Property - PLSS Group Investors APAC,1414538,DDA,,audience_items
,AU - DWH - SMRTR - ID - Summit - Property - PLSS Group Movers APAC,1414539,DDA,,audience_items
,AU - DWH - SMRTR - ID - Summit - Property - PLSS Group NonMovers APAC,1414540,DDA,,audience_items
,AU - DWH - SMRTR - ID - Summit - Property - PLSS Group Renters APAC,1414541,DDA,,audience_items
,AU - DWH - SMRTR - ID - Summit - Property - PLSS Group Retirees APAC,1414542,DDA,,audience_items
,AU - DWH - SMRTR - ID - Summit - Property - PLSS Renovating APAC,1414543,DDA,,audience_items
,AU - DWH - SMRTR - ID - Summit - Property - Renovators APAC,1414544,DDA,,audience_items
,AU - DWH - SMRTR - ID - Summit - Property - Renter APAC,1414545,DDA,,audience_items
,AU - DWH - SMRTR - ID - Summit - Property - Swimming Pool Owner APAC,1414546,DDA,,audience_items
,AU - DWH - SMRTR - ID - Summit - Property - Unit APAC,1414547,DDA,,audience_items
,AU - DWH - SMRTR - ID - Summit - Property - Value High APAC,1414548,DDA,,audience_items
,AU - DWH - SMRTR - ID - Summit - Property - Value Low APAC,1414549,DDA,,audience_items
,AU - DWH - SMRTR - ID - Summit - Property - Value Mid APAC,1414550,DDA,,audience_items
,AU - DWH - SMRTR - ID - Summit - Retail - Alcohol Buyers APAC,1414551,DDA,,audience_items
,AU - DWH - SMRTR - ID - Summit - Retail - Auto Services APAC,1414552,DDA,,audience_items
,AU - DWH - SMRTR - ID - Summit - Retail - Avid Shoppers APAC,1414553,DDA,,audience_items
,AU - DWH - SMRTR - ID - Summit - Retail - Beauty and Personal Care APAC,1414554,DDA,,audience_items
,AU - DWH - SMRTR - ID - Summit - Retail - Bookstores APAC,1414555,DDA,,audience_items
,AU - DWH - SMRTR - ID - Summit - Retail - Childrens APAC,1414556,DDA,,audience_items
,AU - DWH - SMRTR - ID - Summit - Retail - Clothes APAC,1414557,DDA,,audience_items
,AU - DWH - SMRTR - ID - Summit - Retail - Convenience Store Shoppers APAC,1414558,DDA,,audience_items
,AU - DWH - SMRTR - ID - Summit - Retail - Department Stores APAC,1414559,DDA,,audience_items
,AU - DWH - SMRTR - ID - Summit - Retail - Electronics APAC,1414560,DDA,,audience_items
,AU - DWH - SMRTR - ID - Summit - Retail - Fashion APAC,1414561,DDA,,audience_items
,AU - DWH - SMRTR - ID - Summit - Retail - Fashion Accessories APAC,1414562,DDA,,audience_items
,AU - DWH - SMRTR - ID - Summit - Retail - Furniture and Appliances APAC,1414563,DDA,,audience_items
,AU - DWH - SMRTR - ID - Summit - Retail - Gamers APAC,1414564,DDA,,audience_items
,AU - DWH - SMRTR - ID - Summit - Retail - Home Improvement All APAC,1414565,DDA,,audience_items
,AU - DWH - SMRTR - ID - Summit - Retail - Homewares APAC,1414566,DDA,,audience_items
,AU - DWH - SMRTR - ID - Summit - Retail - Jewellery Enthusiasts APAC,1414567,DDA,,audience_items
,AU - DWH - SMRTR - ID - Summit - Retail - Luxury Shoppers APAC,1414568,DDA,,audience_items
,AU - DWH - SMRTR - ID - Summit - Retail - Medical and Health Retail APAC,1414569,DDA,,audience_items
,AU - DWH - SMRTR - ID - Summit - Retail - Office Supply Stores APAC,1414570,DDA,,audience_items
,AU - DWH - SMRTR - ID - Summit - Retail - Online Shopping APAC,1414571,DDA,,audience_items
,AU - DWH - SMRTR - ID - Summit - Retail - Outdoors APAC,1414572,DDA,,audience_items
,AU - DWH - SMRTR - ID - Summit - Retail - Pet Care APAC,1414573,DDA,,audience_items
,AU - DWH - SMRTR - ID - Summit - Retail - Pet Owners APAC,1414574,DDA,,audience_items
,AU - DWH - SMRTR - ID - Summit - Retail - Petrol Buyers All APAC,1414575,DDA,,audience_items
,AU - DWH - SMRTR - ID - Summit - Retail - Shoes APAC,1414576,DDA,,audience_items
,AU - DWH - SMRTR - ID - Summit - Retail - Sporting Goods APAC,1414577,DDA,,audience_items
,AU - DWH - SMRTR - ID - Summit - Tech - Amazon APAC,1414578,DDA,,audience_items
,AU - DWH - SMRTR - ID - Summit - Tech - Apple APAC,1414579,DDA,,audience_items
,AU - DWH - SMRTR - ID - Summit - Tech - Ebay APAC,1414580,DDA,,audience_items
,AU - DWH - SMRTR - ID - Summit - Tech - Game Apps APAC,1414581,DDA,,audience_items
,AU - DWH - SMRTR - ID - Summit - Tech - Google APAC,1414582,DDA,,audience_items
,AU - DWH - SMRTR - ID - Summit - Tech - Instagram Users APAC,1414583,DDA,,audience_items
,AU - DWH - SMRTR - ID - Summit - Tech - Microsoft (Xbox) APAC,1414584,DDA,,audience_items
,AU - DWH - SMRTR - ID - Summit - Tech - Nintendo APAC,1414585,DDA,,audience_items
,AU - DWH - SMRTR - ID - Summit - Tech - Sony Playstation APAC,1414586,DDA,,audience_items
,AU - DWH - SMRTR - ID - Summit - Tech - Spotify APAC,1414587,DDA,,audience_items
,AU - DWH - SMRTR - ID - Summit - Tech - Steamgames APAC,1414588,DDA,,audience_items
,AU - DWH - SMRTR - ID - Summit - Tech - Technology and Computing APAC,1414589,DDA,,audience_items
,AU - DWH - SMRTR - ID - Summit - Tech - Video Gaming APAC,1414590,DDA,,audience_items
,AU - DWH - SMRTR - ID - Summit - Tech - All APAC,1414591,DDA,,audience_items
,AU - DWH - SMRTR - ID - Summit - Telco - Optus APAC,1414592,DDA,,audience_items
,AU - DWH - SMRTR - ID - Summit - Telco - Telstra APAC,1414593,DDA,,audience_items
,AU - DWH - SMRTR - ID - Summit - Telco - Vodafone APAC,1414594,DDA,,audience_items
,AU - DWH - SMRTR - ID - Summit - Telco - All APAC,1414595,DDA,,audience_items
,AU - DWH - SMRTR - ID - Summit - Travel - Budget Travellers APAC,1414596,DDA,,audience_items
,AU - DWH - SMRTR - ID - Summit - Travel - Business Travellers APAC,1414597,DDA,,audience_items
,AU - DWH - SMRTR - ID - Summit - Travel - Domestic Travellers APAC,1414598,DDA,,audience_items
,AU - DWH - SMRTR - ID - Summit - Travel - International Travellers APAC,1414599,DDA,,audience_items
,AU - DWH - SMRTR - ID - Summit - Travel - Family Travellers APAC,1414600,DDA,,audience_items
,AU - DWH - SMRTR - ID - Summit - Travel - Frequent Flyers APAC,1414601,DDA,,audience_items
,AU - DWH - SMRTR - ID - Summit - Travel - Tour Enthusiasts APAC,1414602,DDA,,audience_items
,AU - DWH - SMRTR - ID - Summit - Travel - Transport Road Tolls APAC,1414603,DDA,,audience_items
,AU - DWH - SMRTR - ID - Summit - Travel - Transport Uber APAC,1414604,DDA,,audience_items
,AU - DWH - SMRTR - ID - Summit - Travel - Travel Enthusiasts APAC,1414605,DDA,,audience_items
,AU - DWH - SMRTR - ID - Summit - Travel - Travel Intenders APAC,1414606,DDA,,audience_items
,AU - DWH - SMRTR - ID - Summit - Utilities - AGL Energy APAC,1414607,DDA,,audience_items
,AU - DWH - SMRTR - ID - Summit - Utilities - Alinta APAC,1414608,DDA,,audience_items
,AU - DWH - SMRTR - ID - Summit - Utilities - Energy Australia APAC,1414609,DDA,,audience_items
,AU - DWH - SMRTR - ID - Summit - Utilities - Origin Energy APAC,1414610,DDA,,audience_items
,AU - DWH - SMRTR - ID - Summit - Utilities - Synergy APAC,1414611,DDA,,audience_items
,AU - DWH - SMRTR - ID - Summit - Utilities - All APAC,1414612,DDA,,audience_items
,AU - DWH - SMRTR - ID - Summit - Viewing - Streamers APAC,1414613,DDA,,audience_items
,US-DDA-PMXLift-COTY-BG-v4-Nov25,1415083,DDA,,audience_items
,US-LR-DM-Acxiom-HHI_15KorLess,1415091,DDA,,audience_items
,US-LR-DM-Acxiom-HHI_15K-19K,1415092,DDA,,audience_items
,US-LR-DM-Acxiom-HHI_20K-29K,1415093,DDA,,audience_items
,US-LR-DM-Acxiom-HHI_30K-39K,1415094,DDA,,audience_items
,US-LR-DM-Acxiom-HHI-40K-49K,1415095,DDA,,audience_items
,US-LR-DM-Acxiom-HHI_50K-74K,1415096,DDA,,audience_items
,US-LR-DM-Acxiom-HHI_75K-99K,1415097,DDA,,audience_items
,US-LR-DM-Acxiom-HHI_100K-149K,1415098,DDA,,audience_items
,US-LR-DM-Acxiom-HHI_150K-174K,1415099,DDA,,audience_items
,US-LR-DM-Acxiom-HHI_175K-199K,1415100,DDA,,audience_items
,US-LR-DM-Acxiom-HHI_200K-249K,1415101,DDA,,audience_items
,US-LR-DM-Acxiom-HHI_250Kplus,1415102,DDA,,audience_items
,US-CR-Annalect-HomeDepot_Holiday_BlackFridayAppliances_3P_Nov25,1415108,DDA,,audience_items
,US-DDA-OAP-ATT_DiscerningProfessionals_Nov25,1415109,DDA,,audience_items
,US-DDA-OAP-ATT_YoungAndDiverse_Nov25,1415110,DDA,,audience_items
,US-DDA-OAP-ATT_NoFrillsBoomers_Nov25,1415111,DDA,,audience_items
,US-LR-DM-Causeway-Moviegoer_Region_Heartland_Nov25,1415119,DDA,,audience_items
,US-LR-DM-AffinitySolutions-Tempur-PedicShoppers_Nov25,1415128,DDA,,audience_items
,US-LR-DM-AffinitySolutions-SelectComfortShoppers_Nov25,1415129,DDA,,audience_items
,US-LR-DM-Acxiom_DIYLiving,1415138,DDA,,audience_items
,AU - DWH - 10 - ID - Base - Demo - F18+ APAC,1415174,DDA,,audience_items
,AU - DWH - 10 - ID - Base - Demo - F18-24 APAC,1415175,DDA,,audience_items
,AU - DWH - 10 - ID - Base - Demo - F18-29 APAC,1415177,DDA,,audience_items
,AU - DWH - 10 - ID - Base - Demo - F18-34 APAC,1415179,DDA,,audience_items
,AU - DWH - 10 - ID - Base - Demo - F18-39 APAC,1415180,DDA,,audience_items
,AU - DWH - 10 - ID - Base - Demo - F18-44 APAC,1415181,DDA,,audience_items
,AU - DWH - 10 - ID - Base - Demo - F18-49 APAC,1415182,DDA,,audience_items
,AU - DWH - 10 - ID - Base - Demo - F18-54 APAC,1415183,DDA,,audience_items
,AU - DWH - 10 - ID - Base - Demo - F25+ APAC,1415184,DDA,,audience_items
,AU - DWH - 10 - ID - Base - Demo - F25-34 APAC,1415185,DDA,,audience_items
,AU - DWH - 10 - ID - Base - Demo - F25-39 APAC,1415186,DDA,,audience_items
,AU - DWH - 10 - ID - Base - Demo - F25-44 APAC,1415187,DDA,,audience_items
,AU - DWH - 10 - ID - Base - Demo - F25-54 APAC,1415188,DDA,,audience_items
,AU - DWH - 10 - ID - Base - Demo - F25-64 APAC,1415189,DDA,,audience_items
,AU - DWH - 10 - ID - Base - Demo - F30+ APAC,1415190,DDA,,audience_items
,AU - DWH - 10 - ID - Base - Demo - F30-54 APAC,1415191,DDA,,audience_items
,AU - DWH - 10 - ID - Base - Demo - F30-64 APAC,1415192,DDA,,audience_items
,AU - DWH - 10 - ID - Base - Demo - F35+ APAC,1415193,DDA,,audience_items
,AU - DWH - 10 - ID - Base - Demo - F35-54 APAC,1415194,DDA,,audience_items
,AU - DWH - 10 - ID - Base - Demo - F35-60 APAC,1415195,DDA,,audience_items
,AU - DWH - 10 - ID - Base - Demo - F35-64 APAC,1415196,DDA,,audience_items
,AU - DWH - 10 - ID - Base - Demo - F40+ APAC,1415197,DDA,,audience_items
,AU - DWH - 10 - ID - Base - Demo - F40-54 APAC,1415198,DDA,,audience_items
,AU - DWH - 10 - ID - Base - Demo - F40-64 APAC,1415199,DDA,,audience_items
,AU - DWH - 10 - ID - Base - Demo - F45+ APAC,1415200,DDA,,audience_items
,AU - DWH - 10 - ID - Base - Demo - F55+ APAC,1415201,DDA,,audience_items
,AU - DWH - 10 - ID - Base - Demo - Female APAC,1415202,DDA,,audience_items
,AU - DWH - 10 - ID - Base - Demo - M18+ APAC,1415203,DDA,,audience_items
,AU - DWH - 10 - ID - Base - Demo - M18-24 APAC,1415204,DDA,,audience_items
,AU - DWH - 10 - ID - Base - Demo - M18-29 APAC,1415205,DDA,,audience_items
,AU - DWH - 10 - ID - Base - Demo - M18-34 APAC,1415206,DDA,,audience_items
,AU - DWH - 10 - ID - Base - Demo - M18-39 APAC,1415207,DDA,,audience_items
,AU - DWH - 10 - ID - Base - Demo - M18-44 APAC,1415208,DDA,,audience_items
,AU - DWH - 10 - ID - Base - Demo - M18-49 APAC,1415209,DDA,,audience_items
,AU - DWH - 10 - ID - Base - Demo - M18-54 APAC,1415210,DDA,,audience_items
,AU - DWH - 10 - ID - Base - Demo - M20-40 APAC,1415211,DDA,,audience_items
,AU - DWH - 10 - ID - Base - Demo - M25+ APAC,1415212,DDA,,audience_items
,AU - DWH - 10 - ID - Base - Demo - M25-34 APAC,1415213,DDA,,audience_items
,AU - DWH - 10 - ID - Base - Demo - M25-39 APAC,1415214,DDA,,audience_items
,AU - DWH - 10 - ID - Base - Demo - M25-44 APAC,1415215,DDA,,audience_items
,AU - DWH - 10 - ID - Base - Demo - M25-54 APAC,1415216,DDA,,audience_items
,AU - DWH - 10 - ID - Base - Demo - M30+ APAC,1415217,DDA,,audience_items
,AU - DWH - 10 - ID - Base - Demo - M30-54 APAC,1415218,DDA,,audience_items
,AU - DWH - 10 - ID - Base - Demo - M35+ APAC,1415219,DDA,,audience_items
,AU - DWH - 10 - ID - Base - Demo - M35-54 APAC,1415220,DDA,,audience_items
,AU - DWH - 10 - ID - Base - Demo - M35-64 APAC,1415221,DDA,,audience_items
,AU - DWH - 10 - ID - Base - Demo - M40+ APAC,1415222,DDA,,audience_items
,AU - DWH - 10 - ID - Base - Demo - M40-54 APAC,1415223,DDA,,audience_items
,AU - DWH - 10 - ID - Base - Demo - M40-64 APAC,1415224,DDA,,audience_items
,AU - DWH - 10 - ID - Base - Demo - M45+ APAC,1415225,DDA,,audience_items
,AU - DWH - 10 - ID - Base - Demo - M55+ APAC,1415226,DDA,,audience_items
,AU - DWH - 10 - ID - Base - Demo - Male APAC,1415227,DDA,,audience_items
,AU - DWH - 10 - ID - Base - Demo - P18+ APAC,1415228,DDA,,audience_items
,AU - DWH - 10 - ID - Base - Demo - P18-24 APAC,1415229,DDA,,audience_items
,AU - DWH - 10 - ID - Base - Demo - P18-29 APAC,1415230,DDA,,audience_items
,AU - DWH - 10 - ID - Base - Demo - P18-34 APAC,1415231,DDA,,audience_items
,AU - DWH - 10 - ID - Base - Demo - P18-39 APAC,1415232,DDA,,audience_items
,AU - DWH - 10 - ID - Base - Demo - P18-44 APAC,1415233,DDA,,audience_items
,AU - DWH - 10 - ID - Base - Demo - P18-49 APAC,1415234,DDA,,audience_items
,AU - DWH - 10 - ID - Base - Demo - P18-54 APAC,1415235,DDA,,audience_items
,AU - DWH - 10 - ID - Base - Demo - P18-64 APAC,1415236,DDA,,audience_items
,AU - DWH - 10 - ID - Base - Demo - P18-65 APAC,1415237,DDA,,audience_items
,AU - DWH - 10 - ID - Base - Demo - P20-40 APAC,1415238,DDA,,audience_items
,AU - DWH - 10 - ID - Base - Demo - P25+ APAC,1415239,DDA,,audience_items
,AU - DWH - 10 - ID - Base - Demo - P25-34 APAC,1415240,DDA,,audience_items
,AU - DWH - 10 - ID - Base - Demo - P25-39 APAC,1415241,DDA,,audience_items
,AU - DWH - 10 - ID - Base - Demo - P25-44 APAC,1415242,DDA,,audience_items
,AU - DWH - 10 - ID - Base - Demo - P25-49 APAC,1415243,DDA,,audience_items
,AU - DWH - 10 - ID - Base - Demo - P25-54 APAC,1415244,DDA,,audience_items
,AU - DWH - 10 - ID - Base - Demo - P25-64 APAC,1415245,DDA,,audience_items
,AU - DWH - 10 - ID - Base - Demo - P30+ APAC,1415246,DDA,,audience_items
,AU - DWH - 10 - ID - Base - Demo - P30-49 APAC,1415247,DDA,,audience_items
,AU - DWH - 10 - ID - Base - Demo - P30-54 APAC,1415248,DDA,,audience_items
,AU - DWH - 10 - ID - Base - Demo - P30-60 APAC,1415249,DDA,,audience_items
,AU - DWH - 10 - ID - Base - Demo - P35+ APAC,1415250,DDA,,audience_items
,AU - DWH - 10 - ID - Base - Demo - P35-54 APAC,1415251,DDA,,audience_items
,AU - DWH - 10 - ID - Base - Demo - P35-64 APAC,1415252,DDA,,audience_items
,AU - DWH - 10 - ID - Base - Demo - P40+ APAC,1415253,DDA,,audience_items
,AU - DWH - 10 - ID - Base - Demo - P40-54 APAC,1415254,DDA,,audience_items
,AU - DWH - 10 - ID - Base - Demo - P40-64 APAC,1415255,DDA,,audience_items
,AU - DWH - 10 - ID - Base - Demo - P45+ APAC,1415256,DDA,,audience_items
,AU - DWH - 10 - ID - Base - Demo - P55+ APAC,1415257,DDA,,audience_items
,AU - DWH - 10 - ID - Base - Demo - P55-64 APAC,1415258,DDA,,audience_items
,AU - DWH - Samba TV - Geo - Peak - Viewing - Heavy TV Viewers APAC,1415259,DDA,,audience_items
,AU - DWH - Samba TV - Geo - Peak - Viewing - Light TV Watchers APAC,1415260,DDA,,audience_items
,AU - DWH - Samba TV - Geo - Peak - Viewing - Active Gamers APAC,1415261,DDA,,audience_items
,AU - DWH - Samba TV - Geo - Peak - Viewing - SVOD Originals APAC,1415262,DDA,,audience_items
,AU - DWH - Samba TV - Geo - Peak - Genre - Action & Adventure APAC,1415263,DDA,,audience_items
,AU - DWH - Samba TV - Geo - Peak - Genre - Animated APAC,1415264,DDA,,audience_items
,AU - DWH - Samba TV - Geo - Peak - Genre - Auto shows APAC,1415265,DDA,,audience_items
,AU - DWH - Samba TV - Geo - Peak - Genre - British Shows APAC,1415266,DDA,,audience_items
,AU - DWH - Samba TV - Geo - Peak - Genre - Comedy APAC,1415267,DDA,,audience_items
,AU - DWH - Samba TV - Geo - Peak - Genre - Cooking Shows APAC,1415268,DDA,,audience_items
,AU - DWH - Samba TV - Geo - Peak - Genre - Crime APAC,1415269,DDA,,audience_items
,AU - DWH - Samba TV - Geo - Peak - Genre - Drama APAC,1415270,DDA,,audience_items
,AU - DWH - Samba TV - Geo - Peak - Genre - Family Movies APAC,1415271,DDA,,audience_items
,AU - DWH - Samba TV - Geo - Peak - Genre - Family Programming APAC,1415272,DDA,,audience_items
,AU - DWH - Samba TV - Geo - Peak - Genre - Gambling APAC,1415273,DDA,,audience_items
,AU - DWH - Samba TV - Geo - Peak - Genre - Game Shows APAC,1415274,DDA,,audience_items
,AU - DWH - Samba TV - Geo - Peak - Genre - Health & Fitness APAC,1415275,DDA,,audience_items
,AU - DWH - Samba TV - Geo - Peak - Genre - Holiday & RomComs APAC,1415276,DDA,,audience_items
,AU - DWH - Samba TV - Geo - Peak - Genre - Home Improvement Shows APAC,1415277,DDA,,audience_items
,AU - DWH - Samba TV - Geo - Peak - Genre - Horror APAC,1415278,DDA,,audience_items
,AU - DWH - Samba TV - Geo - Peak - Genre - LGBTQ+ Content Affinity APAC,1415279,DDA,,audience_items
,AU - DWH - Samba TV - Geo - Peak - Genre - Movie Watchers APAC,1415280,DDA,,audience_items
,AU - DWH - Samba TV - Geo - Peak - Genre - Multicultural Content APAC,1415281,DDA,,audience_items
,AU - DWH - Samba TV - Geo - Peak - Genre - Music Fans APAC,1415282,DDA,,audience_items
,AU - DWH - Samba TV - Geo - Peak - Genre - News APAC,1415283,DDA,,audience_items
,AU - DWH - Samba TV - Geo - Peak - Genre - Reality TV Shows APAC,1415284,DDA,,audience_items
,AU - DWH - Samba TV - Geo - Peak - Genre - Romance APAC,1415285,DDA,,audience_items
,AU - DWH - Samba TV - Geo - Peak - Genre - SciFi APAC,1415286,DDA,,audience_items
,AU - DWH - Samba TV - Geo - Peak - Genre - Sports APAC,1415287,DDA,,audience_items
,AU - DWH - Samba TV - Geo - Peak - Genre - Sustainability APAC,1415288,DDA,,audience_items
,AU - DWH - Samba TV - Geo - Peak - Genre - Technology APAC,1415289,DDA,,audience_items
,AU - DWH - Samba TV - Geo - Peak - Genre - Travel APAC,1415290,DDA,,audience_items
,AU - DWH - Samba TV - Geo - Peak - Genre - Young Adult Programming APAC,1415291,DDA,,audience_items
,AU - DWH - Samba TV - Geo - Peak - Content - AFL APAC,1415292,DDA,,audience_items
,AU - DWH - Samba TV - Geo - Peak - Content - Awards Shows APAC,1415293,DDA,,audience_items
,AU - DWH - Samba TV - Geo - Peak - Content - Basketball APAC,1415294,DDA,,audience_items
,AU - DWH - Samba TV - Geo - Peak - Content - Cricket APAC,1415295,DDA,,audience_items
,AU - DWH - Samba TV - Geo - Peak - Content - Golf APAC,1415296,DDA,,audience_items
,AU - DWH - Samba TV - Geo - Peak - Content - Horse Racing APAC,1415297,DDA,,audience_items
,AU - DWH - Samba TV - Geo - Peak - Content - Motor Racing APAC,1415298,DDA,,audience_items
,AU - DWH - Samba TV - Geo - Peak - Content - NRL APAC,1415299,DDA,,audience_items
,AU - DWH - Samba TV - Geo - Peak - Content - Olympics APAC,1415300,DDA,,audience_items
,AU - DWH - Samba TV - Geo - Peak - Content - Rugby Union APAC,1415301,DDA,,audience_items
,AU - DWH - Samba TV - Geo - Peak - Content - Soccer APAC,1415302,DDA,,audience_items
,AU - DWH - Samba TV - Geo - Peak - Content - Tennis APAC,1415303,DDA,,audience_items
,AU - DWH - ABS - Geo - Summit - Cultural - Indigenous APAC,1415304,DDA,,audience_items
,AU - DWH - ABS - Geo - Summit - Cultural - Birthplace Elsewhere APAC,1415305,DDA,,audience_items
,AU - DWH - ABS - Geo - Summit - Education - Tertiary Education APAC,1415306,DDA,,audience_items
,AU - DWH - ABS - Geo - Summit - Lifestage - Families APAC,1415307,DDA,,audience_items
,AU - DWH - ABS - Geo - Summit - Auto - Motor Vehicles APAC,1415308,DDA,,audience_items
,AU - DWH - ABS - Geo - Summit - Property - High Mortgage Repayment APAC,1415309,DDA,,audience_items
,AU - DWH - ABS - Geo - Summit - Property - Home Movers APAC,1415310,DDA,,audience_items
,AU - DWH - ABS - Geo - Summit - Property - Own Property with Mortgage APAC,1415311,DDA,,audience_items
,AU - DWH - ABS - Geo - Summit - Property - Own Property Outright APAC,1415312,DDA,,audience_items
,AU - DWH - ABS - Geo - Summit - Property - Renters APAC,1415313,DDA,,audience_items
,AU - DWH - ABS - Geo - Summit - Profession - Employed APAC,1415314,DDA,,audience_items
,AU - DWH - ABS - Geo - Summit - Profession - IT Occupation APAC,1415315,DDA,,audience_items
,AU - DWH - ABS - Geo - Summit - Profession - Health Occupation APAC,1415316,DDA,,audience_items
,AU - DWH - ABS - Geo - Summit - Profession - Community and personal service workers APAC,1415317,DDA,,audience_items
,AU - DWH - ABS - Geo - Summit - Profession - Labourers APAC,1415318,DDA,,audience_items
,AU - DWH - ABS - Geo - Summit - Profession - Volunteers APAC,1415319,DDA,,audience_items
,AU - DWH - ABS - Geo - Summit - Profession - Education Occupation APAC,1415320,DDA,,audience_items
,AU - DWH - ABS - Geo - Summit - Profession - Managers APAC,1415321,DDA,,audience_items
,AU - DWH - ABS - Geo - Summit - Profession - Technicians and Trades Workers APAC,1415322,DDA,,audience_items
,AU - DWH - ABS - Geo - Summit - Profession - Professionals APAC,1415323,DDA,,audience_items
,AU - DWH - ABS - Geo - Summit - Profession - Clerical and administrative workers APAC,1415324,DDA,,audience_items
,AU - DWH - ABS - Geo - Summit - Profession - Machinery operators and drivers APAC,1415325,DDA,,audience_items
,AU - DWH - ABS - Geo - Summit - Profession - Miners APAC,1415326,DDA,,audience_items
,AU - DWH - ABS - Geo - Summit - Profession - Construction workers APAC,1415327,DDA,,audience_items
,AU - DWH - ABS - Geo - Summit - Profession - Sales workers APAC,1415328,DDA,,audience_items
,AU - DWH - ABS - Geo - Summit - Travel - Car Commuters APAC,1415329,DDA,,audience_items
,AU - DWH - ABS - Geo - Summit - Financial - High Family Income APAC,1415330,DDA,,audience_items
,AU - DWH - ABS - Geo - Summit - Health - Health Conditions APAC,1415331,DDA,,audience_items
,AU - DWH - Mastercard - Geo - Peak - Education - College or University Education APAC,1415332,DDA,,audience_items
,AU - DWH - Mastercard - Geo - Peak - Entertainment - Concert or Theatre Tickets APAC,1415333,DDA,,audience_items
,AU - DWH - Mastercard - Geo - Peak - Health - Drug Stores Chains APAC,1415334,DDA,,audience_items
,AU - DWH - Mastercard - Geo - Peak - FMCG - Grocery Stores APAC,1415335,DDA,,audience_items
,AU - DWH - Mastercard - Geo - Peak - Retail - Consumer Electronics Online Shopper APAC,1415336,DDA,,audience_items
,AU - DWH - Mastercard - Geo - Peak - Retail - Department Stores Online Shopper APAC,1415337,DDA,,audience_items
,AU - DWH - Mastercard - Geo - Peak - Retail - Consumer Electronics Store Shopper APAC,1415338,DDA,,audience_items
,AU - DWH - Mastercard - Geo - Peak - Retail - Department Store Shopper APAC,1415339,DDA,,audience_items
,AU - DWH - Mastercard - Geo - Peak - Retail - Family Apparel APAC,1415340,DDA,,audience_items
,AU - DWH - Mastercard - Geo - Peak - Retail - Home Furniture and Furnishing APAC,1415341,DDA,,audience_items
,AU - DWH - Mastercard - Geo - Peak - Retail - Home Improvement APAC,1415342,DDA,,audience_items
,AU - DWH - Mastercard - Geo - Peak - Retail - Online Shopper APAC,1415343,DDA,,audience_items
,AU - DWH - Mastercard - Geo - Peak - Retail - Pet Care or Veterinary Services APAC,1415344,DDA,,audience_items
,AU - DWH - Mastercard - Geo - Peak - Travel - Accommodations APAC,1415345,DDA,,audience_items
,AU - DWH - Mastercard - Geo - Peak - Travel - Car Rental APAC,1415346,DDA,,audience_items
,AU - DWH - Mastercard - Geo - Peak - Travel - Cruise Travel APAC,1415347,DDA,,audience_items
,AU - DWH - Mastercard - Geo - Peak - Travel - Domestic Air Travel APAC,1415348,DDA,,audience_items
,AU - DWH - Mastercard - Geo - Peak - Travel - International Air Travel APAC,1415349,DDA,,audience_items
,AU - DWH - Mastercard - Geo - Peak - Food - Quick Serve Restaurants APAC,1415350,DDA,,audience_items
,AU - DWH - Mastercard - Geo - Peak - Business - Office Supplies APAC,1415351,DDA,,audience_items
,AU - DWH - Mastercard - Geo - Peak - Insurance - General Insurance Buyers APAC,1415352,DDA,,audience_items
,AU - DWH - Mastercard - Geo - Peak - Tech - Cellular / Wireless Devices APAC,1415353,DDA,,audience_items
,US-LR-DM-MRI-SwingDemocrats,1415806,DDA,,audience_items
,US-LR-DM-MRI-SwingRepublicans,1415807,DDA,,audience_items
,US-DDA-OAP-PayPal-BuyNowPayLater-Nov25,1415810,DDA,,audience_items
,US-LR-DM-Alliant-MattressFirmBuyer_Nov25,1415818,DDA,,audience_items
,US-LR-DM-Experian-MattressStoreShoppers_Nov25,1415819,DDA,,audience_items
,US-LR-DM-Alliant-MattressBuyers_Nov25,1415822,DDA,,audience_items
,US-LR-DM-Alliant-OutdoorFurniture_Nov25,1415823,DDA,,audience_items
,US-LR-DM-Alliant-PremiumHomeDecor_Nov25,1415824,DDA,,audience_items
,US-LR-DM-Alliant_HouseholdAppliances_Nov25,1415825,DDA,,audience_items
,US-LR-DM-Alliant-Home_Lighting_Nov25,1415826,DDA,,audience_items
,US-LR-DM-Acxiom-ResidentialPropertyOwner_Nov25,1415877,DDA,,audience_items
,US-DDA-PMXLift-COTY-BG-v1-Nov25,1415917,DDA,,audience_items
,US-DDA-PMXLift-COTY-BG-v2-Nov25,1415918,DDA,,audience_items
,US-LR-DM-Epsilon-BigBoxBeautyProductsPurchasers,1415933,DDA,,audience_items
,US-LR-DM-Alliant-GroceriesEssentials_FrozenDinners-MealsBuyer,1415934,DDA,,audience_items
,US-LR-DM-Epsilon-Green-NaturalProductPurchasers,1415935,DDA,,audience_items
,US-LR-DM-Alliant-PetSuppliesBuyer,1415937,DDA,,audience_items
,US-LR-DM-Acxiom-BuyerCategories_PetSupplies,1415938,DDA,,audience_items
,US-LR-DM-Dstillery-WeddingPlanning-Nov25,1416060,DDA,,audience_items
,AU - LR - Smrtr - ID - Base - Demo - Paramount Connect F18+ APAC,1416078,DDA,,audience_items
,AU - LR - Smrtr - ID - Base - Demo - Paramount Connect F18-24 APAC,1416079,DDA,,audience_items
,AU - LR - Smrtr - ID - Base - Demo - Paramount Connect F18-29 APAC,1416080,DDA,,audience_items
,AU - LR - Smrtr - ID - Base - Demo - Paramount Connect F18-34 APAC,1416081,DDA,,audience_items
,AU - LR - Smrtr - ID - Base - Demo - Paramount Connect F18-39 APAC,1416082,DDA,,audience_items
,AU - LR - Smrtr - ID - Base - Demo - Paramount Connect F18-44 APAC,1416083,DDA,,audience_items
,AU - LR - Smrtr - ID - Base - Demo - Paramount Connect F18-49 APAC,1416084,DDA,,audience_items
,AU - LR - Smrtr - ID - Base - Demo - Paramount Connect F18-54 APAC,1416085,DDA,,audience_items
,AU - LR - Smrtr - ID - Base - Demo - Paramount Connect F25+ APAC,1416086,DDA,,audience_items
,AU - LR - Smrtr - ID - Base - Demo - Paramount Connect F25-34 APAC,1416087,DDA,,audience_items
,AU - LR - Smrtr - ID - Base - Demo - Paramount Connect F25-39 APAC,1416088,DDA,,audience_items
,AU - LR - Smrtr - ID - Base - Demo - Paramount Connect F25-44 APAC,1416089,DDA,,audience_items
,AU - LR - Smrtr - ID - Base - Demo - Paramount Connect F25-54 APAC,1416090,DDA,,audience_items
,AU - LR - Smrtr - ID - Base - Demo - Paramount Connect F25-64 APAC,1416091,DDA,,audience_items
,AU - LR - Smrtr - ID - Base - Demo - Paramount Connect F30+ APAC,1416092,DDA,,audience_items
,AU - LR - Smrtr - ID - Base - Demo - Paramount Connect F30-54 APAC,1416093,DDA,,audience_items
,AU - LR - Smrtr - ID - Base - Demo - Paramount Connect F30-64 APAC,1416094,DDA,,audience_items
,AU - LR - Smrtr - ID - Base - Demo - Paramount Connect F35+ APAC,1416095,DDA,,audience_items
,AU - LR - Smrtr - ID - Base - Demo - Paramount Connect F35-54 APAC,1416096,DDA,,audience_items
,AU - LR - Smrtr - ID - Base - Demo - Paramount Connect F35-64 APAC,1416097,DDA,,audience_items
,AU - LR - Smrtr - ID - Base - Demo - Paramount Connect F40+ APAC,1416098,DDA,,audience_items
,AU - LR - Smrtr - ID - Base - Demo - Paramount Connect F40-54 APAC,1416099,DDA,,audience_items
,AU - LR - Smrtr - ID - Base - Demo - Paramount Connect F40-64 APAC,1416100,DDA,,audience_items
,AU - LR - Smrtr - ID - Base - Demo - Paramount Connect F45+ APAC,1416101,DDA,,audience_items
,AU - LR - Smrtr - ID - Base - Demo - Paramount Connect F55+ APAC,1416102,DDA,,audience_items
,AU - LR - Smrtr - ID - Base - Demo - Paramount Connect Female APAC,1416103,DDA,,audience_items
,AU - LR - Smrtr - ID - Base - Demo - Paramount Connect M18+ APAC,1416104,DDA,,audience_items
,AU - LR - Smrtr - ID - Base - Demo - Paramount Connect M18-24 APAC,1416105,DDA,,audience_items
,AU - LR - Smrtr - ID - Base - Demo - Paramount Connect M18-29 APAC,1416106,DDA,,audience_items
,AU - LR - Smrtr - ID - Base - Demo - Paramount Connect M18-34 APAC,1416107,DDA,,audience_items
,AU - LR - Smrtr - ID - Base - Demo - Paramount Connect M18-39 APAC,1416108,DDA,,audience_items
,AU - LR - Smrtr - ID - Base - Demo - Paramount Connect M18-44 APAC,1416109,DDA,,audience_items
,AU - LR - Smrtr - ID - Base - Demo - Paramount Connect M18-49 APAC,1416110,DDA,,audience_items
,AU - LR - Smrtr - ID - Base - Demo - Paramount Connect M18-54 APAC,1416111,DDA,,audience_items
,AU - LR - Smrtr - ID - Base - Demo - Paramount Connect M25+ APAC,1416112,DDA,,audience_items
,AU - LR - Smrtr - ID - Base - Demo - Paramount Connect M25-34 APAC,1416113,DDA,,audience_items
,AU - LR - Smrtr - ID - Base - Demo - Paramount Connect M25-39 APAC,1416114,DDA,,audience_items
,AU - LR - Smrtr - ID - Base - Demo - Paramount Connect M25-44 APAC,1416115,DDA,,audience_items
,AU - LR - Smrtr - ID - Base - Demo - Paramount Connect M25-54 APAC,1416116,DDA,,audience_items
,AU - LR - Smrtr - ID - Base - Demo - Paramount Connect M30+ APAC,1416117,DDA,,audience_items
,AU - LR - Smrtr - ID - Base - Demo - Paramount Connect M30-54 APAC,1416118,DDA,,audience_items
,AU - LR - Smrtr - ID - Base - Demo - Paramount Connect M35+ APAC,1416119,DDA,,audience_items
,AU - LR - Smrtr - ID - Base - Demo - Paramount Connect M35-54 APAC,1416120,DDA,,audience_items
,AU - LR - Smrtr - ID - Base - Demo - Paramount Connect M35-64 APAC,1416121,DDA,,audience_items
,AU - LR - Smrtr - ID - Base - Demo - Paramount Connect M40+ APAC,1416122,DDA,,audience_items
,AU - LR - Smrtr - ID - Base - Demo - Paramount Connect M40-54 APAC,1416123,DDA,,audience_items
,AU - LR - Smrtr - ID - Base - Demo - Paramount Connect M40-64 APAC,1416124,DDA,,audience_items
,AU - LR - Smrtr - ID - Base - Demo - Paramount Connect M45+ APAC,1416125,DDA,,audience_items
,AU - LR - Smrtr - ID - Base - Demo - Paramount Connect M55+ APAC,1416126,DDA,,audience_items
,AU - LR - Smrtr - ID - Base - Demo - Paramount Connect Male APAC,1416127,DDA,,audience_items
,AU - LR - Smrtr - ID - Base - Demo - Paramount Connect P18+ APAC,1416128,DDA,,audience_items
,AU - LR - Smrtr - ID - Base - Demo - Paramount Connect P18-24 APAC,1416129,DDA,,audience_items
,AU - LR - Smrtr - ID - Base - Demo - Paramount Connect P18-29 APAC,1416130,DDA,,audience_items
,AU - LR - Smrtr - ID - Base - Demo - Paramount Connect P18-34 APAC,1416131,DDA,,audience_items
,AU - LR - Smrtr - ID - Base - Demo - Paramount Connect P18-39 APAC,1416132,DDA,,audience_items
,AU - LR - Smrtr - ID - Base - Demo - Paramount Connect P18-44 APAC,1416133,DDA,,audience_items
,AU - LR - Smrtr - ID - Base - Demo - Paramount Connect P18-49 APAC,1416134,DDA,,audience_items
,AU - LR - Smrtr - ID - Base - Demo - Paramount Connect P18-54 APAC,1416135,DDA,,audience_items
,AU - LR - Smrtr - ID - Base - Demo - Paramount Connect P18-64 APAC,1416136,DDA,,audience_items
,AU - LR - Smrtr - ID - Base - Demo - Paramount Connect P25+ APAC,1416137,DDA,,audience_items
,AU - LR - Smrtr - ID - Base - Demo - Paramount Connect P25-34 APAC,1416138,DDA,,audience_items
,AU - LR - Smrtr - ID - Base - Demo - Paramount Connect P25-39 APAC,1416139,DDA,,audience_items
,AU - LR - Smrtr - ID - Base - Demo - Paramount Connect P25-44 APAC,1416140,DDA,,audience_items
,AU - LR - Smrtr - ID - Base - Demo - Paramount Connect P25-49 APAC,1416141,DDA,,audience_items
,AU - LR - Smrtr - ID - Base - Demo - Paramount Connect P25-54 APAC,1416142,DDA,,audience_items
,AU - LR - Smrtr - ID - Base - Demo - Paramount Connect P25-64 APAC,1416143,DDA,,audience_items
,AU - LR - Smrtr - ID - Base - Demo - Paramount Connect P30+ APAC,1416144,DDA,,audience_items
,AU - LR - Smrtr - ID - Base - Demo - Paramount Connect P30-49 APAC,1416145,DDA,,audience_items
,AU - LR - Smrtr - ID - Base - Demo - Paramount Connect P30-54 APAC,1416146,DDA,,audience_items
,AU - LR - Smrtr - ID - Base - Demo - Paramount Connect P35+ APAC,1416147,DDA,,audience_items
,AU - LR - Smrtr - ID - Base - Demo - Paramount Connect P35-54 APAC,1416148,DDA,,audience_items
,AU - LR - Smrtr - ID - Base - Demo - Paramount Connect P35-64 APAC,1416149,DDA,,audience_items
,AU - LR - Smrtr - ID - Base - Demo - Paramount Connect P40+ APAC,1416150,DDA,,audience_items
,AU - LR - Smrtr - ID - Base - Demo - Paramount Connect P40-54 APAC,1416151,DDA,,audience_items
,AU - LR - Smrtr - ID - Base - Demo - Paramount Connect P40-64 APAC,1416152,DDA,,audience_items
,AU - LR - Smrtr - ID - Base - Demo - Paramount Connect P45+ APAC,1416153,DDA,,audience_items
,AU - LR - Smrtr - ID - Base - Demo - Paramount Connect P55+ APAC,1416154,DDA,,audience_items
,AU - LR - Smrtr - ID - Base - Demo - Paramount Connect P55-64 APAC,1416155,DDA,,audience_items
,US-DDA-OAP-Alcon_U6604072_Nov25,1416188,DDA,,audience_items
,US-DDA-OAP-Alcon_U6604070_Nov25,1416189,DDA,,audience_items
,AAM-VCBS-d20: Extension | My Nightmare Stalker: The Eva LaRue Story : Stream Paramount Wide,1416216,DDA,,audience_items
,US-LR-DM-Dstillery-WinterTravelers-Nov25,1416217,DDA,,audience_items
,AU - DWH - 10 - ID - Summit - Genre - Adventure watchers APAC,1416251,DDA,,audience_items
,AU - DWH - 10 - ID - Summit - Genre - Comedy watchers APAC,1416252,DDA,,audience_items
,AU - DWH - 10 - ID - Summit - Genre - Crime watchers APAC,1416253,DDA,,audience_items
,AU - DWH - 10 - ID - Summit - Genre - Documentary watchers APAC,1416254,DDA,,audience_items
,AU - DWH - 10 - ID - Summit - Genre - Drama watchers APAC,1416257,DDA,,audience_items
,AU - DWH - 10 - ID - Summit - Genre - Food watchers APAC,1416259,DDA,,audience_items
,AU - DWH - 10 - ID - Summit - Genre - Kids watchers APAC,1416260,DDA,,audience_items
,AU - DWH - 10 - ID - Summit - Genre - Lifestyle watchers APAC,1416261,DDA,,audience_items
,AU - DWH - 10 - ID - Summit - Genre - Light Entertainment watchers APAC,1416262,DDA,,audience_items
,AU - DWH - 10 - ID - Summit - Genre - News watchers APAC,1416263,DDA,,audience_items
,AU - DWH - 10 - ID - Summit - Genre - Reality watchers APAC,1416264,DDA,,audience_items
,AU - DWH - 10 - ID - Summit - Genre - Romance watchers APAC,1416265,DDA,,audience_items
,AU - DWH - 10 - ID - Summit - Genre - Sports watchers APAC,1416266,DDA,,audience_items
,AU - DWH - 10 - ID - Summit - Content - Bachelor watchers APAC,1416267,DDA,,audience_items
,AU - DWH - 10 - ID - Summit - Content - Bachelorette watchers APAC,1416268,DDA,,audience_items
,AU - DWH - 10 - ID - Summit - Content - First Dates Australia watchers APAC,1416269,DDA,,audience_items
,AU - DWH - 10 - ID - Summit - Content - Gogglebox watchers APAC,1416270,DDA,,audience_items
,AU - DWH - 10 - ID - Summit - Content - HYBPA watchers APAC,1416271,DDA,,audience_items
,AU - DWH - 10 - ID - Summit - Content - Im A Celebrity watchers APAC,1416272,DDA,,audience_items
,AU - DWH - 10 - ID - Summit - Content - MasterChef watchers APAC,1416273,DDA,,audience_items
,AU - DWH - 10 - ID - Summit - Content - Survivor watchers APAC,1416274,DDA,,audience_items
,AU - DWH - 10 - ID - Summit - Content - The Amazing Race watchers APAC,1416275,DDA,,audience_items
,AU - DWH - 10 - ID - Summit - Content - The Living Room watchers APAC,1416276,DDA,,audience_items
,AU - DWH - 10 - ID - Summit - Content - The Masked Singer watchers APAC,1416277,DDA,,audience_items
,AU - DWH - 10 - ID - Summit - Content - The Project watchers APAC,1416278,DDA,,audience_items
,AU - DWH - 10 - ID - Summit - Content - Racing watchers APAC,1416279,DDA,,audience_items
,AU - DWH - 10 - ID - Summit - Content - A Leagues All Access watchers APAC,1416280,DDA,,audience_items
,AU - DWH - 10 - ID - Summit - Content - Australia Cup watchers APAC,1416281,DDA,,audience_items
,AU - DWH - 10 - ID - Summit - Content - Days Of Our Lives Fast Tracked watchers APAC,1416282,DDA,,audience_items
,AU - DWH - 10 - ID - Summit - Content - Deal Or No Deal watchers APAC,1416283,DDA,,audience_items
,AU - DWH - 10 - ID - Summit - Content - Five Bedrooms watchers APAC,1416284,DDA,,audience_items
,AU - DWH - 10 - ID - Summit - Content - General Hospital watchers APAC,1416285,DDA,,audience_items
,AU - DWH - 10 - ID - Summit - Content - Just For Laughs Australia watchers APAC,1416286,DDA,,audience_items
,AU - DWH - 10 - ID - Summit - Content - Matlock watchers APAC,1416287,DDA,,audience_items
,AU - DWH - 10 - ID - Summit - Content - NCIS watchers APAC,1416288,DDA,,audience_items
,AU - DWH - 10 - ID - Summit - Content - Neighbours watchers APAC,1416289,DDA,,audience_items
,AU - DWH - 10 - ID - Summit - Content - Socceroos watchers APAC,1416290,DDA,,audience_items
,AU - DWH - 10 - ID - Summit - Content - Sunday Hoops watchers APAC,1416291,DDA,,audience_items
,AU - DWH - 10 - ID - Summit - Content - The Graham Norton Show watchers APAC,1416292,DDA,,audience_items
,AU - DWH - 10 - ID - Summit - Content - Top Gear Australia watchers APAC,1416293,DDA,,audience_items
,AU - DWH - 10 - ID - Summit - Content - Tyatr Fast Tracked watchers APAC,1416294,DDA,,audience_items
,AU - DWH - 10 - ID - Summit - Content - Wheel Of Fortune Australia watchers APAC,1416295,DDA,,audience_items
,AU - DWH - 10 - ID - Summit - Content - Formula 1 watchers APAC,1416296,DDA,,audience_items
,AU - DWH - 10 - ID - Summit - Content - Sam Pang Tonight watchers APAC,1416297,DDA,,audience_items
,US-LR-DM-Datasys-EstimatedCreditScore_Below600_Nov25,1417400,DDA,,audience_items
,US-LR-DM-Datasys-EstimatedCreditScore_600-740_Nov25,1417401,DDA,,audience_items
,US-LR-DM-Acxiom-GamesAndPuzzles_Nov25,1418524,DDA,,audience_items
,US-LR-DM-TransUnion-Social_MakeFriendsEasily_Nov25,1418525,DDA,,audience_items
,AU - LR - IPG - ID - Peak - Custom - Fantastic Furniture ini_ff_t1_happy_homemakers,1418728,DDA,,audience_items
,AU - LR - IPG - ID - Peak - Custom - Fujitsu ini_T1_Home_Improvement_or_Renovator_Fusion,1418730,DDA,,audience_items
,AU - LR - IPG - ID - Peak - Custom - Fantastic Furniture ini_T1_Budget_Hunters,1418731,DDA,,audience_items
,AU - LR - Qantas - ID - Peak - Custom - All QFF,1418732,DDA,,audience_items
,US-LR-DM-AlarisPeople-ThrillerEnthusiast-Nov25,1418987,DDA,,audience_items
,US-LR-DM-Acxiom-BoardGameEnthusiast-Nov25,1418988,DDA,,audience_items
,US-LR-UnitedHealthGroup-Control-Nov25,1418989,DDA,,audience_items
,US-LR-UnitedHealthGroup-Treatment-Nov25,1418990,DDA,,audience_items
,US-OAP-DDA-AspenDental,1420799,DDA,,audience_items
,US-LR-DM-Alliant-FinancialInterests_Nov25,1420873,DDA,,audience_items
,US-LR-DM-Transunion-RoofingIntender-Nov25,1420874,DDA,,audience_items
,US-LR-DM-Dstillery-GiftGivers-Nov25,1420875,DDA,,audience_items
,US-LR-DM-Acxiom-WalmartShoppers-Nov25,1421309,DDA,,audience_items
,US-LR-DM-Epsilon-DiscountShoppers-Nov25,1421310,DDA,,audience_items
,US-LR-DM-Epsilon-SpringSeasonalShoppers-Nov25,1421311,DDA,,audience_items
,US-LR-DM-Experian-HolidayShoppers-LastMinute-Nov25,1421312,DDA,,audience_items
,US-LR-DM-Epsilon-FallSeasonalShoppers-Nov25,1421313,DDA,,audience_items
,US-LR-DM-Epsilon-WhatsOnSaleShoppers-Nov25,1421314,DDA,,audience_items
,US-DDA-OAP-FirehouseSubs_Holiday_Nov25,1421329,DDA,,audience_items
,Tims TransUnion Auto Least Ends 3 - 6 Months,1421345,DDA,,audience_items
,AU - DWH - SMRTR - ID - Summit - Hobbies and Interests - News and Politics APAC,1421431,DDA,,audience_items
,AU - DWH - ABS - Geo - Summit - Profession - Management and Commerce Occupation APAC,1421432,DDA,,audience_items
,AU - DWH - ABS - Geo - Summit - Profession - Society and Culture Occupation APAC,1421433,DDA,,audience_items
,AU - DWH - Mastercard - Geo - Peak - Auto - Automotive New and Pre Owned Vehicle Sales APAC,1421434,DDA,,audience_items
,AU - DWH - Mastercard - Geo - Peak - Retail - Childrens Apparel APAC,1421435,DDA,,audience_items
,AU - DWH - Mastercard - Geo - Peak - Tech - Cable TV and Internet APAC,1421436,DDA,,audience_items
,US-LR-DM-Alliant-Movies_Batman_Nov25,1422166,DDA,,audience_items
,US-LR-DM-Cuebiq-MovieGoers_IMAX_Nov25,1422167,DDA,,audience_items
,US-LR-DM-Dstillery-Movies_Oppenheimer_Nov25,1422168,DDA,,audience_items
,US-LR-DM-Transunion-Executives-Nov25,1422175,DDA,,audience_items
,US-LR-DM-Acxiom-PublicPolicyInfluencers-Nov25,1422176,DDA,,audience_items
,US-LR-DM-Acxiom-PriceSensitive_Nov25,1422222,DDA,,audience_items
,US-LR-DM-Acxiom-AmazonPrimeMember_Nov25,1422281,DDA,,audience_items
,US-LR-DM-Acxiom-WhiteCollar_Nov25,1422282,DDA,,audience_items
,US-DDA-PMXLift-EliLilly-Kisunlu-v7-Nov25,1423670,DDA,,audience_items
,US-DDA-PMXLift-EliLilly-Kisunlu-v9-Nov25,1423671,DDA,,audience_items
,US-DDA-PMXLift-EliLilly-Kisunlu-v1-Nov25,1423682,DDA,,audience_items
,US-DDA-PMXLift-EliLilly-Kisunlu-v2-Nov25,1423683,DDA,,audience_items
,US-DDA-PMXLift-EliLilly-Kisunlu-v5-Nov25,1423684,DDA,,audience_items
,US-LR-1P-EPC-FCAStellantis_RAMBRDealer,1423721,DDA,,audience_items
,US-LR-1P-EPC-FCAStellantis_JEEPBDealer,1423723,DDA,,audience_items
,US-LR-FCAStellantis-RAMBRDealer-666890-Nov25,1423726,DDA,,audience_items
,US-LR-DM-Verisk-ValuesFamily_Nov25,1423730,DDA,,audience_items
,US-LR-FCAStellantis-JEEPBDealer-666892-Nov25,1423732,DDA,,audience_items
,US-LR-DM-Verisk-ValuesFriendships_Nov25,1423736,DDA,,audience_items
,US-LR-DM-Acxiom-HeavyQSR_FastFood_Nov25,1423737,DDA,,audience_items
,US-LR-1P-Dove_MediaActivation_MatchedFetch_2025,1423745,DDA,,audience_items
,US-LR-1P-Dove_MediaActivation_UMF_2025,1423746,DDA,,audience_items
,US-DDA-TU-Veteran,1423763,DDA,,audience_items
,US-DDA-PMXLift-COTY-EE-v2-Nov25,1423764,DDA,,audience_items
,US-DDA-PMXLift-COTY-EE-v3-Nov25,1423765,DDA,,audience_items
,US-DDA-PMXLift-COTY-EE-v1-Nov25,1423766,DDA,,audience_items
,US-DDA-PMXLift-COTY-EE-v4-Nov25,1423767,DDA,,audience_items
,US-DDA-PMXLift-COTY-EE-v5-Nov25,1423768,DDA,,audience_items
,US-DDA-PMXLift-COTY-EE-v6-Nov25,1423769,DDA,,audience_items
,US-DDA-PMXLift-COTY-EE-v7-Nov25,1423770,DDA,,audience_items
,US-DDA-TU-Auto_Electric,1423774,DDA,,audience_items
,US-DDA-TU-Auto_Hybrid,1423775,DDA,,audience_items
,US-DDA-TU-AutoVehicleClass_Truck,1423776,DDA,,audience_items
,US-DDA-TU-Interest_InternationalTravel,1423777,DDA,,audience_items
,US-DDA-TU-Interest_Hockey,1423778,DDA,,audience_items
,US-DDA-TU-Interest_Football,1423779,DDA,,audience_items
,US-DDA-TU-Interest_Basketball,1423780,DDA,,audience_items
,US-DDA-TU-AutoInsurance,1423781,DDA,,audience_items
,US-DDA-TU-NewMover,1423782,DDA,,audience_items
,US-DDA-TU-PetOwner,1423783,DDA,,audience_items
,US-DDA-TU-CatOwner,1423784,DDA,,audience_items
,US-DDA-TU-DogOwner,1423785,DDA,,audience_items
,US-DDA-TU-PoliticalAffiliation_Independent,1423786,DDA,,audience_items
,US-DDA-TU-PoliticalAffiliation_Democrat,1423787,DDA,,audience_items
,US-DDA-TU-PoliticalAffiliation_Republican,1423788,DDA,,audience_items
,US-DDA-TU-CarOwner,1423798,DDA,,audience_items
,US-DDA-TU-Collector_SpecialFoods,1423799,DDA,,audience_items
,US-DDA-TU-InterestInHomeDecor,1423800,DDA,,audience_items
,US-DDA-TU-InterestInGolf,1423802,DDA,,audience_items
,US-DDA-TU-InterestInTennis,1423808,DDA,,audience_items
,US-DDA-TU-Interest_AutoMotorcycleRacing,1423809,DDA,,audience_items
,US-DDA-TU-Interest_Baseball,1423810,DDA,,audience_items
,AU - DWH - 10 - ID - Summit - Genre - Adventure watchers US,1423849,DDA,,audience_items
,AU - DWH - 10 - ID - Summit - Genre - Light Entertainment watchers US,1423850,DDA,,audience_items
,AU - DWH - 10 - ID - Summit - Genre - Reality watchers US,1423852,DDA,,audience_items
,AU - DWH - 10 - ID - Summit - Genre - Comedy watchers US,1423862,DDA,,audience_items
,AU - DWH - 10 - ID - Summit - Content - Just For Laughs Australia watchers US,1423863,DDA,,audience_items
,AU - DWH - 10 - ID - Summit - Content - Neighbours watchers US,1423864,DDA,,audience_items
,AU - DWH - Samba TV - Geo - Peak - Content - Netball APAC,1423904,DDA,,audience_items
,US-DDA-PMXLift-EliLilly-Kisunlu-v11-Nov25,1426281,DDA,,audience_items
,US-LR-DM-Acxiom-HomeOwnership_Owner,1426751,DDA,,audience_items
,US-DDA-OAP-Acxiom-NewBalance_1Q26,1427826,DDA,,audience_items
,US-LR-DM-Alliant_Homeowner,1427834,DDA,,audience_items
,US-DDA-TU-Interest_Travel,1427838,DDA,,audience_items
,US-DDA-Experian-Age-21-34,1427839,DDA,,audience_items
,US-DDA-Experian-Age-18-24,1427840,DDA,,audience_items
,US-DDA-Experian-Age-25-29,1427841,DDA,,audience_items
,US-DDA-Experian-Age-30-34,1427842,DDA,,audience_items
,US-DDA-Experian-Age-35-39,1427843,DDA,,audience_items
,US-DDA-Experian-Age-40-44,1427844,DDA,,audience_items
,US-DDA-Experian-Age-45-49,1427845,DDA,,audience_items
,US-DDA-Experian-Age-50-54,1427846,DDA,,audience_items
,US-DDA-Experian-Age-55-59,1427847,DDA,,audience_items
,US-DDA-Experian-Age-60-64,1427848,DDA,,audience_items
,US-DDA-TU-Gender-Female,1427849,DDA,,audience_items
,US-DDA-TU-Gender-Male,1427850,DDA,,audience_items
,US-DDA-TU-Age-18-24,1427851,DDA,,audience_items
,US-DDA-TU-Age-21-34,1427852,DDA,,audience_items
,US-DDA-TU-Age-25-29,1427853,DDA,,audience_items
,US-DDA-TU-Age-30-34,1427854,DDA,,audience_items
,US-DDA-TU-Age-35-39,1427855,DDA,,audience_items
,US-DDA-TU-Age-40-44,1427856,DDA,,audience_items
,US-DDA-TU-Age-45-49,1427857,DDA,,audience_items
,US-DDA-TU-Age-50-54,1427858,DDA,,audience_items
,US-DDA-TU-Age-55-59,1427859,DDA,,audience_items
,US-DDA-TU-Interest_Fitness,1427860,DDA,,audience_items
,US-DDA-TU-Age-60-64,1427861,DDA,,audience_items
,US-DDA-TU-Age-65Plus,1427862,DDA,,audience_items
,US-DDA-TU-Interest_Cars,1427863,DDA,,audience_items
,US-DDA-TU-Interest_Cruises,1427864,DDA,,audience_items
,US-DDA-TU-HomeImprovements_Purchased,1427865,DDA,,audience_items
,US-DDA-TU-AutoParts_Purchased,1427866,DDA,,audience_items
,US-DDA-TU-Interest_WorkingOnCars,1427867,DDA,,audience_items
,US-DDA-TU-Interest_VacationTravel,1427868,DDA,,audience_items
,US-DDA-TU-HHI-75KPlus,1427869,DDA,,audience_items
,US-DDA-TU-HHI-100KPlus,1427870,DDA,,audience_items
,US-DDA-TU-HHI-125KPlus,1427871,DDA,,audience_items
,US-DDA-TU-HHI-150KPlus,1427872,DDA,,audience_items
,US-DDA-TU-HHI-200KPlus,1427873,DDA,,audience_items
,US-DDA-TU-HHI-50KOrLess,1427874,DDA,,audience_items
,US-DDA-TU-HHI-100KOrLess,1427875,DDA,,audience_items
,US-DDA-TU-MaritalStatus-Married,1427876,DDA,,audience_items
,US-DDA-TU-MaritalStatus-Single,1427877,DDA,,audience_items
,US-DDA-TU-HomeOwnership-Renter,1427878,DDA,,audience_items
,US-DDA-TU-HomeOwnership-Owner,1427879,DDA,,audience_items
,US-DDA-TU-ChildrenInHousehold_One,1427881,DDA,,audience_items
,US-DDA-TU-EducationAchieved-HighSchool,1427882,DDA,,audience_items
,US-DDA-TU-EducationAchieved-SomeCollege,1427884,DDA,,audience_items
,US-DDA-TU-EducationAchieved-CollegeGraduates,1427885,DDA,,audience_items
,US-DDA-TU-EducationAchieved-GraduateSchool,1427887,DDA,,audience_items
,US-DDA-TU-ChildrenInHousehold_Two,1427942,DDA,,audience_items
,US-DDA-TU-ChildrenInHousehold_Three,1427945,DDA,,audience_items
,US-DDA-TU-ChildrenInHousehold_Four,1427947,DDA,,audience_items
,US-LR-DM-Acxiom-MMAFans-Nov25,1427952,DDA,,audience_items
,US-LR-DM-Acxiom-PersonalInjuryAttorneyIntender-Nov25,1427956,DDA,,audience_items
,US-DDA-PMXLift-GSK_667871_v1_Nov25,1428012,DDA,,audience_items
,US-DDA-PMXLift-GSK_668249_v8_Nov25,1428013,DDA,,audience_items
,US-DDA-PMXLift-GSK_668267_v10_Nov25,1428014,DDA,,audience_items
,US-LR-DM-Epsilon-TVEnthusiasts_Nov25,1428149,DDA,,audience_items
,US-LR-DM-Alliant-Media-EntertainmentProducts_Nov25,1428151,DDA,,audience_items
,US-LR-DM-Alliant-EyewearPurchaser-Nov25,1428152,DDA,,audience_items
,US-LR-DM-Acxiom-SunglassesPurchaser-Nov25,1428154,DDA,,audience_items
,US-LR-DM-Acxiom-PassionateTravelers,1428155,DDA,,audience_items
,US-LR-DM-Acxiom-MusicFans,1428157,DDA,,audience_items
,US-LR-1P-Acxiom-Amgen_U6557706_Nov25,1428158,DDA,,audience_items
,US-LR-1P-HomeDepot-DECFIFA_AE0000934_Nov25,1428238,DDA,,audience_items
,US-LR-1P-HomeDepot-DECFIFA_AE0000932_Nov25,1428239,DDA,,audience_items
,BETHouseofPayneQ425V1,1428297,DDA,,audience_items
,BETTheOvalQ425V1,1428298,DDA,,audience_items
,MTVRuPaulsDragRaceQ425V1,1428299,DDA,,audience_items
,PPixTheSpongebobMovieQ425V1,1428300,DDA,,audience_items
,US-DDA-OAP-BlueForgeAlliance_NewWorkForce_Nov25,1428516,DDA,,audience_items
,US-DDA-OAP-BlueForgeAlliance_ProspectiveBuilder_Nov25,1428517,DDA,,audience_items
,US-LR-1P-CitiBank-LCR_SplitV1_Nov25,1428518,DDA,,audience_items
,US-LR-1P-CitiBank-LCR_SplitV2_Nov25,1428519,DDA,,audience_items
,US-LR-1P-CitiBank-DIG_SUPP_Nov25,1428520,DDA,,audience_items
,US-LR-1P-CitiBank-ECM_LCR_Nov25,1428521,DDA,,audience_items
,US-LR-1P-CitiBank-UE_SUPP_LCR2026_Nov25,1428522,DDA,,audience_items
,US-LR-Crossix-VC09612_Nov25,1428629,DDA,,audience_items
,US-DDA-PMXLift-GSToyota-V1-Nov25,1428639,DDA,,audience_items
,US-DDA-PMXLift-Abbott_668552_Nov25,1428640,DDA,,audience_items
,US-DDA-PMXLift-Abbott_668696_Nov25,1428641,DDA,,audience_items
,US-DDA-PMXLift-Abbott_668697_Nov25,1428642,DDA,,audience_items
,US-DDA-PMXLift-Abbott_668703_Nov25,1428643,DDA,,audience_items
,US-DDA-PMXLift-GSToyota-V4-Nov25,1428644,DDA,,audience_items
,US-DDA-PMXLift-Abbott_668712_Nov25,1428645,DDA,,audience_items
,US-DDA-PMXLift-GSToyota-V5-Nov25,1428646,DDA,,audience_items
,US-DDA-PMXLift-Abbott_668714_Nov25,1428647,DDA,,audience_items
,US-DDA-PMXLift-GSToyota-V6-Nov25,1428648,DDA,,audience_items
,US-DDA-PMXLift-GSToyota-V7-Nov25,1428649,DDA,,audience_items
,US-DDA-PMXLift-GSToyota-V8-Nov25,1428650,DDA,,audience_items
,US-DDA-PMXLift-GSToyota-V9-Nov25,1428651,DDA,,audience_items
,AU - DWH - Mastercard - Geo - Peak - Travel - Airline Travelers APAC,1428807,DDA,,audience_items
,AU - DWH - Mastercard - Geo - Peak - Food - Eating Places APAC,1428808,DDA,,audience_items
,AU - DWH - Mastercard - Geo - Peak - Auto - Automotive Fuel and Gas APAC,1428809,DDA,,audience_items
,AU - DWH - Mastercard - Geo - Peak - Retail - Mens Clothing and Apparel APAC,1428995,DDA,,audience_items
,AU - DWH - Mastercard - Geo - Peak - Retail - Womens Clothing and Apparel APAC,1428996,DDA,,audience_items
,AU - DWH - Mastercard - Geo - Peak - Entertainment - Professional Sports Games and Arena Amenities APAC,1428997,DDA,,audience_items
,AU - DWH - Mastercard - Geo - Peak - Entertainment - Theme and Amusement Parks APAC,1428998,DDA,,audience_items
,AU - DWH - Mastercard - Geo - Peak - Tech - Computer and Software Sales APAC,1428999,DDA,,audience_items
,AU - DWH - Mastercard - Geo - Peak - Retail - Cameras Photography Supplies and Printing Services APAC,1429000,DDA,,audience_items
,AU - DWH - Mastercard - Geo - Peak - Business - Dry Cleaning Laundry Services and Tailoring APAC,1429001,DDA,,audience_items
,AU - DWH - Mastercard - Geo - Peak - Business - Accounting and Legal Services APAC,1429002,DDA,,audience_items
,AU - DWH - Mastercard - Geo - Peak - Business - Courier Messenger Delivery Services APAC,1429003,DDA,,audience_items
,AU - DWH - Mastercard - Geo - Peak - Business - Cleaning and Exterminating Services APAC,1429004,DDA,,audience_items
,AU - DWH - Mastercard - Geo - Peak - Travel - Travel Agency and Tour Operators APAC,1429005,DDA,,audience_items
,AU - DWH - Mastercard - Geo - Peak - Retail - Womens Clothing and Apparel Online APAC,1429006,DDA,,audience_items
,AU - DWH - Mastercard - Geo - Peak - Retail - Womens Clothing and Apparel In Store APAC,1429007,DDA,,audience_items
,AU - DWH - Mastercard - Geo - Peak - Retail - Mens Clothing and Apparel Online APAC,1429008,DDA,,audience_items
,AU - DWH - Mastercard - Geo - Peak - Retail - Mens Clothing and Apparel In Store APAC,1429009,DDA,,audience_items
,AU - DWH - Mastercard - Geo - Peak - Retail - Discount and Outlet Stores APAC,1429010,DDA,,audience_items
,AU - DWH - Mastercard - Geo - Peak - Retail - Sporting Goods APAC,1429011,DDA,,audience_items
,AU - DWH - Mastercard - Geo - Peak - Retail - Luxury Department Stores APAC,1429012,DDA,,audience_items
,AU - DWH - Mastercard - Geo - Peak - Retail - Luxury Mens Clothing and Apparel APAC,1429013,DDA,,audience_items
,AU - DWH - Mastercard - Geo - Peak - Retail - Luxury Retail APAC,1429014,DDA,,audience_items
,AU - DWH - Mastercard - Geo - Peak - Retail - Luxury Womens Clothing and Apparel APAC,1429015,DDA,,audience_items
,AU - DWH - Mastercard - Geo - Peak - Retail - Ultra Luxury Stores and Services APAC,1429016,DDA,,audience_items
,AU - DWH - Mastercard - Geo - Peak - Retail - High End Retail Establishments APAC,1429017,DDA,,audience_items
,US-LR-DM-Acxiom-DemocratVoter-Nov25,1429468,DDA,,audience_items
,US-LR-DM-Acxiom-DietCokePurchaser-Nov25,1429472,DDA,,audience_items
,US-DDA-VikingCruises-Bookings-Nov25,1429512,DDA,,audience_items
,US-DDA-MarathonOil-Transactional-Nov25,1429516,DDA,,audience_items
,US-DDA-QRM-SMB_KNB_Online_964656,1429551,DDA,,audience_items
,US-DDA-QRM-SMB_HealthyWage_936061,1429557,DDA,,audience_items
,US-DDA-QRM-SMB_ParamountAdsManager_921865,1429558,DDA,,audience_items
,US-DDA-QRM-SMB_AgencyGWL_911652,1429559,DDA,,audience_items
,US-LR-DM-Acxiom-CruiseVactions_Nov25,1429927,DDA,,audience_items
,crackerbarrelwinterq126v1,1429939,DDA,,audience_items
,kimberlyclarkhuggiesq126v1,1429940,DDA,,audience_items
,nationalvisionq126v1,1429941,DDA,,audience_items
,newbalanceq126v1,1429942,DDA,,audience_items
,popeyesq126v1,1429943,DDA,,audience_items
,US-DDA-QRM-SMB_GE Sealants_897570,1429999,DDA,,audience_items
,US-LR-Crossix-VC09214-1021973921_Nov25,1430002,DDA,,audience_items
,US-LR-Crossix-VC08948-Nov25 deactivated at 2025-12-03 16:52:03 UTC,1430003,DDA,,audience_items
,US-DDA-PMXLift-GSK_667910_v4_Dec25,1430004,DDA,,audience_items
,US-LR-DM-Acxiom-Interests_Sports_July25 deactivated at 2025-12-03 16:39:31 UTC,1430005,DDA,,audience_items
,US-DDA-PMXLift-GSK_667910_Dec25 deactivated at 2025-12-03 16:42:09 UTC,1430007,DDA,,audience_items
,US-LR-Crossix_VC08948_Nov25 deactivated at 2025-12-04 02:00:38 UTC,1430008,DDA,,audience_items
,US-LR-DM-Acxiom-CashBackRewardsCard_Nov25 deactivated at 2025-12-03 16:45:09 UTC,1430009,DDA,,audience_items
,US-DDA-PMXLift-GSK_667912_v5_Dec25,1430011,DDA,,audience_items
,US-DDA-PMXLift-GSK_667917_v6_Dec25,1430013,DDA,,audience_items
,US-DDA-PMXLift-GSK_667929_v9_Dec25,1430014,DDA,,audience_items
,US-DDA-PMXLift-GSK_667933_v10_Dec25,1430015,DDA,,audience_items
,US-DDA-PMXLift-GSK_667941_v4_Dec25,1430016,DDA,,audience_items
,US-DDA-PMXLift-GSK_667945_v5_Dec25,1430017,DDA,,audience_items
,US-DDA-PMXLift-GSK_667947_v6_Dec25,1430019,DDA,,audience_items
,US-DDA-PMXLift-GSK_668556_v9_Dec25,1430020,DDA,,audience_items
,US-DDA-PMXLift-GSK_668145_v10_Dec25,1430021,DDA,,audience_items
,US-DDA-PMXLift-GSK_667901_v1_Dec25,1430024,DDA,,audience_items
,US-DDA-PMXLift-GSK_667934_v1_Dec25,1430025,DDA,,audience_items
,US-LR-Crossix-VC08948-1021975421 _Nov25,1430026,DDA,,audience_items
,US-DDA-PMXLift-GSK_667873_v1_Dec25,1430032,DDA,,audience_items
,US-DDA-PMXLift-GSK_668081_v8_Dec25,1430033,DDA,,audience_items
,US-DDA-PMXLift-GSK_668084_v10_Dec25,1430034,DDA,,audience_items
,US-LR-DM-Acxiom-CashBackRewardsCard_Nov25 deactivated at 2025-12-04 18:29:22 UTC,1430121,DDA,,audience_items
,AU - LR - Client - ID - Peak - Custom - Qantas - AllQFFExcluding1824ORActiveDE12MORGlobalSupp,1430140,DDA,,audience_items
,AU - LR - Client - ID - Peak - Custom - ipg - RAMPIDUMEnergizerT1BatteriesQualityHunter,1430142,DDA,,audience_items
,US-DDA-QRM-SMB_Full Funnel Growth_965962,1430211,DDA,,audience_items
,Pradtest,1430220,DDA,,audience_items
,US-LR-DM-Acxiom-CashBackRewardsCard_Nov25,1430268,DDA,,audience_items
,US-DDA-PMXLift-Miele_668629_v1_Dec25,1430287,DDA,,audience_items
,US-DDA-PMXLift-Miele_668641_v5_Dec25,1430288,DDA,,audience_items
,US-DDA-PMXLift-Miele_668643_v6_Dec25,1430294,DDA,,audience_items
,US-DDA-PMXLift-Miele_668679_v11_Dec25,1430299,DDA,,audience_items
,US-LR-Swoop-1021402171_Nov25,1430362,DDA,,audience_items
,US-LR-Swoop-1021402181_Nov25,1430363,DDA,,audience_items
,US-LR-DM-Acxiom-VeganDiet_Nov25,1430364,DDA,,audience_items
,US-LR-DM-MRI-TravelVacation_Accommodations_Dec25,1430365,DDA,,audience_items
,US-LR-DM-Acxiom-GroupTravel_Dec25,1430366,DDA,,audience_items
,AU - LR - Client - ID - Peak - Custom - ipg - RAMPIDINIFantasticFurnitureT1HappyHomemakers,1430378,DDA,,audience_items
,AU - LR - Client - ID - Peak - Custom - ipg - RAMPIDINIGoodmanFielderT2ONTHEGOFOODIES,1430379,DDA,,audience_items
,AU - LR - Client - ID - Peak - Custom - ipg - RAMPIDINIGoodmanFielderT2EVERYDAYAUSSIES,1430380,DDA,,audience_items
,AU - LR - Client - ID - Peak - Custom - ipg - RAMPIDINIFantasticfurnitureT1BudgetHunters,1430381,DDA,,audience_items
,AU - LR - Client - ID - Peak - Custom - ipg - RAMPIDINIFujitsuT1HomeImprovementorRenovatorFusion,1430382,DDA,,audience_items
,AU - LR - Client - ID - Peak - Custom - ipg - RAMPIDUMVanguardT2Investors,1430383,DDA,,audience_items
,AU - LR - Client - ID - Peak - Custom - ipg - RAMPIDUMOnePassT1FamiliesShoppedKmartBunnings,1430384,DDA,,audience_items
,AU - LR - Client - ID - Peak - Custom - ipg - RAMPIDUMOnePassT1FamiliesYoungChildren,1430385,DDA,,audience_items
,AU - LR - Client - ID - Peak - Custom - ipg - RAMPIDUMEnergizerT2GamingGoliaths,1430386,DDA,,audience_items
,AU - LR - Client - ID - Peak - Custom - ipg - RAMPIDUMEnergizerT2TrendyTechnophiles,1430387,DDA,,audience_items
,AU - LR - Client - ID - Peak - Custom - ipg - RAMPIDUMEnergizerT1BatteriesBargainHunter,1430388,DDA,,audience_items
,AU - LR - Client - ID - Peak - Custom - ipg - RAMPIDUMEnergizerT2FamilyFirst,1430389,DDA,,audience_items
,US-CR-Annalect-HomeDepot_WinteAppliances_1P_Dec25,1430413,DDA,,audience_items
,US-LR-Swoop-1021546651_Dec25,1430414,DDA,,audience_items
,US-LR-Swoop-1021546661_Dec25,1430415,DDA,,audience_items
,US-LR-Swoop-1021546501_Dec25,1430416,DDA,,audience_items
,US-LR-Swoop-1021546511_Dec25,1430417,DDA,,audience_items
,US-LR-Swoop-1021980641_Dec25,1430418,DDA,,audience_items
,US-LR-Crossix-VC09673_Dec25,1430419,DDA,,audience_items
,US-LR-Swoop-1022027861_Dec25,1430420,DDA,,audience_items
,US-DDA-ANALYTICS-EXPERIAN-HEM,1431359,DDA,,audience_items
,US-DDA-PMXLift-COTY-EEAlt-v8-Dec25,1431377,DDA,,audience_items
,US-DDA-PMXLift-COTY-EEAlt-v7-Dec25,1431379,DDA,,audience_items
,US-DDA-PMXLift-COTY-EEalt-v6-Dec25,1431381,DDA,,audience_items
,US-DDA-PMXLift-COTY-EEalt-v4-Dec25,1431382,DDA,,audience_items
,US-DDA-PMXLift-COTY-EEalt-v3-Dec25,1431384,DDA,,audience_items
,US-DDA-PMXLift-COTY-EEalt-v2-Dec25,1431385,DDA,,audience_items
,US-DDA-PMXLift-COTY-EEalt-v1-Dec25,1431386,DDA,,audience_items
,US-DDA-PMXLift-Haleon-Nico-v1-Dec25,1431389,DDA,,audience_items
,US-DDA-PMXLift-Haleon-Nico-v2-Dec25,1431390,DDA,,audience_items
,US-DDA-OAP-GSK_VC10708_Dec25,1431391,DDA,,audience_items
,US-DDA-PMXLift-Haleon-Nico-v3-Dec25,1431392,DDA,,audience_items
,US-DDA-PMXLift-Haleon-Nico-v5-Dec25,1431393,DDA,,audience_items
,US-DDA-OAP-MRI-TurboTax_1q26,1431394,DDA,,audience_items
,US-LR-DM-Acxiom-Samsung-Dec25,1431554,DDA,,audience_items
,bloominq126v1,1431557,DDA,,audience_items
,GL-DDA-1P-SHOW-The_Young_and_the_Restless,1431572,DDA,,audience_items
,AU - LR - Client - ID - Peak - Custom - OMD - OMDTelstraExperianSmallBusinessNOV2025,1431602,DDA,,audience_items
,US-DDA-PMXLift-RocketMortgage-Redfin-v2-Dec25,1431740,DDA,,audience_items
,US-DDA-PMXLift-RocketMortgage-Redfin-v1-Dec25,1431741,DDA,,audience_items
,US-DDA-PMXLift-RocketMortgage-Redfin-v5-Dec25,1431742,DDA,,audience_items
,US-LR-DM-Dstillery-ParentsofHighSchoolers-Dec25,1431743,DDA,,audience_items
,US-LR-DM-Crossix-VC0967-Dec25,1431744,DDA,,audience_items
,US-LR-Swoop-1022032821-Dec25,1431745,DDA,,audience_items
,US-DDA-PMXLift-Toyota_668401_v1_Dec25,1432154,DDA,,audience_items
,US-DDA-PMXLift-Toyota_668478_v4_Dec25,1432159,DDA,,audience_items
,US-DDA-PMXLift-Toyota_668486_v5_Dec25,1432160,DDA,,audience_items
,US-DDA-PMXLift-Toyota_668488_v6_Dec25,1432161,DDA,,audience_items
,US-DDA-PMXLift-Toyota_668496_v7_Dec25,1432162,DDA,,audience_items
,US-DDA-PMXLift-Toyota_668498_v8_Dec25,1432163,DDA,,audience_items
,US-DDA-PMXLift-Toyota_668502_v9_Dec25,1432164,DDA,,audience_items
,US-DDA-OAP-GSK_472S258V6_Dec25,1432166,DDA,,audience_items
,US-DDA-OAP-GSK_472S257V6_Dec25,1432167,DDA,,audience_items
,US-CR-Annalect-StateFarm_USAchievers_Dec25,1432173,DDA,,audience_items
,US-CR-Annalect-StateFarm_USCaptains_Dec25,1432174,DDA,,audience_items
,US-CR-Annalect-StateFarm_USFortifiers_Dec25,1432175,DDA,,audience_items
,US-CR-Annalect-StateFarm_Supercharger_Dec25,1432176,DDA,,audience_items
,US-LR-DM-Bombora-GovernmentDecisionMakers_Dec25,1432177,DDA,,audience_items
,US-CR-Annalect_OldNavyCTV_Gap_Dec25,1432179,DDA,,audience_items
,US-DDA-PMXLift-USAA_669454_v10_Dec25,1432204,DDA,,audience_items
,US-DDA-PMXLift-USAA_669464_v11_Dec25,1432205,DDA,,audience_items
,capellaq126v1,1432278,DDA,,audience_items
,costarhomesq126v1,1432279,DDA,,audience_items
,disneyworldcruiselinesq126v1,1432280,DDA,,audience_items
,disneyworldparksq126v1,1432281,DDA,,audience_items
,generalautoq126v1,1432282,DDA,,audience_items
,US-DDA-QRM-SMB_ABA Centers of America_932616,1432317,DDA,,audience_items
,US-DDA-QRM-SMB_Keystone RV_923688,1432319,DDA,,audience_items
,US-DDA-OAP-Epsilon-DisneyWDW_NEW_4q25,1432509,DDA,,audience_items
,US-LR-Swoop-1020369831_Dec25,1432511,DDA,,audience_items
,4Q25_DisneyDCL_Canoe,1432807,DDA,,audience_items
,US-DDA-PMXLift-USAA_669469_v11_Dec25,1432833,DDA,,audience_items
,US-DDA-PMXLift-USAA_669478_v11_Dec25,1432834,DDA,,audience_items
,US-LR-Swoop-1125_1022031711_Dec25,1432892,DDA,,audience_items
,US-LR-Swoop-1125_1022031721_Dec25,1432893,DDA,,audience_items
,US-LR-Swoop-1125_1022031801_Dec25,1432894,DDA,,audience_items
,US-LR-Swoop-1125_1022031811_Dec25,1432895,DDA,,audience_items
,US-LR-Swoop-1125_1022031891_Dec25,1432896,DDA,,audience_items
,US-LR-Swoop-1125_1022031901_Dec25,1432897,DDA,,audience_items
,US-LR-Swoop_1125_1022031981_Dec25,1432898,DDA,,audience_items
,US-LR-Swoop-1125_1022031991_Dec25,1432899,DDA,,audience_items
,US-LR-Swoop-1125_1022032071_Dec25,1432900,DDA,,audience_items
,US-LR-Swoop-1125_1022032081_Dec25,1432901,DDA,,audience_items
,US-LR-Swoop-1125_1022032161_Dec25,1432902,DDA,,audience_items
,US-LR-Swoop-1125_1022032171_Dec25,1432903,DDA,,audience_items
,US-LR-Swoop-1125_1022032251_Dec25,1432904,DDA,,audience_items
,US-LR-Swoop-1125_1022032261_Dec25,1432905,DDA,,audience_items
,US-LR-Swoop-1021971721_Dec25,1432906,DDA,,audience_items
,US-LR-Swoop-1021971731_Dec25,1432907,DDA,,audience_items
,US-LR-Swoop-1021971901_Dec25,1432908,DDA,,audience_items
,US-LR-Swoop-1021971781_Dec25,1432909,DDA,,audience_items
,US-LR-Swoop-1021971791_Dec25,1432910,DDA,,audience_items
,US-LR-Acxiom-Amgen_U6614211_Dec25,1432911,DDA,,audience_items
,US-LR-Acxiom-Amgen_U6614400_Dec25,1432912,DDA,,audience_items
,US-LR-Acxiom-Amgen_U6614408_Dec25,1432913,DDA,,audience_items
,US-LR-Acxiom-Amgen_U6614315_Dec25,1432914,DDA,,audience_items
,US-LR-IQVIA-Amgen_SM853_7111125_Dec25,1432915,DDA,,audience_items
,US-LR-DM-Bombora-NetWorth_500Kplus_Dec25,1432916,DDA,,audience_items
,US-LR-DM-AuDigent-Brokerages-DayTrading_Dec25,1432918,DDA,,audience_items
,chilisq126v1,1432919,DDA,,audience_items
,nissanq126v1,1432920,DDA,,audience_items
,US-DDA-OAP-Epsilon-NationalVision_1q26,1432985,DDA,,audience_items
,US-DDA-OAP-InMarket-KimberlyClarkHuggies_1q26,1432986,DDA,,audience_items
,US-DDA-OAP-1PD-Capella_1q26,1432987,DDA,,audience_items
,US-DDA-OAP-Epsilon-CostarHomes_1q26,1432989,DDA,,audience_items
,US-LR-DM-Acxiom-Natural-OrganicFood-Dec25,1432990,DDA,,audience_items
,US-DDA-OAP-Merkle-CrackerBarrelWinter_1q26,1432993,DDA,,audience_items
,US-DDA-OAP-Epsilon-DisneyWDW_1q26,1432994,DDA,,audience_items
,US-DDA-OAP-Epsilon-DisneyDCL_1q26,1432995,DDA,,audience_items
,US-DDA-OAP-1PD-GeneralAuto_1q26,1433047,DDA,,audience_items
,US-DDA-OAP-MRI-NewBalance_1q26,1433048,DDA,,audience_items
,US-DDA-OAP-Annalect-Nissan_1q26,1433049,DDA,,audience_items
,US-DDA-OAP-Annalect-Popeyes_1q26,1433050,DDA,,audience_items
,US-DDA-OAP-1PD-Hilton_1q26,1433053,DDA,,audience_items
,carmaxq126v1,1433063,DDA,,audience_items
,tmobileinertq126v1,1433064,DDA,,audience_items
,applebeesq126v1,1433066,DDA,,audience_items
,tmobilepotentialsq126v1,1433067,DDA,,audience_items
,podsq126v1,1433080,DDA,,audience_items
,US-DDA-TU-Own2_ORMoreVehiceles_Dec25,1433098,DDA,,audience_items
,stellantisramq126v1,1433144,DDA,,audience_items
,US-LR-DM-Bombora-HealthCare_DecisionMakers_Nov25,1433166,DDA,,audience_items
,burgerkingq126v1,1433169,DDA,,audience_items
,hiltonq126v1,1433170,DDA,,audience_items
,stellantisjeepq126v1,1433171,DDA,,audience_items
,turbotaxq126v1,1433172,DDA,,audience_items
,US-CR-Annalect-RedBull_A18-34_Dec25,1433221,DDA,,audience_items
,US-LR-DM-Adstra-ParentCaregiver-Dec25,1433323,DDA,,audience_items
,US-CR-Annalect-Boehringer_CanDoKate_Dec25,1433329,DDA,,audience_items
,US-CR-Annalect-Boehringer_RealisticReggie_Dec25,1433330,DDA,,audience_items
,verizonq126v1,1433339,DDA,,audience_items
,US-LR-1P-KR_Loyalty_Core_HeavyandSuperHeavy_8plusVisits,1433352,DDA,,audience_items
,US-LR-1P-KR_Loyalty_Light_1-2Visits_copy,1433353,DDA,,audience_items
,US-LR-1P-KR_Loyalty_Medium_3-7Visits_copy,1433354,DDA,,audience_items
,US-LR-1P-KR_NotLoyaltyCombined_Core_HeavyandSuperHeavy_8plusVisits,1433356,DDA,,audience_items
,US-LR-1P-KR_NotLoyaltyCombined_Core_Light_1-2visits,1433357,DDA,,audience_items
,US-LR-1P-KR_NotLoyaltyCombined_Core_Medium_3-7visits,1433358,DDA,,audience_items
,US-LR-1P-lookalike_KR_Loyalty_Core_Heavyand_30pctSuperHeavy_8plusVisits,1433359,DDA,,audience_items
,US-LR-1P-lookalike_KR_Loyalty_Medium_3-7Visits_30pct,1433360,DDA,,audience_items
,US-LR-1P-lookalike_KR_NotLoyaltyCombined_Light_1-2visits_30pct,1433361,DDA,,audience_items
,US-LR-1P-lookalike_KR_NotLoyaltyCombined_Core_Medium_3-7visits_30pct,1433364,DDA,,audience_items
,US-LR-1P-lookalike_KR_Loyalty_Light_1-2Visits_30pct,1433365,DDA,,audience_items
,US-LR-1P-lookalike_KR_NotLoyaltyCombined_Core_Heavyand_SuperHeavy_8plusVisits_30pct,1433366,DDA,,audience_items
,US-DDA-PMXLift-GM_662063_v1_Dec25,1433404,DDA,,audience_items
,US-DDA-PMXLift-GM_662077_v4_Dec25,1433405,DDA,,audience_items
,US-DDA-PMXLift-GM_662107_v11_Dec25,1433406,DDA,,audience_items
,US-DDA-PMXLift-GM_662117_v13_Dec25,1433407,DDA,,audience_items
,US-DDA-PMXLift-GM_666674_v30_Dec25,1433408,DDA,,audience_items
,US-DDA-PMXLift-GM_666648_v30,1433409,DDA,,audience_items
,US-LR-DM-AffinityAnswers-MilkSubstitutes-Dec25,1433411,DDA,,audience_items
,US-LR-DM-Acxiom-FantaIntender-Dec25,1433412,DDA,,audience_items
,US-LR-DM-AffinityAnswers-HomeBuying-Dec25,1433413,DDA,,audience_items
,US-LR-DM-Epsilon-LasVegasTravelIntenders-Dec25,1433414,DDA,,audience_items
,US-LR-1P-GMC-PronghornTest_Dec25,1433445,DDA,,audience_items
,US-LR-DM-Transunion-Occupation_Dairyman_Dec25,1433466,DDA,,audience_items
,US-LR-Experian-USAA_1Q26_Dec25,1433541,DDA,,audience_items
,US-LR-DM-Alliant-Insurance_Allstate_Dec25,1433542,DDA,,audience_items
,US-LR-1P-Active-Auto_Insurance_Dec25,1433543,DDA,,audience_items
,US-LR-1P-All-Members_IncludingEveryday_Dec25,1433544,DDA,,audience_items
,US-LR-DM-Acxiom-NutritionalSupplement_L6M_Dec25,1433545,DDA,,audience_items
,US-LR-DM-Bombora-HealthcareProfessional_Dec25,1433547,DDA,,audience_items
,US-LR-DM-Alliant-FanOfSurvivors_Dec25,1433548,DDA,,audience_items
,US-DDA-OAP-1P-PODs_1Q26,1433565,DDA,,audience_items
,US-LR-DM-Dstillery-LawEnforcementOfficer-Dec25,1433566,DDA,,audience_items
,US-DDA-OAP-1PD-Applebees_1q26,1433601,DDA,,audience_items
,US-DDA-OAP-Acxiom-Bloomin_1q26,1433603,DDA,,audience_items
,US-DDA-OAP-MRI-Carmax_1q26,1433604,DDA,,audience_items
,US-LR-DM-Acxiom-NascarFans-Dec25,1433605,DDA,,audience_items
,US-DDA-OAP-Acxiom-TMobilePrepaid_1q26,1433607,DDA,,audience_items
,US-DDA-OAP-Acxiom-TMobilePostpaidInert_1q26,1433609,DDA,,audience_items
,US-DDA-OAP-Acxiom-TMobilePostpaidPotentials_1q26,1433610,DDA,,audience_items
,US-DDA-OAP-Acxiom-TMobileBroadband_1q26,1433611,DDA,,audience_items
,US-DDA-OAP-EpsilonEPC-Verizon_1q26,1433623,DDA,,audience_items
,US-LR-Crossix-VC10572-Dec25,1433636,DDA,,audience_items
,US-LR-Crossix-VC10580-Dec25,1433637,DDA,,audience_items
,US-LR-Swoop-1022030761-Dec25,1433638,DDA,,audience_items
,US-LR-DM-AuDigent-Interest_GraphicDesign_Dec25,1433639,DDA,,audience_items
,US-LR-DM-UltimateData-ComputerSoftwareGameDevelopers_Dec25,1433640,DDA,,audience_items
,US-LR-DM-AnalyticsIQ-CreativeConsumers_Dec25,1433641,DDA,,audience_items
,US-CR-Annalect-Nissan_UnifiedSentra_Dec25,1433645,DDA,,audience_items
,US-DDA-QRM-SMB_TV_Weekly_The_Redbook_966051,1433740,DDA,,audience_items
,US-DDA-QRM-SMB_Midwest_Photo_926200,1433741,DDA,,audience_items
,US-LR-Annalect-Mitsubishi_Q4OutlanderCompetitive_Dec25,1433823,DDA,,audience_items
,US-DDA-PMXLift-RocketMortgage-Redfin-v6-Dec25,1433824,DDA,,audience_items
,US-DDA-PMXLift-RocketMortgage-Redfin-v7-Dec25,1433825,DDA,,audience_items
,US-DDA-PMXLift-RocketMortgage-Redfin-668462-v1-Dec25,1433826,DDA,,audience_items
,US-LR-DM-Acxiom-FashionEnthusiasts_Dec25,1433831,DDA,,audience_items
,GL-DDA-1P-SHOW-The_Late_Show_with_Stephen_Colbert,1433901,DDA,,audience_items
,GL-DDA-1P-SHOW-Key_&_Peele,1433918,DDA,,audience_items
,GL-DDA-1P-SHOW-The_Equalizer,1433919,DDA,,audience_items
,GL-DDA-1P-SHOW-Star_Trek_Picard,1433920,DDA,,audience_items
,GL-DDA-1P-SHOW-Vindicated,1433921,DDA,,audience_items
,GL-DDA-1P-SHOW-Under_the_Dome,1433922,DDA,,audience_items
,GL-DDA-1P-SHOW-Star_Trek_Lower_Decks,1433923,DDA,,audience_items
,GL-DDA-1P-SHOW-Degrassi,1433924,DDA,,audience_items
,GL-DDA-1P-SHOW-Dark_Shadows,1433925,DDA,,audience_items
,GL-DDA-1P-SHOW-The_Chi,1433927,DDA,,audience_items
,US-LR-Crossix-VC09617-Dec25,1433936,DDA,,audience_items
,GL-DDA-1P-SHOW-Hit_the_Floor,1433941,DDA,,audience_items
,GL-DDA-1P-SHOW-One Piece,1433942,DDA,,audience_items
,GL-DDA-1P-MOVIE-Transformers_Revenge_of_the_Fallen,1433943,DDA,,audience_items
,GL-DDA-1P-SHOW-Awkward,1433944,DDA,,audience_items
,GL-DDA-1P-SHOW-Evil,1433945,DDA,,audience_items
,GL-DDA-1P-SHOW-The_Fresh_Prince_of_Bel_Air,1433946,DDA,,audience_items
,GL-DDA-1P-SHOW-Single_Ladies,1433947,DDA,,audience_items
,GL-DDA-1P-SHOW-Hollywood_Squares,1433948,DDA,,audience_items
,GL-DDA-1P-SHOW-Medium,1433949,DDA,,audience_items
,GL-DDA-1P-SHOW-Beyond_the_Gates,1433950,DDA,,audience_items
,GL-DDA-1P-SHOW-The_Daily_Show,1433951,DDA,,audience_items
,GL-DDA-1P-SHOW-Everybody_Hates_Chris,1433952,DDA,,audience_items
,GL-DDA-1P-SHOW-Antiques_Road_Trip,1433955,DDA,,audience_items
,GL-DDA-1P-SHOW-Antiques_Roadshow,1433957,DDA,,audience_items
,GL-DDA-1P-SHOW-The_Price_Is_Right,1433959,DDA,,audience_items
,GL-DDA-1P-SHOW-Reed_Between_The_Lines,1433961,DDA,,audience_items
,GL-DDA-1P-SHOW-Naruto,1433963,DDA,,audience_items
,GL-DDA-1P-SHOW-Twenties,1433965,DDA,,audience_items
,GL-DDA-1P-SHOW-Star_Trek_The_Next_Generation,1433968,DDA,,audience_items
,GL-DDA-1P-MOVIE-Milli_Vanilli,1433970,DDA,,audience_items
,GL-DDA-1P-Show-Hot_Bench,1433973,DDA,,audience_items
,GL-DDA-1P-MOVIE_Teenage_Mutant_Ninja_Turtles_Out_of_the_Shadows,1433975,DDA,,audience_items
Judge Judy,GL-DDA-1P-SHOW_Judge_Judy,1433983,DDA,,audience_items
Let's Make A Deal,GL-DDA-1P-SHOW_Let's_Make_A_Deal,1433985,DDA,,audience_items
ARK The Animated Series,GL-DDA-1P-SHOW_ARK_The_Animated_Series,1433988,DDA,,audience_items
Games People Play,GL-DDA-1P-SHOW_Games_People_Play,1433991,DDA,,audience_items
Dreaming Whilst Black,GL-DDA-1P-SHOW_Dreaming_Whilst_Black,1433992,DDA,,audience_items
Greatest @ Home Videos,GL-DDA-1P-SHOW_Greatest_@_Home_Videos,1433999,DDA,,audience_items
,GL-DDA-1P-MOVIE_Star_Trek_II_Wrath_of_Khan,1434000,DDA,,audience_items
Bar Rescue,GL-DDA-1P-SHOW_Bar_Rescue,1434004,DDA,,audience_items
,GL-DDA-1P-MOVIE_Teenage_Mutant_Ninja_Turtles_2014,1434005,DDA,,audience_items
The Bold and the Beautiful,GL-DDA-1P-SHOW_The_Bold_and_the_Beautiful,1434006,DDA,,audience_items
After Midnight,GL-DDA-1P-SHOW_After_Midnight,1434007,DDA,,audience_items
Julia at Home,GL-DDA-1P-SHOW_Julia_at_Home,1434008,DDA,,audience_items
Stargate,GL-DDA-1P-SHOW_Stargate,1434009,DDA,,audience_items
Being Mary Jane,GL-DDA-1P-SHOW_Being_Mary_Jane,1434010,DDA,,audience_items
Star Trek Strange New Worlds,GL-DDA-1P-SHOW_Star_Trek_Strange_New_Worlds,1434011,DDA,,audience_items
,GL-DDA-1P-MOVIE_Turtle_Power_The_Definitive_History_of_the_Teenage_Mutant_Ninja_Turtles,1434012,DDA,,audience_items
,GL-DDA-1P-MOVIE_Transformers_Age_of_Extinction,1434013,DDA,,audience_items
Are You Smarter Than A Fifth Grader?,GL-DDA-1P-SHOW_Are_You_Smarter_Than_A_Fifth_Grader?,1434014,DDA,,audience_items
,disnyeworldcruiselinesq425v1,1434063,DDA,,audience_items
,US-LR-DM-Crossix-VC08802-Dec2025,1434136,DDA,,audience_items
,US-DDA-NFL-Retarget-70382-Dec25,1434173,DDA,,audience_items
,US-OAP-DDA-Amgen_U6625810_Dec25,1434226,DDA,,audience_items
,GL-DDA-1P-SHOW-Sabrina_The_Teenage_Witch,1434250,DDA,,audience_items
,GL-DDA-1P-SHOW-Aeon_Flux,1434251,DDA,,audience_items
,GL-DDA-1P-SHOW-Extant,1434252,DDA,,audience_items
,GL-DDA-1P-MOVIE-Arrival,1434253,DDA,,audience_items
,GL-DDA-1P-SHOW-Yu-Gi-Oh!,1434254,DDA,,audience_items
,GL-DDA-1P-SHOW-Sailor-Moon,1434255,DDA,,audience_items
,GL-DDA-1P-SHOW-America's_Test_Kitchen,1434256,DDA,,audience_items
,GL-DDA-1P-SHOW-Hell's_Kitchen,1434257,DDA,,audience_items
,GL-DDA-1P-SHOW-Iron_Chef,1434259,DDA,,audience_items
,GL-DDA-1P-SHOW-Tiny_House_Nation,1434260,DDA,,audience_items
,GL-DDA-1P-SHOW-iCarly,1434261,DDA,,audience_items
,GL-DDA-1P-SHOW-School_Spirits,1434262,DDA,,audience_items
,GL-DDA-1P-SHOW-MTV_Video_Music_Awards,1434263,DDA,,audience_items
,GL-DDA-1P-SHOW-The_Neighborhood,1434267,DDA,,audience_items
,GL-DDA-1P-SHOW-Moesha,1434268,DDA,,audience_items
,GL-DDA-1P-SHOW-Boys_in_Blue,1434269,DDA,,audience_items
,BETDivorcedSistasQ126V1,1434270,DDA,,audience_items
,BETLoveHipHopMiamiQ126V1,1434271,DDA,,audience_items
,BETSistasQ126V1,1434272,DDA,,audience_items
,GL-DDA-1P-SHOW-Deal_Or_No_Deal,1434273,DDA,,audience_items
,GL-DDA-1P-SHOW-Raid_the_Cage,1434274,DDA,,audience_items
,GL-DDA-1P-SHOW-The_Stand,1434275,DDA,,audience_items
,GL-DDA-1P-SHOW-The_Twilight_Zone,1434276,DDA,,audience_items
,GL-DDA-1P-SHOW-Yellowjackets,1434277,DDA,,audience_items
,GL-DDA-1P-SHOW-The_Walking_Dead,1434278,DDA,,audience_items
,GL-DDA-1P-SHOW-Freakish,1434279,DDA,,audience_items
,CCTheDailyShowQ126V1,1434283,DDA,,audience_items
,MTVRuPaulsDragRaceQ126V1,1434284,DDA,,audience_items
,PPixTheSpongebobMovieQ126V1,1434285,DDA,,audience_items
,GL-DDA-1P-SHOW-Lawmen_Bass_Reeves,1434304,DDA,,audience_items
,GL-DDA-1P-SHOW-The_Game,1434305,DDA,,audience_items
,GL-DDA-1P-SHOW-Murder_in_the_Thirst,1434306,DDA,,audience_items
,GL-DDA-1P-SHOW-Behind_the_Music,1434307,DDA,,audience_items
,GL-DDA-1P-SHOW-College_Hill,1434308,DDA,,audience_items
,GL-DDA-1P-SHOW-Real_Husbands_of_Hollywood,1434309,DDA,,audience_items
,GL-DDA-1P-SHOW-Love_&_Hip_Hop,1434310,DDA,,audience_items
,GL-DDA-1P-SHOW-RuPaul's_Drag_Race,1434311,DDA,,audience_items
,GL-DDA-1P-SHOW-Mob_Wives,1434312,DDA,,audience_items
,GL-DDA-1P-SHOW-Ziwe,1434313,DDA,,audience_items
,GL-DDA-1P-SHOW-Noahs_Arc,1434317,DDA,,audience_items
,GL-DDA-1P-SHOW-The_Oval,1434318,DDA,,audience_items
,GL-DDA-1P-SHOW-Sistas,1434319,DDA,,audience_items
,US-CR-Annalect-Boehringer_OptimisticOlivia4Q_Dec25,1434359,DDA,,audience_items
,US-LR-Crossix-VC09027-Dec25,1434698,DDA,,audience_items
,US-LR-Crossix-VC10906-Dec2025,1434699,DDA,,audience_items
,US-LR-Crossix-VC10907-Dec2025,1434700,DDA,,audience_items
,US-LR-DM-Acxiom-FordIntender-Dec25,1434739,DDA,,audience_items
,GL-DDA-1P-SHOW-MTV_Spankin'_New,1434860,DDA,,audience_items
,GL-DDA-1P-SHOW-MTV_Biggest_Pop,1434861,DDA,,audience_items
,GL-DDA-1P-SHOW-MTV_Unplugged,1434862,DDA,,audience_items
,GL-DDA-1P-SHOW-Storytellers,1434863,DDA,,audience_items
,GL-DDA-1P-MOVIE-Grease,1434864,DDA,,audience_items
,GL-DDA-1P-MOVIE-Grease_2,1434865,DDA,,audience_items
,GL-DDA-1P-SHOW-Family_Legacy,1434866,DDA,,audience_items
,GL-DDA-1P-SHOW-How_Music_Got_Free,1434867,DDA,,audience_items
,GL-DDA-1P-SHOW-Larger_Than_Life_Reign_of_the_Boybands,1434868,DDA,,audience_items
,GL-DDA-1P-SHOW-As1One_The_Israeli-Palestinian_Pop_Music_Journey,1434869,DDA,,audience_items
,GL-DDA-1P-SHOW-Campfire_Sessions,1434870,DDA,,audience_items
,US-LR-Crossix-VC10905-Dec2025,1435065,DDA,,audience_items
,US-LR-Swoop-1022031001-Dec25,1435408,DDA,,audience_items
,GL-DDA-1P-SHOW-South_Park,1435413,DDA,,audience_items
,GL-DDA-1P-MOVIE-Mission_Impossible_The_Final_Reckoning,1435414,DDA,,audience_items
,GL-DDA-1P-SHOW-Little-Disasters,1435416,DDA,,audience_items
,GL-DDA-1P-SHOW-UFC,1435417,DDA,,audience_items
,GL-DDA-1P-SHOW-New_Year's_Eve_Live_Nashville's_Biggest_Bash,1435418,DDA,,audience_items
,GL-DDA-1P-MOVIE-Roofman,1435419,DDA,,audience_items
,GL-DDA-1P-SHOW-Coldwater,1435420,DDA,,audience_items
,GL-DDA-1P-SHOW-5-Star,1435421,DDA,,audience_items
,GL-DDA-1P-MOVIE_AI_Artificial_Intelligence,1435435,DDA,,audience_items
,GL-DDA-1P-MOVIE_Interstellar,1435436,DDA,,audience_items
,GL-DDA-1P-MOVIE_Zoey_102,1435437,DDA,,audience_items
,GL-DDA-1P-MOVIE_Uncharted,1435438,DDA,,audience_items
,US-DDA-OAP-Annalect-ATTCricket_1q26,1435439,DDA,,audience_items
,GL-DDA-1P-MOVIE_STANS,1435440,DDA,,audience_items
,GL-DDA-1P-MOVIE_Ozzy_No_Escape_From_Now,1435441,DDA,,audience_items
,GL-DDA-1P-SHOW-Reno_911!,1435442,DDA,,audience_items
,GL-DDA-1P-SHOW-Man_with_a_Plan,1435443,DDA,,audience_items
,US-LR-DM-Experian-VH1Viewers-Dec25,1435444,DDA,,audience_items
,GL-DDA-1P-SHOW-Ghosts,1435445,DDA,,audience_items
,GL-DDA-1P-SHOW-Tosh.0,1435446,DDA,,audience_items
,US-LR-DM-Experian-InMarketFurniture-Dec2025,1435447,DDA,,audience_items
,GL-DDA-1P-MOVIE-South_Park_The_Streaming_Wars,1435448,DDA,,audience_items
,GL-DDA-1P-SHOW-The_Exes,1435449,DDA,,audience_items
,GL-DDA-1P-SHOW-Hot_in_Cleveland,1435450,DDA,,audience_items
,GL-DDA-1P-SHOW-The_Odd_Couple,1435452,DDA,,audience_items
,US-LR-DM-Transunion-NCISViewer-Dec25,1435453,DDA,,audience_items
,GL-DDA-1P-SHOW-Superior_Donuts,1435454,DDA,,audience_items
,GL-DDA-1P-SHOW-The_Soul_Man,1435455,DDA,,audience_items
,GL-DDA-1P-SHOW-Happily_Divorced,1435456,DDA,,audience_items
,GL-DDA-1P-SHOW-The_Jim_Jeffries_Show,1435457,DDA,,audience_items
,GL-DDA-1P-SHOW-Caught_in_the_Act_Unfaithful,1435458,DDA,,audience_items
,GL-DDA-1P-SHOW-Crank_Yankers,1435459,DDA,,audience_items
,US-DDA-PMXLift-NYLife_671474_Dec25,1435463,DDA,,audience_items
,US-DDA-OAP-MRI-Loreal_1q26,1435464,DDA,,audience_items
,US-DDA-PMXLift-NYLife_671487_Dec25,1435465,DDA,,audience_items
,US-DDA-PMXLift-NYLife_671506_Dec25,1435466,DDA,,audience_items
,US-DDA-OAP-Swoop-GileadBiktarvy_1q26,1435467,DDA,,audience_items
,US-DDA-OAP-Crossix-GileadYeztugo_1q26,1435469,DDA,,audience_items
,US-DDA-OAP-Swoop-PfizerNurtec_1q26,1435471,DDA,,audience_items
,US-DDA-OAP-1PD-Subway_1q26,1435472,DDA,,audience_items
,US-DDA-OAP-Swoop-AmgenOtezla_1q26,1435473,DDA,,audience_items
,US-DDA-OAP-Acxiom-AmgenRepatha_1q26,1435474,DDA,,audience_items
,tmobilebroadbandq126v2,1435475,DDA,,audience_items
,tmobileprepaidq126v1,1435476,DDA,,audience_items
,US-DDA-OAP-GM_Buick_1Q26,1435477,DDA,,audience_items
,US-DDA-OAP-GM_ChevyEV_1Q26,1435478,DDA,,audience_items
,US-DDA-OAP-GM_ChevySUV_1Q26,1435479,DDA,,audience_items
,US-DDA-OAP-GM_ChevyTruck_1Q26,1435480,DDA,,audience_items
,US-DDA-OAP-GM_Sierra_1Q26,1435481,DDA,,audience_items
,US-DDA-PMXLift-PennEnt-theScore-v1-Dec25,1435542,DDA,,audience_items
,US-DDA-PMXLift-PennEnt-theScore-v2-Dec25,1435543,DDA,,audience_items
,US-DDA-PMXLift-PennEnt-theScore-v3-Dec25,1435544,DDA,,audience_items
,US-DDA-PMXLift-PennEnt-theScore-v4-Dec25,1435545,DDA,,audience_items
,US-DDA-PMXLift-PennEnt-theScore-v5-Dec25,1435546,DDA,,audience_items
,US-DDA-PMXLift-PennEnt-theScore-v6-Dec25,1435548,DDA,,audience_items
,US-DDA-PMXLift-PennEnt-theScore-v7-Dec25,1435549,DDA,,audience_items
,US-LR-DM-AffinityAnswers-TheChallenge_Dec25,1435578,DDA,,audience_items
,US-LR-DM-UltimateData-LikelyInterest_AmazingRace_Dec25,1435579,DDA,,audience_items
,GL-DDA-1P-MOVIE-Scream-2022,1435585,DDA,,audience_items
,GL-DDA-1P-MOVIE-Scream-VI,1435586,DDA,,audience_items
,US-LR-1P-Acxiom-U6608946_Dec25,1435706,DDA,,audience_items
,US-LR-Crossix-VC08823_Dec25,1435707,DDA,,audience_items
,US-LR-MRI-Waterloo_EverythingBut_Dec25,1435708,DDA,,audience_items
,US-LR-MRI-Waterloo_CompConq_Dec25,1435709,DDA,,audience_items
,US-LR-Crossix-VC10880_1022363671_Dec25,1435711,DDA,,audience_items
,US-LR-Crossix-VC10879_1022374271_Dec25,1435712,DDA,,audience_items
,US-LR-DM-AnalyticsIQ-ComputerOwners_Dec25,1435714,DDA,,audience_items
,US-CR-Annalect-BurgerKing_RBICoreUpdated_Dec25,1435722,DDA,,audience_items
,US-LR-Crossix-VC09222_Dec25,1435725,DDA,,audience_items
,US-LR-Swoop-1125_1021971931_Dec25,1435726,DDA,,audience_items
,US-LR-DM-Adstra-PrimaryElectionVoters_Democrat_Dec25,1435727,DDA,,audience_items
,US-DDA-TU-HomeBuilt_20+Years_Dec25,1435728,DDA,,audience_items
,GL-DDA-1P-MOVIE-Bob_Marley_One_Love,1435761,DDA,,audience_items
,GL-DDA-1P-SHOW-Mike_Judge's_Beavis_and_Butt-Head,1435763,DDA,,audience_items
,GL-DDA-1P-MOVIE-Star_Trek_Section_31,1435764,DDA,,audience_items
,US-DDA-OAP-AcxiomHealth-AstraZenecaAirsupra_1q26,1435789,DDA,,audience_items
,GL-DDA-1P-SHOW-Star-Trek-Starfleet-Academy,1435812,DDA,,audience_items
,GL-DDA-1P-SHOW-Girl_Taken,1435813,DDA,,audience_items
,MTVLoveHipHopAtlantaQ126V1,1435814,DDA,,audience_items
,US-DDA-PMXLift-PennEnt-HWoodCasino-v1-Dec25,1435832,DDA,,audience_items
,US-DDA-PMXLift-PennEnt-HWoodCasino-v2-Dec25,1435833,DDA,,audience_items
,US-DDA-PMXLift-PennEnt-HWoodCasino-v3-Dec25,1435838,DDA,,audience_items
,US-DDA-PMXLift-PennEnt-HWoodCasino-v4-Dec25,1435839,DDA,,audience_items
,US-DDA-PMXLift-PennEnt-HWoodCasino-v5-Dec25,1435840,DDA,,audience_items
,US-DDA-PMXLift-PennEnt-HWoodCasino-v6-Dec25,1435841,DDA,,audience_items
,US-DDA-PMXLift-PennEnt-HWoodCasino-v7-Dec25,1435843,DDA,,audience_items
,US-LR-DM-Bridge-SparklingWater_Dec25,1435857,DDA,,audience_items
,US-LR-DM-Epsilon-NursingProfessional-Dec25,1435891,DDA,,audience_items
,US-LR-DM-Acxiom-MedicalProfessional-Dec25,1435892,DDA,,audience_items
,US-LR-DM-Acxiom-CookingInterest-Dec25,1435918,DDA,,audience_items
,mondelezq126v1,1436001,DDA,,audience_items
,subwayq126v1,1436002,DDA,,audience_items
,walmartoneq126v1,1436003,DDA,,audience_items
,US-LR-DM-Experian-RetiredEmptyNesters_Dec25,1436270,DDA,,audience_items
,US-LR-DM-AnalyticsIQ-LotteryGaming_Dec25,1436272,DDA,,audience_items
,US-DDA-PMXLift-GSK_672438_v4_Dec25,1436766,DDA,,audience_items
,US-DDA-PMXLift-GSK_672442_v4_Dec25,1436767,DDA,,audience_items
,US-DDA-NFL-Retarget-70386-Dec25,1436959,DDA,,audience_items
,US-DDA-TikTok-ParentsofTeens-Dec25,1436977,DDA,,audience_items
,US-LR-DM-Acxiom-Retired_Dec25,1437153,DDA,,audience_items
,US-LR-Acxiom-Interest_CasinoGambling_Dec25,1437232,DDA,,audience_items
,US-LR-DM-Epsilon-AutoPurchseIntenders_Dec25,1437233,DDA,,audience_items
,US-DDA-PMXLift-GM_666648_v30_Dec25,1437236,DDA,,audience_items
,US-LR-1P-EPC-FCAStellantis_ChryslerOwner,1437404,DDA,,audience_items
,US-LR-1P-EPC-FCAStellantis_DodgeOwner,1437405,DDA,,audience_items
,US-LR-1P-EPC-FCAStellantis_JeepOwner,1437406,DDA,,audience_items
,US-LR-1P-EPC-FCAStellantis_RamOwner,1437407,DDA,,audience_items
,US-DDA-NFL-Retarget-70499-Jan26,1437538,DDA,,audience_items
,US-DDA-NFL-Retarget-70486-Jan26,1437539,DDA,,audience_items
,US-LR-DM-Acxiom-CollegeYear_All_Dec25,1437668,DDA,,audience_items
,US-LR-DM-Acxiom-CollegeStudents_Dec25,1437669,DDA,,audience_items
,US-DDA-OAP-Crossix-GileadDescovy_1q26,1437722,DDA,,audience_items
,GL-DDA-1P-SHOW-Frasier,1437724,DDA,,audience_items
,GL-DDA-1P-SHOW-Chappelle's_Show,1437725,DDA,,audience_items
,GL-DDA-1P-SHOW-Family_Ties,1437726,DDA,,audience_items
,GL-DDA-1P-SHOW-Everybody_Loves_Raymond,1437727,DDA,,audience_items
,GL-DDA-1P-SHOW-Freaks_and_Geeks,1437728,DDA,,audience_items
,GL-DDA-1P-SHOW-7th_Heaven,1437729,DDA,,audience_items
,GL-DDA-1P-SHOW-Ray_Donovan,1437730,DDA,,audience_items
,GL-DDA-1P-SHOW-The_Tudors,1437731,DDA,,audience_items
,GL-DDA-1P-SHOW-Billions,1437732,DDA,,audience_items
,GL-DDA-1P-SHOW-Californication,1437733,DDA,,audience_items
,GL-DDA-1P-SHOW-Shameless,1437734,DDA,,audience_items
,GL-DDA-1P-SHOW-The_Fresh_of_Bel_Air,1437735,DDA,,audience_items
,GL-DDA-1P-SHOW-United_States_of_Tara,1437748,DDA,,audience_items
,GL-DDA-1P-SHOW-Drunk_History,1437749,DDA,,audience_items
,GL-DDA-1P-SHOW-Broad_City,1437750,DDA,,audience_items
,GL-DDA-1P-SHOW-House_of_Lies,1437751,DDA,,audience_items
,GL-DDA-1P-SHOW-The_Comedy_Store,1437752,DDA,,audience_items
,GL-DDA-1P-SHOW-Colin_from_Accounts,1437753,DDA,,audience_items
,GL-DDA-1P-MOVIE-Mean_Girls,1437754,DDA,,audience_items
,GL-DDA-1P-SHOW-Ghosts_UK,1437755,DDA,,audience_items
,GL-DDA-1P-SHOW-Wildboyz,1437756,DDA,,audience_items
,GL-DDA-1P-SHOW-King_of_Queens,1437757,DDA,,audience_items
,GL-DDA-1P-MOVIE-Tropic_Thunder,1437758,DDA,,audience_items
,GL-DDA-1P-MOVIE-Jackass_Forever,1437759,DDA,,audience_items
,GL-DDA-1P-SHOW-Celebrity_Deathmatch,1437760,DDA,,audience_items
,GL-DDA-1P-SHOW-Jackass,1437761,DDA,,audience_items
,GL-DDA-1P-MOVIE-Clueless,1437762,DDA,,audience_items
,GL-DDA-1P-MOVIE-Last_Holiday,1437763,DDA,,audience_items
,GL-DDA-1P-SHOW-Daria,1437764,DDA,,audience_items
,GL-DDA-1P-SHOW-Ugly_Americans,1437765,DDA,,audience_items
,GL-DDA-1P-SHOW-Poppa's_House,1437766,DDA,,audience_items
,GL-DDA-1P-SHOW-Georgie_and_Mandy's_First_Marriage,1437767,DDA,,audience_items
,GL-DDA-1P-SHOW-Digman!,1437768,DDA,,audience_items
,GL-DDA-1P-SHOW-Drawn_Together,1437769,DDA,,audience_items
,GL-DDA-1P-SHOW-Jeff_and_Some_Aliens,1437770,DDA,,audience_items
,GL-DDA-1P-MOVIE-Dear_Santa,1437771,DDA,,audience_items
,GL-DDA-1P-MOVIE-She's_The_Man,1437772,DDA,,audience_items
,GL-DDA-1P-MOVIE-Daddy's_Home_2,1437773,DDA,,audience_items
,GL-DDA-1P-MOVIE-Anchorman: The Legend of Ron Burgundy,1437774,DDA,,audience_items
,GL-DDA-1P-MOVIE-Blades_of_Glory,1437775,DDA,,audience_items
,GL-DDA-1P-MOVIE-Ferris_Bueller's_Day_Off,1437776,DDA,,audience_items
,GL-DDA-1P-MOVIE-Beverly_Hills_Cop,1437777,DDA,,audience_items
,GL-DDA-1P-MOVIE-The_Longest_Yard,1437778,DDA,,audience_items
,GL-DDA-1P-MOVIE-Old_School,1437779,DDA,,audience_items
,GL-DDA-1P-MOVIE-Zoolander,1437780,DDA,,audience_items
,GL-DDA-1P-SHOW-Perry_Mason,1437782,DDA,,audience_items
,GL-DDA-1P-MOVIE-How_to_Lose_a_Guy_in_10_Days,1437783,DDA,,audience_items
,GL-DDA-1P-SHOW-Gunsmoke,1437784,DDA,,audience_items
,GL-DDA-1P-MOVIE-Runaway_Bride,1437785,DDA,,audience_items
,GL-DDA-1P-MOVIE-The_Back-Up_Plan,1437786,DDA,,audience_items
,GL-DDA-1P-SHOW-The_Andy_Griffith_Show,1437787,DDA,,audience_items
,GL-DDA-1P-MOVIE-No_Strings_Attached,1437910,DDA,,audience_items
,GL-DDA-1P-MOVIE-Failure_to_Launch,1437911,DDA,,audience_items
,GL-DDA-1P-MOVIE-Practical_Magic,1437912,DDA,,audience_items
,GL-DDA-1P-MOVIE-Pretty_in_Pink,1437913,DDA,,audience_items
,GL-DDA-1P-SHOW-Kroll_Show,1437914,DDA,,audience_items
,GL-DDA-1P-SHOW-Wonder_Showzen,1437915,DDA,,audience_items
,GL-DDA-1P-SHOW-Moonbeam_City,1437916,DDA,,audience_items
,GL-DDA-1P-SHOW-Everybody_Still_Hates_Chris,1437917,DDA,,audience_items
,GL-DDA-1P-SHOW-DMV,1437918,DDA,,audience_items
,GL-DDA-1P-SHOW-Crutch,1437919,DDA,,audience_items
,GL-DDA-1P-MOVIE-The_Naked_Gun,1437920,DDA,,audience_items
,GL-DDA-1P-MOVIE-Scary_Movie,1437921,DDA,,audience_items
,GL-DDA-1P-SHOW-Blue_Bloods,1437922,DDA,,audience_items
,GL-DDA-1P-SHOW-FBI,1437923,DDA,,audience_items
,GL-DDA-1P-SHOW-NCIS,1437926,DDA,,audience_items
,GL-DDA-1P-SHOW-Seal_Team,1437927,DDA,,audience_items
,GL-DDA-1P-SHOW-The_Good_Fight,1437928,DDA,,audience_items
,GL-DDA-1P-SHOW-NCIS_New_Orleans,1437929,DDA,,audience_items
,GL-DDA-1P-SHOW-CSI_NY,1437930,DDA,,audience_items
,GL-DDA-1P-SHOW-FBI_Declassified,1437931,DDA,,audience_items
,GL-DDA-1P-SHOW-CSI_Vegas,1437932,DDA,,audience_items
,GL-DDA-1P-SHOW-NCIS_Los_Angeles,1437934,DDA,,audience_items
,GL-DDA-1P-SHOW-CSI_Miami,1437935,DDA,,audience_items
,GL-DDA-1P-SHOW-CSI,1437936,DDA,,audience_items
,GL-DDA-1P-SHOW-Dexter,1437937,DDA,,audience_items
,GL-DDA-1P-SHOW-Criminal_Minds,1437938,DDA,,audience_items
,GL-DDA-1P-SHOW-FBI_True,1437939,DDA,,audience_items
,GL-DDA-1P-SHOW-Forensic_Files,1437940,DDA,,audience_items
,GL-DDA-1P-SHOW-Cops,1437941,DDA,,audience_items
,GL-DDA-1P-SHOW-The_New_Detectives,1437942,DDA,,audience_items
,GL-DDA-1P-SHOW-Unsolved_Mysteries,1437943,DDA,,audience_items
,GL-DDA-1P-SHOW-Midsomer_Murders,1437944,DDA,,audience_items
,GL-DDA-1P-SHOW-Rabbit_Hole,1437945,DDA,,audience_items
,GL-DDA-1P-SHOW-Catching_Lightning,1437946,DDA,,audience_items
,GL-DDA-1P-SHOW-Celebrity_True_Crime_Story,1437947,DDA,,audience_items
,GL-DDA-1P-SHOW-The_Real_CSI_Miami,1437948,DDA,,audience_items
,GL-DDA-1P-SHOW-Dexter_Original_Sin,1437949,DDA,,audience_items
,GL-DDA-1P-SHOW-Burden_of_Guilt,1437950,DDA,,audience_items
,GL-DDA-1P-SHOW-Sin_City_Gigolo_Murder_in_Las_Vegas,1437951,DDA,,audience_items
,GL-DDA-1P-SHOW-Mobland,1437952,DDA,,audience_items
,US-DDA-OAP-GMCSUVMultiBuild_1Q26,1437953,DDA,,audience_items
,GL-DDA-1P-SHOW-Flashpoint,1437954,DDA,,audience_items
,GL-DDA-1P-SHOW-Dexter_Resurrection,1437956,DDA,,audience_items
,GL-DDA-1P-SHOW-Catching_Killers,1437957,DDA,,audience_items
,GL-DDA-1P-SHOW-My_Nightmare_Stalker_The_Eva_LaRue_Story,1437959,DDA,,audience_items
,GL-DDA-1P-MOVIE-Predators,1437962,DDA,,audience_items
,GL-DDA-1P-SHOW-Are_You_The_One?,1437969,DDA,,audience_items
,GL-DDA-1P-SHOW-Heartland,1437973,DDA,,audience_items
,GL-DDA-1P-SHOW-Star_Trek_Discovery,1437974,DDA,,audience_items
,GL-DDA-1P-MOVIE-Transformers_Dark_of_the_Moon,1437978,DDA,,audience_items
Mayor of Kingstown,GL-DDA-1P-SHOW_Mayor_of_Kingstown,1437984,DDA,,audience_items
1883,GL-DDA-1P-SHOW_1883,1437987,DDA,,audience_items
Joe Pickett,GL-DDA-1P-SHOW_Joe_Pickett,1437990,DDA,,audience_items
Tulsa King,GL-DDA-1P-SHOW_Tulsa_King,1437993,DDA,,audience_items
1923,GL-DDA-1P-SHOW_1923,1437994,DDA,,audience_items
The Last Cowboy,GL-DDA-1P-SHOW_The_Last_Cowboy,1437995,DDA,,audience_items
PBR Unleash the Beast,GL-DDA-1P-SHOW_PBR_Unleash_the_Beast,1437996,DDA,,audience_items
Rawhide,GL-DDA-1P-SHOW_Rawhide,1437997,DDA,,audience_items
Rifleman,GL-DDA-1P-SHOW_Rifleman,1437998,DDA,,audience_items
CMT Crossroads,GL-DDA-1P-SHOW_CMT_Crossroads,1437999,DDA,,audience_items
World Series of Poker,GL-DDA-1P-SHOW_World_Series_of_Poker,1438000,DDA,,audience_items
100 Days to Indy,GL-DDA-1P-SHOW_100_Days_to_Indy,1438001,DDA,,audience_items
Bellator MMA,GL-DDA-1P-SHOW_Bellator_MMA,1438002,DDA,,audience_items
Combate Global,GL-DDA-1P-SHOW_Combate_Global,1438003,DDA,,audience_items
The Kings,GL-DDA-1P-SHOW_The_Kings,1438004,DDA,,audience_items
Sports Detectives,GL-DDA-1P-SHOW_Sports_Detectives,1438005,DDA,,audience_items
Rome's Chariot Superstar,GL-DDA-1P-SHOW_Rome's_Chariot_Superstar,1438006,DDA,,audience_items
NFL on CBS,GL-DDA-1P-SHOW_NFL_on_CBS,1438007,DDA,,audience_items
B1G Football on CBS,GL-DDA-1P-SHOW_B1G_Football_on_CBS,1438009,DDA,,audience_items
,GL-DDA-1P-SHOW-Headliners_with_Rachel_Nichols,1438010,DDA,,audience_items
,GL-DDA-1P-SHOW-The_Best_of_KG_Certified,1438011,DDA,,audience_items
,GL-DDA-1P-SHOW-Serie_A,1438012,DDA,,audience_items
,GL-DDA-1P-SHOW-Concacaf,1438013,DDA,,audience_items
,GL-DDA-1P-SHOW-NWSL,1438014,DDA,,audience_items
,GL-DDA-1P-SHOW-AFC_Champions_League,1438015,DDA,,audience_items
,GL-DDA-1P-SHOW-Golazo,1438016,DDA,,audience_items
,GL-DDA-1P-SHOW-Man_in_the_Middle,1438017,DDA,,audience_items
,GL-DDA-1P-SHOW-US_Open,1438020,DDA,,audience_items
,GL-DDA-1P-SHOW-The_World_According_to_Football,1438021,DDA,,audience_items
,GL-DDA-1P-SHOW-The_Billion_Dollar_Goal,1438022,DDA,,audience_items
,GL-DDA-1P-SHOW-Kickin'_It,1438023,DDA,,audience_items
,GL-DDA-1P-SHOW-EFL,1438024,DDA,,audience_items
,GL-DDA-1P-SHOW-More_Soccer,1438025,DDA,,audience_items
,GL-DDA-1P-SHOW-Supreme_Team,1438026,DDA,,audience_items
,GL-DDA-1P-SHOW-Football_Must_Go_On,1438027,DDA,,audience_items
,GL-DDA-1P-SHOW-UEFA_Europa_League,1438028,DDA,,audience_items
,GL-DDA-1P-SHOW-UEFA_Europa_Conference_League,1438030,DDA,,audience_items
,GL-DDA-1P-SHOW-UEFA_Champions_League,1438031,DDA,,audience_items
,GL-DDA-1P-SHOW-Carabao_Cup,1438032,DDA,,audience_items
,GL-DDA-1P-SHOW-Pulisic,1438033,DDA,,audience_items
,GL-DDA-1P-SHOW-UEFA_Women's_Champions_League,1438034,DDA,,audience_items
,lorealq126v1,1438035,DDA,,audience_items
,US-LR-DM-AnalyticsIQ-Aviation-Jan26,1438048,DDA,,audience_items
Big Brother,GL-DDA-1P-SHOW_Big_Brother,1438055,DDA,,audience_items
Celebrity Big Brother,GL-DDA-1P-SHOW_Celebrity_Big_Brother,1438056,DDA,,audience_items
Tough As Nails,GL-DDA-1P-SHOW_Tough_As_Nails,1438057,DDA,,audience_items
The Real World,GL-DDA-1P-SHOW_The_Real_World,1438058,DDA,,audience_items
The Challenge,GL-DDA-1P-SHOW_The_Challenge,1438059,DDA,,audience_items
Teen Mom,GL-DDA-1P-SHOW_Teen_Mom,1438061,DDA,,audience_items
,AU - LR - Client - ID - Peak - Custom - Hatched - ConsumerAUNov2025,1438062,DDA,,audience_items
,GL-DDA-1P-SHOW-Ink_Master,1438063,DDA,,audience_items
,GL-DDA-1P-SHOW-Jersey_Shore,1438064,DDA,,audience_items
,GL-DDA-1P-SHOW-Wild_N_Out,1438065,DDA,,audience_items
,GL-DDA-1P-SHOW-Acapulco_Shore,1438066,DDA,,audience_items
,GL-DDA-1P-SHOW-Survivor,1438067,DDA,,audience_items
,GL-DDA-1P-SHOW-The_Amazing_Race,1438068,DDA,,audience_items
,GL-DDA-1P-SHOW-Black_Ink_Crew_Franchise,1438069,DDA,,audience_items
,GL-DDA-1P-SHOW-Basketball_Wives,1438070,DDA,,audience_items
,GL-DDA-1P-SHOW-Couples_Retreat,1438071,DDA,,audience_items
,GL-DDA-1P-SHOW-Jersey_Shore_Family_Vacation,1438072,DDA,,audience_items
,GL-DDA-1P-SHOW-Catfish,1438073,DDA,,audience_items
,GL-DDA-1P-SHOW-Teen_Mom_Young_and_Pregnant,1438074,DDA,,audience_items
,GL-DDA-1P-SHOW-The_Surreal_Life,1438080,DDA,,audience_items
Siesta Key,GL-DDA-1P-SHOW_Siesta_Key,1438081,DDA,,audience_items
The Real Husbands of Hollywood,GL-DDA-1P-SHOW_The_Real_Husbands_of_Hollywood,1438082,DDA,,audience_items
Ridiculousness,GL-DDA-1P-SHOW_Ridiculousness,1438083,DDA,,audience_items
Ex on the Beach,GL-DDA-1P-SHOW_Ex_on_the_Beach,1438084,DDA,,audience_items
Lingo,GL-DDA-1P-SHOW_Lingo,1438095,DDA,,audience_items
Rescue 911,GL-DDA-1P-SHOW_Rescue_911,1438096,DDA,,audience_items
Fear Factor,GL-DDA-1P-SHOW_Fear_Factor,1438097,DDA,,audience_items
Dog the Bounty Hunter,GL-DDA-1P-SHOW_Dog_the_Bounty_Hunter,1438098,DDA,,audience_items
Cheaters,GL-DDA-1P-SHOW_Cheaters,1438099,DDA,,audience_items
Top Gear,GL-DDA-1P-SHOW_Top_Gear,1438100,DDA,,audience_items
The City,GL-DDA-1P-SHOW_The_City,1438101,DDA,,audience_items
Laguna Beach,GL-DDA-1P-SHOW_Laguna_Beach,1438102,DDA,,audience_items
Geordie Shore,GL-DDA-1P-SHOW_Geordie_Shore,1438103,DDA,,audience_items
16 and Pregnant,GL-DDA-1P-SHOW_16_and_Pregnant,1438104,DDA,,audience_items
The Hills,GL-DDA-1P-SHOW_The_Hills,1438105,DDA,,audience_items
The Family Stallone,GL-DDA-1P-SHOW_The_Family_Stallone,1438106,DDA,,audience_items
Double Shot at Love,GL-DDA-1P-SHOW_Double_Shot_at_Love,1438107,DDA,,audience_items
Punk'd,GL-DDA-1P-SHOW_Punk'd,1438108,DDA,,audience_items
MTV Cribs,GL-DDA-1P-SHOW_MTV_Cribs,1438109,DDA,,audience_items
RuPaul's Drag Race All Stars Untucked,GL-DDA-1P-SHOW_RuPaul's_Drag_Race_All_Stars_Untucked,1438110,DDA,,audience_items
Ink Master Angels,GL-DDA-1P-SHOW_Ink_Master_Angels,1438111,DDA,,audience_items
Ink Master Grudge Match,GL-DDA-1P-SHOW_Ink_Master_Grudge_Match,1438112,DDA,,audience_items
Ink Master Redemption,GL-DDA-1P-SHOW_Ink_Master_Redemption,1438113,DDA,,audience_items
Floribama Shore,GL-DDA-1P-SHOW_Floribama_Shore,1438114,DDA,,audience_items
Help! I'm in a Secret Relationship!,GL-DDA-1P-SHOW_Help!_I'm_in_a_Secret_Relationship!,1438115,DDA,,audience_items
Marriage Rescue,GL-DDA-1P-SHOW_Marriage_Rescue,1438116,DDA,,audience_items
Lindsay Lohan's Beach Club,GL-DDA-1P-SHOW_Lindsay_Lohan's_Beach_Club,1438117,DDA,,audience_items
Teen Mom Family Reunion,GL-DDA-1P-SHOW_Teen_Mom_Family_Reunion,1438118,DDA,,audience_items
Teen Mom 2,GL-DDA-1P-SHOW_Teen_Mom_2,1438119,DDA,,audience_items
Teen Mom The Next Chapter,GL-DDA-1P-SHOW_Teen_Mom_The_Next_Chapter,1438120,DDA,,audience_items
The Road,GL-DDA-1P-SHOW_The_Road,1438121,DDA,,audience_items
,US-LR-DM-UltimateData-AmericanNinjaWarrior_Jan26,1438212,DDA,,audience_items
,US-LR-DM-UltimateData-Survivor_Jan26,1438213,DDA,,audience_items
,US-LR-DM-UltimateData-BigBrother_Jan26,1438214,DDA,,audience_items
,US-LR-OAP-1P-PODs_1Q26,1438260,DDA,,audience_items
,US-DDA-OAP-1P-PODs_TEST_1Q26,1438261,DDA,,audience_items
,US-DDA-OAP-MRI-Carmax_TEST_1q26,1438262,DDA,,audience_items
,US-DDA-OAP-1PD-Applebees_TEST_1q26,1438267,DDA,,audience_items
,GL-DDA-1P-MOVIE-Paranormal_Activity_4,1438282,DDA,,audience_items
,GL-DDA-1P-MOVIE-A_Quiet_Place_II,1438283,DDA,,audience_items
,GL-DDA-1P-MOVIE-Significant_Other,1438284,DDA,,audience_items
,GL-DDA-1P-MOVIE-Smile,1438285,DDA,,audience_items
,GL-DDA-1P-MOVIE-Pet_Sematary_Blood_Lines,1438286,DDA,,audience_items
,GL-DDA-1P-MOVIE-Finestkind,1438287,DDA,,audience_items
,GL-DDA-1P-MOVIE-A_Quiet_Place,1438288,DDA,,audience_items
,GL-DDA-1P-MOVIE-Out_of_Darkness,1438289,DDA,,audience_items
,GL-DDA-1P-MOVIE-A_Quiet_Place_Day_One,1438290,DDA,,audience_items
,GL-DDA-1P-MOVIE-Rosemary's_Baby,1438291,DDA,,audience_items
,GL-DDA-1P-MOVIE-Apartment_7A,1438292,DDA,,audience_items
,GL-DDA-1P-MOVIE-Smile_2,1438293,DDA,,audience_items
,GL-DDA-1P-MOVIE-Vicious,1438294,DDA,,audience_items
,GL-DDA-1P-MOVIE-Talk_to_Me,1438295,DDA,,audience_items
,GL-DDA-1P-MOVIE-Wrong_Turn,1438296,DDA,,audience_items
,GL-DDA-1P-MOVIE-Mother,1438297,DDA,,audience_items
,GL-DDA-1P-MOVIE-I_See_You,1438298,DDA,,audience_items
,GL-DDA-1P-SHOW-60_Minutes,1438299,DDA,,audience_items
,GL-DDA-1P-SHOW-Face_the_Nation,1438300,DDA,,audience_items
,GL-DDA-1P-SHOW-Sunday_Morning,1438301,DDA,,audience_items
,GL-DDA-1P-SHOW-The_Uplift,1438302,DDA,,audience_items
,GL-DDA-1P-SHOW-48_Hours,1438303,DDA,,audience_items
,GL-DDA-1P-SHOW-Never_Seen_Again,1438304,DDA,,audience_items
,GL-DDA-1P-SHOW-CBS_Mornings,1438305,DDA,,audience_items
,GL-DDA-1P-SHOW-CBS_Evening_News,1438306,DDA,,audience_items
,GL-DDA-1P-SHOW-11_Minutes,1438307,DDA,,audience_items
,GL-DDA-1P-SHOW-The_Circus,1438308,DDA,,audience_items
,GL-DDA-1P-SHOW-Dateline_NBC,1438309,DDA,,audience_items
,GL-DDA-1P-SHOW-Couples_Therapy,1438310,DDA,,audience_items
,GL-DDA-1P-SHOW-Air_Warriors,1438311,DDA,,audience_items
,GL-DDA-1P-SHOW-Inside_Mighty_Machines,1438312,DDA,,audience_items
,GL-DDA-1P-SHOW-True_Life,1438313,DDA,,audience_items
,GL-DDA-1P-SHOW-Aerial_America,1438314,DDA,,audience_items
,GL-DDA-1P-SHOW-America's_Hidden_Stories,1438315,DDA,,audience_items
,GL-DDA-1P-SHOW-Secrets_Unlocked,1438316,DDA,,audience_items
,GL-DDA-1P-SHOW-Air_Disasters,1438317,DDA,,audience_items
,GL-DDA-1P-SHOW-Secrets,1438318,DDA,,audience_items
,GL-DDA-1P-SHOW-The_Reagans,1438319,DDA,,audience_items
,GL-DDA-1P-SHOW-Whistleblower,1438320,DDA,,audience_items
,GL-DDA-1P-SHOW-7_Deadly_Sins,1438321,DDA,,audience_items
,GL-DDA-1P-SHOW-CBS_Reports,1438322,DDA,,audience_items
,GL-DDA-1P-SHOW-Pink_Collar_Crimes,1438323,DDA,,audience_items
,GL-DDA-1P-SHOW-This_American_Life,1438324,DDA,,audience_items
,GL-DDA-1P-SHOW-CBS_Saturday_Morning,1438325,DDA,,audience_items
,GL-DDA-1P-SHOW-The_Takeout,1438326,DDA,,audience_items
,GL-DDA-1P-SHOW-Deadlocked_How_America_Shaped_the_Supreme_Court,1438327,DDA,,audience_items
,GL-DDA-1P-SHOW-72_Seconds_in_Rittenhouse_Square,1438328,DDA,,audience_items
,GL-DDA-1P-SHOW-Painkiller_The_Tylenol_Murders,1438329,DDA,,audience_items
,GL-DDA-1P-SHOW-Crush,1438330,DDA,,audience_items
,GL-DDA-1P-SHOW-Born_in_Synanon,1438331,DDA,,audience_items
,GL-DDA-1P-SHOW-Cybersleuths_The_Idaho_Murders,1438332,DDA,,audience_items
,GL-DDA-1P-SHOW-CTRL+ALT+DESIRE,1438333,DDA,,audience_items
,GL-DDA-1P-SHOW-Pillowcase_Murders,1438334,DDA,,audience_items
,GL-DDA-1P-SHOW-Chopper_Cops,1438335,DDA,,audience_items
,GL-DDA-1P-SHOW-Mafia_Spies,1438336,DDA,,audience_items
,GL-DDA-1P-SHOW-PD_True,1438337,DDA,,audience_items
,GL-DDA-1P-MOVIE-Echo_in_the_Canyon,1438338,DDA,,audience_items
,GL-DDA-1P-MOVIE-We_Will_Dance_Again,1438339,DDA,,audience_items
,GL-DDA-1P-SHOW-Thirst_Trap_The_Fame_The_Fantasy_The_Fallout,1438344,DDA,,audience_items
,GL-DDA-1P-SHOW-Don't_Date_Brandon,1438346,DDA,,audience_items
,GL-DDA-1P-SHOW-Baywatch,1438348,DDA,,audience_items
,GL-DDA-1P-SHOW-Happy_Days,1438349,DDA,,audience_items
,GL-DDA-1P-SHOW-The_Best_of_the_Ed_Sullivan_Show,1438350,DDA,,audience_items
,GL-DDA-1P-SHOW-Three's_Company,1438351,DDA,,audience_items
,GL-DDA-1P-SHOW-The_Love_Boat,1438352,DDA,,audience_items
,GL-DDA-1P-SHOW-The_Best_of_the_Carol_Burnett_Show,1438353,DDA,,audience_items
,GL-DDA-1P-SHOW-The_Addams_Family,1438354,DDA,,audience_items
,GL-DDA-1P-SHOW-The_Beverly_Hillbillies,1438355,DDA,,audience_items
,GL-DDA-1P-SHOW-Beverly_Hills_90210,1438356,DDA,,audience_items
,GL-DDA-1P-SHOW-Matlock,1438357,DDA,,audience_items
,GL-DDA-1P-SHOW-The_Dick_Van_Dyke_Show,1438358,DDA,,audience_items
,GL-DDA-1P-SHOW-Cheers,1438359,DDA,,audience_items
,GL-DDA-1P-SHOW-Wings,1438360,DDA,,audience_items
,GL-DDA-1P-SHOW-The_Brady_Bunch,1438361,DDA,,audience_items
,GL-DDA-1P-SHOW-Caroline_in_the_City,1438362,DDA,,audience_items
,GL-DDA-1P-SHOW-I_Love_Lucy,1438363,DDA,,audience_items
,GL-DDA-1P-SHOW-Taxi,1438364,DDA,,audience_items
Jericho,GL-DDA-1P-SHOW_Jericho,1438365,DDA,,audience_items
MacGyver,GL-DDA-1P-SHOW_MacGyver,1438366,DDA,,audience_items
Melrose Place,GL-DDA-1P-SHOW_Melrose_Place,1438367,DDA,,audience_items
,GL-DDA-1P-SHOW-Why_Women_Kill,1438368,DDA,,audience_items
,GL-DDA-1P-SHOW-Bull,1438369,DDA,,audience_items
,GL-DDA-1P-SHOW-Hawaii_Five-0,1438370,DDA,,audience_items
,GL-DDA-1P-SHOW-SWAT,1438371,DDA,,audience_items
,GL-DDA-1P-SHOW-The_Offer,1438372,DDA,,audience_items
,GL-DDA-1P-SHOW-Halo,1438373,DDA,,audience_items
,GL-DDA-1P-MOVIE-The_Lost_City,1438374,DDA,,audience_items
,GL-DDA-1P-SHOW-SkyMed,1438375,DDA,,audience_items
,GL-DDA-1P-SHOW-Your_Honor,1438376,DDA,,audience_items
,GL-DDA-1P-SHOW-The_L_Word,1438377,DDA,,audience_items
,GL-DDA-1P-SHOW-Fire_Country,1438379,DDA,,audience_items
,GL-DDA-1P-MOVIE-Top_Gun,1438380,DDA,,audience_items
,GL-DDA-1P-MOVIE-Top_Gun_Maverick,1438381,DDA,,audience_items
,GL-DDA-1P-SHOW-Waco_The_Aftermath,1438382,DDA,,audience_items
,GL-DDA-1P-SHOW-Scorpion,1438383,DDA,,audience_items
,GL-DDA-1P-SHOW-Ghosts_of_Beirut,1438384,DDA,,audience_items
Brotherhood,GL-DDA-1P-SHOW_Brotherhood,1438385,DDA,,audience_items
Flashpoint,GL-DDA-1P-SHOW_Flashpoint,1438386,DDA,,audience_items
Lioness,GL-DDA-1P-SHOW_Lioness,1438387,DDA,,audience_items
The Woman in the Wall,GL-DDA-1P-SHOW_The_Woman_in_the_Wall,1438388,DDA,,audience_items
Elsbeth,GL-DDA-1P-SHOW_Elsbeth,1438389,DDA,,audience_items
A Gentleman in Moscow,GL-DDA-1P-SHOW_A_Gentleman_in_Moscow,1438390,DDA,,audience_items
,GL-DDA-1P-MOVIE_Gladiator,1438391,DDA,,audience_items
,GL-DDA-1P-MOVIE_Shooter,1438392,DDA,,audience_items
,GL-DDA-1P-MOVIE_Saving_Private_Ryan,1438393,DDA,,audience_items
,GL-DDA-1P-MOVIE_Braveheart,1438394,DDA,,audience_items
,GL-DDA-1P-MOVIE_World_War_Z,1438396,DDA,,audience_items
,GL-DDA-1P-MOVIE_War_of_the_Worlds,1438397,DDA,,audience_items
,GL-DDA-1P-MOVIE_We_Were_Soldiers,1438398,DDA,,audience_items
,GL-DDA-1P-MOVIE_Titanic,1438399,DDA,,audience_items
,GL-DDA-1P-MOVIE_Four_Brothers,1438401,DDA,,audience_items
,GL-DDA-1P-MOVIE_Forrest_Gump,1438402,DDA,,audience_items
,GL-DDA-1P-MOVIE_Almost_Famous,1438403,DDA,,audience_items
,GL-DDA-1P-SHOW-The_Agency,1438406,DDA,,audience_items
,GL-DDA-1P-SHOW-Dexter_New_Blood,1438408,DDA,,audience_items
,GL-DDA-1P-MOVIE-Save_The_Last_Dance,1438409,DDA,,audience_items
,GL-DDA-1P-SHOW-Watson,1438410,DDA,,audience_items
,GL-DDA-1P-MOVIE-Gladiator_II,1438411,DDA,,audience_items
,GL-DDA-1P-MOVIE-September_5,1438412,DDA,,audience_items
,GL-DDA-1P-MOVIE-The_Pursuit_of_Happyness,1438413,DDA,,audience_items
,GL-DDA-1P-MOVIE-Pain_&_Gain,1438414,DDA,,audience_items
,GL-DDA-1P-SHOW-Happy_Face,1438415,DDA,,audience_items
,GL-DDA-1P-SHOW-Killing_Eve,1438416,DDA,,audience_items
,GL-DDA-1P-MOVIE-Jack_Ryan_Shadow_Recruit,1438417,DDA,,audience_items
,GL-DDA-1P-MOVIE-Jack_Reacher,1438418,DDA,,audience_items
,GL-DDA-1P-MOVIE-Better_Man,1438419,DDA,,audience_items
,GL-DDA-1P-SHOW-Longmire,1438420,DDA,,audience_items
,GL-DDA-1P-MOVIE-The_Guardian,1438421,DDA,,audience_items
,GL-DDA-1P-MOVIE-First_Shift,1438422,DDA,,audience_items
,GL-DDA-1P-MOVIE-Faster,1438423,DDA,,audience_items
,GL-DDA-1P-MOVIE-Novocaine,1438424,DDA,,audience_items
,GL-DDA-1P-SHOW-NCIS_Tony_and_Ziva,1438425,DDA,,audience_items
,GL-DDA-1P-SHOW-Sheriff_Country,1438426,DDA,,audience_items
,GL-DDA-1P-MOVIE-The_Fighter,1438427,DDA,,audience_items
,GL-DDA-1P-SHOW-Boston_Blue,1438428,DDA,,audience_items
,GL-DDA-1P-SHOW-Red_Alert,1438429,DDA,,audience_items
,GL-DDA-1P-SHOW-The_Guest,1438430,DDA,,audience_items
Marshals,GL-DDA-1P-SHOW_Marshals,1438598,DDA,,audience_items
,GL-DDA-1P-MOVIE-Morning_Glory,1438602,DDA,,audience_items
,GL-DDA-1P-SHOW-NCIS_Sydney,1438603,DDA,,audience_items
,GL-DDA-1P-SHOW-Tracker,1438604,DDA,,audience_items
,GL-DDA-1P-SHOW-NCIS_Origins,1438605,DDA,,audience_items
,GL-DDA-1P-SHOW-Life_Unexpected,1438606,DDA,,audience_items
,US-LR-DM-Acxiom-GenerationZ_Jan26,1438610,DDA,,audience_items
,US-LR-1P-Acxiom-SparklingWaterDrinkers_U6634686_Jan26,1438611,DDA,,audience_items
,US-LR-DM-Acxiom-Olympics_SuperFans_Jan26,1439495,DDA,,audience_items
,US-LR-DM-Acxiom-Olympics_TeamUSAFans_Jan26,1439497,DDA,,audience_items
,US-LR-FavorDelivery-gold-free-trial-Jan26,1439716,DDA,,audience_items
,US-LR-FavorDelivery-gold-paying-EV-Jan26,1439717,DDA,,audience_items
,US-LR-FavorDelivery-active-automated-04-Jan26,1439718,DDA,,audience_items
,US-LR-1P-FavorDelivery-churned-90days-06-Jan26,1439719,DDA,,audience_items
,US-LR-1P-FavorDelivery-01-unactivated180days--Jan26,1439720,DDA,,audience_items
,US-LR-1P-FavorDelivery-05-churningautomated--Jan26,1439721,DDA,,audience_items
,US-LR-1P-FavorDelivery-dayssinceactivation-02-Jan26,1439722,DDA,,audience_items
,US-LR-1P-FavorDelivery-dayssinceactivation-03-Jan26,1439723,DDA,,audience_items
,US-LR-DM-Acxiom-QuickServicePizza-Jan26,1439725,DDA,,audience_items
,US-LR-DM-Acxiom-CasualDiningPizza-Jan26,1439726,DDA,,audience_items
,US-DDA-PMXLift-USAA_669454_v10_Jan26 deactivated at 2026-01-12 17:34:54 UTC,1439742,DDA,,audience_items
,US-DDA-OAP-Toyota_BevFamily_Jan26,1439748,DDA,,audience_items
,US-DDA-OAP-Ulta_1Q26,1439771,DDA,,audience_items
,US-LR-1P-IBM_AllLeaders_Jan26,1439772,DDA,,audience_items
,US-LR-1P-IBM_ITLeaders_Jan26,1439773,DDA,,audience_items
,US-LR-1P-IBM_TechLeaders_Jan26,1439774,DDA,,audience_items
,US-LR-1P-IBM_HRLeaders_Jan26,1439775,DDA,,audience_items
,US-LR-1P-IBM_CSLeaders_Jan26,1439776,DDA,,audience_items
,US-LR-1P-IBM_ProcurementLeaders_Jan26,1439777,DDA,,audience_items
,US-LR-1P-IBM_SalesLeaders_Jan26,1439778,DDA,,audience_items
,US-LR-1P-IBM_DataLeaders_Jan26,1439779,DDA,,audience_items
,US-LR-1P-IBM_IntegrationLeaders_Jan26,1439780,DDA,,audience_items
,US-LR-1P-IBM_InfrastructureLeaders_Jan26,1439781,DDA,,audience_items
,US-LR-1P-IBM_DevOpsEng_Jan26,1439782,DDA,,audience_items
,US-LR-1P-IBM_FinanceLeaders_Jan26,1439783,DDA,,audience_items
,US-LR-1P-IBM_OpsLeaders_Jan26,1439784,DDA,,audience_items
,US-LR-1P-IBM_DSRGLeaders_Jan26,1439785,DDA,,audience_items
,US-LR-1P-IBM_IdentityLeaders_Jan26,1439786,DDA,,audience_items
,US-LR-1P-IBM_CoreCXO_Jan26,1439787,DDA,,audience_items
,US-LR-1P-IBM_AIITTechCXO_Jan26,1439788,DDA,,audience_items
,US-LR-1P-IBM_HRCXO_Jan26,1439789,DDA,,audience_items
,US-LR-1P-IBM_CSCXO_Jan26,1439790,DDA,,audience_items
,US-LR-1P-IBM_DataCXO_Jan26,1439791,DDA,,audience_items
,US-LR-1P-IBM_DSRGCXO_Jan26,1439792,DDA,,audience_items
,US-LR-1P-IBM_FinanceCXO_Jan26,1439793,DDA,,audience_items
,US-DDA-PMXLift-Walmart_674153_v1_Jan26,1439794,DDA,,audience_items
,US-DDA-PMXLift-Walmart_674162_v4_Jan26,1439795,DDA,,audience_items
,US-DDA-PMXLift-Walmart_674165_v5_Jan26,1439796,DDA,,audience_items
,US-DDA-PMXLift-Walmart_674250_v1_Jan26,1439797,DDA,,audience_items
,US-DDA-PMXLift-Walmart_674258_v4_Jan26,1439799,DDA,,audience_items
,US-DDA-PMXLift-Walmart_674262_v5_Jan26,1439800,DDA,,audience_items
,GL-DDA-1P-SHOW-NCIS_Hawaii,1439847,DDA,,audience_items
,GL-DDA-1P-SHOW-Murder_360,1439848,DDA,,audience_items
,GL-DDA-1P-SHOW-Landman,1439849,DDA,,audience_items
,US-LR-1P-Walmart_SHA256_ShopperEcomm_Jan26,1440123,DDA,,audience_items
,US-LR-DM-Acxiom-DietChoice_Vegan_Jan26,1440342,DDA,,audience_items
,US-LR-DM-Acxiom-TechnologyEnthusiast-Dec25,1440343,DDA,,audience_items
,US-LR-DM-Alliant-HairCareBuyer_Jan26,1440353,DDA,,audience_items
,US-LR-DM-MRI-NaturalOROrganicBeautyUser_Jan26,1440354,DDA,,audience_items
,US-LR-DM-Experian-AffectionatePassionate_Jan26,1440355,DDA,,audience_items
,US-CR-Annalect-Boehringer_Can_Do_Kate_Jan26,1440377,DDA,,audience_items
,US-CR-Annalect-Boehringer_Optimistic_Olivia_Jan26,1440378,DDA,,audience_items
,US-CR-Annalect-Boehringer_RealisticReggie_Jan26,1440379,DDA,,audience_items
,US-LR-DM-Acxiom-CoupleswithoutChildren-Jan26,1440400,DDA,,audience_items
,US-LR-DM-Acxiom-BasketballFan-Jan26,1440406,DDA,,audience_items
,US-LR-DM-Alliant-CollegeBasketballFans,1440407,DDA,,audience_items
,US-LR-DM-SambaTV-BiographicalMusicianMovie-Jan26,1440408,DDA,,audience_items
,US-DDA-OAP-EndoPharmaceuticals_U6632054_1Q26,1440658,DDA,,audience_items
,US-DDA-OAP-Evereve_Evereve_Jan26,1440665,DDA,,audience_items
,US-LR-DM-Acxiom-LikelyHomeValue-150k200k-Jan26,1440668,DDA,,audience_items
,US-LR-DM-Acxiom-LikelyHomeValue-300k400k-Jan26,1440669,DDA,,audience_items
,US-LR-DM-Acxiom-LikelyHomeValue-200k300k-Jan26,1440670,DDA,,audience_items
,GL-DDA-1P-MOVIE-The_Running_Man,1440677,DDA,,audience_items
,US-CR-Annalect-Pepsi_EmptyNesters_Jan26,1440792,DDA,,audience_items
,US-CR-Annalect-Pepsi_TrendsettingHHs_Jan26,1440794,DDA,,audience_items
,US-CR-Annalect-Pepsi_LoyalSportsFans_Jan26,1440795,DDA,,audience_items
,US-CR-Annalect-Pepsi_SportyFunctionalSeekers_Jan26,1440796,DDA,,audience_items
,US-CR-Annalect-Pepsi_ActiveTasteSeekers_Jan26,1440798,DDA,,audience_items
,US-LR-DM-Acxiom-AffluentParentsOfTeens-Oct25,1440800,DDA,,audience_items
,US-CR-Annalect-Pepsi_HealthyFitnessEnthusiast_Jan26,1440803,DDA,,audience_items
,US-LR-DM-Acxiom-FootballSpectator-Jan26,1440822,DDA,,audience_items
,US-LR-DM-Acxiom-StreamingServiceSubscriber-Jan26,1440823,DDA,,audience_items
,US-CR-Annalect-Boehringer_CanDoKate_Jan26,1440826,DDA,,audience_items
,US-DDA-NFL-Retarget-70376-Jan26,1440838,DDA,,audience_items
,US-LR-DM-Acxiom-YoutubeTVSubscriber-Jan26,1440991,DDA,,audience_items
,US-LR-DM-Acxiom-PhiloSubscriber-Jan26,1440992,DDA,,audience_items
,US-LR-DM-Epsilon-BargainShoppers-Likely-Jan26,1440993,DDA,,audience_items
,US-LR-DM-Acxiom-AllNBAFans-Jan26,1440994,DDA,,audience_items
,US-LR-DM-Epsilon-DiscountFurnitureShoppers-Jan26,1440995,DDA,,audience_items
,US-LR-DM-Experian-HomeDecor-AffordableInStoreSpenders-Jan26,1440998,DDA,,audience_items
,US-DDA-OAP-Acxiom-Constellation_Modelo_1q26,1441007,DDA,,audience_items
,GL-DDA-1P-SHOW-The_Tony_Awards,1441030,DDA,,audience_items
,US-LR-DM-Audigent_FrequentlyAttendsLiveEvents_Jan26,1441031,DDA,,audience_items
,GL-DDA-1P-SHOW-The_Golden_Globe_Awards,1441046,DDA,,audience_items
,US-LR-1P-EPC-Santander_Achievers_BMA_Jan26,1441050,DDA,,audience_items
,US-LR-1P-EPC-Santander_BlissfulVoyagers_BBV_Jan26,1441051,DDA,,audience_items
,US-LR-1P-EPC-Santander_AbundanceSeekers_BAS_Jan26,1441052,DDA,,audience_items
,US-LR-1P-EPC-Santander_DigitalSavers_DS_Jan26,1441053,DDA,,audience_items
,GL-DDA-1P-SHOW-Willie_Nelson_&_Family,1441064,DDA,,audience_items
,GL-DDA-1P-SHOW-Reinventing_Elvis_The_68_Comeback,1441069,DDA,,audience_items
,US-LR-DM-Acxiom-AllWNBAFans-Jan26,1441325,DDA,,audience_items
,US-LR-DM-ATVEXP-Finance-InMarketHomeEquity-Jan26,1441326,DDA,,audience_items
,US-LR-DM-TransUnion-BarGoers_Jan26,1441327,DDA,,audience_items
,US-LR-Crossix-VC11135_Jan26,1441328,DDA,,audience_items
,US-LR-1P-EPC-JerseyMikes_667870_Jan26,1441331,DDA,,audience_items
,US-LR-1P-EPC-JerseyMikes_667867_Jan26,1441332,DDA,,audience_items
,GL-DDA-1P-SHOW-The_Grammy_Awards,1441365,DDA,,audience_items
,GL-DDA-1P-SHOW-A_Grammy_Celebration_of_Latin_Music,1441366,DDA,,audience_items
,uspsq126v1,1441370,DDA,,audience_items
,walmarttwoq126v1,1441371,DDA,,audience_items
,BETHouseofPayneQ126V1,1441395,DDA,,audience_items
,BETTheCoachVickExperienceQ126V1,1441396,DDA,,audience_items
,US-DDA-QRM-SMB_Paramount Ads Manager_921865_XYZ deactivated at 2026-01-20 11:43:22 UTC,1441675,DDA,,audience_items
,US-LR-Acxiom-1P-Anthropic_A1864KWPS_Jan26,1441761,DDA,,audience_items
,US-LR-DM-Acxiom-HomeAge_1900_1940_Jan26,1441762,DDA,,audience_items
,US-LR-DM-Acxiom-HomeAge_1941_1950_Jan26,1441763,DDA,,audience_items
,US-LR-DM-Acxiom-HomeAge_1951_1960_Jan26,1441764,DDA,,audience_items
,US-LR-DM-Acxiom-HomeAge_1961_1970_Jan26,1441767,DDA,,audience_items
,US-LR-DM-Acxiom-HomeAge_1971_1980_Jan26,1441768,DDA,,audience_items
,US-LR-DM-Acxiom-HomeAge_1981_1985_Jan26,1441769,DDA,,audience_items
,US-LR-DM-Acxiom-HomeAge_1986_1990_Jan26,1441770,DDA,,audience_items
,US-LR-DM-Acxiom-HomeAge_1991_1995_Jan26,1441771,DDA,,audience_items
,US-LR-DM-Acxiom-HomeAge_1996_2000_Jan26,1441772,DDA,,audience_items
,US-LR-DM-Transunion_HomeBuilt_1996-2000_Jan26,1441773,DDA,,audience_items
,US-LR-DM-Transunion_HomeBuilt_2001-2005_Jan26,1441774,DDA,,audience_items
,US-CR-Annalect-Canva_KW_or_1P,1441775,DDA,,audience_items
,US-DDA-PMXLift-EliLilly_674638_v1,1441800,DDA,,audience_items
,US-LR-Crossix-VC11148_Jan26,1441855,DDA,,audience_items
,US-LR-Crossix-VC11149_Jan26,1441857,DDA,,audience_items
,US-LR-DM-Experian-AnyCarMakeOrModel,1441862,DDA,,audience_items
,US-CR-Annalect-HomeDepot_SpringDelivery,1441868,DDA,,audience_items
,GL-DDA-1P-SHOW-The_New_Edition_Story,1441879,DDA,,audience_items
,GL-DDA-1P-SHOW-I'm_Dying_Up_Here,1441880,DDA,,audience_items
,GL-DDA-1P-SHOW-First_Wives_Club,1441881,DDA,,audience_items
,GL-DDA-1P-MOVIE-Swingers,1441882,DDA,,audience_items
,US-CR-Annalect-BurgerKing_CoreDemo,1442053,DDA,,audience_items
,GL-DDA-1P-SHOW-Zatima,1442138,DDA,,audience_items
,US-LR-DM-Acxiom-RepublicanVoter,1442158,DDA,,audience_items
,US-DDA-QRM-SMB_926200_1287196,1442168,DDA,,audience_items
,GL-DDA-1P_Zoey_102,1442169,DDA,,audience_items
,GL-DDA-1P_N10__A_Quiet_Place_Part_II,1442170,DDA,,audience_items
,GL-DDA-1P_Awkward_,1442171,DDA,,audience_items
,GL-DDA-1P_Disasters_at_Sea,1442172,DDA,,audience_items
,GL-DDA-1P_Teenage_Mutant_Ninja_Turtles__Mutant_Mayhem,1442173,DDA,,audience_items
,US-DDA-QRM-SMB_921865_40039305,1442174,DDA,,audience_items
,GL-DDA-1P_Dallas_Cowboys_Cheerleaders-_Making_The_Team,1442175,DDA,,audience_items
,GL-DDA-1P_Bodyguard_of_Lies,1442176,DDA,,audience_items
,GL-DDA-1P_Yonder,1442177,DDA,,audience_items
,GL-DDA-1P_SOUTH_PARK_THE_STREAMING_WARS_PART_2,1442178,DDA,,audience_items
,US-DDA-QRM-SMB_932616_1286845,1442179,DDA,,audience_items
,US-DDA-QRM-SMB_932616_1286800,1442180,DDA,,audience_items
,GL-DDA-1P_Sonic_The_Hedgehog_3,1442181,DDA,,audience_items
,GL-DDA-1P_The_Challenge_-_All_Stars,1442182,DDA,,audience_items
,US-DDA-QRM-SMB_921865_40039661,1442183,DDA,,audience_items
,GL-DDA-1P_Pet_Sematary__2019_,1442184,DDA,,audience_items
,GL-DDA-1P_Love___Hip_Hop_Hollywood_Series,1442185,DDA,,audience_items
,GL-DDA-1P_Dexter_-_Original_Sin,1442186,DDA,,audience_items
,GL-DDA-1P_FBI_-_International,1442187,DDA,,audience_items
,GL-DDA-1P_Baldwin_Hills,1442188,DDA,,audience_items
,US-DDA-QRM-SMB_921865_40038935,1442189,DDA,,audience_items
,US-DDA-QRM-SMB_923688_1286787,1442190,DDA,,audience_items
,US-DDA-QRM-SMB_921865_40037458,1442191,DDA,,audience_items
,GL-DDA-1P_INTL___Milli_Vanilli,1442192,DDA,,audience_items
,GL-DDA-1P_Uncharted,1442193,DDA,,audience_items
,GL-DDA-1P_Teen_Wolf,1442194,DDA,,audience_items
,GL-DDA-1P_Sonic_the_Hedgehog_2,1442195,DDA,,audience_items
,GL-DDA-1P_Sonic_the_Hedgehog,1442196,DDA,,audience_items
,GL-DDA-1P_Run_s_House,1442197,DDA,,audience_items
,GL-DDA-1P_A_I__Artificial_Intelligence,1442198,DDA,,audience_items
,GL-DDA-1P_All_Star_Shore,1442199,DDA,,audience_items
,GL-DDA-1P_A_Song_Film_by_Kishi_Bashi__Omoiyari,1442200,DDA,,audience_items
,US-DDA-QRM-SMB_921865_40039727,1442201,DDA,,audience_items
,US-DDA-QRM-SMB_921865_40039020,1442202,DDA,,audience_items
,US-DDA-QRM-SMB_921865_40037291,1442203,DDA,,audience_items
,US-DDA-QRM-SMB_921865_40037956,1442205,DDA,,audience_items
,US-DDA-QRM-SMB_921865_40038617,1442204,DDA,,audience_items
,GL-DDA-1P_INTL___Cloverfield,1442206,DDA,,audience_items
,GL-DDA-1P_Half___Half,1442207,DDA,,audience_items
,GL-DDA-1P_STANS,1442208,DDA,,audience_items
,GL-DDA-1P_Interstellar,1442209,DDA,,audience_items
,GL-DDA-1P_Colleen_Hoover_s_Regretting_You,1442210,DDA,,audience_items
,GL-DDA-1P_Nellyville,1442211,DDA,,audience_items
,GL-DDA-1P_Top_Gear_UK,1442213,DDA,,audience_items
,GL-DDA-1P_Dream_Cars,1442212,DDA,,audience_items
,GL-DDA-1P_True_Life_Crime,1442214,DDA,,audience_items
,GL-DDA-1P_Catch_Me_If_You_Can,1442215,DDA,,audience_items
,US-CR-Annalect-HomeDepot_PresidentsDay,1442284,DDA,,audience_items
,US-LR-DM-Acxiom-HomeValue_200kplus,1442288,DDA,,audience_items
,US-DDA-TU-HomeBuilt_35+Years,1442355,DDA,,audience_items
,US-LR-DM-Acxiom-WatchCultClassicMovies,1442358,DDA,,audience_items
,US-LR-DM-Alliant-ViewersofSupernatural,1442359,DDA,,audience_items
,US-LR-DM-AnalyticsIQ-Political-SwingVoters,1442360,DDA,,audience_items
,US-LR-1P-CrossScreenMedia_AZ06,1442376,DDA,,audience_items
,US-LR-1P-CrossScreenMedia_CA03,1442377,DDA,,audience_items
,US-LR-1P-CrossScreenMedia_CA13,1442378,DDA,,audience_items
,US-LR-1P-CrossScreenMedia_CA22,1442379,DDA,,audience_items
,US-LR-1P-CrossScreenMedia_CA48,1442380,DDA,,audience_items
,US-LR-1P-CrossScreenMedia_CO08,1442381,DDA,,audience_items
,US-LR-1P-CrossScreenMedia_IA01,1442382,DDA,,audience_items
,US-LR-1P-CrossScreenMedia_IA03,1442383,DDA,,audience_items
,US-LR-1P-CrossScreenMedia_ME02,1442384,DDA,,audience_items
,US-LR-1P-CrossScreenMedia_MI07,1442385,DDA,,audience_items
,US-LR-1P-CrossScreenMedia_MI08,1442386,DDA,,audience_items
,US-LR-1P-CrossScreenMedia_MI10,1442387,DDA,,audience_items
,US-LR-1P-CrossScreenMedia_NC01,1442388,DDA,,audience_items
,US-LR-1P-CrossScreenMedia_NE02,1442389,DDA,,audience_items
,US-LR-1P-CrossScreenMedia_NH01,1442390,DDA,,audience_items
,US-LR-1P-CrossScreenMedia_NH02,1442391,DDA,,audience_items
,US-LR-1P-CrossScreenMedia_NJ07,1442392,DDA,,audience_items
,US-LR-1P-CrossScreenMedia_NJ09,1442393,DDA,,audience_items
,US-LR-1P-CrossScreenMedia_NM02,1442394,DDA,,audience_items
,US-LR-1P-CrossScreenMedia_NV03,1442396,DDA,,audience_items
,US-LR-1P-CrossScreenMedia_NY03,1442397,DDA,,audience_items
,US-LR-1P-CrossScreenMedia_NY04,1442398,DDA,,audience_items
,US-LR-1P-CrossScreenMedia_NY17,1442399,DDA,,audience_items
,US-LR-1P-CrossScreenMedia_NY18,1442400,DDA,,audience_items
,US-LR-1P-CrossScreenMedia_NY19,1442401,DDA,,audience_items
,US-LR-1P-CrossScreenMedia_OH01,1442404,DDA,,audience_items
,US-LR-1P-CrossScreenMedia_OH09,1442405,DDA,,audience_items
,US-LR-1P-CrossScreenMedia_PA01,1442406,DDA,,audience_items
,US-LR-1P-CrossScreenMedia_PA07,1442407,DDA,,audience_items
,US-LR-1P-CrossScreenMedia_PA08,1442408,DDA,,audience_items
,US-LR-1P-CrossScreenMedia_PA10,1442409,DDA,,audience_items
,US-LR-1P-CrossScreenMedia_TX28,1442410,DDA,,audience_items
,US-LR-1P-CrossScreenMedia_TX34,1442411,DDA,,audience_items
,US-LR-1P-CrossScreenMedia_VA02,1442412,DDA,,audience_items
,US-LR-1P-CrossScreenMedia_WA03,1442413,DDA,,audience_items
,US-LR-1P-CrossScreenMedia_WI03,1442414,DDA,,audience_items
,US-LR-1P-CrossScreenMedia_NonTargetDMAs,1442415,DDA,,audience_items
,US-LR-DM-TransUnion-AxeDeodorant,1442430,DDA,,audience_items
,US-LR-DM-AffinityAnswers-DoveMenCare,1442431,DDA,,audience_items
,US-LR-DM-Acxiom-LikelyMarketValue_401K_10K-49K,1442438,DDA,,audience_items
,US-LR-DM-Acxiom-LikelyMarketValue_401K_50K-149K,1442439,DDA,,audience_items
,US-LR-DM-TransUnion-BudgetShoppers,1442440,DDA,,audience_items
,US-LR-DM-Acxiom-CostConsciousShoppers,1442441,DDA,,audience_items
,US-DDA-PMXLift-Wendys_674508_v1,1442447,DDA,,audience_items
,US-DDA-PMXLift-Wendys_674512_v2,1442448,DDA,,audience_items
,US-DDA-PMXLift-Wendys_674516_v3,1442449,DDA,,audience_items
,US-DDA-PMXLift-Wendys_674520_v4,1442450,DDA,,audience_items
,US-DDA-PMXLift-Wendys_674522_v5,1442451,DDA,,audience_items
,US-LR-DM-Acxiom-Interest_Investing,1442452,DDA,,audience_items
,US-LR-DM-Acxiom-Behavioral_ExperienceInFinance_Investments,1442453,DDA,,audience_items
,US-LR-DM-AlarisPolitics-Primary_DemocratVoters,1442455,DDA,,audience_items
,US-LR-DM-AlarisPolitics-Primary_RepublicanVoters,1442456,DDA,,audience_items
,US-LR-Swoop-Amgen_1022629681,1442546,DDA,,audience_items
,US-LR-DM-Alliant-OldSpice,1442551,DDA,,audience_items
,US-CR-Annalect-Pepsi_SportsDrinkBuyers_Jan26,1442553,DDA,,audience_items
,US-CR-Annalect-Pepsi_SportsEnthusiasts_Jan26,1442554,DDA,,audience_items
,US-LR-DM-AnalyticsIQ-Political-SwingVoters-Jan26,1442555,DDA,,audience_items
,US-LR-DM-Epsilon-Interest_CheckingAccountCustomers,1442556,DDA,,audience_items
,US-LR-DM-Epsilon-Caregivers,1442557,DDA,,audience_items
,US-DDA-QRM-SMB_940225_1284632,1442568,DDA,,audience_items
,US-DDA-PMXLift-GulfStateToyota_674868_v1,1442572,DDA,,audience_items
,US-DDA-PMXLift-GulfStateToyota_674924_v3,1442573,DDA,,audience_items
,US-DDA-PMXLift-GulfStateToyota_674928_v4,1442574,DDA,,audience_items
,US-DDA-PMXLift-GulfStateToyota_674930_v5,1442575,DDA,,audience_items
,US-DDA-PMXLift-GulfStateToyota_674935_v6,1442576,DDA,,audience_items
,US-CR-Annalect-Canva_KW_18_49,1442588,DDA,,audience_items
,US-LR-DM-Acxiom-SpecialtySportsStreaming_Cycling,1442589,DDA,,audience_items
,US-LR-DM-Alliant-DocumentarySportViewerPropensity,1442590,DDA,,audience_items
,US-HT-G1-Experian-IFA,1442681,DDA,,audience_items
,US-HT-G1-Experian-HEM,1442682,DDA,,audience_items
,US-HT-G1-Experian-IP,1442683,DDA,,audience_items
,US-HT-G1-TU-IFA,1442684,DDA,,audience_items
,US-HT-G1-TU-IP,1442685,DDA,,audience_items
,US-HT-G1-TU-HEM,1442686,DDA,,audience_items
,US-HT-G1-Adstra-IFA,1442687,DDA,,audience_items
,US-HT-G1-Adstra-HEM,1442689,DDA,,audience_items
,US-HT-G1-Adstra-IP,1442692,DDA,,audience_items
,US-LR-DM-Bridge-Presidential_DemocratVoters_Primary,1442739,DDA,,audience_items
,US-LR-DM-Bridge-PresidentialRepublicanVoter_Primary,1442742,DDA,,audience_items
,US-LR-DM-Adstra-FrequentPresidentialRepublicanVoters_Primary,1442743,DDA,,audience_items
,US-LR-DM-Adstra-FrequentPresidentialDemocratVoters_Primary,1442744,DDA,,audience_items
,US-LR-DM-Bombora_B2B_DecisionMakers_Government,1442745,DDA,,audience_items
,US-LR-Swoop-Amgen_1022712241,1442778,DDA,,audience_items
,GL-DDA-1P_The_Drew_Barrymore_Show,1442792,DDA,,audience_items
,US-DDA-PMXLift-AceHardware_674781_v1,1442801,DDA,,audience_items
,US-DDA-PMXLift-AceHarwdware_674836_v2,1442802,DDA,,audience_items
,US-DDA-PMXLift-AceHardware_674840_v3,1442803,DDA,,audience_items
,US-DDA-PMXLift-AceHardware_674848_v4,1442804,DDA,,audience_items
,US-DDA-PMXLift-AceHardware_674850_v5,1442805,DDA,,audience_items
,US-DDA-PMXLift-AceHardware_674860_v6,1442806,DDA,,audience_items
,US-DDA-OAP-Merkle-CrackerBarrelSpring_1q26,1442807,DDA,,audience_items
,US-LR-DM-Experian-Homeowner_LikelyToSell_in12mo,1442855,DDA,,audience_items
,US-LR-DM-Acxiom-LikelyTo_SellHouse-Residence_InNextYear,1442856,DDA,,audience_items
,US-LR-DM-Experian-NetWorth1M-2M,1442910,DDA,,audience_items
,US-LR-1P-PBS_SkipGates_2026,1442994,DDA,,audience_items
,US-LR-DM-Bridge-Interest_Religion,1442995,DDA,,audience_items
,US-LR-DM-Acxiom-LikelyBehavior_ConnectedPlayers,1443001,DDA,,audience_items
,US-LR-DM-Epsilon-LivestreamConsumers_Likely,1443003,DDA,,audience_items
,US-LR-DM-Acxiom-StreamingServices_TwitchTV,1443004,DDA,,audience_items
,US-CR-Annalect-StateFarm_USAchievers,1443021,DDA,,audience_items
,US-CR-Annalect-StateFarm_USCaptains,1443022,DDA,,audience_items
,US-CR-Annalect-StateFarm_USFortifiers,1443023,DDA,,audience_items
,US-CR-Annalect-StateFarm_USSuperchargers,1443024,DDA,,audience_items
,US-LR-DM-Epsilon-TravelIntenders_LasVegas,1443052,DDA,,audience_items
,US-LR-1P-Crossix-1P-VC11201,1443056,DDA,,audience_items
,US-DDA-OAP-M1-JCP2503,1443061,DDA,,audience_items
,US-DDA-OAP-M1-JCP25QTR,1443062,DDA,,audience_items
,US-DDA-OAP-ATT_YoungANDDiverse,1443064,DDA,,audience_items
,US-DDA-OAP-ATT_DiscerningProfessionals,1443065,DDA,,audience_items
,US-DDA-OAP-ATT_NoFrillsBoomers,1443066,DDA,,audience_items
,US-DDA-QRM-SMB_939178_40040389,1443109,DDA,,audience_items
,US-LR-1P-i360-CFG_TX09_Primary_DigitalTargets,1443174,DDA,,audience_items
,GL-DDA-1P_Top_Chef,1443194,DDA,,audience_items
,GL-DDA-1P_Can_You_Keep_a_Secret_,1443195,DDA,,audience_items
,US-LR-DM-Bombora-Education_CollegesUniversities,1443202,DDA,,audience_items
,US-LR-DM-Epsilon-Cooking_GrillingEnthusiasts,1443237,DDA,,audience_items
,US-LR-IQVIA-Amgen-SM989_4870126,1443247,DDA,,audience_items
,US-LR-1P-WPP-IBM-LOB_HRLeaders,1443364,DDA,,audience_items
,US-LR-1P-WPP-IBM-LOB_CustSvc,1443365,DDA,,audience_items
,US-LR-1P-WPP-IBM-ProcurementLeaders,1443366,DDA,,audience_items
,US-LR-1P-WPP-IBM-LOB_SalesLeader,1443367,DDA,,audience_items
,US-LR-1P-WPP-IBM-TechLeader_CoreCXODIS,1443368,DDA,,audience_items
,US-LR-1P-WPP-IBM-AI_Leaders,1443370,DDA,,audience_items
,US-LR-1P-WPP-IBM-IT_Leaders,1443371,DDA,,audience_items
,US-LR-1P-WPP-IBM-TechLeaders,1443372,DDA,,audience_items
,US-LR-1P-WPP-IBM-DataLeaders,1443373,DDA,,audience_items
,US-LR-1P-WPP-IBM-InfrastructureLeaders,1443374,DDA,,audience_items
,US-LR-1P-WPP-IBM-IntegrationLeaders,1443375,DDA,,audience_items
,US-LR-1P-WPP-IBM-Leaders,1443376,DDA,,audience_items
,US-LR-1P-WPP-IBM-CXO,1443377,DDA,,audience_items
,US-LR-1P-WPP-IBM-DevOps_PlatformEng,1443378,DDA,,audience_items
,US-LR-1P-WPP-IBM-Operations-Facilities_Leaders,1443379,DDA,,audience_items
,US-LR-1P-WPP-IBM-Finance-BusinessAnalysts,1443380,DDA,,audience_items
,US-LR-1P-WPP-IBM-DataSec_Risk_GovLeaders,1443381,DDA,,audience_items
,US-LR-1P-WPP-IBM-IdentityLeaders,1443382,DDA,,audience_items
,US-LR-1P-WPP-IBM-NonLeaders,1443383,DDA,,audience_items
,US-LR-1P-WPP-IBM-Non-CXOs,1443384,DDA,,audience_items
,US-LR-DM-Acxiom-Music_AvidListener,1443386,DDA,,audience_items
,US-LR-DM-Adstra-PrimaryElectionVoters_Democrat,1443388,DDA,,audience_items
,GL-DDA-1P_Zuffa_Boxing,1443402,DDA,,audience_items
,GL-DDA-1P_Handsome_Devil_-_Charming_Killer,1443403,DDA,,audience_items
,US-LR-DM-Experian_HomeValue750K-999K,1443452,DDA,,audience_items
,US-LR-DM-Experian_HomeValueOver1Million,1443453,DDA,,audience_items
,US-DDA-OAP-LibertyMutual_Stephanie_D1,1443497,DDA,,audience_items
,US-DDA-OAP-LibertyMutual_Stephanie_D2,1443503,DDA,,audience_items
,US-DDA-OAP-LibertyMutual_Stephanie_D3,1443505,DDA,,audience_items
,US-DDA-OAP-LibertyMutual_Stephanie_D5,1443509,DDA,,audience_items
,US-DDA-OAP-LibertyMutual_Stephanie_D6,1443513,DDA,,audience_items
,US-DDA-OAP-LibertyMutual_Stephanie_D7,1443516,DDA,,audience_items
,US-DDA-OAP-LibertyMutual_Stephanie_D4,1443518,DDA,,audience_items
,US-DDA-OAP-LibertyMutual_AllenPlus_D2,1443522,DDA,,audience_items
,US-DDA-OAP-LibertyMutual_AllenPlus_D3,1443524,DDA,,audience_items
,US-DDA-OAP-LibertyMutual_AllenPlus_D1,1443583,DDA,,audience_items
,US-DDA-OAP-LibertyMutual_AllenPlus_D4,1443584,DDA,,audience_items
,US-DDA-OAP-LibertyMutual_AllenPlus_D5,1443585,DDA,,audience_items
,US-DDA-OAP-LibertyMutual_AllenPlus_D6,1443586,DDA,,audience_items
,US-DDA-OAP-LibertyMutual_AllenPlus_D7,1443587,DDA,,audience_items
,US-DDA-OAP-LibertyMutual_AffluentAllen_D1,1443588,DDA,,audience_items
,US-DDA-OAP-LibertyMutual_AffluentAllen_D2,1443589,DDA,,audience_items
,US-DDA-OAP-LibertyMutual_AffluentAllen_D3,1443590,DDA,,audience_items
,US-DDA-OAP-LibertyMutual_AffluentAllen_D4,1443591,DDA,,audience_items
,US-DDA-OAP-LibertyMutual_AffluentAllen_D5,1443592,DDA,,audience_items
,US-DDA-OAP-LibertyMutual_AffluentAllen_D6,1443593,DDA,,audience_items
,US-DDA-OAP-LibertyMutual_AffluentAllen_D7,1443594,DDA,,audience_items
,US-DDA-OAP-LibertyMutual_AspiringAllen_D1,1443609,DDA,,audience_items
,US-DDA-OAP-LibertyMutual_AspiringAllen_D2,1443610,DDA,,audience_items
,US-DDA-OAP-LibertyMutual_AspiringAllen_D3,1443611,DDA,,audience_items
,US-DDA-OAP-LibertyMutual_AspiringAllen_D4,1443612,DDA,,audience_items
,US-DDA-OAP-LibertyMutual_AspiringAllen_D5,1443613,DDA,,audience_items
,US-DDA-OAP-LibertyMutual_AspiringAllen_D6,1443614,DDA,,audience_items
,US-DDA-OAP-LibertyMutual_AspiringAllen_D7,1443615,DDA,,audience_items
,US-DDA-OAP-LibertyMutual_Edward_D1,1443616,DDA,,audience_items
,US-DDA-OAP-LibertyMutual_Edward_D2,1443617,DDA,,audience_items
,US-DDA-OAP-LibertyMutual_Edward_D3,1443618,DDA,,audience_items
,US-DDA-OAP-LibertyMutual_Edward_D4,1443619,DDA,,audience_items
,US-DDA-OAP-LibertyMutual_Edward_D5,1443620,DDA,,audience_items
,US-DDA-OAP-LibertyMutual_Edward_D6,1443621,DDA,,audience_items
,US-DDA-OAP-LibertyMutual_Edward_D7,1443622,DDA,,audience_items
,US-LR-Acxiom-Custom-ITA_Under640,1443623,DDA,,audience_items
,US-LR-Acxiom-Custom-ITA_Under700,1443624,DDA,,audience_items
,US-LR-DM-Bombora-B2B_DecisionMaker_IT,1443629,DDA,,audience_items
,US-LR-DM-Acxiom-7-ElevenShopper,1443632,DDA,,audience_items
,US-LR-DM-Acxiom-ConvenienceStoreConsumer,1443633,DDA,,audience_items
,US-LR-DM-Acxiom-likelyhomevalue_1Mplus,1443636,DDA,,audience_items
,US-DDA-QRM-SMB_912455_40040710,1443740,DDA,,audience_items
,US-DDA-EAE-Experian-Gender_Male,1443840,DDA,,audience_items
,US-DDA-EAE-Experian-Gender_Female,1443841,DDA,,audience_items
,US-DDA-PMXLift-HM_675334_v1,1443906,DDA,,audience_items
,US-DDA-PMXLift-HM_675391_v2,1443907,DDA,,audience_items
,US-DDA-PMXLift-HM_675394_v3,1443908,DDA,,audience_items
,US-DDA-PMXLift-HM_675397_v4,1443909,DDA,,audience_items
,US-DDA-PMXLift-HM_675411_v7,1443910,DDA,,audience_items
,US-DDA-PMXLift-HM_675415_v8,1443911,DDA,,audience_items
,US-LR-DM-123Push-ParentsOfCollegeBoundStudents,1443912,DDA,,audience_items
,US-DDA-QRM-SMB_ads_manager_home_and_garden,1443928,DDA,,audience_items
,US-DDA-QRM-SMB_ads_manager_current_events,1443929,DDA,,audience_items
,US-DDA-QRM-SMB_ads_manager_legal_services,1443930,DDA,,audience_items
,US-DDA-QRM-SMB_ads_manager_social_issues,1443931,DDA,,audience_items
,US-DDA-QRM-SMB_ads_manager_technology,1443932,DDA,,audience_items
,US-DDA-QRM-SMB_ads_manager_education,1443933,DDA,,audience_items
,US-DDA-QRM-SMB_ads_manager_recreational_vehicles,1443934,DDA,,audience_items
,US-DDA-QRM-SMB_ads_manager_health_wellness,1443935,DDA,,audience_items
,US-DDA-QRM-SMB_ads_manager_inperson_shoppers,1443936,DDA,,audience_items
,US-CR-Annalect-Boehringer_68101,1444019,DDA,,audience_items
,GL-DDA-1P_UFC_Fight_Night,1444026,DDA,,audience_items
,US-LR-1P-AMC-DarkWindsS4-Retargeting-LR,1444033,DDA,,audience_items
,US-LR-1P-AMC-DarkWindsS4-Redford-LR,1444035,DDA,,audience_items
,US-LR-1P-AMC-DarkWindsS4-Core-LR,1444036,DDA,,audience_items
,US-LR-1P-AMC-DarkWindsS4-Proxies-LR,1444038,DDA,,audience_items
,US-LR-1P-AMC-DarkWindsS4-DWLookalike-LR,1444040,DDA,,audience_items
,US-LR-1P-AMC-Active_LR,1444042,DDA,,audience_items
,US-LR-1P-AMC-Lapsed-LR,1444046,DDA,,audience_items
,US-LR-1P-Annalect-ArmyReserve-18to28,1444048,DDA,,audience_items
,US-LR-1P-Annalect-ArmyReserve-T1T2-HH,1444049,DDA,,audience_items
,AU - DWH - Mastercard - Geo - Peak - Custom - Android Purchasers APAC deactivated at 2026-04-29 18:42:00 UTC,1444121,DDA,,audience_items
,US-DDA-QRM-SMB_964126_1287875,1444138,DDA,,audience_items
,US-DDA-OAP-Costar-apartmentsrenter_1Q26,1444171,DDA,,audience_items
,US-LR-DM-MRI-Trendsetter,1444203,DDA,,audience_items
,US-LR-DM-Acxiom-SwimmingPool_Present,1444204,DDA,,audience_items
,US-LR-DM-Acxiom-HomeMarketValue_500K-999K,1444205,DDA,,audience_items
,GL-DDA-1P_CBS_News_24_7,1444206,DDA,,audience_items
,GL-DDA-1P_CBS_News_24_7_Mornings,1444207,DDA,,audience_items
,US-DDA-OAP-Santander_HYS_1q26,1444209,DDA,,audience_items
,US-DDA-EAE-BlainsFarm_Segment1,1444216,DDA,,audience_items
,US-DDA-EAE-BlainsFarm_Segment2,1444224,DDA,,audience_items
,US-DDA-EAE-BlainsFarm_Segment3,1444232,DDA,,audience_items
,US-DDA-EAE-BlainsFarm_Segment4,1444233,DDA,,audience_items
,US-DDA-EAE-BlainsFarm_Segment5,1444235,DDA,,audience_items
,US-DDA-EAE-BlainsFarm_Segment6,1444236,DDA,,audience_items
,US-DDA-EAE-BlainsFarm_Segment7,1444240,DDA,,audience_items
,US-DDA-EAE-BlainsFarm_Segment8,1444244,DDA,,audience_items
,US-DDA-EAE-BlainsFarm_Segment9,1444249,DDA,,audience_items
,US-DDA-EAE-BlainsFarm_Segment10,1444253,DDA,,audience_items
,US-DDA-EAE-BlainsFarm_Segment11,1444256,DDA,,audience_items
,US-DDA-EAE-BlainsFarm_Segment12,1444258,DDA,,audience_items
,US-DDA-EAE-BlainsFarm_Segment13,1444260,DDA,,audience_items
,US-DDA-EAE-BlainsFarm_Segment14,1444262,DDA,,audience_items
,US-DDA-EAE-BlainsFarm_Segment15,1444263,DDA,,audience_items
,US-DDA-QRM-SMB_921865_40040988,1444490,DDA,,audience_items
,GL-DDA-1P_Love___Hip_Hop-_Atlanta,1444545,DDA,,audience_items
,US-DDA-QRM-SMB_926200_40041097,1444648,DDA,,audience_items
,US-DDA-QRM-SMB_923919_40041115,1444649,DDA,,audience_items
,AU - LR - Client - ID - Peak - Custom - Qantas - AllQFFsexcludingGlobalSupp,1444664,DDA,,audience_items
,US-LR-DM-Epsilon-YearHomeBuilt_Range_1920-2010,1444730,DDA,,audience_items
,US-LR-DM-Acxiom-HomeLoan_LoanToValue_0-69,1444731,DDA,,audience_items
,US-LR-DM-Acxiom-Home_LotSquareFootage_LessThan5000,1444733,DDA,,audience_items
,US-LR-DM-Acxiom-Home_LotSquareFootage_5000-10000,1444734,DDA,,audience_items
,US-LR-DM-Acxiom-Home_LotSquareFootage_15000-20000,1444735,DDA,,audience_items
,US-LR-DM-Acxiom-Home_LotSquareFootage_10000-15000,1444737,DDA,,audience_items
,US-LR-DM-Acxiom_LengthOfResidence_8yrs,1444739,DDA,,audience_items
,US-LR-DM-Acxiom-Home_MarketValue_500K-999K,1444740,DDA,,audience_items
,US-LR-DM-Acxiom-Home_MarketValue_1Mplus,1444742,DDA,,audience_items
,US-LR-DM-Acxiom_LengthOfResidence_5-10yrs,1444743,DDA,,audience_items
,US-LR-DM-Acxiom_LengthOfResidence_12plusyrs,1444744,DDA,,audience_items
,US-LR-DM-Epsilon-Likely_HomeEntertainers,1444760,DDA,,audience_items
,US-LR-DM-Acxiom-MobileApps_LikelyMakeLifeMoreConvenient,1444761,DDA,,audience_items
,US-LR-Crossix-VC10880_1022363671,1444800,DDA,,audience_items
,US-LR-Crossix-VC10879_1022374271,1444801,DDA,,audience_items
,US-DDA-PMXLift-Abbott_676673_v1,1444802,DDA,,audience_items
,US-DDA-PMXLift-Abbott_676677_v4,1444804,DDA,,audience_items
,US-DDA-PMXLift-Abbott_676685_v5,1444806,DDA,,audience_items
,US-DDA-PMXLift-Abbott_676687_v6,1444808,DDA,,audience_items
,US-DDA-PMXLift-Abbott_676694_v7,1444809,DDA,,audience_items
,US-DDA-PMXLift-Abbott_676698_v8,1444810,DDA,,audience_items
,US-DDA-PMXLift-Abbott_676701_v9,1444811,DDA,,audience_items
,US-DDA-PMXLift-Optimum-Altice_676153_v1,1444823,DDA,,audience_items
,US-DDA-PMXLift-Optimum-Altice_676162_v3,1444824,DDA,,audience_items
,US-DDA-PMXLift-Optimum-Altice_676167_v4,1444833,DDA,,audience_items
,US-DDA-QRM-SMB_20029182_40041087,1444868,DDA,,audience_items
,US-DDA-QRM-SMB_20029182_40041107,1444869,DDA,,audience_items
,US-DDA-PMXLift-Optimum-AlticeEast_676142_v3,1444939,DDA,,audience_items
,US-DDA-PMXLift-Optimum-AlticeEast_676145_v4,1444940,DDA,,audience_items
,US-DDA-PMXLift-Optimum-AlticeEast_676133_v1,1444941,DDA,,audience_items
,US-LR-DM-Acxiom-LikelyAccessoryPurchase_Sunglasses,1444955,DDA,,audience_items
,US-LR-DM-Alliant-BuyerPropensity_VisionCare,1444958,DDA,,audience_items
,US-LR-DM-Acxiom-LikelyPurchaseW12M_ContactLenses,1444980,DDA,,audience_items
,US-LR-DM-Acxiom-LikelyPurchaseW12M_Eyeglasses,1444981,DDA,,audience_items
,US-LR-DM-Epsilon-InMarket_LikelyPurchaseImportedVehicle,1444982,DDA,,audience_items
,US-LR-DM-Acxiom-LikelyInMarket_NewDomesticRegularVehicle,1444983,DDA,,audience_items
,US-DDA-QRM-SMB_940225_40041194,1444989,DDA,,audience_items
,US-DDA-QRM-SMB_921865_40041218,1444990,DDA,,audience_items
,US-DDA-QRM-SMB_921865_1267229,1445134,DDA,,audience_items
,US-LR-DM-TransUnion-ChangedJobs_L12M,1445142,DDA,,audience_items
,US-LR-DM-TransUnion-SellOrChangeHome_L12M,1445143,DDA,,audience_items
,US-LR-DM-TransUnion-Graduation_L12M,1445144,DDA,,audience_items
,US-LR-Acxiom-BW_U6667984,1445145,DDA,,audience_items
,US-LR-Acxiom-BW_U6668003,1445148,DDA,,audience_items
,US-LR-Acxiom-BW_U6667998,1445149,DDA,,audience_items
,US-LR-DM-Transunion-HomeSize_1500-2000_sqr_ft,1445178,DDA,,audience_items
,US-LR-Crossix-VC11290,1445256,DDA,,audience_items
,US-LR-Crossix-VC11289,1445257,DDA,,audience_items
,US-LR-Crossix-VC11288,1445258,DDA,,audience_items
,US-LR-Crossix-VC11287,1445259,DDA,,audience_items
,US-DDA-PMXLift-GM_675795_v20,1445267,DDA,,audience_items
,US-DDA-PMXLift-GM_675793_v19,1445268,DDA,,audience_items
,US-DDA-PMXLift-GM_675765_v9,1445279,DDA,,audience_items
,US-DDA-PMXLift-GM_675747_v4,1445280,DDA,,audience_items
,US-DDA-PMXLift-GM_675737_v1,1445281,DDA,,audience_items
,US-DDA-PMXLift-GM_675937_v20,1445282,DDA,,audience_items
,US-DDA-PMXLift-GM_675935_v19,1445283,DDA,,audience_items
,US-DDA-PMXLift-GM_675902_v9,1445284,DDA,,audience_items
,US-DDA-PMXLift-GM_675891_v4,1445285,DDA,,audience_items
,US-DDA-PMXLift-GM_675879_v1,1445286,DDA,,audience_items
,US-DDA-PMXLift-Abbott_677334_v10,1445287,DDA,,audience_items
,US-DDA-PMXLift-Abbott_677375_v11,1445288,DDA,,audience_items
,US-DDA-PMXLift-Abbott_677379_v12,1445289,DDA,,audience_items
,US-DDA-PMXLift-GSK_676905_v1,1445290,DDA,,audience_items
,US-DDA-PMXLift-GSK_676974_v9,1445291,DDA,,audience_items
,US-DDA-PMXLift-GSK_676977_v10,1445292,DDA,,audience_items
,US-LR-DM-Acxiom-LikelyNewVehicle_Chevrolet,1445471,DDA,,audience_items
,US-LR-DM-Acxiom-LikelyNewVehicle_ChevroletTruck,1445472,DDA,,audience_items
,US-LR-DM-Acxiom-SunglassesPurchaser,1445473,DDA,,audience_items
,US-LR-DM-Alliant-EyewearPurchaser,1445474,DDA,,audience_items
,US-LR-DM-Acxiom-LikelyNewVehicle_ChevroletCar,1445478,DDA,,audience_items
,US-LR-DM-Alliant-InMarket_Auto_NewSUV,1445814,DDA,,audience_items
,US-LR-DM-TransUnion-Colbert_Fans,1445854,DDA,,audience_items
,US-LR-Swoop-1022713141,1445855,DDA,,audience_items
,US-LR-1P-Walgreens_F26_677380,1445856,DDA,,audience_items
,US-DDA-PMXLift-GSK_677046_v1,1445860,DDA,,audience_items
,US-DDA-PMXLift-GSK_677099_v2,1445861,DDA,,audience_items
,US-DDA-PMXLift-GSK_677150_v10,1445862,DDA,,audience_items
,US-DDA-PMXLift-GSK_677006_v8,1445863,DDA,,audience_items
,US-DDA-PMXLift-GSK_ 677006_v8,1445865,DDA,,audience_items
,US-DDA-PMXLift-GSK_676906_v1,1445866,DDA,,audience_items
,US-DDA-PMXLift-GSK_677015_v10,1445867,DDA,,audience_items
,US-DDA-PMXLift-GSK_677017_v11,1445868,DDA,,audience_items
,US-DDA-PMXLift-GSK_677022_v12,1445869,DDA,,audience_items
,US-LR-DM-Alliant-OtherSnacks,1445870,DDA,,audience_items
,US-LR-DM-Acxiom-Affluent_Parents_of_Teens,1445871,DDA,,audience_items
,US-LR-DM-Alliant-Cookies-Chips,1445883,DDA,,audience_items
,US-LR-DM-Alliant-BeverageBuyer,1445884,DDA,,audience_items
,US-LR-DM-Experian-RetiredEmptyNesters,1445885,DDA,,audience_items
,US-DDA-QRM-SMB_20028899_40041553,1445983,DDA,,audience_items
,US-LR-Annalect-LandRover_Sport,1446044,DDA,,audience_items
,US-LR-Annalect-LandRover_Defender,1446045,DDA,,audience_items
,US-LR-Crossix-VC11192,1446066,DDA,,audience_items
,US-LR-Crossix-VC11191,1446067,DDA,,audience_items
,US-LR-DM-Swoop-0126_1022493451,1446069,DDA,,audience_items
,US-DDA-PMXLift-ViiV_677244_v1,1446086,DDA,,audience_items
,US-DDA-PMXLift-ViiV_677296_v6,1446087,DDA,,audience_items
,US-DDA-PMXLift-ViiV_677300_v7,1446088,DDA,,audience_items
,US-DDA-PMXLift-ViiV_677304_v8,1446090,DDA,,audience_items
,US-DDA-PMXLift-Viiv_677312_v10,1446094,DDA,,audience_items
,LR_MACS_1PD_LVRMP_PLUS_Parent_CurrentSub_010726,1446155,DDA,,audience_items
,LR_MACS_1PD_LVRMP_PLUS_Parent_Ex-Sub_0-24_Month_010726,1446156,DDA,,audience_items
,LR_MACS_1PD_LVRMP_VS_C7Q5_UFC_Viewership_020126,1446157,DDA,,audience_items
,LR_MACS_1PD_LVRMP_VS_S4Q7_UFC_2000s_Viewership_020126,1446158,DDA,,audience_items
,LR_MACS_1PD_LVRMP_VS_E1D5_UFC_2010s_Viewership_020126,1446159,DDA,,audience_items
,LR_MACS_1PD_LVRMP_VS_P9A9_UFC_Countdown_Viewership_020126,1446160,DDA,,audience_items
,LR_MACS_1PD_LVRMP_VS_S6M9_UFC_Fight_Night_Viewership_020126,1446161,DDA,,audience_items
,GL-DDA-1P_Titanic_Sinks_Tonight,1446187,DDA,,audience_items
,AU - DWH - Samba TV - Geo - Peak - Viewing - Custom - Picklebet Neds Bet365 Overexposed APAC,1446741,DDA,,audience_items
,AU - DWH - Samba TV - Geo - Peak - Viewing - Custom - Picklebet Neds Bet365 Underexposed APAC,1446742,DDA,,audience_items
,US-LR-DM-Transunion-PrimetoSuperPrime_Highest_Avg_CreditScore,1446743,DDA,,audience_items
,US-LR-DM-Transunion-OnlinePurchaseSkinCare_Last_3_Months,1446744,DDA,,audience_items
,US-LR-DM-Epsilon-AutoPurchseIntenders,1447217,DDA,,audience_items
,US-LR-DM-Experian-ConvenienceStoreSpenders-Frequent,1447236,DDA,,audience_items
,US-LR-DM-Acxiom-LikelyCasualDining-Pizza,1447257,DDA,,audience_items
,US-DDA-QRM-SMB_20028013_40038719a,1447302,DDA,,audience_items
,US-LR-DM-Alliant-CocktailMixesBuyerPropensity,1447394,DDA,,audience_items
,US-LR-DM-Epsilon-CocktailEnthusiasts,1447395,DDA,,audience_items
,US-LR-DM-Epsilon-PremiumWhiskeyPurchasers,1447396,DDA,,audience_items
,US-LR-DM-Acxiom-Financial_FirstHomeMortgage,1447397,DDA,,audience_items
,US-LR-DM-Acxiom-Financial_HomeMortgage,1447398,DDA,,audience_items
,US-LR-DM-Acxiom-FinancialServices,1447399,DDA,,audience_items
,US-LR-DM-Acxiom-Sports_WinterOlympics,1447400,DDA,,audience_items
,US-LR-DM-Acxiom-OlympicSports_Snowboarding,1447401,DDA,,audience_items
,GL-DDA-1P_CIA,1447412,DDA,,audience_items
,US-DDA-PMXLift-Lowes_677429_v1,1447461,DDA,,audience_items
,US-DDA-PMXLift-Lowes_677433_v3,1447465,DDA,,audience_items
,US-DDA-PMXLift-Lowes_677441_v7,1447466,DDA,,audience_items
,US-DDA-QRM-SMB_921865_40041865,1447535,DDA,,audience_items
,US-DDA-QRM-SMB_964126_40041870,1447536,DDA,,audience_items
,US-DDA-OAP-Acxiom-USPS_1Q26,1447884,DDA,,audience_items
,US-LR-DM-Acxiom-LikelyAttend_ConcertsandFestivals,1447887,DDA,,audience_items
,US-CR-Annalect-Pepsi_ModernWellnessWanderers,1447889,DDA,,audience_items
,US-LR-1P-FavorDelivery-02days_since_activation,1447890,DDA,,audience_items
,US-CR-Annalect-Pepsi_BalanceSeekers,1447891,DDA,,audience_items
,US-LR-1P-FavorDelivery-03days_since_activation,1447892,DDA,,audience_items
,US-LR-DM-Alliant-DraftKingsBuyerPropensity,1447893,DDA,,audience_items
,US-LR-1P-FavorDelivery-04_active_automated_segment_PII,1447894,DDA,,audience_items
,US-LR-1P-FavorDelivery-05_churning_automated_segment_PII,1447895,DDA,,audience_items
,US-DDA-PMXLift-Lowes_677460_v1,1447896,DDA,,audience_items
,US-CR-Annalect-Pepsi_SmartSippingTrendsetters,1447898,DDA,,audience_items
,US-LR-1P-FavorDelivery-06_churned_btw_90d_from_last_order,1447899,DDA,,audience_items
,US-DDA-PMXLift-Lowes_677463_v3,1447900,DDA,,audience_items
,US-LR-DM-Alliant-FanduelBuyerPropensity,1447901,DDA,,audience_items
,US-LR-DM-Adsquare-GamblingandBetting,1447902,DDA,,audience_items
,US-LR-DM-TransUnion-OnlinePurchaseFlowers_Greetings_Gifts_Last_3_Months,1447903,DDA,,audience_items
,US-DDA-PMXLift-Lowes_677480_v10,1447904,DDA,,audience_items
,US-DDA-PMXLift-Lowes_677484_v11,1447905,DDA,,audience_items
,US-LR-DM-Acxiom-TechnologyEnthusiasts,1447907,DDA,,audience_items
,US-LR-DM-Acxiom-TrueTechies,1447908,DDA,,audience_items
,US-LR-DM-Experian-LikelyEngage_ArtificialIntelligence,1447921,DDA,,audience_items
,US-LR-DM-Acxiom-MarchMadnessWatcher,1447923,DDA,,audience_items
,US-DDA-PMXLift-Lowes_677392_v1,1447969,DDA,,audience_items
,US-DDA-PMXLift-Lowes_677393_v2,1448005,DDA,,audience_items
,US-DDA-PMXLift-Lowes_677402_v4,1448006,DDA,,audience_items
,US-DDA-PMXLift-Lowes_677410_v6,1448008,DDA,,audience_items
,US-DDA-PMXLift-Lowes_677424_v10,1448011,DDA,,audience_items
,US-LR-DM-Acxiom-FansofSoccer,1448030,DDA,,audience_items
,AU - LR - Client - ID - Peak - Custom - Hatched - Audience3P2024,1448059,DDA,,audience_items
,AU - LR - Client - ID - Peak - Custom - Hatched - Audience3E2024,1448060,DDA,,audience_items
,US-LR-DM-Bridge-Industry_PublicAdmin-ActiveMilitary,1448130,DDA,,audience_items
,US-LR-DM-Alliant-GroceriesEssentials_Sport_Energy_Drinks_Buyer_Propensity,1448132,DDA,,audience_items
,US-DDA-OAP-Loreal_1Q26,1448137,DDA,,audience_items
,GL-DDA-1P_Younger,1448142,DDA,,audience_items
,GL-DDA-1P_Footloose,1448143,DDA,,audience_items
,US-LR-1P-GMC_SierraHD,1448153,DDA,,audience_items
,US-LR-DM-Acxiom-VisitJapanForAnyReason,1448161,DDA,,audience_items
,US-LR-DM-Epsilon-JapaneseDiningEnthusiasts,1448162,DDA,,audience_items
,US-DDA-PMXLift-Abbott_678772v15,1448168,DDA,,audience_items
,US-DDA-PMXLift-Abbott_678756v14,1448169,DDA,,audience_items
,US-DDA-PMXLift-Abbott_678753v13,1448170,DDA,,audience_items
,GL-DDA-1P-SHOW-Wild_Boys_-_Strangers_in_Town,1448681,DDA,,audience_items
,GL-DDA-1P_Transformers_One,1448682,DDA,,audience_items
,US-DDA-QRM-SMB_940225_40042070,1449033,DDA,,audience_items
,US-LR-1P-adhoc_01_unactivated_full_e_v_1_PII_withexclusions,1451014,DDA,,audience_items
,US-LR-DM-Alliant-Electronics_Android,1451029,DDA,,audience_items
,US-LR-DM-Alliant-Genre_SportsViewrshipPropensity,1451030,DDA,,audience_items
,US-LR-DM-Alliant-PremiumMomsWhoShopLikeCrazy,1451045,DDA,,audience_items
,US-LR-1P-GMC_Cadillac_F1_Explore,1451058,DDA,,audience_items
,US-LR-DM-Acxiom-PersonalInjuryAttorneyIntender,1451059,DDA,,audience_items
,US-LR-1P-FavorDelivery_1Q26,1451060,DDA,,audience_items
,US-DDA-QRM-SMB_969339_40042128,1451087,DDA,,audience_items
,US-LR-DM-Datasys-Japanophile,1451228,DDA,,audience_items
,US-LR-1P-adhoc_01_unactivated_full_e_v_1_PII,1451233,DDA,,audience_items
,US-LR-Swoop-1125_1022031731,1451246,DDA,,audience_items
,US-DDA-OAP-Merkle-CrackerBarrelSpringLUID_2q26,1451252,DDA,,audience_items
,US-DDA-OAP-Acxiom-BloominLUID_2q26,1451253,DDA,,audience_items
,US-DDA-OAP-Merkle-FloorAndDecorLUID_2q26,1451254,DDA,,audience_items
,US-DDA-OAP-VeevaCrossix-AbbvieLUID_2q26,1451255,DDA,,audience_items
,US-DDA-OAP-Epsilon-ChilisLUID_2Q26,1451256,DDA,,audience_items
,US-DDA-OAP-Merkle-CrackerBarrelSpringTUID_2q26,1451257,DDA,,audience_items
,US-DDA-OAP-Acxiom-BloominTUID_2q26,1451258,DDA,,audience_items
,US-DDA-OAP-Merkle-FloorAndDecorTUID_2q26,1451259,DDA,,audience_items
,US-DDA-OAP-Epsilon-ChilisTUID_2Q26,1451260,DDA,,audience_items
,US-DDA-OAP-VeevaCrossix-AbbvieTUID_2q26,1451261,DDA,,audience_items
,US-DDA-OAP-GSK_Dovato_8M,1451263,DDA,,audience_items
,US-LR-DM-123Push-Entertainment_SuperheroMovies,1451264,DDA,,audience_items
,US-LR-DM-Ibotta-CategoryBuyers_ToysGames,1451265,DDA,,audience_items
,US-LR-DM-Acxiom-Games_Puzzles,1451266,DDA,,audience_items
,US-LR-DM-Experian-GroupD_SuburbanStyle_Sports_Utility_Families,1451284,DDA,,audience_items
,US-LR-DM-Experian-GroupD_SuburbanStyle_Settled_in_Suburbia,1451285,DDA,,audience_items
,US-LR-DM-Experian-GroupD_SuburbanStyle_Cul_de_Sac_Diversity,1451286,DDA,,audience_items
,US-LR-DM-Experian-GroupD_SuburbanStyle_Suburban_Nightlife,1451287,DDA,,audience_items
,US-LR-DM-Experian-Financial_Behavior_Online_Tax_Software_user,1451291,DDA,,audience_items
,US-LR-DM-Alliant-Financial_Tax_Preparation_Buyer_Propensity,1451292,DDA,,audience_items
,US-LR-DM-Experian-Financial_TaxReturn_ProfessionalService_Prepare_User,1451293,DDA,,audience_items
,US-DDA-QRM-SMB_921865_40042179,1451308,DDA,,audience_items
,US-DDA-QRM-SMB_921865_40042171,1451309,DDA,,audience_items
,US-DDA-QRM-SMB_921865_40042185,1451310,DDA,,audience_items
,US-LR-1P-Kohls_1125_Lifecycle-ALL,1451835,DDA,,audience_items
,US-LR-DM-Epsilon-SeniorLivingSearchers,1451840,DDA,,audience_items
,AU - DWH - 10 - ID - Summit - Content - Family Feud US watchers APAC,1452393,DDA,,audience_items
,US-LR-Crossix-VC11448,1453051,DDA,,audience_items
,US-LR-DM-Datasys_RecentPersonalInjury,1453060,DDA,,audience_items
,US-LR-DM-Gravy_LegalServices,1453077,DDA,,audience_items
,US-DDA-OAP-Microsoft-iWorker,1453105,DDA,,audience_items
,US-LR-DM-Dstillery-Entertainment_DarkComedyMovieFan,1453155,DDA,,audience_items
,US-DDA-PMXLift-Lowes_685069_v1,1453214,DDA,,audience_items
,BETNAACPImageAwardsQ126V1,1453472,DDA,,audience_items
,AU - DWH - 10 - ID - Summit - Content - 10 News watchers APAC,1453955,DDA,,audience_items
,AU - DWH - 10 - ID - Summit - Content - A League Women watchers APAC,1453956,DDA,,audience_items
,AU - DWH - 10 - ID - Summit - Content - All 4 Adventure watchers APAC,1453957,DDA,,audience_items
,AU - DWH - 10 - ID - Summit - Content - Ambulance Australia watchers APAC,1453958,DDA,,audience_items
,AU - DWH - 10 - ID - Summit - Content - Ambulance UK watchers APAC,1453959,DDA,,audience_items
,AU - DWH - 10 - ID - Summit - Content - Anthony Bourdain Parts Unknown watchers APAC,1453960,DDA,,audience_items
,AU - DWH - 10 - ID - Summit - Content - Being Human UK watchers APAC,1453961,DDA,,audience_items
,AU - DWH - 10 - ID - Summit - Content - Being Human US watchers APAC,1453962,DDA,,audience_items
,AU - DWH - 10 - ID - Summit - Content - Blue Bloods watchers APAC,1453963,DDA,,audience_items
,AU - DWH - 10 - ID - Summit - Content - Bondi Rescue watchers APAC,1453964,DDA,,audience_items
,AU - DWH - 10 - ID - Summit - Content - Broadchurch watchers APAC,1453972,DDA,,audience_items
,AU - DWH - 10 - ID - Summit - Content - Build A New Life In The Country watchers APAC,1453975,DDA,,audience_items
,AU - DWH - 10 - ID - Summit - Content - Charmed watchers APAC,1453978,DDA,,audience_items
,AU - DWH - 10 - ID - Summit - Content - Continuum watchers APAC,1453984,DDA,,audience_items
,AU - DWH - 10 - ID - Summit - Content - Deadly Women watchers APAC,1453986,DDA,,audience_items
,AU - DWH - 10 - ID - Summit - Content - Dessert Masters watchers APAC,1453987,DDA,,audience_items
,AU - DWH - 10 - ID - Summit - Content - Fake watchers APAC,1453988,DDA,,audience_items
,AU - DWH - 10 - ID - Summit - Content - FBI watchers APAC,1453989,DDA,,audience_items
,AU - DWH - 10 - ID - Summit - Content - Football watchers APAC,1453990,DDA,,audience_items
,AU - DWH - 10 - ID - Summit - Content - Forensic Investigators watchers APAC,1453991,DDA,,audience_items
,AU - DWH - 10 - ID - Summit - Content - Friends watchers APAC,1453992,DDA,,audience_items
,AU - DWH - 10 - ID - Summit - Content - Ghost Hunters watchers APAC,1453993,DDA,,audience_items
,AU - DWH - 10 - ID - Summit - Content - Good Chef Bad Chef watchers APAC,1453994,DDA,,audience_items
,AU - DWH - 10 - ID - Summit - Content - Gordon Ramsays Secret Service watchers APAC,1453995,DDA,,audience_items
,AU - DWH - 10 - ID - Summit - Content - Hardcore Pawn watchers APAC,1453996,DDA,,audience_items
,AU - DWH - 10 - ID - Summit - Content - House Hunters Australia watchers APAC,1453997,DDA,,audience_items
,AU - DWH - 10 - ID - Summit - Content - Hunted watchers APAC,1453998,DDA,,audience_items
,AU - DWH - 10 - ID - Summit - Content - Jamie: Fast and Simple watchers APAC,1453999,DDA,,audience_items
,AU - DWH - 10 - ID - Summit - Content - Judge Judy watchers APAC,1454000,DDA,,audience_items
,AU - DWH - 10 - ID - Summit - Content - Junior MasterChef USA watchers APAC,1454001,DDA,,audience_items
,AU - DWH - 10 - ID - Summit - Content - Lingo watchers APAC,1454002,DDA,,audience_items
,AU - DWH - 10 - ID - Summit - Content - Matildas watchers APAC,1454003,DDA,,audience_items
,AU - DWH - 10 - ID - Summit - Content - MotoGP watchers APAC,1454004,DDA,,audience_items
,AU - DWH - 10 - ID - Summit - Content - Murdertown watchers APAC,1454005,DDA,,audience_items
,AU - DWH - 10 - ID - Summit - Content - Numb3rs watchers APAC,1454006,DDA,,audience_items
,AU - DWH - 10 - ID - Summit - Content - One Born Every Minute watchers APAC,1454007,DDA,,audience_items
,AU - DWH - 10 - ID - Summit - Content - Ready Steady Cook watchers APAC,1454008,DDA,,audience_items
,AU - DWH - 10 - ID - Summit - Content - Selling Houses Australia watchers APAC,1454009,DDA,,audience_items
,AU - DWH - 10 - ID - Summit - Content - Shark Tank watchers APAC,1454010,DDA,,audience_items
,AU - DWH - 10 - ID - Summit - Content - South Park watchers APAC,1454011,DDA,,audience_items
,AU - DWH - 10 - ID - Summit - Content - Talkin Bout Your Generation watchers APAC,1454012,DDA,,audience_items
,AU - DWH - 10 - ID - Summit - Content - Taskmasters watchers APAC,1454013,DDA,,audience_items
,AU - DWH - 10 - ID - Summit - Content - TBATB watchers APAC,1454014,DDA,,audience_items
,AU - DWH - 10 - ID - Summit - Content - Thank God Youre Here watchers APAC,1454015,DDA,,audience_items
,AU - DWH - 10 - ID - Summit - Content - The Big Bang Theory watchers APAC,1454016,DDA,,audience_items
,AU - DWH - 10 - ID - Summit - Content - The Bridge US watchers APAC,1454017,DDA,,audience_items
,AU - DWH - 10 - ID - Summit - Content - The Brokenwood Mysteries watchers APAC,1454018,DDA,,audience_items
,AU - DWH - 10 - ID - Summit - Content - The Charlotte Show watchers APAC,1454019,DDA,,audience_items
,AU - DWH - 10 - ID - Summit - Content - The Cheap Seats watchers APAC,1454020,DDA,,audience_items
,AU - DWH - 10 - ID - Summit - Content - The Cuckoo watchers APAC,1454021,DDA,,audience_items
,AU - DWH - 10 - ID - Summit - Content - The Ex Wife watchers APAC,1454022,DDA,,audience_items
,AU - DWH - 10 - ID - Summit - Content - The Gilded Age watchers APAC,1454023,DDA,,audience_items
,AU - DWH - 10 - ID - Summit - Content - The Inspired Unemployed The List watchers APAC,1454024,DDA,,audience_items
,AU - DWH - 10 - ID - Summit - Content - The Island With Bear Grylls watchers APAC,1454025,DDA,,audience_items
,AU - DWH - 10 - ID - Summit - Content - The Middle watchers APAC,1454026,DDA,,audience_items
,AU - DWH - 10 - ID - Summit - Content - The Neighborhood watchers APAC,1454027,DDA,,audience_items
,AU - DWH - 10 - ID - Summit - Content - The Office Australia watchers APAC,1454028,DDA,,audience_items
,AU - DWH - 10 - ID - Summit - Content - The Simple Life watchers APAC,1454029,DDA,,audience_items
,AU - DWH - 10 - ID - Summit - Content - The Traitors India watchers APAC,1454030,DDA,,audience_items
,AU - DWH - 10 - ID - Summit - Content - The Traitors UK watchers APAC,1454031,DDA,,audience_items
,AU - DWH - 10 - ID - Summit - Content - The Traitors US watchers APAC,1454032,DDA,,audience_items
,AU - DWH - 10 - ID - Summit - Content - Tracker watchers APAC,1454033,DDA,,audience_items
,AU - DWH - 10 - ID - Summit - Content - Wicked Tuna watchers APAC,1454034,DDA,,audience_items
,AU - DWH - 10 - ID - Summit - Content - Would I Lie to You watchers APAC,1454035,DDA,,audience_items
,US-LR-DM-Acxiom-SubaruIntender,1454797,DDA,,audience_items
,US-LR-DM-Acxiom-OutdoorActivity-Fishing,1454846,DDA,,audience_items
,GL-DDA-1P_Double_Jeopardy,1454874,DDA,,audience_items
,US-DDA-PMXLift-Lowes_685086_v6,1454968,DDA,,audience_items
,US-DDA-PMXLift-Lowes_685095_v9,1454969,DDA,,audience_items
,US-DDA-PMXLift-Lowes_685903_v1,1454970,DDA,,audience_items
,US-DDA-PMXLift-Lowes_685910_v5,1454971,DDA,,audience_items
,US-DDA-PMXLift-Lowes_685936_v9,1454972,DDA,,audience_items
,US-DDA-PMXLift-Lowes_685943_v11,1454974,DDA,,audience_items
,US-DDA-PMXLift-Lowes_684757_v1,1454975,DDA,,audience_items
,US-DDA-PMXLift-Lowes_684765_v5,1454976,DDA,,audience_items
,US-DDA-PMXLift-Lowes_684777_v1,1454977,DDA,,audience_items
,US-DDA-PMXLift-Lowes_684785_v5,1454979,DDA,,audience_items
,US-DDA-PMXLift-Lowes_684932_v11,1454980,DDA,,audience_items
,US-LR-DM-TransUnion-DrivesCarToWork,1454986,DDA,,audience_items
,GL-DDA-1P_America_s_Culinary_Cup,1455100,DDA,,audience_items
,US-LR-DM-TU-SparklingWater_WaterEnhancersUsers,1455181,DDA,,audience_items
,US-LR-DM-TU-SparklingWater_LaCroix,1455182,DDA,,audience_items
,US-LR-DM-TU-SparklingWater_CanadaDry,1455183,DDA,,audience_items
,US-LR-DM-TU-SparklingWater_Perrier,1455184,DDA,,audience_items
,US-LR-DM-TU-SparklingWater_Pellegrino,1455186,DDA,,audience_items
,US-LR-DM-TU-SocialInteraction_IAmAdventurous,1455187,DDA,,audience_items
,US-LR-DM-TU-SocialInteraction_IMakeFriendsEasily,1455188,DDA,,audience_items
,US-LR-DM-TU-SocialInteraction_MeetingNewPeopleComesEasy,1455189,DDA,,audience_items
,US-LR-Swoop-0126_1022493441,1455239,DDA,,audience_items
,US-LR-Swoop-0126_1022493431,1455240,DDA,,audience_items
,bloominluidq226v1,1455264,DDA,,audience_items
,crackerbarrelspringtuidq226v1,1455265,DDA,,audience_items
,flooranddecortuidq226v1,1455266,DDA,,audience_items
,US-CR-Annalect-LandRover_RangeRoverCompetitor,1455267,DDA,,audience_items
,US-CR-Annalect-LandRover_DefCompetitor,1455268,DDA,,audience_items
,US-CR-Annalect-LandRover_RRSCompetitor,1455269,DDA,,audience_items
,US-CR-Annalect-LandRover_RangeRoverCompetitorExpand,1455270,DDA,,audience_items
,US-CR-Annalect-LandRover_DefCompetitorExpand,1455271,DDA,,audience_items
,US-CR-Annalect-LandRover_RRSCompetitorExpand,1455272,DDA,,audience_items
,flooranddecorluidq226v1,1455275,DDA,,audience_items
,crackerbarrelspringluidq226v1,1455276,DDA,,audience_items
,US-LR-DM-Acxiom-LiquidInvestible_25K-49K,1455394,DDA,,audience_items
,US-LR-DM-Acxiom-LiquidInvestible_50K-99K,1455400,DDA,,audience_items
,US-LR-DM-Acxiom-AffluentCouples_WithoutChildren,1455439,DDA,,audience_items
,US-LR-DM-Circana-IRI_ProScores_Denture_Products,1455457,DDA,,audience_items
,US-LR-DM-Acxiom-Work-Life_BusinessLeaders,1455487,DDA,,audience_items
,US-LR-DM-Acxiom-Work-Life_BO_NetWorthGreaterThan1M,1455488,DDA,,audience_items
,US-LR-DM-Acxiom-Work-Life_DecisionMakers,1455489,DDA,,audience_items
,US-LR-DM-Epsilon-NewRoofPurchasers,1455699,DDA,,audience_items
,US-LR-DM-Acxiom-HVACMaintenance,1455700,DDA,,audience_items
,US-LR-DM-ThinkDataGroup-LawFirms,1455707,DDA,,audience_items
,chilisluidq226v1,1455710,DDA,,audience_items
,US-DDA-QRM-SMB_969339_40040399,1455711,DDA,,audience_items
,bloomintuidq226v1,1455822,DDA,,audience_items
,chilistuidq226v1,1455823,DDA,,audience_items
,US-DDA-QRM-SMB_921865_40043213,1455833,DDA,,audience_items
,US-DDA-QRM-SMB_921865_40043212,1455834,DDA,,audience_items
,US-CR-Annalect-HomeDepot_CohortA1P,1455944,DDA,,audience_items
,US-CR-Annalect-HomeDepot_CohortB1P,1455945,DDA,,audience_items
,US-CR-Annalect-HomeDepot_CohortA3P,1455947,DDA,,audience_items
,US-CR-Annalect-HomeDepot_CohortB3P,1455948,DDA,,audience_items
,GL-DDA-1P_Strange_Harvest,1455997,DDA,,audience_items
,GL-DDA-1P_The_Madison,1455998,DDA,,audience_items
,US-LR-DM-Acxiom-SettledCouples,1456709,DDA,,audience_items
,US-LR-DM-Acxiom-CasualCouples,1456710,DDA,,audience_items
,US-LR-DM-Acxiom-Retired,1456717,DDA,,audience_items
,US-LR-DM-Alliant-Social_FoodInfluencers,1456722,DDA,,audience_items
,US-LR-DM-Acxiom-HealthEnthusiasts,1456723,DDA,,audience_items
,US-LR-DM-Circana-Poultry_Turkey_Butterball,1456725,DDA,,audience_items
,US-LR-DM-Bombora-NetWorth_250k-499K,1456726,DDA,,audience_items
,US-LR-DM-Bombora-NetWorth_500Kplus,1456727,DDA,,audience_items
,US-LR-DM-AuDigent_Brokerages-DayTrading,1456728,DDA,,audience_items
,US-DDA-PMXLift-Coty_686069_v1,1456836,DDA,,audience_items
,US-DDA-PMXLift-Coty_686084_v2,1456837,DDA,,audience_items
,US-DDA-PMXLift-Coty_686088_v3,1456838,DDA,,audience_items
,US-DDA-PMXLift-Coty_686400_v5,1456839,DDA,,audience_items
,US-LR-DM-AffinityAnswers-MilkSubstitutes,1456943,DDA,,audience_items
,US-LR-DM-Acxiom-Natural-OrganicFood,1456944,DDA,,audience_items
,US-LR-DM-Experian-HeavySocialMediaUsers,1456946,DDA,,audience_items
,US-DDA-OAP-M1-GM2Q26,1456947,DDA,,audience_items
,US-LR-Swoop-1023040221,1456948,DDA,,audience_items
,US-LR-Swoop-1023040231,1456949,DDA,,audience_items
,US-LR-Swoop-1023021131,1456952,DDA,,audience_items
,US-LR-Crossix-VC11451,1456955,DDA,,audience_items
,US-LR-Swoop-1023469201,1456956,DDA,,audience_items
,US-LR-Swoop-1023469211,1456957,DDA,,audience_items
,US-LR-Swoop-1023469231,1456958,DDA,,audience_items
,US-DDA-TU-Number_OfVehicles_2,1456991,DDA,,audience_items
,US-DDA-QRM-SMB_969421_40043259,1457010,DDA,,audience_items
,US-DDA-QRM-SMB_20029438_40043404,1457090,DDA,,audience_items
,US-CR-Annalect-RedBull_Classic_A18-34,1457227,DDA,,audience_items
,US-LR-DM-Epsilon-WhatsOnSaleShoppers,1457235,DDA,,audience_items
,US-LR-DM-Epsilon-FallSeasonalShoppers,1457236,DDA,,audience_items
,US-LR-DM-Experian-HolidayShoppers-LastMinute,1457237,DDA,,audience_items
,US-LR-DM-Epsilon-SpringSeasonalShoppers,1457238,DDA,,audience_items
,US-LR-DM-Epsilon-DiscountShoppers,1457239,DDA,,audience_items
,US-LR-1P-GMC_SUVMulti_SavvyProfessional,1457240,DDA,,audience_items
,US-DDA-OAP-Luxottica_SGH,1457241,DDA,,audience_items
,US-LR-Swoop-1023469221,1457245,DDA,,audience_items
,US-LR-1P-AMC_TheAudacity_ProxyLAL,1457246,DDA,,audience_items
,US-LR-1P-AMC_TheAudacity_TargetBuild,1457247,DDA,,audience_items
,US-LR-1P-AMC_TheAudacity_Legacy,1457248,DDA,,audience_items
,US-LR-1P-AMC_TheAudacity_Proxies,1457249,DDA,,audience_items
,US-LR-Tunnl-MaineSwing_LikelyVoters,1457595,DDA,,audience_items
,US-DDA-OAP-LL_Bean_2Q26,1457632,DDA,,audience_items
,US-LR-DM-Acxiom-CombatSports_AllFans,1457658,DDA,,audience_items
,US-LR-DM-Acxiom-CombatSports_WWEFans,1457661,DDA,,audience_items
,US-LR-DM-Acxiom-CombatSports_MMAFans,1457662,DDA,,audience_items
,US-LR-DM-Acxiom-FitnessEnthusiast,1457678,DDA,,audience_items
,US-DDA-PMXLift-BlueDiamondGrowers_686868_v1,1457731,DDA,,audience_items
,US-DDA-PMXLift-BlueDiamondGrowers_686870_v2,1457732,DDA,,audience_items
,US-DDA-OAP-ATTMobility-TheBasicsUpdate,1457771,DDA,,audience_items
,US-DDA-OAP-ATTMobility-AccomplishinControl_2Q26,1457772,DDA,,audience_items
,US-DDA-PMXLift-BlueDiamondGrowers_686872_v3,1457794,DDA,,audience_items
,US-DDA-PMXLift-BlueDiamondGrowers_686874_v4,1457795,DDA,,audience_items
,US-DDA-PMXLift-BlueDiamondGrowers_687310_v1,1457796,DDA,,audience_items
,US-DDA-PMXLift-BlueDiamondGrowers_687311_v2,1457797,DDA,,audience_items
,US-DDA-PMXLift-BlueDiamondGrowers_687314_v3,1457799,DDA,,audience_items
,US-DDA-PMXLift-BlueDiamondGrowers_687316_v4,1457800,DDA,,audience_items
,AU - DWH - Samba TV - Geo - Peak - Viewing - Custom - Woolworths Coles IGA Overexposed APAC,1457831,DDA,,audience_items
,AU - DWH - Samba TV - Geo - Peak - Viewing - Custom - Woolworths Coles IGA Underexposed APAC,1457832,DDA,,audience_items
,AU - DWH - Samba TV - Geo - Peak - Viewing - Custom - Aldi Brand Underexposed APAC,1457834,DDA,,audience_items
,AU - DWH - Samba TV - Geo - Peak - Viewing - Custom - Aldi Brand Overexposed APAC,1457835,DDA,,audience_items
,US-LR-DM-DB-B2B_DecisionMakers,1458944,DDA,,audience_items
,US-LR-DM-DB-BusinessOwnersBoardJobFunction,1458945,DDA,,audience_items
,US-LR-DM-DB-SmallBusinessDecisionMakers,1458947,DDA,,audience_items
,US-LR-DM-DB-SmallBusinessOwnersSBO,1458958,DDA,,audience_items
,US-LR-Swoop-0226_1023075141,1459005,DDA,,audience_items
,US-LR-Swoop-0226_1023100101,1459018,DDA,,audience_items
,US-DDA-PMXLift-Smuckers_678787_v1,1459029,DDA,,audience_items
,US-DDA-PMXLift-Smuckers_678801_v2,1459030,DDA,,audience_items
,US-DDA-PMXLift-Smuckers_678803_v3,1459031,DDA,,audience_items
,US-LR-Swoop-0226_1023100111,1459033,DDA,,audience_items
,US-LR-IPGKSOAmgen-112025_U6614315,1459034,DDA,,audience_items
,US-LR-Swoop-0226_1023074931,1459036,DDA,,audience_items
,US-LR-Swoop-0226_1023074951,1459037,DDA,,audience_items
,US-LR-Swoop-0226_1023074971,1459038,DDA,,audience_items
,US-LR-IPGKSOAmgen-112025_U6614211,1459039,DDA,,audience_items
,US-LR-Swoop-0226_1023074741,1459043,DDA,,audience_items
,US-LR-Swoop-02226_1023074751,1459045,DDA,,audience_items
,US-LR-Swoop-0226_1023074761,1459049,DDA,,audience_items
,US-LR-Swoop-0226_1023074771,1459050,DDA,,audience_items
,US-LR-IPGKSOAmgen-112025_U6614400,1459052,DDA,,audience_items
,US-LR-Intiative-Amgen_0226_SM1073_5710226,1459055,DDA,,audience_items
,US-LR-Intiative-Amgen_0226_SM1074_5720226,1459056,DDA,,audience_items
,US-LR-Intiative-Amgen_0226_SM1076_5740226,1459057,DDA,,audience_items
,US-LR-IPGKSOAmgen-0226_U6614408,1459058,DDA,,audience_items
,US-DDA-PMXLift-Toyota_686354_v1,1459060,DDA,,audience_items
,US-DDA-PMXLift-Toyota_686365_v4,1459061,DDA,,audience_items
,US-DDA-PMXLift-Toyota_686371_v5,1459063,DDA,,audience_items
,US-DDA-PMXLift-Toyota_686375_V6,1459064,DDA,,audience_items
,US-DDA-PMXLift-Toyota_686382_v7,1459066,DDA,,audience_items
,US-DDA-PMXLift-Toyota_686384_v8,1459067,DDA,,audience_items
,US-DDA-PMXLift-Toyota_686389_v9,1459068,DDA,,audience_items
,US-DDA-QRM-SMB_921865_40043214,1459088,DDA,,audience_items
,US-LR-Annalect-Mitsubishi_Q4OutlanderCompetitive,1459179,DDA,,audience_items
,US-LR-DM-Acxiom-AffluentParentsofTeenagers,1459183,DDA,,audience_items
,US-LR-DM-Alliant-AndroidExSportsViewer,1459230,DDA,,audience_items
,US-DDA-PMXLift-Toyota_687410_v1,1459436,DDA,,audience_items
,US-DDA-PMXLift-Toyota_687430_v7,1459438,DDA,,audience_items
,US-DDA-OAP-GSK_VC11335,1459443,DDA,,audience_items
,US-LR-DM-Crossix-VC11690,1459579,DDA,,audience_items
,US-DDA-OAP-GSK_1A-184,1459585,DDA,,audience_items
,US-DDA-OAP-GSK_2A-185,1459586,DDA,,audience_items
,US-DDA-OAP-Honda-TMSpanish,1459743,DDA,,audience_items
,US-LR-1P-Walgreens_F26_687329,1459788,DDA,,audience_items
,US-DDA-OAP-ATTMobility-LatestandGreatestEnjoyment_2Q26,1459789,DDA,,audience_items
,US-DDA-OAP-ATTMobility-FamilyEnjoymentl_2Q26,1459790,DDA,,audience_items
,US-LR-DM-BridgeAlarisPeople-Management_Business_and_Financial_Operations,1459844,DDA,,audience_items
,US-LR-DM-TU-Occupation_Manager,1459845,DDA,,audience_items
,US-LR-DM-Bombora-Business_Decision_Makers,1459847,DDA,,audience_items
,US-LR-DM-Bombora-Marketing_and_Advertising_DecisionMakers,1459852,DDA,,audience_items
,US-LR-DM-Bombora-IT_Tech_Decision_Makers,1459855,DDA,,audience_items
,US-LR-DM-Acxiom-Occupation_Managerial,1459856,DDA,,audience_items
,US-LR-DM-AnalyticsIQ-LotteryGaming,1461243,DDA,,audience_items
,US-CR-Annalect-RedBull_A18-34,1461246,DDA,,audience_items
,US-LR-DM-Experian-Management_Business_and_Financial_Operations,1461278,DDA,,audience_items
,US-LR-Swoop-1021546521,1462035,DDA,,audience_items
,US-LR-DM-Alliant-ShopRite,1462047,DDA,,audience_items
,US-LR-DM-Acxiom-BasketballFan,1462048,DDA,,audience_items
,US-LR-1P-Kohls_All_Lifecycle,1462063,DDA,,audience_items
,US-LR-DM-Acxiom-RegularlyShopAtTraderJoes,1462092,DDA,,audience_items
,US-LR-DM-Acxiom-RegularlyShopAtCostco,1462094,DDA,,audience_items
,US-LR-DM-Acxiom-RegularlyShopAtWholeFoods,1462096,DDA,,audience_items
,US-LR-DM-Alliant-BJsWholesaleClubBuyer,1462097,DDA,,audience_items
,US-DDA-OAP-Experian_honda-hispanicplusenglish,1462840,DDA,,audience_items
,US-DDA-TU-Number_OfVehicles_2Plus,1462847,DDA,,audience_items
,US-LR-DM-Transunion-Construction_Contractors,1465816,DDA,,audience_items
,US-CR-Annalect-BurgerKing_RBI,1465817,DDA,,audience_items
,US-LR-DM-Epsilon-ProspectiveCollegeStudentHouseholds,1465832,DDA,,audience_items
,US-DDA-PMXLift-Coke_688282_v1,1465833,DDA,,audience_items
,US-DDA-PMXLift-Coke_688243_v2,1465834,DDA,,audience_items
,US-LR-DM-AlarisPeople-IReallyEnjoyCooking,1465916,DDA,,audience_items
,AU - DWH - 10 - ID - Summit - Content - Airport 24/7 watchers APAC,1465934,DDA,,audience_items
,US-HT-G2-EXP-DEDUPE,1466002,DDA,,audience_items
,US-LR-Swoop-1023626351,1466092,DDA,,audience_items
,US-DDA-OAP-AspenDental-Hygiene,1466093,DDA,,audience_items
,US-LR-1P-GeneralMotors-Cadillac-IndependentElites,1466112,DDA,,audience_items
,US-LR-1P-GeneralMotors-Chevrolet-LifestyleTrucker,1466113,DDA,,audience_items
,US-LR-1P-GeneralMotors-Chevrolet-MsSmartSaver,1466114,DDA,,audience_items
,US-LR-1P-GeneralMotors-Chevrolet-IndependentSavvySaver,1466115,DDA,,audience_items
,US-LR-1P-GeneralMotors-GMC-PremiumPickup,1466116,DDA,,audience_items
,US-LR-1P-GeneralMotors-Buick-MyElevatedComfort,1466117,DDA,,audience_items
,verizonq226v1,1466123,DDA,,audience_items
,redlobsterq226v1,1466138,DDA,,audience_items
,tmobilepotentialsq226v1,1466142,DDA,,audience_items
,walmartoneq226v1,1466143,DDA,,audience_items
,US-LR-DM-Claritas-AttendsPBR,1466153,DDA,,audience_items
,US-LR-Crossix-VC08802,1466168,DDA,,audience_items
,newbalanceq226v1,1466170,DDA,,audience_items
,popeyesq226v1,1466171,DDA,,audience_items
,tmobilebroadbandq226v1,1466172,DDA,,audience_items
,tmobileinertq226v1,1466173,DDA,,audience_items
,tmobileprepaidq226v1,1466174,DDA,,audience_items
,US-LR-DM-Alliant-MysteryViewer,1466185,DDA,,audience_items
,US-LR-DM-AnalyticsIQ-FamilyShows,1466188,DDA,,audience_items
,US-LR-DM-Experian-MattressStoreShoppers,1466190,DDA,,audience_items
,kimberlyclarkpoiseq226v1,1466200,DDA,,audience_items
,US-DDA-OAP-MarchMadness_2026_retargeting,1466223,DDA,,audience_items
,AU - DWH - 10 - ID - Summit - Content - 999 Whats Your Emergency watchers APAC,1466258,DDA,,audience_items
,US-DDA-OAP-Toyota_Breadwinner,1466312,DDA,,audience_items
,US-LR-DM-MRI-NIQ_ProfressionalBullRiders,1466319,DDA,,audience_items
,US-LR-Crossix-VC09617,1466331,DDA,,audience_items
,US-LR-DM-Acxiom-ChildNearingHighSchoolGraduationinHousehold,1466333,DDA,,audience_items
,sonicq226v1,1466336,DDA,,audience_items
,GL-DDA-1P_Just_Tattoo_Of_Us,1466340,DDA,,audience_items
,GL-DDA-1P_The_X-Files,1466339,DDA,,audience_items
,GL-DDA-1P_Eddie_and_the_Cruisers,1466341,DDA,,audience_items
,GL-DDA-1P_This_Old_House,1466342,DDA,,audience_items
,GL-DDA-1P_Bring_It_,1466343,DDA,,audience_items
,GL-DDA-1P_The_Masters,1466344,DDA,,audience_items
,US-LR-1P-SRCP_Streaming,1466347,DDA,,audience_items
,US-LR-DM-Experian-Occupation_ComputersMathArchitectEngineering,1466353,DDA,,audience_items
,kimberlyclarkhuggiesq226v1,1466360,DDA,,audience_items
,stellantisjeepq226v1,1466361,DDA,,audience_items
,GL-DDA-1P_Paranormal_Activity_3,1466418,DDA,,audience_items
,GL-DDA-1P_Bargain,1466419,DDA,,audience_items
,GL-DDA-1P_Orphan__First_Kill,1466420,DDA,,audience_items
,GL-DDA-1P_Paranormal_Activity__Next_of_Kin,1466421,DDA,,audience_items
,GL-DDA-1P_Annihilation,1466422,DDA,,audience_items
,GL-DDA-1P_Scary_Movie_3,1466423,DDA,,audience_items
,GL-DDA-1P_10_Cloverfield_Lane,1466424,DDA,,audience_items
,GL-DDA-1P_Paranormal_Activity,1466425,DDA,,audience_items
,GL-DDA-1P_Scary_Movie_2,1466426,DDA,,audience_items
,AU - DWH - 10 - ID - Summit - Content - Jimmy Carrs Am I The Asshole watchers APAC,1467203,DDA,,audience_items
,AU - DWH - 10 - ID - Summit - Content - The Real CSI Miami watchers APAC,1467204,DDA,,audience_items
,AU - DWH - 10 - ID - Summit - Content - David Attenboroughs Parenthood watchers APAC,1467205,DDA,,audience_items
,AU - DWH - 10 - ID - Summit - Content - Damages watchers APAC,1467206,DDA,,audience_items
,AU - DWH - 10 - ID - Summit - Content - Elsbeth watchers APAC,1467207,DDA,,audience_items
,AU - DWH - 10 - ID - Summit - Content - JAG watchers APAC,1467208,DDA,,audience_items
,AU - DWH - 10 - ID - Summit - Content - Rematch watchers APAC,1467209,DDA,,audience_items
,AU - DWH - 10 - ID - Summit - Content - River watchers APAC,1467210,DDA,,audience_items
,AU - DWH - 10 - ID - Summit - Content - Rookie Blue watchers APAC,1467211,DDA,,audience_items
,AU - DWH - 10 - ID - Summit - Content - Millionaire Hot Seat watchers APAC,1467212,DDA,,audience_items
,AU - DWH - 10 - ID - Summit - Content - Love It Or List It Australia watchers APAC,1467213,DDA,,audience_items
,AU - DWH - 10 - ID - Summit - Content - The Dog House watchers APAC,1467214,DDA,,audience_items
,AU - DWH - 10 - ID - Summit - Content - The Late Show with Stephen Colbert watchers APAC,1467215,DDA,,audience_items
,US-LR-Swoop-1023098471,1467363,DDA,,audience_items
,US-LR-DM-Acxiom-FitnessDeviceOwners,1467380,DDA,,audience_items
,US-LR-DM-Acxiom-Influencer_ElectronicsPurchases,1467381,DDA,,audience_items
,US-LR-DM-Acxiom-Likely_StressLevels,1467382,DDA,,audience_items
,US-LR-DM-MRI-LikelySpending_HealthyAspirationsNoTime,1467383,DDA,,audience_items
,US-LR-DM-AmeribaseDigital_OutdoorGrilling,1467384,DDA,,audience_items
,US-LR-DM-Experian-Financial_Personalities_High_Home_Equity_Balance,1467439,DDA,,audience_items
,US-LR-DM-Experian-Financial_Personalities_Very_High_Home_Equity_Balance,1467440,DDA,,audience_items
,BETDivorcedSistasQ226V1,1467442,DDA,,audience_items
,MTVLoveHipHopAtlantaQ226V1,1467443,DDA,,audience_items
,MTVRuPaulsDragRaceQ226V1,1467444,DDA,,audience_items
,BETLoveHipHopMiamiQ226V1,1467453,DDA,,audience_items
,CCTheDailyShowQ226V1,1467454,DDA,,audience_items
,US-DDA-OAP-VikingCruises_2Q26,1467456,DDA,,audience_items
,US-DDA-PMXLift-CocaCola_688085_v1,1467457,DDA,,audience_items
,US-LR-1P-VikingCruises_00_OptOut,1467462,DDA,,audience_items
,US-LR-1P-VikingCruises_01a_BND_Ocean,1467463,DDA,,audience_items
,US-LR-1P-VikingCruises_01b_BND_River,1467464,DDA,,audience_items
,US-LR-1P-VikingCruises_03_Best_ppax_Emailable,1467465,DDA,,audience_items
,US-DDA-PMXLift-CocaCola_688087_v1,1467466,DDA,,audience_items
,US-LR-1P-VikingCruises_04_Lower_ppax_Emailable,1467467,DDA,,audience_items
,US-LR-1P-VikingCruises_06_Best_ppax_NotEmailable,1467468,DDA,,audience_items
,US-LR-Swoop-1023062011,1467469,DDA,,audience_items
,US-LR-1P-VikingCruises_07_Lower_ppax_NotEmailable,1467470,DDA,,audience_items
,US-LR-Swoop-1023062021,1467472,DDA,,audience_items
,US-LR-1P-VikingCruises_08_Inq_Best_Emailable,1467471,DDA,,audience_items
,US-LR-1P-VikingCruises_10c_Inq_Best_NotEmailable,1467473,DDA,,audience_items
,US-LR-1P-VikingCruises_10d_Inq_Mid_NotEmailable,1467475,DDA,,audience_items
,US-LR-1P-VikingCruises_13_PRO_Top_20,1467476,DDA,,audience_items
,US-LR-1P-VikingCruises_13c_PRO_Top_40,1467477,DDA,,audience_items
,US-DDA-OAP-Amgen_U6690347,1467487,DDA,,audience_items
,US-DDA-OAP-Amgen_U6690357,1467490,DDA,,audience_items
,US-DDA-OAP-Amgen_U6690338,1467491,DDA,,audience_items
,US-LR-Acxiom1P-Amgen_0326_U6690323,1467492,DDA,,audience_items
,US-LR-Acxiom1P-Amgen_0326_U6690327,1467493,DDA,,audience_items
,US-LR-DM-Alliant-MattressBuyers,1467498,DDA,,audience_items
,"GL-DDA-1P-MOVIE-If I Had Legs, I'd Kick You",1467540,DDA,,audience_items
,GL-DDA-1P-MOVIE-Eddie and the Cruisers,1467541,DDA,,audience_items
,GL-DDA-1P-SHOW-Just Tattoo Of Us,1467547,DDA,,audience_items
,GL-DDA-1P-SHOW-Bring It!,1467548,DDA,,audience_items
,US-DDA-OAP-MarathonPetroleum-TwoTransactions,1467648,DDA,,audience_items
,US-LR-Swoop-1023500111,1467651,DDA,,audience_items
,US-LR-DM-Acxiom-MotorcycleEnthusiasts,1467653,DDA,,audience_items
,US-LR-DM-AffinitySolutions-MattressStores-Tempur-Pedic,1467655,DDA,,audience_items
,US-LR-DM-Bombora-B2B_CompanySize_Micro_1-9,1467656,DDA,,audience_items
,US-LR-DM-AffinitySolutions-MattressStores-SelectComfort,1467657,DDA,,audience_items
,US-LR-DM-Bombora-B2B_CompanySize_Small_10-49,1467658,DDA,,audience_items
,US-LR-DM-Bombora-B2B_CompanySize_Small_21-100,1467659,DDA,,audience_items
,US-LR-DM-Bombora-B2B_CompanySize_Medium_200-499,1467660,DDA,,audience_items
,US-LR-DM-Bombora-B2B_CompanySize_Medium-Large_500-999,1467661,DDA,,audience_items
,US-LR-DM-Bombora-B2B_CompanySize_Medium-Small_50-199,1467662,DDA,,audience_items
,US-LR-DM-Bombora-B2B_CompanySize_Medium_101-500,1467663,DDA,,audience_items
,US-LR-DM-Bombora-B2B_CompanySize_Medium-Large_501-1000,1467664,DDA,,audience_items
,US-LR-DM-Bombora-B2B_CompanySize_Large_1000-4999,1467665,DDA,,audience_items
,US-LR-DM-Bombora-B2B_CompanySize_XLarge_5001plus,1467666,DDA,,audience_items
,US-LR-DM-Bombora-B2B_CompanySize_XLarge_5000-10000,1467667,DDA,,audience_items
,US-LR-DM-Bombora-B2B_CompanySize_XXLarge_10000plus,1467668,DDA,,audience_items
,US-CR-Annalect-Popeyes-rbi,1467669,DDA,,audience_items
,US-CR-Annalect-NissanFrontier,1467670,DDA,,audience_items
,US-CR-Annalect-Nissan-Pathfinder,1467671,DDA,,audience_items
,US-CR-Annalect-Nissan-Rogue,1467672,DDA,,audience_items
,GL-DDA-1P-SHOW- Love & Hip Hop Miami,1467675,DDA,,audience_items
,US-LR-DM-Alliant-Groceries_Condiments,1467689,DDA,,audience_items
,US-LR-DM-Acxiom-RegularlyShop_Publix,1467690,DDA,,audience_items
,US-LR-DM-AnalyticsIQ_PassionateGroceryShoppersThatSpendBig,1467691,DDA,,audience_items
,US-LR-Swoop-1023062131,1467736,DDA,,audience_items
,US-LR-Swoop-1023062141,1467737,DDA,,audience_items
,US-LR-Swoop-1023017541,1467810,DDA,,audience_items
,US-LR-Swoop-1023017551,1467811,DDA,,audience_items
,US-DDA-PMXLift-Lego_688638_v1,1467813,DDA,,audience_items
,US-DDA-PMXLift-Lego_688697_v3,1467815,DDA,,audience_items
,US-DDA-PMXLift-Lego_688702_v5,1467816,DDA,,audience_items
,US-LR-Swoop-0326_1023626361,1467977,DDA,,audience_items
,US-LR-Swoop-0126_1022738551,1467978,DDA,,audience_items
,US-LR-Swoop-0326_1023626351,1467979,DDA,,audience_items
,US-DDA-OAP-NewBalance_2Q26,1467982,DDA,,audience_items
,US-DDA-OAP-Apartment-Renter_2Q26,1467983,DDA,,audience_items
,US-LR-DM-Alliant-FIFAWorldCupEnjoyers,1467984,DDA,,audience_items
,US-LR-DM-Alliant-RidesharePropensity,1467985,DDA,,audience_items
,US-LR-DM-Acxiom-HeavyQSR_FastFood,1467989,DDA,,audience_items
,US-CR-Annalect-MercedesBenz-Luxury,1467998,DDA,,audience_items
,applebeesq226v1,1468000,DDA,,audience_items
,disneyworldparksq226v1,1468001,DDA,,audience_items
,GL-DDA-1P_Usher__Rendezvous_in_Paris,1468005,DDA,,audience_items
,GL-DDA-1P_Sail_GP,1468006,DDA,,audience_items
,GL-DDA-1P_CBS_Sports_HQ,1468007,DDA,,audience_items
,GL-DDA-1P_Churchy,1468008,DDA,,audience_items
,GL-DDA-1P_The_Accused,1468009,DDA,,audience_items
,GL-DDA-1P_Ms_Pat_Settles_It,1468010,DDA,,audience_items
,GL-DDA-1P_To_Get_Her,1468011,DDA,,audience_items
,GL-DDA-1P_All_The_Queen_s_Men,1468012,DDA,,audience_items
,GL-DDA-1P_Dutch_III__International_Gangster,1468013,DDA,,audience_items
,GL-DDA-1P_The_Ms__Pat_Show,1468014,DDA,,audience_items
,GL-DDA-1P_Tyler_Perry_s_Divorced_Sistas,1468015,DDA,,audience_items
,GL-DDA-1P_Holy_Hustle,1468016,DDA,,audience_items
,GL-DDA-1P_War_Dawgz,1468017,DDA,,audience_items
,GL-DDA-1P_Call_Her_King,1468018,DDA,,audience_items
,GL-DDA-1P_Peripheral,1468019,DDA,,audience_items
,GL-DDA-1P_SHOW-Trophy_Wife,1468020,DDA,,audience_items
,GL-DDA-1P_Dutton_Ranch,1468021,DDA,,audience_items
,GL-DDA-1P_Fringe,1468022,DDA,,audience_items
,GL-DDA-1P_Kemba,1468023,DDA,,audience_items
,GL-DDA-1P_House_On_Fire,1468024,DDA,,audience_items
,GL-DDA-1P_Primate,1468025,DDA,,audience_items
,GL-DDA-1P_Crawl,1468026,DDA,,audience_items
,GL-DDA-1P_A_Demon_s_Revenge,1468027,DDA,,audience_items
,GL-DDA-1P_Fatal_Detour,1468028,DDA,,audience_items
,GL-DDA-1P_The_Coach_Vick_Experience,1468029,DDA,,audience_items
,capellaq226v1,1468031,DDA,,audience_items
,hiltonq226v1,1468032,DDA,,audience_items
,burgerkingq226v1,1468040,DDA,,audience_items
,US-LR-HealthUnion-1023644981,1468054,DDA,,audience_items
,bloominq226v1,1468068,DDA,,audience_items
,costarhomesq226v1,1468069,DDA,,audience_items
,US-LR-DM-MRI-VideoGame_CallOfDuty,1468077,DDA,,audience_items
,US-LR-DM-Acxiom-PlayGames_Daily,1468078,DDA,,audience_items
,US-LR-DM-Acxiom-VideoGames_RacingGames_L30Days,1468079,DDA,,audience_items
,US-LR-DM-Acxiom-VideoGames_ShooterGames_L30Days,1468080,DDA,,audience_items
,US-LR-DM-Acxiom-VideoGames_MMOGames_L30Days,1468081,DDA,,audience_items
,US-LR-DM-Alliant-Auto_DiscountTireBuyerPropensity,1468082,DDA,,audience_items
,US-LR-DM-Epsilon-TireBuyers,1468083,DDA,,audience_items
,US-LR-DM-Experian-Ownership-VehicleAge_6-10yrs,1468084,DDA,,audience_items
,US-LR-DM-Experian-Ownership-VehicleAge_11plusyrs,1468085,DDA,,audience_items
,sonicupdatedq226v1,1468100,DDA,,audience_items
,US-LR-IQVIA-1023490931,1468107,DDA,,audience_items
,US-LR-IQVIA-1023490921,1468109,DDA,,audience_items
,US-LR-IQVIA-1023490941,1468110,DDA,,audience_items
,US-LR-IQVIA-1023490911,1468111,DDA,,audience_items
,AU - DWH - Circana - Geo - Peak - FMCG - Baby APAC,1468162,DDA,,audience_items
,AU - DWH - Circana - Geo - Peak - FMCG - Bakehouse APAC,1468163,DDA,,audience_items
,AU - DWH - Circana - Geo - Peak - FMCG - Beverages APAC,1468164,DDA,,audience_items
,AU - DWH - Circana - Geo - Peak - FMCG - Chilled Spreads APAC,1468165,DDA,,audience_items
,AU - DWH - Circana - Geo - Peak - FMCG - Cereal APAC,1468166,DDA,,audience_items
,AU - DWH - Circana - Geo - Peak - FMCG - Cleaning Goods APAC,1468167,DDA,,audience_items
,AU - DWH - Circana - Geo - Peak - FMCG - Convenience Meals APAC,1468168,DDA,,audience_items
,AU - DWH - Circana - Geo - Peak - FMCG - Dental Health APAC,1468169,DDA,,audience_items
,AU - DWH - Circana - Geo - Peak - FMCG - Dairy Milk APAC,1468170,DDA,,audience_items
,AU - DWH - Circana - Geo - Peak - FMCG - Frozen Desserts APAC,1468171,DDA,,audience_items
,AU - DWH - Circana - Geo - Peak - FMCG - Hair Care APAC,1468172,DDA,,audience_items
,AU - DWH - Circana - Geo - Peak - FMCG - Health Foods APAC,1468173,DDA,,audience_items
,AU - DWH - Circana - Geo - Peak - FMCG - Impulse APAC,1468174,DDA,,audience_items
,AU - DWH - Circana - Geo - Peak - FMCG - International Foods APAC,1468175,DDA,,audience_items
,AU - DWH - Circana - Geo - Peak - FMCG - Laundry APAC,1468176,DDA,,audience_items
,AU - DWH - Circana - Geo - Peak - FMCG - Medicinal Products APAC,1468177,DDA,,audience_items
,AU - DWH - Circana - Geo - Peak - FMCG - Mens Deos and Grooming APAC,1468178,DDA,,audience_items
,AU - DWH - Circana - Geo - Peak - FMCG - Pantry APAC,1468179,DDA,,audience_items
,AU - DWH - Circana - Geo - Peak - FMCG - Plant Dairy Milk APAC,1468180,DDA,,audience_items
,AU - DWH - Circana - Geo - Peak - FMCG - Skin Care APAC,1468181,DDA,,audience_items
,AU - DWH - Circana - Geo - Peak - FMCG - Sun Care APAC,1468182,DDA,,audience_items
,AU - DWH - Circana - Geo - Peak - FMCG - Vitamins APAC,1468183,DDA,,audience_items
,AU - DWH - Circana - Geo - Peak - FMCG - Womens Deo and Grooming APAC,1468184,DDA,,audience_items
,AU - DWH - Circana - Geo - Peak - FMCG - Chilled Desserts APAC,1468185,DDA,,audience_items
,AU - DWH - Circana - Geo - Peak - FMCG - Pet Food APAC,1468186,DDA,,audience_items
,AU - DWH - Circana - Geo - Peak - FMCG - Pet Food test deactivated at 2026-03-26 03:09:18 UTC,1468195,DDA,,audience_items
,AU - DWH - Circana - Geo - Peak - FMCG - Pet Food test2 deactivated at 2026-03-26 03:20:35 UTC,1468198,DDA,,audience_items
,'+'AU - DWH - Circana - Geo - Peak - FMCG - Cleaning Goods'+' deactivated at 2026-03-26 03:31:57 UTC,1468200,DDA,,audience_items
,'+'AU - DWH - Circana - Geo - Peak - FMCG - Cleaning Goods'+' deactivated at 2026-03-26 03:51:37 UTC,1468201,DDA,,audience_items
,||name|| deactivated at 2026-03-26 03:51:29 UTC,1468202,DDA,,audience_items
,AU - DWH - Circana - Geo - Peak - FMCG - Cleaning Goods deactivated at 2026-03-26 03:51:19 UTC,1468203,DDA,,audience_items
,AU - DWH - Circana - Geo - Peak - FMCG - Cleaning Goods deactivated at 2026-03-26 03:54:23 UTC,1468204,DDA,,audience_items
,TEST1_apac deactivated at 2026-03-26 04:40:34 UTC,1468216,DDA,,audience_items
,TEST1_apac deactivated at 2026-03-26 04:41:38 UTC,1468218,DDA,,audience_items
,TEST1_apac deactivated at 2026-03-26 04:43:39 UTC,1468219,DDA,,audience_items
,TEST1_apac deactivated at 2026-03-26 04:44:47 UTC,1468220,DDA,,audience_items
,TEST2_apac deactivated at 2026-03-26 04:44:41 UTC,1468221,DDA,,audience_items
,TEST3_apac deactivated at 2026-03-26 04:44:34 UTC,1468222,DDA,,audience_items
,US-LR-DM-Acxiom-PopCultureFans,1468342,DDA,,audience_items
,US-LR-DM-Alliant-SpiritsBuyer,1468343,DDA,,audience_items
,US-LR-DM-Acxiom-GroceriesDeliveredOnline,1468345,DDA,,audience_items
,US-CR-Annalect-Mitsubishi_OutlanderCompetetiveSet,1468346,DDA,,audience_items
,US-LR-DM-Acxiom-RestaurantFood-DeliveredOnline,1468347,DDA,,audience_items
,US-LR-DM-Verisk-ValuesFamily,1468350,DDA,,audience_items
,US-LR-DM-Verisk-ValuesFriendships,1468351,DDA,,audience_items
,US-DDA-PMXLift-CocaCola-Smartwater-V1,1468400,DDA,,audience_items
,US-DDA-PMXLift-CocaCola-Smartwater-V2,1468401,DDA,,audience_items
,US-DDA-OAP-Mars_Dog,1468421,DDA,,audience_items
,US-DDA-OAP-Mars_Cat,1468422,DDA,,audience_items
,US-DDA-OAP-Acxiom-AmgenOtezla_2q26,1468424,DDA,,audience_items
,US-DDA-OAP-Acxiom-AmgenRepatha_2q26,1468425,DDA,,audience_items
,US-DDA-OAP-1PD-Applebees_2q26,1468426,DDA,,audience_items
,US-DDA-PMXLift-Amica-OTR-V1,1468427,DDA,,audience_items
,US-DDA-OAP-Acxiom-AstraZenecaAirsupra_2q26,1468428,DDA,,audience_items
,US-DDA-PMXLift-Amica-OTR-V4,1468429,DDA,,audience_items
,US-DDA-PMXLift-Amica-OTR-V6,1468430,DDA,,audience_items
,US-DDA-PMXLift-Amica-OTR-V8,1468431,DDA,,audience_items
,US-DDA-OAP-1PD-Capella_2q26,1468452,DDA,,audience_items
,US-DDA-OAP-Acxiom-Constellation_Modelo_2q26,1468453,DDA,,audience_items
,US-DDA-OAP-Acxiom-Constellation_Corona_2q26,1468455,DDA,,audience_items
,US-DDA-OAP-Epsilon-CostarHomes_2q26,1468456,DDA,,audience_items
,US-DDA-OAP-Epsilon-DisneyWDW_2q26,1468458,DDA,,audience_items
,US-DDA-OAP-Swoop-GileadBiktarvy_2q26,1468459,DDA,,audience_items
,US-DDA-OAP-Crossix-GileadDescovy_2q26,1468460,DDA,,audience_items
,US-DDA-OAP-Crossix-GileadYeztugo_2q26,1468461,DDA,,audience_items
,US-DDA-OAP-1PD-Hilton_2q26,1468462,DDA,,audience_items
,US-DDA-OAP-MRI-Loreal_2q26,1468463,DDA,,audience_items
,US-DDA-OAP-InMarket-KimberlyClarkHuggies_2q26,1468464,DDA,,audience_items
,US-DDA-OAP-InMarket-KimberlyClarkPoise_2q26,1468465,DDA,,audience_items
,US-DDA-OAP-Acxiom-NewBalance_2q26,1468466,DDA,,audience_items
,US-DDA-OAP-Annalect-Nissan_2q26,1468468,DDA,,audience_items
,US-DDA-OAP-1P-PODs_2Q26,1468469,DDA,,audience_items
,US-DDA-OAP-EpsilonEPC-Sonic_2Q26,1468470,DDA,,audience_items
,US-DDA-OAP-1P-Subway_2Q26,1468471,DDA,,audience_items
,US-DDA-OAP-Acxiom-TMobilePrepaid_2q26,1468472,DDA,,audience_items
,US-DDA-OAP-Acxiom-TMobilePostpaidInert_2q26,1468473,DDA,,audience_items
,US-DDA-OAP-Acxiom-TMobilePostpaidPotentials_2q26,1468474,DDA,,audience_items
,US-DDA-OAP-Acxiom-TMobileBroadband_2q26,1468475,DDA,,audience_items
,US-DDA-OAP-Acxiom-USPS_2q26,1468476,DDA,,audience_items
,US-DDA-OAP-EpsilonEPC-Verizon_2q26,1468481,DDA,,audience_items
,chilisq226v1,1468491,DDA,,audience_items
,US-LR-DM-Acxiom-AutoInsurance_Farmers,1468511,DDA,,audience_items
,US-LR-DM-Acxiom-AutoInsurance_Geico,1468512,DDA,,audience_items
,US-LR-DM-Acxiom-AutoInsurance_LibertyMutual,1468513,DDA,,audience_items
,US-LR-DM-Acxiom-AutoInsurance_Progressive,1468514,DDA,,audience_items
,US-LR-DM-Acxiom-AutoInsurance_Travelers,1468515,DDA,,audience_items
,US-LR-1P-Membership-AllTiersIncludingEveryday,1468516,DDA,,audience_items
,nissanq226v1,1468521,DDA,,audience_items
,choicehotelsq226v1,1468569,DDA,,audience_items
,GL-DDA-1P-SHOW-Fringe,1468631,DDA,,audience_items
,GL-DDA-1P-SHOW-CBS Sports HQ,1468632,DDA,,audience_items
,GL-DDA-1P-SHOW-Sail GP,1468633,DDA,,audience_items
,GL-DDA-1P-SHOW-Divorced Sistas,1468634,DDA,,audience_items
,GL-DDA-1P-SHOW-All the Queens Men,1468638,DDA,,audience_items
,GL-DDA-1P-MOVIE-A Demons Revenge,1468641,DDA,,audience_items
,GL-DDA-1P-MOVIE-Call Her King,1468642,DDA,,audience_items
,GL-DDA-1P-SHOW-Churchy,1468647,DDA,,audience_items
,US-DDA-QRM-SMB_964126_40044309,1468684,DDA,,audience_items
,US-DDA-QRM-SMB_969339_1287728,1468685,DDA,,audience_items
,US-LR-Crossix-VC11955,1468858,DDA,,audience_items
,US-LR-Swoop-1023075651,1468910,DDA,,audience_items
,US-LR-Swoop-1023075661,1468912,DDA,,audience_items
,US-LR-DM-Acxiom-FIFAWorldCupFans,1468937,DDA,,audience_items
,US-LR-DM-Acxiom-EnterpriseCustomer,1468979,DDA,,audience_items
,subwayq226v1,1468984,DDA,,audience_items
,US-LR-DM-Acxiom-Likely_New_Vehicle_Brand_Kia,1468997,DDA,,audience_items
,GL-DDA-1P_22_Jump_Street,1469150,DDA,,audience_items
,GL-DDA-1P_Yellowstone,1469151,DDA,,audience_items
,GL-DDA-1P_Dating_Naked_UK,1469152,DDA,,audience_items
,GL-DDA-1P_21_Jump_Street,1469153,DDA,,audience_items
,US-LR-EpsilonEPC-Wendys_McD_BK_Not_Wendys_1H26,1469196,DDA,,audience_items
,HT-US-1P_Paramount_Plus_Mobile_Users,1469249,DDA,,audience_items
,GL-DDA-1P_Hate_The_Player_-_The_Ben_Johnson_Story,1469250,DDA,,audience_items
,GL-DDA-1P_Sydney_White,1469251,DDA,,audience_items
,GL-DDA-1P_Zodiac,1469252,DDA,,audience_items
,GL-DDA-1P_Frankie___Johnny,1469253,DDA,,audience_items
,GL-DDA-1P_I_Know_What_You_Did_Last_Summer,1469254,DDA,,audience_items
,GL-DDA-1P_Woman_Walks_Ahead,1469255,DDA,,audience_items
,GL-DDA-1P_Bram_Stoker_s_Dracula,1469256,DDA,,audience_items
,GL-DDA-1P_Married_To_the_Mob,1469257,DDA,,audience_items
,GL-DDA-1P_Tender_Mercies,1469258,DDA,,audience_items
,GL-DDA-1P_Antiques_Roadshow_UK,1469259,DDA,,audience_items
,GL-DDA-1P_Monster_Jam_Stadium_Championship_Series,1469260,DDA,,audience_items
,GL-DDA-1P_Breakdown,1469261,DDA,,audience_items
,GL-DDA-1P_Nosey_Baxter_LLC_Nosey,1469262,DDA,,audience_items
,GL-DDA-1P_The_Russia_House,1469263,DDA,,audience_items
,GL-DDA-1P_Missing_in_Action,1469264,DDA,,audience_items
,GL-DDA-1P_A_Force_Of_One,1469265,DDA,,audience_items
,GL-DDA-1P_American_Pickers,1469266,DDA,,audience_items
,GL-DDA-1P_Star_Trek_Beyond,1469267,DDA,,audience_items
,GL-DDA-1P_The_Delta_Force,1469268,DDA,,audience_items
,GL-DDA-1P_Thelma___Louise,1469269,DDA,,audience_items
,GL-DDA-1P_Family_Feud,1469271,DDA,,audience_items
,GL-DDA-1P_Death_in_Paradise,1469270,DDA,,audience_items
,GL-DDA-1P_Urban_Cowboy,1469272,DDA,,audience_items
,GL-DDA-1P_Drive__2011_,1469273,DDA,,audience_items
,GL-DDA-1P_Good_Guys_Wear_Black,1469274,DDA,,audience_items
,GL-DDA-1P_Luther,1469275,DDA,,audience_items
,GL-DDA-1P_The_Octagon,1469276,DDA,,audience_items
,GL-DDA-1P_Child_s_Play,1469277,DDA,,audience_items
,GL-DDA-1P_The_Ring,1469278,DDA,,audience_items
,GL-DDA-1P_Lenny,1469279,DDA,,audience_items
,GL-DDA-1P_Lone_Wolf_McQuade,1469280,DDA,,audience_items
,US-DDA-OAP-RedLobster-Family,1469537,DDA,,audience_items
,US-LR-Annalect-Canva-18-49-KWTV,1469543,DDA,,audience_items
,US-LR-DM-AffinityAnswers-HomeBuying,1469544,DDA,,audience_items
,US-LR-DM-Alliant-Insurance_Allstate,1469545,DDA,,audience_items
,US-CR-Annalect-Canva_KW1849_Update,1469546,DDA,,audience_items
,LR_MACS_1PD_LVRMP_PLUS_CurrentSub_Active_Total_03_29_26,1469547,DDA,,audience_items
,US-LR-1P-Active-Auto_Insurance,1469548,DDA,,audience_items
,US-LR-1P-All-Members_IncludingEveryday,1469550,DDA,,audience_items
,US-LR-Swoop-1023632911,1469551,DDA,,audience_items
,US-LR-Swoop-1023632921,1469552,DDA,,audience_items
,US-LR-Swoop-1023632931,1469553,DDA,,audience_items
,US-LR-Swoop-1023632941,1469554,DDA,,audience_items
,US-LR-DM-Acxiom-HomeAge_1986_1990,1469569,DDA,,audience_items
,US-LR-DM-Acxiom-HomeAge_1991_1995,1469570,DDA,,audience_items
,US-LR-DM-Acxiom-HomeAge_1996_2000,1469571,DDA,,audience_items
,US-LR-DM-Acxiom-HomeAge_After_2000,1469572,DDA,,audience_items
,US-DDA-OAP-1PD-GeneralAuto_2q26,1469577,DDA,,audience_items
,US-DDA-OAP-Swoop-PfizerNurtec_2Q26,1469578,DDA,,audience_items
,US-DDA-EAE-LEGO_FlowerPotQ226,1469581,DDA,,audience_items
,US-LR-Crossix-VC09633,1469615,DDA,,audience_items
,US-DDA-SMB-LAL_smb_lal_20029182,1469621,DDA,,audience_items
,AU - DWH - 10 - ID - Summit - Content - Gold Wars Down Under watchers APAC,1469726,DDA,,audience_items
,AU - DWH - 10 - ID - Summit - Content - Becker watchers APAC,1469727,DDA,,audience_items
,AU - DWH - 10 - ID - Summit - Content - Frasier watchers APAC,1469728,DDA,,audience_items
,AU - DWH - 10 - ID - Summit - Content - SpongeBob SquarePants watchers APAC,1469729,DDA,,audience_items
,AU - DWH - 10 - ID - Summit - Content - Bull watchers APAC,1469730,DDA,,audience_items
,AU - DWH - 10 - ID - Summit - Content - Fire Country watchers APAC,1469731,DDA,,audience_items
,AU - DWH - 10 - ID - Summit - Content - The Shield watchers APAC,1469732,DDA,,audience_items
,AU - DWH - 10 - ID - Summit - Content - Farm To Fork watchers APAC,1469733,DDA,,audience_items
,AU - DWH - 10 - ID - Summit - Content - Jamie Oliver Eat Yourself Healthy watchers APAC,1469734,DDA,,audience_items
,AU - DWH - 10 - ID - Summit - Content - Entertainment Tonight watchers APAC,1469735,DDA,,audience_items
,AU - DWH - 10 - ID - Summit - Content - Ridiculousness watchers APAC,1469736,DDA,,audience_items
,AU - DWH - 10 - ID - Summit - Content - The Finish Line watchers APAC,1469737,DDA,,audience_items
,AU - DWH - 10 - ID - Summit - Content - Race Across The World watchers APAC,1469738,DDA,,audience_items
,AU - DWH - 10 - ID - Summit - Content - The Weekly Kick-Off watchers APAC,1469739,DDA,,audience_items
,US-CR-Annalect_OldNavyCTV_Gap,1469865,DDA,,audience_items
,US-LR-EpsilonEPC-Wendys_HeavyGoersLAL,1469887,DDA,,audience_items
,US-LR-EpsilonEPC-Wendys_MediumGoersLAL,1469888,DDA,,audience_items
,US-LR-EpsilonEPC-Wendys_LowGoersLAL,1469889,DDA,,audience_items
,US-LR-DM-Acxiom-Food-Beverage_RegularlyEatsEggs,1469989,DDA,,audience_items
,US-LR-DM-Alliant-CPG_EggBuyers,1469990,DDA,,audience_items
,US-LR-1P-SMG_target_va_r1_no_lowprop,1469991,DDA,,audience_items
,US-LR-1P-SMG_target_va_r1_no_highprop,1469992,DDA,,audience_items
,US-LR-1P-SMG_target_va_r1_no_midprop,1469993,DDA,,audience_items
,US-LR-1P-SMG_target_va_r1_pers_highprop,1469994,DDA,,audience_items
,US-LR-1P-SMG_target_va_r1_pers_midprop,1469995,DDA,,audience_items
,US-LR-1P-SMG_target_va_r1_yes_highprop,1469996,DDA,,audience_items
,US-LR-1P-SMG_target_va_r1_yes_midprop,1469997,DDA,,audience_items
,US-LR-1P-DT_2026_RunoffBallot_Voted_True,1469998,DDA,,audience_items
,US-LR-1P-Acxiom-Amgen_U6683139,1469999,DDA,,audience_items
,US-LR-1P-Acxiom-Amgen_U6683146,1470000,DDA,,audience_items
,US-LR-1P-Acxiom-Amgen_U6683151,1470001,DDA,,audience_items
,US-LR-1P-Acxiom-Amgen_U6684015,1470003,DDA,,audience_items
,US-LR-1P-Acxiom-Amgen_U6684045,1470009,DDA,,audience_items
,US-LR-1P-Acxiom-Amgen_U6684054,1470011,DDA,,audience_items
,US-LR-DM-123Push-InterestInSportsMovies,1470062,DDA,,audience_items
,GL-DDA-1P-SHOW-Dutch III,1470066,DDA,,audience_items
,GL-DDA-1P-MOVIE-Fatal Detour,1470068,DDA,,audience_items
,GL-DDA-1P-SHOW-House on Fire,1470069,DDA,,audience_items
,GL-DDA-1P-MOVIE-Kemba,1470075,DDA,,audience_items
,GL-DDA-1P-MOVIE-Peripheral,1470076,DDA,,audience_items
,GL-DDA-1P-MOVIE-The Accused,1470077,DDA,,audience_items
,GL-DDA-1P-MOVIE-To Get Her,1470078,DDA,,audience_items
,GL-DDA-1P-MOVIE-Trophy Wife,1470090,DDA,,audience_items
,GL-DDA-1P-MOVIE-Usher Rendezvous in Paris,1470091,DDA,,audience_items
,US-LR-HealthUnion-1023826551,1470411,DDA,,audience_items
,US-CR-Annalect_HomeDepot_SpringAppliance,1470422,DDA,,audience_items
,US-LR-DM-Alliant-InterestInHipHopAndRap,1470432,DDA,,audience_items
,US-LR-DM-Experian-InMarketFurniture,1470713,DDA,,audience_items
,GL-DDA-1P_Friday_the_13th_Part_IV__The_Final_Chapter,1470787,DDA,,audience_items
,GL-DDA-1P_Penny_Dreadful,1470788,DDA,,audience_items
,GL-DDA-1P_INTL___Man_With_No_Past,1470789,DDA,,audience_items
,GL-DDA-1P_Star_Trek,1470790,DDA,,audience_items
,GL-DDA-1P_The_Godfather_Part_II,1470791,DDA,,audience_items
,GL-DDA-1P_INTL___One_Last_Time__An_Evening_with_Lady_Gaga_and_Tony_Bennett,1470792,DDA,,audience_items
,GL-DDA-1P_Dog_Whisperer_with_Cesar_Millan,1470793,DDA,,audience_items
,GL-DDA-1P_Classic_Doctor_Who,1470794,DDA,,audience_items
,GL-DDA-1P_INTL___Cher___the_Loneliest_Elephant,1470795,DDA,,audience_items
,GL-DDA-1P_Get_Out,1470796,DDA,,audience_items
,GL-DDA-1P_INTL___Madame_X,1470797,DDA,,audience_items
,GL-DDA-1P_INTL___The_Children_of_October_7th,1470798,DDA,,audience_items
,GL-DDA-1P_The_Challenge_-_World_Championship,1470799,DDA,,audience_items
,GL-DDA-1P_Dog_Whisperer,1470800,DDA,,audience_items
,GL-DDA-1P_Twin_Peaks,1470801,DDA,,audience_items
,GL-DDA-1P_Freediver,1470802,DDA,,audience_items
,AU - LR - Client - ID - Peak - Custom - Hatched - AllCustomersMembers,1471328,DDA,,audience_items
,US-LR-Crossix-VC12027,1471723,DDA,,audience_items
,US-LR-Crossix-VC12019,1471724,DDA,,audience_items
,US-LR-Crossix-VC11931,1471725,DDA,,audience_items
,US-DDA-SMB-REP_smb_rep_ads_manager_recreational_vehicles,1471811,DDA,,audience_items
,US-LR-DM-Acxiom-SpaceInterest,1472769,DDA,,audience_items
,US-LR-DM-Alliant-OutdoorFurniture,1472780,DDA,,audience_items
,US-CR-Annalect-FedEx_PrimaryMarketingFinanceIT,1472812,DDA,,audience_items
,US-CR-Annalect-FedEx_SecondaryMarketingFinanceIT,1472815,DDA,,audience_items
,US-LR-DM-MRISimmons-Rodeo,1472828,DDA,,audience_items
,US-LR-DM-Dstillery-RodeoEnthusiasts,1472829,DDA,,audience_items
,US-LR-DM-Dstillery-CowboyBootsShoppers,1472831,DDA,,audience_items
,US-LR-DM-Cuebiq-MovieGoers_AMC,1472841,DDA,,audience_items
,US-DDA-MRI-SlingTV2Q26,1472857,DDA,,audience_items
,US-LR-DM-Cuebiq-MovieGoers_BowTie,1472858,DDA,,audience_items
,US-LR-DM-Cuebiq-MovieGoers_Cinemark,1472859,DDA,,audience_items
,US-LR-DM-Cuebiq-MovieGoers_Edwards,1472860,DDA,,audience_items
,US-LR-DM-Cuebiq-MovieGoers_IMAXTheaters,1472861,DDA,,audience_items
,US-LR-DM-Cuebiq-MovieGoers_MovieMall,1472862,DDA,,audience_items
,US-LR-DM-Cuebiq-MovieGoers_Regal,1472863,DDA,,audience_items
,US-LR-DM-Cuebiq-MovieGoers_UnitedArtists,1472864,DDA,,audience_items
,GL-DDA-1P_One_Last_Time_-_An_Evening_with_Tony_Bennett_and_Lady_Gaga,1472869,DDA,,audience_items
,GL-DDA-1P_Cotton_Comes_To_Harlem,1472870,DDA,,audience_items
,GL-DDA-1P_From_Paris_with_Love,1472871,DDA,,audience_items
,GL-DDA-1P_Wayne_s_World,1472872,DDA,,audience_items
,GL-DDA-1P_Timecop,1472873,DDA,,audience_items
,GL-DDA-1P_Carl_Weber_s_The_Family_Business,1472874,DDA,,audience_items
,GL-DDA-1P_Selena,1472875,DDA,,audience_items
,GL-DDA-1P_Terrifier,1472876,DDA,,audience_items
,GL-DDA-1P_Friday_the_13th_Part_III,1472877,DDA,,audience_items
,GL-DDA-1P_Terrifier_3,1472878,DDA,,audience_items
,GL-DDA-1P_Soul_Plane,1472879,DDA,,audience_items
,GL-DDA-1P_Four_Weddings_and_a_Funeral,1472880,DDA,,audience_items
,GL-DDA-1P_Wayne_s_World_2,1472881,DDA,,audience_items
,GL-DDA-1P_Love_and_Death,1472882,DDA,,audience_items
,GL-DDA-1P_Evil_Dead_II,1472883,DDA,,audience_items
,GL-DDA-1P_Margot_At_The_Wedding,1472884,DDA,,audience_items
,GL-DDA-1P_Dreamgirls,1472885,DDA,,audience_items
,GL-DDA-1P_Eurotrip,1472886,DDA,,audience_items
,GL-DDA-1P_Law___Order,1472887,DDA,,audience_items
,GL-DDA-1P_Cloverfield,1472888,DDA,,audience_items
,GL-DDA-1P_Islands_of_Creation,1472889,DDA,,audience_items
,GL-DDA-1P_Untamed_Heart,1472890,DDA,,audience_items
,GL-DDA-1P_Carrie__2013_,1472891,DDA,,audience_items
,GL-DDA-1P_Shootfighter_II,1472892,DDA,,audience_items
,GL-DDA-1P_Last_Of_The_Red_Hot_Lovers,1472893,DDA,,audience_items
,GL-DDA-1P_The_4-30_Movie,1472894,DDA,,audience_items
,GL-DDA-1P_MAFIA,1472895,DDA,,audience_items
,GL-DDA-1P_Carrie__1976_,1472896,DDA,,audience_items
,GL-DDA-1P_Rizzoli___Isles,1472897,DDA,,audience_items
,GL-DDA-1P_No_Escape,1472898,DDA,,audience_items
,GL-DDA-1P_Out_Of_Time,1472899,DDA,,audience_items
,GL-DDA-1P_Terrifier_2,1472900,DDA,,audience_items
,GL-DDA-1P_Mama_s_Family,1472901,DDA,,audience_items
,GL-DDA-1P_Good_Will_Hunting,1472902,DDA,,audience_items
,GL-DDA-1P_Life_of_a_King,1472903,DDA,,audience_items
,GL-DDA-1P_Man_With_No_Past,1472904,DDA,,audience_items
,GL-DDA-1P_Wedding_Daze,1472905,DDA,,audience_items
,GL-DDA-1P_Lady_Bloodfight,1472906,DDA,,audience_items
,GL-DDA-1P_Cher___the_Loneliest_Elephant,1472907,DDA,,audience_items
,GL-DDA-1P_Devon,1472908,DDA,,audience_items
,GL-DDA-1P_The_Duel,1472909,DDA,,audience_items
,GL-DDA-1P_Kim_Kardashian_West-_Hollywood_Royalty,1472910,DDA,,audience_items
,GL-DDA-1P_Angel_Heart,1472911,DDA,,audience_items
,GL-DDA-1P_Heartburn,1472912,DDA,,audience_items
,GL-DDA-1P_The_Children_of_October_7,1472913,DDA,,audience_items
,GL-DDA-1P_Meatballs,1472914,DDA,,audience_items
,GL-DDA-1P_Star_Trek__2009_,1472915,DDA,,audience_items
,GL-DDA-1P_Feast_of_Love,1472916,DDA,,audience_items
,GL-DDA-1P_The_Closer,1472917,DDA,,audience_items
,GL-DDA-1P_Law___Order__Criminal_Intent,1472918,DDA,,audience_items
,GL-DDA-1P_Madame_X,1472919,DDA,,audience_items
,GL-DDA-1P_Hacked,1472920,DDA,,audience_items
,GL-DDA-1P_MythBusters,1472921,DDA,,audience_items
,GL-DDA-1P_The_Long_Walk_Home,1472922,DDA,,audience_items
,GL-DDA-1P_Hogan_s_Heroes,1472923,DDA,,audience_items
,GL-DDA-1P_Chick_Fight,1472924,DDA,,audience_items
,US-DDA-1P-Interest_in_Spanish_Content,1472980,DDA,,audience_items
,US-LR-EpsilonEPC-ChryslerMap_E00061U4,1472998,DDA,,audience_items
,generalautoq226v1,1473033,DDA,,audience_items
,GL-DDA-1P_BBC_Earth,1473661,DDA,,audience_items
,US-DDA-EAE-HHI_200K-600K,1473689,DDA,,audience_items
,US-LR-Swoop-1023500331,1473711,DDA,,audience_items
,US-CR-Annalect_HomeDepot_Pro-Existing,1473723,DDA,,audience_items
,MTVJerseyShoreFamilyVacationQ226V1,1473735,DDA,,audience_items
,US-DDA-PMXLift-Toyota_689585_v1,1473736,DDA,,audience_items
,US-DDA-PMXLift-Toyota_689884_v6,1473737,DDA,,audience_items
,US-DDA-PMXLift-Toyota_689895_v7,1473752,DDA,,audience_items
,US-DDA-PMXLift-Toyota_689898_v8,1473756,DDA,,audience_items
,US-DDA-PMXLift-Toyota_689905_v9,1473761,DDA,,audience_items
,subwayupdatedq226v1,1473813,DDA,,audience_items
,uspsq226v1,1473814,DDA,,audience_items
,redlobsterupdatedq226v1,1473815,DDA,,audience_items
,US-LR-DM-Acxiom_Spanish-Speakers,1473817,DDA,,audience_items
,podsq226v1,1473829,DDA,,audience_items
,US-DDA-OAP-MRI-LandOFrost_ConsciousCravers,1473832,DDA,,audience_items
,US-DDA-OAP-MRI-LandOFrost_AdventurousEnthusiast,1473833,DDA,,audience_items
,US-DDA-QRM-SMB_20030964_40044704,1473883,DDA,,audience_items
,US-LR-Crossix-VC12135,1473941,DDA,,audience_items
,US-DDA-EAE-Worldcup,1474038,DDA,,audience_items
,Continuous Play CBS/P+ Restriction - 2026 - US,1474052,DDA,,audience_items
,Continuous Play CBS/P+ Restriction - 2026 - EU and Middle East,1474054,DDA,,audience_items
,Continuous Play CBS/P+ Restriction - 2026 - APAC,1474055,DDA,,audience_items
,US-DDA-QRM-SMB_20030881_40044894,1474127,DDA,,audience_items
,US-LR-DM-Acxiom-CollegeSportsFans,1474182,DDA,,audience_items
,US-LR-1P-SMG_KY_04_RPri,1474203,DDA,,audience_items
,US-LR-DM-Acxiom-NoPresenceofChildren,1474211,DDA,,audience_items
,GL-DDA-1P_UFC_326_Embedded___Episode_1-5,1474431,DDA,,audience_items
,US-DDA-EAE-Experian-Age_18+,1474496,DDA,,audience_items
,US-DDA-EAE-Experian-Age_18-34,1474498,DDA,,audience_items
,US-DDA-EAE-Experian-Age_18-49,1474499,DDA,,audience_items
,US-DDA-EAE-Experian-Age_65+,1474501,DDA,,audience_items
,US-LR-DM-Acxiom-inMarket-Mercedes-Benz,1474646,DDA,,audience_items
,US-LR-DM-Acxiom-inMarket-RAM,1474647,DDA,,audience_items
,US-LR-DM-Acxiom-inMarket-Jeep,1474648,DDA,,audience_items
,US-LR-DM-Acxiom-inMarket-Honda,1474649,DDA,,audience_items
,US-LR-DM-Acxiom-inMarket-Dodge,1474650,DDA,,audience_items
,US-LR-DM-Acxiom-inMarket-Chrysler,1474651,DDA,,audience_items
,US-LR-DM-Acxiom-inMarket-Hyundai,1474652,DDA,,audience_items
,US-LR-DM-Bombora-B2B_Industry_Government_NOT_PublicSafety,1474653,DDA,,audience_items
,US-DDA-SMB-REP_smb_rep_ads_manager_education,1474833,DDA,,audience_items
,US-DDA-SMB-REP_smb_rep_ads_manager_legal_services,1474834,DDA,,audience_items
,US-DDA-SMB-REP_smb_rep_ads_manager_home_garden,1474835,DDA,,audience_items
,US-DDA-SMB-REP_smb_rep_ads_manager_health_wellness,1474836,DDA,,audience_items
,US-DDA-SMB-REP_smb_rep_ads_manager_inperson_shoppers,1474837,DDA,,audience_items
,US-DDA-SMB-REP_smb_rep_ads_manager_technology,1474838,DDA,,audience_items
,US-DDA-SMB-REP_smb_rep_ads_manager_social_issues,1474839,DDA,,audience_items
,US-DDA-SMB-REP_smb_rep_ads_manager_current_events,1474840,DDA,,audience_items
,GL-DDA-1P_Swerve_Sports,1474841,DDA,,audience_items
,US-LR-DM-Acxiom-FordIntender,1474849,DDA,,audience_items
,US-DDA-PMXLift-RaceTrac_690051_v1,1474850,DDA,,audience_items
,US-DDA-PMXLift-RaceTrac_690054_v2,1474851,DDA,,audience_items
,US-DDA-PMXLift-RaceTrac_690061_v4,1474852,DDA,,audience_items
,US-DDA-PMXLift-RaceTrac_690063_v5,1474854,DDA,,audience_items
,US-DDA-PMXLift-GeneralMotors_690159_v1,1474874,DDA,,audience_items
,US-DDA-PMXLift-GeneralMotors_690277_v1,1474875,DDA,,audience_items
,US-DDA-PMXLift-Lowes_691306_v1,1474884,DDA,,audience_items
,US-DDA-QRM-SMB_923635_40044997,1474940,DDA,,audience_items
,US-LR-Crossix-VC10580,1475038,DDA,,audience_items
,US-LR-Crossix-VC10572,1475039,DDA,,audience_items
,US-LR-DM-Epsilon-DisneyEnthusiasts,1475040,DDA,,audience_items
,GL-DDA-1P_Thriller___Suspense,1475042,DDA,,audience_items
,GL-DDA-1P_Entertainment,1475043,DDA,,audience_items
,GL-DDA-1P_Children___Family,1475044,DDA,,audience_items
,GL-DDA-1P_African_American,1475045,DDA,,audience_items
,GL-DDA-1P_Mystery,1475046,DDA,,audience_items
,GL-DDA-1P_Science___Technology,1475047,DDA,,audience_items
,GL-DDA-1P_Independent_Film,1475048,DDA,,audience_items
,GL-DDA-1P_Talk,1475049,DDA,,audience_items
,GL-DDA-1P_Home___Garden,1475050,DDA,,audience_items
,GL-DDA-1P_Romance,1475051,DDA,,audience_items
,GL-DDA-1P_Music_Video,1475052,DDA,,audience_items
,GL-DDA-1P_Crime,1475053,DDA,,audience_items
,GL-DDA-1P_Hobbies___Interests,1475054,DDA,,audience_items
,GL-DDA-1P_Sci-Fi___Fantasy,1475055,DDA,,audience_items
,GL-DDA-1P_Fashion___Style,1475056,DDA,,audience_items
,GL-DDA-1P_Religion___Spirtuality,1475057,DDA,,audience_items
,GL-DDA-1P_Latino,1475058,DDA,,audience_items
,GL-DDA-1P_Educational___Documentary,1475059,DDA,,audience_items
,GL-DDA-1P_Classic___Cult_Classic,1475060,DDA,,audience_items
,GL-DDA-1P_Musical,1475061,DDA,,audience_items
,GL-DDA-1P_Horror,1475062,DDA,,audience_items
,GL-DDA-1P_Reality___Gameshow,1475063,DDA,,audience_items
,GL-DDA-1P_GLBT,1475064,DDA,,audience_items
,GL-DDA-1P_Action___Adventure,1475065,DDA,,audience_items
,GL-DDA-1P_News___Politics,1475066,DDA,,audience_items
,GL-DDA-1P_Adult,1475067,DDA,,audience_items
,GL-DDA-1P_Comedy,1475068,DDA,,audience_items
,GL-DDA-1P_Sports,1475069,DDA,,audience_items
,GL-DDA-1P_Animation,1475070,DDA,,audience_items
,GL-DDA-1P_Holiday,1475071,DDA,,audience_items
,GL-DDA-1P_Drama,1475072,DDA,,audience_items
,US-LR-DM-Acxiom-Computers_Brand_Acer,1475108,DDA,,audience_items
,US-LR-DM-Alliant-Electronics_AppleBuyerPropensity,1475109,DDA,,audience_items
,US-LR-DM-Alliant-Electronics_DellBuyerPropensity,1475110,DDA,,audience_items
,US-LR-DM-Alliant-Electronics_HPBuyerPropensity,1475111,DDA,,audience_items
,US-LR-DM-Alliant-Electronics_LenovoBuyerPropensity,1475112,DDA,,audience_items
,US-LR-DM-Acxiom-ShooterVideoGames,1475113,DDA,,audience_items
,US-LR-DM-Acxiom-Gaming_Fortnite,1475114,DDA,,audience_items
,US-LR-DM-Acxiom-Gaming_BattleGames,1475115,DDA,,audience_items
,US-LR-DM-Acxiom-Gaming_PCPlayers,1475116,DDA,,audience_items
,US-LR-DM-Acxiom-LikelyProductType_Laptop,1475117,DDA,,audience_items
,US-LR-DM-Acxiom-SocialMedia_Influencer,1475118,DDA,,audience_items
,US-LR-DM-Acxiom-SocialMedia_Twitch,1475119,DDA,,audience_items
,US-LR-DM-Acxiom-SocialMedia_TikTok,1475121,DDA,,audience_items
,US-LR-DM-Circana-Technology_DigitalCreators,1475122,DDA,,audience_items
,US-LR-Swoop-0226_1023074381,1475129,DDA,,audience_items
,US-LR-Swoop-0226_1023074371,1475130,DDA,,audience_items
,GL-DDA-1P_Florence_Foster_Jenkins,1475180,DDA,,audience_items
,GL-DDA-1P_True_Grit,1475181,DDA,,audience_items
,GL-DDA-1P_Kiss_The_Girls,1475182,DDA,,audience_items
,GL-DDA-1P_Get_Over_It,1475183,DDA,,audience_items
,GL-DDA-1P_Young_Adult,1475184,DDA,,audience_items
,GL-DDA-1P_Sense_And_Sensibility,1475185,DDA,,audience_items
,GL-DDA-1P_The_Homesman,1475186,DDA,,audience_items
,GL-DDA-1P_Panic_room,1475187,DDA,,audience_items
,GL-DDA-1P_Sleepy_Hollow,1475188,DDA,,audience_items
,GL-DDA-1P_A_Night_in_Old_Mexico,1475189,DDA,,audience_items
,GL-DDA-1P_Wild_Bill,1475190,DDA,,audience_items
,GL-DDA-1P_Steel_Magnolias,1475191,DDA,,audience_items
,GL-DDA-1P_Quigley_Down_Under,1475193,DDA,,audience_items
,GL-DDA-1P_Dances_with_Wolves,1475192,DDA,,audience_items
,US-LR-Crossix-VC12107_Insulet,1475236,DDA,,audience_items
,US-LR-DM-Acxiom-NewMazdaIntender,1475237,DDA,,audience_items
,US-LR-DM-Alliant-DisneyLiveActionFilmFans,1475239,DDA,,audience_items
,US-LR-DM-Alliant-Military_AirForce,1475240,DDA,,audience_items
,US-LR-DM-Experian-Intender-MattressandBedding,1475242,DDA,,audience_items
,US-DDA-QRM-SMB_969421_40045090,1476119,DDA,,audience_items
,US-DDA-QRM-SMB_20030964_40045023,1476120,DDA,,audience_items
,GL-DDA-1P_1883__A_Yellowstone_Origin_Story,1476190,DDA,,audience_items
,US-LR-DM-Acxiom-EarlyTechnologyAdopter,1476205,DDA,,audience_items
,BETFamilyBusinessQ226V1,1476206,DDA,,audience_items
,US-DDA-SMB-REP_smb_rep_ads_manager_hockey,1476219,DDA,,audience_items
,US-DDA-SMB-REP_smb_rep_ads_manager_golf,1476220,DDA,,audience_items
,US-DDA-SMB-REP_smb_rep_ads_manager_multi_cultural,1476221,DDA,,audience_items
,US-DDA-SMB-REP_smb_rep_ads_manager_snowsports,1476222,DDA,,audience_items
,US-DDA-SMB-REP_smb_rep_ads_manager_baseball,1476223,DDA,,audience_items
,US-DDA-SMB-REP_smb_rep_ads_manager_soccer,1476225,DDA,,audience_items
,US-DDA-SMB-REP_smb_rep_ads_manager_tennis,1476224,DDA,,audience_items
,US-DDA-SMB-REP_smb_rep_ads_manager_ufc,1476226,DDA,,audience_items
,US-DDA-SMB-REP_smb_rep_ads_manager_female_shoppers,1476227,DDA,,audience_items
,US-DDA-SMB-REP_smb_rep_ads_manager_football,1476228,DDA,,audience_items
,US-DDA-SMB-REP_smb_rep_ads_manager_motorcycle_power_sports,1476229,DDA,,audience_items
,US-DDA-QRM-SMB_921865_40045152,1476281,DDA,,audience_items
,US-DDA-QRM-SMB_20030964_40045158,1476282,DDA,,audience_items
,US-LR-1P-ATT_ConsumerHasFiber,1476340,DDA,,audience_items
,US-LR-1P-Toyota_RDR6Months,1476381,DDA,,audience_items
,US-LR-1P-Toyota_BuyatoyotaHardLeads,1476382,DDA,,audience_items
,US-LR-1P-Toyota_NEBATVisitors,1476383,DDA,,audience_items
,US-LR-1P-Toyota_TCOMVisitors,1476384,DDA,,audience_items
,US-LR-1P-Toyota_InMarketToyota,1476385,DDA,,audience_items
,US-LR-1P-Toyota_ToyotaHardLeads,1476386,DDA,,audience_items
,US-DDA-SMB-LAL_smb_lal_20030964,1476392,DDA,,audience_items
,GL-DDA-1P_Celebrity_Ex_on_the_Beach,1476393,DDA,,audience_items
,GL-DDA-1P_From,1476394,DDA,,audience_items
,US-DDA-OAP-Annalect-ATTCricket_2q26,1476409,DDA,,audience_items
,US-DDA-OAP-Acxiom-Constellation_ModeloChelada_2q26,1476418,DDA,,audience_items
,US-DDA-PMXLift-Lowes_692582_v2,1476438,DDA,,audience_items
,US-DDA-PMXLift-Lowes_692584_v3,1476439,DDA,,audience_items
,US-DDA-PMXLift-Lowes_692588_v4,1476441,DDA,,audience_items
,US-LR-DM-UltimateData-UpscaleHomePatioGarden,1476457,DDA,,audience_items
,US-LR-DM-MRI-NIQ_PatioFurniture,1476458,DDA,,audience_items
,US-LR-DM-TransUnion-PropertySize_1PlusAcres,1476459,DDA,,audience_items
,US-LR-DM-Acxiom-LikelyHomeValue_GreaterThan1M,1476460,DDA,,audience_items
,US-LR-DM-Epsilon-HomeRemodelers,1476461,DDA,,audience_items
,US-LR-DM-Acxiom-Design_BuildAHome,1476462,DDA,,audience_items
,US-LR-DM-Datasys-HomeImprovement_KitchenRemodel,1476463,DDA,,audience_items
,US-LR-DM-Acxiom_LiquidInvestible_1M-2M deactivated at 2026-04-15 20:51:54 UTC,1476464,DDA,,audience_items
,US-LR-DM-Acxiom-LiquidInvestible_500k-5Mplus,1476465,DDA,,audience_items
,US-DDA-QRM-SMB_20031305_40044966,1476529,DDA,,audience_items
,AU - DWH - PP - ID - Summit - Content - Blue Bloods Watchers deactivated at 2026-04-28 01:51:30 UTC,1476535,DDA,,audience_items
,AU - DWH - PP - ID - Summit - Content - CSI Watchers deactivated at 2026-04-28 01:51:18 UTC,1476537,DDA,,audience_items
,AU - DWH - PP - ID - Summit - Content - Landman Watchers deactivated at 2026-04-28 01:50:59 UTC,1476538,DDA,,audience_items
,AU - DWH - PP - ID - Summit - Content - Mobland Watchers deactivated at 2026-04-28 01:50:23 UTC,1476539,DDA,,audience_items
,AU - DWH - PP - ID - Summit - Content - 1923 Watchers deactivated at 2026-04-28 01:50:11 UTC,1476540,DDA,,audience_items
,AU - DWH - PP - ID - Summit - Content - Yellowstone Watchers deactivated at 2026-04-28 01:50:00 UTC,1476541,DDA,,audience_items
,AU - DWH - PP - ID - Summit - Content - Tulsa King Watchers deactivated at 2026-05-21 01:24:39 UTC,1476542,DDA,,audience_items
,AU - DWH - PP - ID - Summit - Content - South Park Watchers deactivated at 2026-05-21 01:24:35 UTC,1476543,DDA,,audience_items
,AU - DWH - PP - ID - Summit - Content - Marshals Watchers deactivated at 2026-05-21 01:24:27 UTC,1476544,DDA,,audience_items
,AU - DWH - PP - ID - Summit - Content - The Madison Watchers deactivated at 2026-05-21 01:24:37 UTC,1476545,DDA,,audience_items
,AU - DWH - PP - ID - Summit - Content - NCIS Watchers deactivated at 2026-05-12 00:11:36 UTC,1476546,DDA,,audience_items
,AU - DWH - PP - ID - Summit - Content - Mayor of Kingstown Watchers deactivated at 2026-05-21 06:34:06 UTC,1476547,DDA,,audience_items
,AU - DWH - PP - ID - Summit - Content - Dexter Watchers deactivated at 2026-04-28 01:01:27 UTC,1476548,DDA,,audience_items
,AU - DWH - PP - ID - Summit - Content - Fire Country Watchers deactivated at 2026-05-21 01:24:22 UTC,1476549,DDA,,audience_items
,AU - DWH - PP - ID - Summit - Content - Lioness Watchers deactivated at 2026-05-21 06:34:05 UTC,1476550,DDA,,audience_items
,AU - DWH - PP - ID - Summit - Content - 1883 Watchers deactivated at 2026-05-21 01:20:21 UTC,1476551,DDA,,audience_items
,AU - DWH - PP - ID - Summit - Content - The Gilded Age Watchers deactivated at 2026-05-21 01:24:36 UTC,1476552,DDA,,audience_items
,AU - DWH - PP - ID - Summit - Content - Yellowjackets Watchers deactivated at 2026-05-21 01:24:42 UTC,1476553,DDA,,audience_items
,AU - DWH - PP - ID - Summit - Content - Aussie Shore Watchers deactivated at 2026-05-21 01:24:16 UTC,1476554,DDA,,audience_items
,AU - DWH - PP - ID - Summit - Content - CIA Watchers deactivated at 2026-04-28 03:39:14 UTC,1476555,DDA,,audience_items
,AU - DWH - PP - ID - Summit - Content - Boston Blue Watchers deactivated at 2026-05-21 01:24:17 UTC,1476556,DDA,,audience_items
,AU - DWH - PP - ID - Summit - Content - FBI Watchers deactivated at 2026-05-21 01:24:20 UTC,1476557,DDA,,audience_items
,AU - DWH - PP - ID - Summit - Content - Girl Taken Watchers deactivated at 2026-05-21 01:24:24 UTC,1476558,DDA,,audience_items
,AU - DWH - PP - ID - Summit - Content - Watson Watchers deactivated at 2026-05-21 01:24:41 UTC,1476559,DDA,,audience_items
,AU - DWH - PP - ID - Summit - Content - UFC Fight Night Watchers deactivated at 2026-05-21 06:34:10 UTC,1476560,DDA,,audience_items
,AU - DWH - PP - ID - Summit - Content - Geordie Shore Watchers deactivated at 2026-05-21 01:24:23 UTC,1476561,DDA,,audience_items
,AU - DWH - PP - ID - Summit - Content - Star Trek: Strange New Worlds Watchers deactivated at 2026-04-27 15:13:02 UTC,1476562,DDA,,audience_items
,AU - DWH - PP - ID - Summit - Content - Matlock Watchers deactivated at 2026-05-21 01:24:28 UTC,1476563,DDA,,audience_items
,AU - DWH - PP - ID - Summit - Content - Elsbeth Watchers deactivated at 2026-05-21 01:24:19 UTC,1476564,DDA,,audience_items
,AU - DWH - PP - ID - Summit - Content - School Spirits Watchers deactivated at 2026-05-21 01:24:33 UTC,1476565,DDA,,audience_items
,AU - DWH - PP - ID - Summit - Content - SEAL Team Watchers deactivated at 2026-05-21 01:24:34 UTC,1476566,DDA,,audience_items
,AU - DWH - PP - ID - Summit - Content - Star Trek: Starfleet Academy Watchers deactivated at 2026-04-27 15:13:21 UTC,1476567,DDA,,audience_items
,AU - DWH - PP - ID - Summit - Content - NCIS: Origins Watchers deactivated at 2026-05-21 06:34:08 UTC,1476568,DDA,,audience_items
,AU - DWH - PP - ID - Summit - Content - The Neighborhood Watchers deactivated at 2026-05-21 01:24:38 UTC,1476569,DDA,,audience_items
,AU - DWH - PP - ID - Summit - Content - FBI: Most Wanted Watchers deactivated at 2026-04-27 15:12:39 UTC,1476570,DDA,,audience_items
,AU - DWH - PP - ID - Summit - Content - Criminal Minds Watchers deactivated at 2026-05-21 06:34:03 UTC,1476571,DDA,,audience_items
,AU - DWH - PP - ID - Summit - Content - Joe Pickett Watchers deactivated at 2026-05-21 01:24:25 UTC,1476572,DDA,,audience_items
,AU - DWH - PP - ID - Summit - Content - FBI: International Watchers deactivated at 2026-04-28 04:37:48 UTC,1476573,DDA,,audience_items
,AU - DWH - PP - ID - Summit - Content - Star Trek: Discovery Watchers deactivated at 2026-04-28 04:38:03 UTC,1476574,DDA,,audience_items
,AU - DWH - PP - ID - Summit - Content - Jersey Shore: Family Vacation Watchers deactivated at 2026-04-27 15:12:25 UTC,1476575,DDA,,audience_items
,AU - DWH - PP - ID - Summit - Content - Frasier Watchers deactivated at 2026-04-27 17:02:57 UTC,1476576,DDA,,audience_items
,AU - DWH - PP - ID - Summit - Content - Gogglebox Australia Watchers deactivated at 2026-04-27 17:02:27 UTC,1476577,DDA,,audience_items
,AU - DWH - PP - ID - Summit - Content - Hawaii Five-0 Watchers deactivated at 2026-04-27 15:11:03 UTC,1476578,DDA,,audience_items
,AU - DWH - PP - ID - Summit - Content - NCIS: Los Angeles Watchers deactivated at 2026-05-21 06:34:07 UTC,1476579,DDA,,audience_items
,AU - DWH - PP - ID - Summit - Content - King of Queens Watchers deactivated at 2026-04-27 17:02:02 UTC,1476580,DDA,,audience_items
,AU - DWH - PP - ID - Summit - Content - Ghosts Watchers deactivated at 2026-04-27 17:01:37 UTC,1476581,DDA,,audience_items
,AU - DWH - PP - ID - Summit - Content - Scorpion Watchers deactivated at 2026-05-12 00:08:25 UTC,1476582,DDA,,audience_items
,AU - DWH - PP - ID - Summit - Content - Sheriff Country Watchers deactivated at 2026-04-27 17:01:04 UTC,1476583,DDA,,audience_items
,AU - DWH - PP - ID - Summit - Content - Charmed watchers deactivated at 2026-04-27 17:00:12 UTC,1476584,DDA,,audience_items
,US-LR-DM-MRI-LikelyAI_Embracer,1476656,DDA,,audience_items
,US-LR-DM-Epsilon-DualIncome_NK,1476657,DDA,,audience_items
,US-DDA-PMXLift-GeneralMotors_692706_v4,1476674,DDA,,audience_items
,US-DDA-PMXLift-GeneralMotors_692710_v8,1476675,DDA,,audience_items
,US-DDA-PMXLift-GeneralMotors_692712_v15,1476676,DDA,,audience_items
,US-DDA-PMXLift-GeneralMotors_692714_v16,1476677,DDA,,audience_items
,GL-DDA-1P_RuPaul_s_Drag_Race_-_All_Stars,1476685,DDA,,audience_items
,LR_MACS_1PD_LVRMP_PLUS_WinBack_TotalEx-Sub_4_14_26,1476687,DDA,,audience_items
,US-DDA-QRM-SMB_936888_40045246,1476807,DDA,,audience_items
,US-DDA-PMXLift-Abbott_691906_v1,1476846,DDA,,audience_items
,US-DDA-PMXLift-Abbott_691907_v1,1476850,DDA,,audience_items
,US-DDA-PMXLift-Abbott_691908_v1,1476863,DDA,,audience_items
,US-DDA-PMXLift-Abbott_ 691909_v1,1476878,DDA,,audience_items
,US-LR-1P-ATT_Cricket_Core,1476991,DDA,,audience_items
,US-LR-DM-Acxiom-NewNissanIntender,1476993,DDA,,audience_items
,US-DDA-PMXLift-GeneralMotors_692845_v4,1476994,DDA,,audience_items
,US-DDA-PMXLift-GeneralMotors_692847_v8,1476995,DDA,,audience_items
,US-DDA-PMXLift-GeneralMotors_692850_v15,1476996,DDA,,audience_items
,US-DDA-PMXLift-GeneralMotors_692852_v16,1476997,DDA,,audience_items
,GL-DDA-1P_Modus_Darts,1477131,DDA,,audience_items
,GL-DDA-1P_Crime_360,1477132,DDA,,audience_items
,GL-DDA-1P_Martha_Stewart_Living,1477133,DDA,,audience_items
,US-LR-DM-Acxiom-NewAcuraIntender,1477197,DDA,,audience_items
,US-LR-1P-FCAStellantis-ChryslerOwner,1477198,DDA,,audience_items
,US-LR-1P-FCAStellantis-RamOwner,1477199,DDA,,audience_items
,US-LR-1P-FCAStellantis-JeepOwner,1477200,DDA,,audience_items
,US-LR-1P-FCAStellantis-DodgeOwner,1477201,DDA,,audience_items
,US-CR-Acxiom-Age_18+,1477239,DDA,,audience_items
,US-CR-Acxiom-Gender_Female,1477240,DDA,,audience_items
,US-CR-Acxiom-Gender_Male,1477241,DDA,,audience_items
,US-CR-Acxiom-Age_65+,1477242,DDA,,audience_items
,US-CR-Acxiom-Age_18-34,1477243,DDA,,audience_items
,US-CR-Acxiom-Age_18-49,1477244,DDA,,audience_items
,US-LR-DM-Epsilon-CulturalArtsEnthusiast,1477245,DDA,,audience_items
,US-DDA-OAP-Luxottica_SGH_New,1477246,DDA,,audience_items
,US-DDA-QRM-SMB_923635_40045375,1477297,DDA,,audience_items
,US-LR-DM-Acxiom-NewToyotaIntender,1477429,DDA,,audience_items
,US-LR-Acxiom-Interest_Casino_Gambling,1477432,DDA,,audience_items
,US-LR-DM-Epsilon-TequilaConsumers,1477436,DDA,,audience_items
,US-LR-DM-Epsilon-Premium_TequilaPurchasers,1477437,DDA,,audience_items
,US-DDA-SMB-LAL_smb_lal_20030964_top_50,1477455,DDA,,audience_items
,US-DDA-SMB-LAL_smb_lal_20030964_top_5,1477456,DDA,,audience_items
,US-DDA-SMB-LAL_smb_lal_20030964_top_20,1477457,DDA,,audience_items
,US-LR-Direct-1P-McDonaldsDavisElen_BreakfastPurchaser,1477487,DDA,,audience_items
,US-LR-DM-Acxiom-SelfImprovement,1477580,DDA,,audience_items
,US-LR-Direct-Crossix-GSK_VC12339,1477587,DDA,,audience_items
,GL-DDA-1P_Jackass_Presents-_Bad_Grandpa,1477605,DDA,,audience_items
,GL-DDA-1P_Snowpiercer,1477606,DDA,,audience_items
,GL-DDA-1P_Hot_Tub_Time_Machine_2,1477607,DDA,,audience_items
,GL-DDA-1P_Starship_Troopers,1477608,DDA,,audience_items
,GL-DDA-1P_PGA_Tour_on_CBS,1477609,DDA,,audience_items
,GL-DDA-1P_Hot_Tub_Time_Machine,1477610,DDA,,audience_items
,GL-DDA-1P_Friday,1477611,DDA,,audience_items
,GL-DDA-1P_Tank_Girl,1477612,DDA,,audience_items
,GL-DDA-1P_Warm_Bodies,1477613,DDA,,audience_items
,GL-DDA-1P_Overlord,1477614,DDA,,audience_items
,GL-DDA-1P_Fast_Color,1477615,DDA,,audience_items
,US-DDA-1P-Campaign_Retarget_264728,1477617,DDA,,audience_items
,GL-DDA-1P_Formula_1_Racing,1478129,DDA,,audience_items
,US-DDA-EAE-Experian-Vanguard_Custom2604200086,1478151,DDA,,audience_items
,US-DDA-PMXLift-Hersheys_693251_v14,1478158,DDA,,audience_items
,US-DDA-PMXLift-Hersheys_693254_v16,1478165,DDA,,audience_items
,US-LR-Direct-IQVIA-GSK_1024026661_DONOTUSE,1478199,DDA,,audience_items
,US-LR-Direct-IQVIA-GSK_1024026651_DONOTUSE,1478201,DDA,,audience_items
,US-LR-Direct-IQVIA-GSK_1024026641_DONOTUSE,1478202,DDA,,audience_items
,US-LR-Direct-IQVIA-GSK_1024026631_DONOTUSE,1478204,DDA,,audience_items
,US-LR-Direct-IQVIA-GSK_1024311591_DONOTUSE,1478206,DDA,,audience_items
,US-DDA-PMXLift-Epsilon-ParamountTest_A18+,1478215,DDA,,audience_items
,AU - DWH - PP - ID - Summit - Content - Blue Bloods watchers APAC,1478740,DDA,,audience_items
,AU - DWH - PP - ID - Summit - Content - Landman watchers APAC,1478741,DDA,,audience_items
,AU - DWH - PP - ID - Summit - Content - Mobland watchers APAC,1478742,DDA,,audience_items
,AU - DWH - PP - ID - Summit - Content - 1923 watchers APAC deactivated at 2026-04-28 03:45:31 UTC,1478743,DDA,,audience_items
,AU - DWH - PP - ID - Summit - Content - Yellowstone watchers APAC,1478744,DDA,,audience_items
,AU - DWH - PP - ID - Summit - Content - Tulsa King watchers APAC,1478745,DDA,,audience_items
,AU - DWH - PP - ID - Summit - Content - South Park watchers APAC,1478746,DDA,,audience_items
,AU - DWH - PP - ID - Summit - Content - Marshals watchers APAC,1478747,DDA,,audience_items
,AU - DWH - PP - ID - Summit - Content - The Madison watchers APAC,1478748,DDA,,audience_items
,AU - DWH - PP - ID - Summit - Content - NCIS watchers APAC,1478749,DDA,,audience_items
,AU - DWH - PP - ID - Summit - Content - Mayor of Kingstown watchers APAC,1478750,DDA,,audience_items
,AU - DWH - PP - ID - Summit - Content - Dexter watchers APAC,1478751,DDA,,audience_items
,AU - DWH - PP - ID - Summit - Content - Fire Country watchers APAC,1478752,DDA,,audience_items
,AU - DWH - PP - ID - Summit - Content - Lioness watchers APAC,1478753,DDA,,audience_items
,AU - DWH - PP - ID - Summit - Content - 1883 watchers APAC deactivated at 2026-04-27 16:58:46 UTC,1478754,DDA,,audience_items
,AU - DWH - PP - ID - Summit - Content - The Gilded Age watchers APAC,1478755,DDA,,audience_items
,AU - DWH - PP - ID - Summit - Content - Yellowjackets watchers APAC,1478756,DDA,,audience_items
,AU - DWH - PP - ID - Summit - Content - Aussie Shore watchers APAC,1478757,DDA,,audience_items
,AU - DWH - PP - ID - Summit - Content - CIA watchers APAC deactivated at 2026-04-28 03:39:05 UTC,1478758,DDA,,audience_items
,AU - DWH - PP - ID - Summit - Content - Boston Blue watchers APAC,1478759,DDA,,audience_items
,AU - DWH - PP - ID - Summit - Content - FBI watchers APAC deactivated at 2026-04-28 04:14:50 UTC,1478761,DDA,,audience_items
,AU - DWH - PP - ID - Summit - Content - Girl Taken watchers APAC,1478762,DDA,,audience_items
,AU - DWH - PP - ID - Summit - Content - Watson watchers APAC deactivated at 2026-04-28 04:14:22 UTC,1478763,DDA,,audience_items
,AU - DWH - PP - ID - Summit - Content - UFC Fight Night watchers APAC,1478764,DDA,,audience_items
,AU - DWH - PP - ID - Summit - Content - Geordie Shore watchers APAC deactivated at 2026-04-28 01:52:07 UTC,1478765,DDA,,audience_items
,AU - DWH - PP - ID - Summit - Content - Star Trek: Strange New Worlds Watchers APAC deactivated at 2026-04-28 04:36:05 UTC,1478766,DDA,,audience_items
,AU - DWH - PP - ID - Summit - Content - Matlock watchers APAC deactivated at 2026-04-28 04:12:09 UTC,1478767,DDA,,audience_items
,AU - DWH - PP - ID - Summit - Content - Elsbeth watchers APAC deactivated at 2026-04-28 04:11:38 UTC,1478768,DDA,,audience_items
,AU - DWH - PP - ID - Summit - Content - School Spirits watchers APAC deactivated at 2026-04-28 04:11:26 UTC,1478769,DDA,,audience_items
,AU - DWH - PP - ID - Summit - Content - SEAL Team watchers APAC deactivated at 2026-04-28 04:07:53 UTC,1478770,DDA,,audience_items
,AU - DWH - PP - ID - Summit - Content - Star Trek: Starfleet Academy Watchers APAC deactivated at 2026-04-27 15:12:15 UTC,1478771,DDA,,audience_items
,AU - DWH - PP - ID - Summit - Content - NCIS: Origins Watchers APAC deactivated at 2026-05-11 05:44:12 UTC,1478772,DDA,,audience_items
,AU - DWH - PP - ID - Summit - Content - The Neighborhood watchers APAC deactivated at 2026-04-28 04:13:29 UTC,1478773,DDA,,audience_items
,AU - DWH - PP - ID - Summit - Content - FBI: Most Wanted Watchers APAC deactivated at 2026-04-28 04:35:42 UTC,1478774,DDA,,audience_items
,AU - DWH - PP - ID - Summit - Content - Criminal Minds watchers APAC deactivated at 2026-04-28 04:10:31 UTC,1478775,DDA,,audience_items
,AU - DWH - PP - ID - Summit - Content - Joe Pickett watchers APAC deactivated at 2026-04-28 04:09:27 UTC,1478776,DDA,,audience_items
,AU - DWH - PP - ID - Summit - Content - FBI: International Watchers APAC deactivated at 2026-04-28 04:32:47 UTC,1478777,DDA,,audience_items
,AU - DWH - PP - ID - Summit - Content - Star Trek: Discovery Watchers APAC deactivated at 2026-04-27 15:12:03 UTC,1478778,DDA,,audience_items
,AU - DWH - PP - ID - Summit - Content - Jersey Shore: Family Vacation Watchers APAC deactivated at 2026-04-28 04:39:10 UTC,1478779,DDA,,audience_items
,AU - DWH - PP - ID - Summit - Content - Frasier watchers APAC deactivated at 2026-04-28 00:49:44 UTC,1478780,DDA,,audience_items
,AU - DWH - PP - ID - Summit - Content - Gogglebox Australia watchers APAC,1478781,DDA,,audience_items
,AU - DWH - PP - ID - Summit - Content - Hawaii Five-0 Watchers APAC deactivated at 2026-04-27 15:11:56 UTC,1478782,DDA,,audience_items
,AU - DWH - PP - ID - Summit - Content - NCIS: Los Angeles Watchers APAC deactivated at 2026-05-04 14:51:14 UTC,1478783,DDA,,audience_items
,AU - DWH - PP - ID - Summit - Content - King of Queens watchers APAC deactivated at 2026-04-28 04:01:56 UTC,1478784,DDA,,audience_items
,AU - DWH - PP - ID - Summit - Content - Ghosts watchers APAC deactivated at 2026-04-28 01:49:26 UTC,1478785,DDA,,audience_items
,AU - DWH - PP - ID - Summit - Content - Scorpion watchers APAC deactivated at 2026-04-28 01:49:18 UTC,1478786,DDA,,audience_items
,AU - DWH - PP - ID - Summit - Content - Sheriff Country watchers APAC deactivated at 2026-04-28 01:49:06 UTC,1478787,DDA,,audience_items
,AU - DWH - PP - ID - Summit - Content - Charmed watchers APAC deactivated at 2026-04-28 01:46:37 UTC,1478788,DDA,,audience_items
,AU - DWH - PP - ID - Summit - Content - CSI watchers APAC deactivated at 2026-04-28 01:46:20 UTC,1478789,DDA,,audience_items
,US-DDA-OAP-Acxiom-StateFarm_2Q26,1479047,DDA,,audience_items
,US-LR-DM-Acxiom-BankAccount_OpenWithin12Months,1479066,DDA,,audience_items
,walmarttwoq226v1,1479093,DDA,,audience_items
,US-DDA-PMXLift-Hersheys_688957_v1,1479098,DDA,,audience_items
,US-DDA-SMB-LAL_smb_lal_20031305_top_20,1479130,DDA,,audience_items
,US-DDA-SMB-LAL_smb_lal_20031305_top_5,1479131,DDA,,audience_items
,US-DDA-SMB-LAL_smb_lal_20031305_top_50,1479132,DDA,,audience_items
,GL-DDA-1P_The_Joy_of_Painting_with_Bob_Ross,1479133,DDA,,audience_items
,US-DDA-QRM-SMB_20030964_40045542,1479168,DDA,,audience_items
,US-DDA-QRM-SMB_20030881_40045536,1479169,DDA,,audience_items
,US-DDA-QRM-SMB_20030964_40045546,1479170,DDA,,audience_items
,US-DDA-QRM-SMB_20030964_40045537,1479171,DDA,,audience_items
,US-DDA-QRM-SMB_20030964_40045539,1479172,DDA,,audience_items
,US-DDA-TEST-1:1-Age18-24,1479267,DDA,,audience_items
,US-LR-DM-Acxiom-HP000729_PromotingAwareness_VisionDisability,1479309,DDA,,audience_items
,US-LR-DM-Acxiom-HP000727_PromotingAwareness_MobileDisability,1479310,DDA,,audience_items
,US-LR-DM-Acxiom-HP000728_PromotingAwareness_HearingDisability,1479311,DDA,,audience_items
,US-LR-Direct-1P-GuitarCenter_30DayGuitarPurchasers,1479312,DDA,,audience_items
,US-LR-Direct-1P-GuitarCenter_7DayCore_Bass,1479313,DDA,,audience_items
,US-LR-Direct-1P-GuitarCenter_7DayCore_Guitars,1479314,DDA,,audience_items
,US-LR-Direct-1P-GuitarCenter_CustomerValue_High,1479315,DDA,,audience_items
,US-LR-Direct-1P-GuitarCenter_AcousticGuitar_L365D,1479316,DDA,,audience_items
,US-LR-Direct-1P-GuitarCenter_ElectricGuitar_L365D,1479317,DDA,,audience_items
,US-LR-Direct-1P-GuitarCenter_GuitarAccessories_L90D,1479318,DDA,,audience_items
,US-LR-Direct-1P-GuitarCenter_GuitarAmps_L90D,1479319,DDA,,audience_items
,US-LR-Direct-1P-GuitarCenter_PastPurchaser_0_6Mo,1479320,DDA,,audience_items
,US-LR-Direct-1P-GuitarCenter_PastPurchaser_0_24Mo,1479321,DDA,,audience_items
,US-LR-Direct-1P-GuitarCenter_PastPurchaser_7_12Mo,1479322,DDA,,audience_items
,US-LR-Direct-1P-GuitarCenter_PastPurchaser_13_18Mo,1479323,DDA,,audience_items
,US-LR-Direct-1P-GuitarCenter_PastPurchaser_L540D,1479324,DDA,,audience_items
,US-LR-Direct-1P-GuitarCenter_GuitarAcoustic,1479325,DDA,,audience_items
,US-LR-Direct-1P-GuitarCenter_GuitarElectric,1479326,DDA,,audience_items
,US-LR-Direct-1P-GuitarCenter_Guitar_Customer_1,1479327,DDA,,audience_items
,US-LR-Direct-1P-GuitarCenter_Guitar_High_Customer_1,1479328,DDA,,audience_items
,US-LR-Direct-1P-GuitarCenter_Holiday_Guitar_Customer_1,1479329,DDA,,audience_items
,US-LR-Direct-1P-GuitarCenter_LeftHandedGuitarCustomer_0,1479330,DDA,,audience_items
,US-LR-Direct-1P-GuitarCenter_LeftHandedGuitarCustomer_1,1479331,DDA,,audience_items
,US-LR-Direct-1P-GuitarCenter_PIC_LVL1_Guitar,1479332,DDA,,audience_items
,US-LR-Direct-1P-GuitarCenter_PIC_LVL2_Electric,1479333,DDA,,audience_items
,US-DDA-QRM-SMB_20030964_40045583,1479444,DDA,,audience_items
,US-DDA-QRM-SMB_969421_40045411,1479445,DDA,,audience_items
,US-DDA-QRM-SMB_20030964_40045591,1479446,DDA,,audience_items
,GL-DDA-1P_Mission_Impossible_-_Rogue_Nation,1479478,DDA,,audience_items
,GL-DDA-1P_Good_Burger,1479479,DDA,,audience_items
,US-DDA-QRM-SMB_20031859_40045528,1479480,DDA,,audience_items
,US-LR-Direct-1P-McDonalds_ValuePurchaser_12Mo,1479575,DDA,,audience_items
,US-LR-Direct-1P-McDonalds_ValueMealDealPurchaser_12Mo,1479576,DDA,,audience_items
,US-LR-Direct-1P-McDonalds_BeveragesCSDPurchaser_12Mo,1479577,DDA,,audience_items
,US-LR-Direct-1P-McDonalds_BeefPurchaser_12Mo,1479578,DDA,,audience_items
,US-LR-Direct-1P-McDonalds_McCafePurchaser_12Mo,1479579,DDA,,audience_items
,US-LR-Direct-1P-McDonalds_BreakfastBevPurchaser_12Mo,1479580,DDA,,audience_items
,US-LR-Direct-1P-McDonalds_SandwichPurchaser_12Mo,1479581,DDA,,audience_items
,US-LR-Direct-1P-McDonalds_ChickenPurchaser_12Mo,1479582,DDA,,audience_items
,US-LR-Direct-1P-McDonalds_ChickenSandwichPurchaser_12Mo,1479583,DDA,,audience_items
,US-LR-Direct-1P-McDonalds_DeliveryUsers_12Mo,1479584,DDA,,audience_items
,US-LR-Direct-1P-McDonalds_DessertPurchaser_12Mo,1479585,DDA,,audience_items
,US-LR-Direct-1P-McDonalds_FishPurchaser_12Mo,1479586,DDA,,audience_items
,US-LR-Direct-1P-McDonalds_RODBeveragesPurchaser_12Mo,1479587,DDA,,audience_items
,US-LR-Direct-1P-McDonalds_HighFreqVisitors_3Mo,1479588,DDA,,audience_items
,US-LR-Direct-1P-McDonalds_HappyMealPurchaser_12Mo,1479589,DDA,,audience_items
,US-LR-Direct-1P-McDonalds_ExistingUser_AllTime,1479590,DDA,,audience_items
,US-LR-Direct-1P-McDonalds_McRibPurchaser_12Mo,1479591,DDA,,audience_items
,US-LR-Direct-1P-McDonalds_MOP_HeavyAppUsers,1479592,DDA,,audience_items
,US-LR-Direct-1P-McDonalds_DigitalDealUser,1479593,DDA,,audience_items
,US-LR-Direct-1P-McDonalds_EVMPurchaser_12Mo,1479594,DDA,,audience_items
,US-LR-Direct-1P-McDonalds_SnackWrapsPurchaser_12Mo,1479595,DDA,,audience_items
,US-LR-DM-TransUnion-BoughtWindowsDoorsRoofingSiding,1480617,DDA,,audience_items
,AU - DWH - PP - ID - Summit - Content - Star Trek: Starfleet Academy watchers APAC deactivated at 2026-04-28 01:45:57 UTC,1480706,DDA,,audience_items
,AU - DWH - PP - ID - Summit - Content - Star Trek: Discovery watchers APAC deactivated at 2026-04-28 00:49:19 UTC,1480707,DDA,,audience_items
,AU - DWH - PP - ID - Summit - Content - Hawaii Five-0 watchers APAC deactivated at 2026-04-28 00:26:24 UTC,1480708,DDA,,audience_items
,AU - LR - Client - ID - Peak - Custom - ipg - RAMPIDUMVanguardT1ABQUnconcernedIRtxt,1480869,DDA,,audience_items
,AU - LR - Client - ID - Peak - Custom - ipg - RAMPIDUMVanguardKSOTXYNeostxt,1480871,DDA,,audience_items
,GL-DDA-1P_Mission_Impossible_Ghost_Protocol,1480970,DDA,,audience_items
,GL-DDA-1P_INTL___All_the_Devils_are_Here,1480971,DDA,,audience_items
,GL-DDA-1P_Don_t_Be_Afraid_of_the_Dark,1480972,DDA,,audience_items
,GL-DDA-1P_INTL___Project_Almanac,1480973,DDA,,audience_items
,US-LR-DM-Alliant-Coffeemaker_Inmarket,1481882,DDA,,audience_items
,GL-DDA-1P_Hunt_for_the_Wilderpeople,1481886,DDA,,audience_items
,US-LR-DM-Acxiom-HHI_40kplus deactivated at 2026-04-28 20:12:01 UTC,1481890,DDA,,audience_items
,US-LR-DM-Acxiom-HHI_125Kplus,1481891,DDA,,audience_items
,US-LR-Direct-1P-EJGallo_NAV_Core_LAL10,1482058,DDA,,audience_items
,US-LR-Direct-1P-EJGallo_NAV_Growth_PRD,1482059,DDA,,audience_items
,US-LR-DM-MRI-NIQ_PBRFans,1482121,DDA,,audience_items
,US-LR-DM-Dstillery-ParentsofHighSchoolers,1482122,DDA,,audience_items
,US-LR-DM-Acxiom-ProbableTeenDriver_Within1Year,1482123,DDA,,audience_items
,US-LR-DM-Acxiom-ProbableTeenDriver_FullDriversLicense,1482124,DDA,,audience_items
,AU - DWH - Mastercard - Geo - Peak - Custom - Android Purchasers APAC deactivated at 2026-04-30 03:29:06 UTC,1482138,DDA,,audience_items
,AU - DWH - Samba TV - Geo - Peak - Viewing - Custom - Aldi Mobile Underexposed APAC,1482174,DDA,,audience_items
,AU - DWH - Samba TV - Geo - Peak - Viewing - Custom - Aldi Mobile Competitors Optus Telstra Vodafone Overexposed APAC,1482175,DDA,,audience_items
,AU - DWH - Mastercard - Geo - Peak - Custom - Android Purchasers New APAC,1482233,DDA,,audience_items
,US-LR-DM-Experian-LifestyleInterest-playsSoccer,1482296,DDA,,audience_items
,US-LR-Crossix-RothmanOrthopaedics-VC12552,1482297,DDA,,audience_items
,US-LR-DM-Acxiom-NascarFans,1482308,DDA,,audience_items
,US-LR-DM-Acxiom-interest-MotorsportFans,1482309,DDA,,audience_items
,US-LR-Annalect-CarModels_SuperPremium,1482310,DDA,,audience_items
,US-LR-Annalect-CarModels_CorePremium,1482311,DDA,,audience_items
,US-LR-DM-Acxiom-MothersDayActivity_WeekendVacation,1482328,DDA,,audience_items
,US-LR-DM-Acxiom-MillennialMoms,1482329,DDA,,audience_items
,US-LR-DM-Alliant-BreakfastAndCereal,1482416,DDA,,audience_items
,US-DDA-OAP-Epsilon-GSK_Demo1,1482418,DDA,,audience_items
,US-DDA-OAP-MRI-CrackerBarrelSummer_2q26,1482419,DDA,,audience_items
,US-DDA-OAP-Epsilon-GSK_Demo2,1482426,DDA,,audience_items
,US-DDA-QRM-SMB_20030964_40045849,1482463,DDA,,audience_items
,US-DDA-QRM-SMB_20030964_40045844,1482464,DDA,,audience_items
,US-DDA-QRM-SMB_20030964_40045847,1482465,DDA,,audience_items
,US-DDA-QRM-SMB_20030964_40045848,1482466,DDA,,audience_items
,US-DDA-OAP-TU-TXUEnergy_Vistra,1482489,DDA,,audience_items
,BETAmericanGangsterTrapQueensQ226V1,1482508,DDA,,audience_items
,CBSMarshalsQ226V1,1482509,DDA,,audience_items
,US-LR-Direct-1P-PoliticalCross_SMG_az01,1482510,DDA,,audience_items
,US-LR-Direct-1P-PoliticalCross_SMG_az06,1482511,DDA,,audience_items
,US-LR-Direct-1P-PoliticalCross_SMG_ca13,1482512,DDA,,audience_items
,US-LR-Direct-1P-PoliticalCross_SMG_ca22,1482513,DDA,,audience_items
,US-LR-Direct-1P-PoliticalCross_SMG_ca48,1482514,DDA,,audience_items
,US-LR-Direct-1P-PoliticalCross_SMG_c03,1482515,DDA,,audience_items
,US-LR-Direct-1P-PoliticalCross_SMG_co8,1482516,DDA,,audience_items
,US-LR-Direct-1P-PoliticalCross_SMG_ia01,1482517,DDA,,audience_items
,US-LR-Direct-1P-PoliticalCross_SMG_ia03,1482518,DDA,,audience_items
,GL-DDA-1P_Are_We_There_Yet_,1482519,DDA,,audience_items
,US-LR-Direct-1P-PoliticalCross_SMG_me02,1482520,DDA,,audience_items
,US-LR-Direct-1P-PoliticalCross_SMG_mi04,1482521,DDA,,audience_items
,US-LR-Direct-1P-PoliticalCross_SMG_mi07,1482522,DDA,,audience_items
,US-LR-Direct-1P-PoliticalCross_SMG_mi10,1482523,DDA,,audience_items
,US-LR-Direct-1P-Energizer_VoyagerCaregiver,1482525,DDA,,audience_items
,US-DDA-QRM-SMB_20031796_40045911,1482796,DDA,,audience_items
,US-DDA-QRM-SMB_20031321_40045834,1482798,DDA,,audience_items
,US-DDA-QRM-SMB_20031796_40045435,1482797,DDA,,audience_items
,US-DDA-HT-G2-TOTAL,1482855,DDA,,audience_items
,US-DDA-HT-G2-LUID,1482856,DDA,,audience_items
,US-DDA-HT-G2-DIGITAL,1482857,DDA,,audience_items
,US-LR-Direct-1P-PoliticalCross_SMG_mo05,1482868,DDA,,audience_items
,US-LR-Direct-1P-PoliticalCross_SMG_nc01,1482869,DDA,,audience_items
,US-LR-Direct-1P-PoliticalCross_SMG_nc11,1482870,DDA,,audience_items
,US-LR-Direct-1P-PoliticalCross_SMG_ne02,1482871,DDA,,audience_items
,US-LR-Direct-1P-PoliticalCross_SMG_nh01,1482872,DDA,,audience_items
,US-LR-Direct-1P-PoliticalCross_SMG_nh02,1482873,DDA,,audience_items
,US-LR-Direct-1P-PoliticalCross_SMG_nj07,1482875,DDA,,audience_items
,US-LR-Direct-1P-PoliticalCross_SMG_nj09,1482876,DDA,,audience_items
,US-LR-Direct-1P-PoliticalCross_SMG_nm02,1482877,DDA,,audience_items
,US-LR-Direct-1P-PoliticalCross_SMG_ny03,1482878,DDA,,audience_items
,US-LR-Direct-1P-PoliticalCross_SMG_ny04,1482879,DDA,,audience_items
,US-LR-Direct-1P-PoliticalCross_SMG_ny17,1482880,DDA,,audience_items
,US-LR-Direct-1P-PoliticalCross_SMG_ny18,1482881,DDA,,audience_items
,US-LR-Direct-1P-PoliticalCross_SMG_ny19,1482882,DDA,,audience_items
,US-LR-Direct-1P-PoliticalCross_SMG_oh01,1482883,DDA,,audience_items
,US-LR-Direct-1P-PoliticalCross_SMG_oh09,1482886,DDA,,audience_items
,US-LR-Direct-1P-PoliticalCross_SMG_pa01,1482887,DDA,,audience_items
,US-LR-Direct-1P-PoliticalCross_SMG_pa07,1482888,DDA,,audience_items
,US-LR-Direct-1P-PoliticalCross_SMG_pa08,1482889,DDA,,audience_items
,US-LR-Direct-1P-PoliticalCross_SMG_pa10,1482890,DDA,,audience_items
,US-LR-Direct-1P-PoliticalCross_SMG_tx09,1482891,DDA,,audience_items
,US-LR-Direct-1P-PoliticalCross_SMG_tx15,1482892,DDA,,audience_items
,US-LR-Direct-1P-PoliticalCross_SMG_tx28,1482893,DDA,,audience_items
,US-LR-Direct-1P-PoliticalCross_SMG_tx32,1482894,DDA,,audience_items
,US-LR-Direct-1P-PoliticalCross_SMG_tx34,1482895,DDA,,audience_items
,US-LR-Direct-1P-PoliticalCross_SMG_tx35,1482896,DDA,,audience_items
,US-LR-Direct-1P-PoliticalCross_SMG_va01,1482897,DDA,,audience_items
,US-LR-Direct-1P-PoliticalCross_SMG_va02,1482898,DDA,,audience_items
,US-LR-Direct-1P-PoliticalCross_SMG_wa03,1482899,DDA,,audience_items
,US-LR-Direct-1P-PoliticalCross_SMG_wi01,1482900,DDA,,audience_items
,US-LR-Direct-1P-PoliticalCross_SMG_wi03,1482901,DDA,,audience_items
,US-LR-Direct-1P-PoliticalCross_SMG_Supp_az01,1482902,DDA,,audience_items
,US-LR-Direct-1P-PoliticalCross_SMG_Supp_az06,1482903,DDA,,audience_items
,US-LR-Direct-1P-PoliticalCross_SMG_Supp_ca13,1482904,DDA,,audience_items
,US-LR-Direct-1P-PoliticalCross_SMG_Supp_ca22,1482905,DDA,,audience_items
,US-LR-Direct-1P-PoliticalCross_SMG_Supp_ca48,1482906,DDA,,audience_items
,US-LR-Direct-1P-PoliticalCross_SMG_Supp_co03,1482907,DDA,,audience_items
,US-LR-Direct-1P-PoliticalCross_SMG_Supp_co08,1482908,DDA,,audience_items
,US-LR-Direct-1P-PoliticalCross_SMG_Supp_ia01,1482909,DDA,,audience_items
,US-LR-Direct-1P-PoliticalCross_SMG_Supp_ia03,1482910,DDA,,audience_items
,US-LR-Direct-1P-PoliticalCross_SMG_Supp_me02,1482911,DDA,,audience_items
,US-LR-Direct-1P-PoliticalCross_SMG_Supp_mi04,1482912,DDA,,audience_items
,US-LR-Direct-1P-PoliticalCross_SMG_Supp_mi07,1482913,DDA,,audience_items
,US-LR-Direct-1P-PoliticalCross_SMG_Supp_mi08,1482914,DDA,,audience_items
,US-LR-Direct-1P-PoliticalCross_SMG_Supp_mi10,1482915,DDA,,audience_items
,US-LR-Direct-1P-PoliticalCross_SMG_Supp_mo05,1482916,DDA,,audience_items
,US-LR-Direct-1P-PoliticalCross_SMG_Supp_nc01,1482917,DDA,,audience_items
,US-LR-Direct-1P-PoliticalCross_SMG_Supp_nc11,1482918,DDA,,audience_items
,US-LR-Direct-1P-PoliticalCross_SMG_Supp_ne02,1482919,DDA,,audience_items
,US-LR-Direct-1P-PoliticalCross_SMG_Supp_nh01,1482948,DDA,,audience_items
,US-LR-Direct-1P-PoliticalCross_SMG_Supp_nh02,1482949,DDA,,audience_items
,US-LR-Direct-1P-PoliticalCross_SMG_Supp_nj07,1482950,DDA,,audience_items
,US-LR-Direct-1P-PoliticalCross_SMG_Supp_nj09,1482951,DDA,,audience_items
,US-LR-Direct-1P-PoliticalCross_SMG_Supp_nm02,1482952,DDA,,audience_items
,US-LR-Direct-1P-PoliticalCross_SMG_Supp_nv03,1482953,DDA,,audience_items
,US-LR-Direct-1P-PoliticalCross_SMG_Supp_ny03,1482954,DDA,,audience_items
,US-LR-Direct-1P-PoliticalCross_SMG_Supp_ny04,1482955,DDA,,audience_items
,US-LR-Direct-1P-PoliticalCross_SMG_Supp_ny17,1482956,DDA,,audience_items
,US-LR-Direct-1P-PoliticalCross_SMG_Supp_ny18,1482957,DDA,,audience_items
,US-LR-Direct-1P-PoliticalCross_SMG_Supp_ny19,1482958,DDA,,audience_items
,US-LR-Direct-1P-PoliticalCross_SMG_Supp_oh01,1482959,DDA,,audience_items
,US-LR-Direct-1P-PoliticalCross_SMG_Supp_oh09,1482960,DDA,,audience_items
,US-LR-Direct-1P-PoliticalCross_SMG_Supp_pa01,1482961,DDA,,audience_items
,US-LR-Direct-1P-PoliticalCross_SMG_Supp__pa07,1482962,DDA,,audience_items
,US-LR-Direct-1P-PoliticalCross_SMG_Supp_pa08,1482963,DDA,,audience_items
,US-LR-Direct-1P-PoliticalCross_SMG_Supp_pa10,1482964,DDA,,audience_items
,US-LR-Direct-1P-PoliticalCross_SMG_Supp_tx09,1482965,DDA,,audience_items
,US-LR-Direct-1P-PoliticalCross_SMG_Supp_tx15,1482966,DDA,,audience_items
,US-LR-Direct-1P-PoliticalCross_SMG_Supp_tx28,1482967,DDA,,audience_items
,US-LR-Direct-1P-PoliticalCross_SMG_Supp_tx32,1482968,DDA,,audience_items
,US-LR-Direct-1P-PoliticalCross_SMG_Supp_tx34,1482969,DDA,,audience_items
,US-LR-Direct-1P-PoliticalCross_SMG_Supp_tx35,1482970,DDA,,audience_items
,US-LR-Direct-1P-PoliticalCross_SMG_Supp_va01,1482971,DDA,,audience_items
,US-LR-Direct-1P-PoliticalCross_SMG_Supp_va02,1482972,DDA,,audience_items
,US-LR-Direct-1P-PoliticalCross_SMG_Supp_wa03,1482973,DDA,,audience_items
,US-LR-Direct-1P-PoliticalCross_SMG_Supp_wi01,1482974,DDA,,audience_items
,US-LR-Direct-1P-PoliticalCross_SMG_Supp_wi03,1482975,DDA,,audience_items
,crackerbarrelsummerq226v1,1482990,DDA,,audience_items
,US-LR-Direct-1P-PoliticalCross_SMG_target_lowerprop,1483001,DDA,,audience_items
,US-LR-Direct-1P-PoliticalCross_SMG_target_persuasion,1483002,DDA,,audience_items
,US-LR-Direct-1P-PoliticalCross_SMG_Supp_target_highprop,1483003,DDA,,audience_items
,US-LR-Direct-1P-PoliticalCross_SMG_Supp_target_lowerprop,1483004,DDA,,audience_items
,US-LR-Direct-1P-PoliticalCross_SMG_Supp_target_persuasion,1483005,DDA,,audience_items
,US-LR-Direct-Epsilon-TikTok_19638,1483072,DDA,,audience_items
,US-LR-Direct-1P-PoliticalCross_SMG_target_likelierrep_highprop,1483232,DDA,,audience_items
,US-LR-Direct-1P-PoliticalCross_SMG_mi08,1483234,DDA,,audience_items
,US-CR-Direct-Annalect-StateFarm_P0LOM8,1483241,DDA,,audience_items
,US-CR-Direct-Annalect-StateFarm_P0LOM9,1483242,DDA,,audience_items
,US-CR-Direct-Annalect-StateFarm_P0LOM10,1483243,DDA,,audience_items
,US-DDA-PMXLift-Epsilon-TESTv2_A18+_694442,1483314,DDA,,audience_items
,US-DDA-PMXLift-Epsilon-TEST_Lowes_694443,1483315,DDA,,audience_items
,US-DDA-PMXLift-Epsilon-TEST_RaceTrac_694444,1483317,DDA,,audience_items
,US-DDA-SMB-LAL_smb_lal_20031796_40045435,1483327,DDA,,audience_items
,US-LR-Direct-Swoop-UCB_1024375521,1483339,DDA,,audience_items
,US-DDA-QRM-SMB_20032082_40046053,1483413,DDA,,audience_items
,US-LR-Direct-1P-PoliticalCross_SMG_nv03,1483442,DDA,,audience_items
,GL-DDA-1P_LIMITLESS,1483448,DDA,,audience_items
,GL-DDA-1P_Stargate_Origins-_Catherine,1483449,DDA,,audience_items
,GL-DDA-1P_Tony_Robbins_Network,1483450,DDA,,audience_items
,GL-DDA-1P_Antiviral,1483451,DDA,,audience_items
,GL-DDA-1P_Equals,1483452,DDA,,audience_items
,GL-DDA-1P_Stargate-_Continuum,1483453,DDA,,audience_items
,GL-DDA-1P_Hallmark_Movies___More,1483454,DDA,,audience_items
,GL-DDA-1P_Hart_Of_Dixie,1483455,DDA,,audience_items
,GL-DDA-1P_MST3K_Shorts,1483456,DDA,,audience_items
,GL-DDA-1P_Stargate-_The_Ark_of_Truth,1483457,DDA,,audience_items
,GL-DDA-1P_Storage_Wars,1483458,DDA,,audience_items
,GL-DDA-1P_Donnie_Darko,1483459,DDA,,audience_items
,GL-DDA-1P_The_Mortal_Instruments,1483460,DDA,,audience_items
,US-LR-Direct-Swoop-Biogen_1024307561,1483481,DDA,,audience_items
,US-LR-Direct-Swoop-Biogen_1024307601,1483482,DDA,,audience_items
,GL-DDA-1P_Duck_Dynasty,1483743,DDA,,audience_items
,US-CR-Direct-Annalect_HomeDepot_Pro-Existing_2Q26,1483899,DDA,,audience_items
,US-LR-Direct-1P-PoliticalCross_SMG_STW_ak,1483948,DDA,,audience_items
,US-LR-Direct-1P-PoliticalCross_SMG_STW_ga,1483953,DDA,,audience_items
,US-LR-Direct-1P-PoliticalCross_SMG_STW_ia,1483954,DDA,,audience_items
,US-LR-Direct-1P-PoliticalCross_SMG_STW_me,1483957,DDA,,audience_items
,US-LR-Direct-1P-PoliticalCross_SMG_STW_mi,1483960,DDA,,audience_items
,US-LR-Direct-1P-PoliticalCross_SMG_STW_mn,1483963,DDA,,audience_items
,US-LR-Direct-1P-PoliticalCross_SMG_STW_mt,1483969,DDA,,audience_items
,US-LR-Direct-1P-PoliticalCross_SMG_STW_nc,1483971,DDA,,audience_items
,US-LR-Direct-1P-PoliticalCross_SMG_STW_ne,1483974,DDA,,audience_items
,US-LR-Direct-1P-PoliticalCross_SMG_STW_nh,1483977,DDA,,audience_items
,US-LR-Direct-1P-PoliticalCross_SMG_STW_oh,1483979,DDA,,audience_items
,US-LR-Direct-1P-PoliticalCross_SMG_STW_tx,1483982,DDA,,audience_items
,US-LR-Direct-1P-PoliticalCross_SMG_STW_target_highprop,1483985,DDA,,audience_items
,US-LR-Direct-1P-PoliticalCross_SMG_STW_target_lowerprop,1483987,DDA,,audience_items
,US-LR-Direct-1P-PoliticalCross_SMG_STW_target_persuasion,1483989,DDA,,audience_items
,US-LR-Direct-1P-PoliticalCross_SMG_STW_Supp_highprop,1483990,DDA,,audience_items
,US-LR-Direct-1P-PoliticalCross_SMG_STW_Supp_lowerprop,1483991,DDA,,audience_items
,US-LR-Direct-1P-PoliticalCross_SMG_STW_Supp_persuasion,1483993,DDA,,audience_items
,US-LR-DM-Alliant-HealthInsurancePropensity,1484006,DDA,,audience_items
,US-DDA-QRM-SMB_20031321_40045919,1484076,DDA,,audience_items
,US-DDA-QRM-SMB_20032081_40045919,1484077,DDA,,audience_items
,US-LR-Direct-EPC-Stellantis_E00064DX,1484225,DDA,,audience_items
,US-LR-Direct-EPC-Stellantis_E00064E1,1484231,DDA,,audience_items
,US-LR-Direct-EPC-Stellantis_E00064E0,1484232,DDA,,audience_items
,US-LR-Direct-EPC-Stellantis_E00064E2,1484234,DDA,,audience_items
,US-LR-Direct-EPC-Stellantis_E00061U2,1484237,DDA,,audience_items
,US-LR-DM-Acxiom-DietCola,1484244,DDA,,audience_items
,US-LR-DM-Experian-Millennials,1484246,DDA,,audience_items
,US-LR-DM-Alliant-SportsEnergyDrink,1484247,DDA,,audience_items
,US-DDA-OAP-Crossix-GileadDescovyF30804000_2q26,1484252,DDA,,audience_items
,US-DDA-OAP-Crossix-GileadDescovyM924957032_2q26,1484253,DDA,,audience_items
,US-LR-DM-Acxiom-PurchaseSoftDrink,1484258,DDA,,audience_items
,GL-DDA-1P_M_I_A_,1484268,DDA,,audience_items
,US-LR-Direct-Swoop-Takeda_1024342481,1484269,DDA,,audience_items
,US-LR-Direct-Swoop-Takeda_1024342501,1484272,DDA,,audience_items
,US-LR-Direct-Swoop-Takeda_1024342521,1484275,DDA,,audience_items
,US-LR-Direct-Crossix-Takeda_VC12586,1484280,DDA,,audience_items
,US-LR-Direct-Crossix-Takeda_VC12587,1484441,DDA,,audience_items
,US-LR-Direct-Crossix-Takeda_VC12580,1484442,DDA,,audience_items
,GL-DDA-1P_Sabrina__1954_,1484645,DDA,,audience_items
,GL-DDA-1P_Legally_Blonde,1484646,DDA,,audience_items
,AU - LR - Client - ID - Peak - Custom - Hatched - AutobarnAccelerateMembers20250226,1484654,DDA,,audience_items
,AU - DWH - PP - ID - Summit - Content - Jersey Shore Family Vacation watchers APAC,1484655,DDA,,audience_items
,AU - DWH - PP - ID - Summit - Content - Mission Impossible The Final Reckoning watchers APAC,1484656,DDA,,audience_items
,AU - DWH - PP - ID - Summit - Content - FBI Most Wanted watchers APAC,1484657,DDA,,audience_items
,AU - DWH - PP - ID - Summit - Content - Watson watchers APAC,1484658,DDA,,audience_items
,AU - DWH - PP - ID - Summit - Content - Star Trek Discovery watchers APAC,1484659,DDA,,audience_items
,AU - DWH - PP - ID - Summit - Content - The Neighborhood watchers APAC,1484660,DDA,,audience_items
,AU - DWH - PP - ID - Summit - Content - 1923 watchers APAC,1484661,DDA,,audience_items
,AU - DWH - PP - ID - Summit - Content - Frasier watchers APAC,1484662,DDA,,audience_items
,AU - DWH - PP - ID - Summit - Content - CIA watchers APAC,1484663,DDA,,audience_items
,AU - DWH - PP - ID - Summit - Content - NCIS Los Angeles watchers APAC,1484664,DDA,,audience_items
,AU - DWH - PP - ID - Summit - Content - King of Queens watchers APAC,1484665,DDA,,audience_items
,AU - DWH - PP - ID - Summit - Content - Criminal Minds watchers APAC,1484666,DDA,,audience_items
,AU - DWH - PP - ID - Summit - Content - FBI watchers APAC,1484667,DDA,,audience_items
,AU - DWH - PP - ID - Summit - Content - Matlock watchers APAC,1484668,DDA,,audience_items
,AU - DWH - PP - ID - Summit - Content - School Spirits watchers APAC,1484669,DDA,,audience_items
,AU - DWH - PP - ID - Summit - Content - UFC watchers APAC,1484670,DDA,,audience_items
,AU - DWH - PP - ID - Summit - Content - Elsbeth watchers APAC,1484671,DDA,,audience_items
,AU - DWH - PP - ID - Summit - Content - Scorpion watchers APAC,1484672,DDA,,audience_items
,AU - DWH - PP - ID - Summit - Content - Scottish Cup watchers APAC,1484673,DDA,,audience_items
,AU - DWH - PP - ID - Summit - Content - SEAL Team watchers APAC,1484674,DDA,,audience_items
,AU - DWH - PP - ID - Summit - Content - Star Trek Starfleet Academy watchers APAC,1484675,DDA,,audience_items
,AU - DWH - PP - ID - Summit - Content - Dutton Ranch watchers APAC,1484676,DDA,,audience_items
,AU - DWH - PP - ID - Summit - Content - Star Trek Strange New Worlds watchers APAC,1484677,DDA,,audience_items
,AU - DWH - PP - ID - Summit - Content - Ghosts watchers APAC,1484678,DDA,,audience_items
,AU - DWH - PP - ID - Summit - Content - Joe Pickett watchers APAC,1484679,DDA,,audience_items
,AU - DWH - PP - ID - Summit - Content - CSI watchers APAC,1484680,DDA,,audience_items
,AU - DWH - PP - ID - Summit - Content - A League watchers APAC,1484681,DDA,,audience_items
,AU - DWH - PP - ID - Summit - Content - Sheriff Country watchers APAC,1484682,DDA,,audience_items
,AU - DWH - PP - ID - Summit - Content - FBI International watchers APAC,1484683,DDA,,audience_items
,AU - DWH - PP - ID - Summit - Content - 1883 watchers APAC,1484684,DDA,,audience_items
,AU - DWH - PP - ID - Summit - Content - Hawaii Five-0 watchers APAC,1484685,DDA,,audience_items
,AU - DWH - PP - ID - Summit - Content - Celebrity Ex on the Beach watchers APAC,1484686,DDA,,audience_items
,AU - DWH - PP - ID - Summit - Content - Charmed watchers APAC,1484687,DDA,,audience_items
,AU - DWH - PP - ID - Summit - Content - NCIS Origins watchers APAC,1484688,DDA,,audience_items
,AU - DWH - PP - ID - Summit - Content - Geordie Shore watchers APAC,1484689,DDA,,audience_items
,US-LR-Direct-EPC-Stellantis_E00061U3,1484743,DDA,,audience_items
,US-LR-DM-Experian-EnergyDrinkShoppers,1484764,DDA,,audience_items
,US-LR-DM-Alliant-SodaBuyerPropensity,1484765,DDA,,audience_items
,US-LR-Direct-Swoop-UCB_1024375531,1484766,DDA,,audience_items
,US-DDA-EAE-Experian-LOreal_RalphsClub,1484775,DDA,,audience_items
,US-LR-Direct-1PD-PoltitcalClub_PrimaryDigitalTargets,1484781,DDA,,audience_items
,US-DDA-QRM-SMB_921865_40046035,1485109,DDA,,audience_items
,US-LR-Direct-Swoop-Takeda_1024342491,1485118,DDA,,audience_items
,US-LR-Direct-Swoop-Takeda_1024342511,1485119,DDA,,audience_items
,US-LR-Direct-Swoop-Takeda_1024342531,1485120,DDA,,audience_items
,US-DDA-EAE-Experian-BlainsFarm_ActiveFamilies,1485127,DDA,,audience_items
,US-DDA-EAE-Experian-BlainsFarm_AsprirationalBeginnings,1485128,DDA,,audience_items
,US-DDA-EAE-Experian-BlainsFarm_EstablishedAgrarians,1485130,DDA,,audience_items
,US-DDA-EAE-Experian-BlainsFarm_RichInRetirement,1485131,DDA,,audience_items
,US-LR-Direct-Purplelab-Takeda_24642,1485138,DDA,,audience_items
,US-LR-Direct-Purplelab-Takeda_24209,1485139,DDA,,audience_items
,US-LR-Direct-Purplelab-Takeda_24031,1485140,DDA,,audience_items
,US-LR-DM-Acxiom-LikelyPurchase_FineJewlery,1485142,DDA,,audience_items
,US-LR-DM-Datasys-InterestIn_Anniversary,1485143,DDA,,audience_items
,US-LR-DM-AffinityAnswers-TrueCrime_PodcastInterest,1485144,DDA,,audience_items
,US-LR-DM-Alliant-CheeseBuyer_Propensity,1485145,DDA,,audience_items
,US-LR-DM-Experian-RefrigeratedButterShopper,1485146,DDA,,audience_items
,US-LR-DM-AnalyticsIQ-2CarsOwned,1485154,DDA,,audience_items
,US-LR-Direct-EPC-Farmers_EmergingDemand,1485155,DDA,,audience_items
,US-LR-Direct-Acxiom-HP000399_U6467895,1485329,DDA,,audience_items
,US-LR-Direct-Crossix-CA00560,1485330,DDA,,audience_items
,GL-DDA-1P_HOMEFRONT,1485350,DDA,,audience_items
,GL-DDA-1P_Matched_Married_Meet_by_Lifetime,1485351,DDA,,audience_items
,US-LR-DM-Acxiom-TravelIntender_PrincessCruiseLines,1485435,DDA,,audience_items
,US-LR-DM-Acxiom-Travelinterest_CruiseVacation,1485436,DDA,,audience_items
,US-LR-DM-Acxiom-LikelyActivity_Vacation_Cruise,1485437,DDA,,audience_items
,US-LR-DM-Acxiom-LikelytoTake_Cruise,1485438,DDA,,audience_items
,GL-DDA-1P_Silence,1485447,DDA,,audience_items
,GL-DDA-1P_HIGH_GROUND,1485448,DDA,,audience_items
,GL-DDA-1P_Chitty_Chitty_Bang_Bang__1968_,1485449,DDA,,audience_items
,GL-DDA-1P_Short_Term_12,1485450,DDA,,audience_items
,GL-DDA-1P_Scream_3,1485451,DDA,,audience_items
,GL-DDA-1P_Mike_Tyson-_Fists_of_Iron,1485452,DDA,,audience_items
,US-DDA-Direct-Acxiom-LikelyInMarket_NewLuxuryVehicle,1485459,DDA,,audience_items
,US-DDA-Direct-Acxiom-LikelyInMarket_ElectricVehicle,1485460,DDA,,audience_items
,US-DDA-Direct-Acxiom-LikelyInMarket_UsedVehicle,1485461,DDA,,audience_items
,US-DDA-Direct-Acxiom-LikelyInMarket_NewVehicle,1485462,DDA,,audience_items
,US-DDA-Direct-Acxiom-DietChoice_NaturalOrganic,1485463,DDA,,audience_items
,US-DDA-Direct-Acxiom-Interest_HomeImprovementDIYers,1485464,DDA,,audience_items
,US-DDA-Direct-Acxiom-Interest_DietingWeightLoss,1485465,DDA,,audience_items
,US-DDA-Direct-Acxiom-Interest_Exercise_Health,1485466,DDA,,audience_items
,US-DDA-Direct-Acxiom-Interest_CampingHiking,1485467,DDA,,audience_items
,US-DDA-Direct-Acxiom-PoliticalParty_Unknown,1485468,DDA,,audience_items
,US-DDA-Direct-Acxiom-PassionateTravelAdventurers,1485469,DDA,,audience_items
,US-DDA-Direct-Acxiom-Interest_OutdoorActivities,1485470,DDA,,audience_items
,US-DDA-Direct-Acxiom-PoliticalView_Conservative,1485471,DDA,,audience_items
,US-DDA-Direct-Acxiom-POC_Yes,1485472,DDA,,audience_items
,US-DDA-Direct-Acxiom-PoliticalParty_Independent,1485473,DDA,,audience_items
,US-DDA-Direct-Acxiom-PoliticalParty_Republican,1485474,DDA,,audience_items
,US-DDA-Direct-Acxiom-Interest_SportsGrouping,1485475,DDA,,audience_items
,US-DDA-Direct-Acxiom-AffluentParentsOfTeens,1485476,DDA,,audience_items
,US-DDA-Direct-Acxiom-PoliticalParty_Democrat,1485477,DDA,,audience_items
,US-DDA-Direct-Acxiom-PoliticalViews_Liberal,1485478,DDA,,audience_items
,US-DDA-Direct-Acxiom-PoliticalViews_Neutral,1485479,DDA,,audience_items
,US-DDA-Direct-Acxiom-LifeEvent_NewMover,1485480,DDA,,audience_items
,US-DDA-Direct-Acxiom-Income_$150k_$175k,1485481,DDA,,audience_items
,US-DDA-Direct-Acxiom-Income_$175k_$200k,1485482,DDA,,audience_items
,US-DDA-Direct-Acxiom-Income_$200k_$250k,1485483,DDA,,audience_items
,US-DDA-Direct-Acxiom-Income_$100k_$150k,1485484,DDA,,audience_items
,US-DDA-Direct-Acxiom-HomeOwner,1485485,DDA,,audience_items
,US-DDA-Direct-Acxiom-Income_LessThan$15k,1485486,DDA,,audience_items
,US-DDA-Direct-Acxiom-Interest_DogOwner,1485487,DDA,,audience_items
,US-DDA-Direct-Acxiom-Income_LessThan$75k,1485488,DDA,,audience_items
,US-DDA-Direct-Acxiom-Income_$15k_$20k,1485489,DDA,,audience_items
,US-DDA-Direct-Acxiom-Income_$20k_$30k,1485490,DDA,,audience_items
,US-DDA-Direct-Acxiom-Income_$30k_$40k,1485491,DDA,,audience_items
,US-DDA-Direct-Acxiom-Income_$50k_$75k,1485492,DDA,,audience_items
,US-DDA-Direct-Acxiom-Income_$40k_$50k,1485493,DDA,,audience_items
,US-DDA-Direct-Acxiom-Income_$75k_$100k,1485495,DDA,,audience_items
,US-DDA-Direct-Acxiom-Interest_Fashion,1485496,DDA,,audience_items
,US-DDA-Direct-Acxiom-Interest_Career,1485497,DDA,,audience_items
,US-DDA-Direct-Acxiom-FamilyTraveler,1485498,DDA,,audience_items
,US-DDA-Direct-Acxiom-Income_$250kPlus,1485499,DDA,,audience_items
,US-DDA-Direct-Acxiom-Gender_Female,1485500,DDA,,audience_items
,US-DDA-Direct-Acxiom-VideoGamer,1485501,DDA,,audience_items
,US-DDA-Direct-Acxiom-GenerationZ,1485509,DDA,,audience_items
,US-DDA-Direct-Acxiom-Gender_Male,1485510,DDA,,audience_items
,US-DDA-Direct-Acxiom-Age_65Plus,1485511,DDA,,audience_items
,US-DDA-Direct-Acxiom-Age_1824,1485512,DDA,,audience_items
,US-DDA-Direct-Acxiom-Age_3539,1485513,DDA,,audience_items
,US-DDA-Direct-Acxiom-Age_2529,1485514,DDA,,audience_items
,US-DDA-Direct-Acxiom-Age_3034,1485515,DDA,,audience_items
,US-DDA-Direct-Acxiom-Age_5054,1485516,DDA,,audience_items
,US-DDA-Direct-Acxiom-Age_4549,1485517,DDA,,audience_items
,US-DDA-Direct-Acxiom-Age_5559,1485518,DDA,,audience_items
,US-DDA-Direct-Acxiom-Age_6064,1485519,DDA,,audience_items
,US-DDA-Direct-Acxiom-Age_4044,1485520,DDA,,audience_items
,US-LR-DM--Acxiom-AllFans_WNBA,1485532,DDA,,audience_items
,US-LR-DM-Acxiom-Fans_WNBA_GoldenStateValkyries,1485533,DDA,,audience_items
,US-LR-Direct-Crossix-Sanofi_VC12616,1485535,DDA,,audience_items
,US-LR-Direct-Crossix-Sanofi_VC12610,1485536,DDA,,audience_items
,US-LR-Direct-Crossix-Sanofi_VC12606,1485537,DDA,,audience_items
,US-DDA-EAE-Experian-BlainsFarm_SettledAndContent,1485577,DDA,,audience_items
,US-LR-Direct-Acxiom-ProgressiveInsurance_BACON,1485869,DDA,,audience_items
,US-LR-Direct-Acxiom-ProgressiveInsurance_Motorcycle,1485870,DDA,,audience_items
,US-LR-Direct-Acxiom-ProgressiveInsurance_RV,1485871,DDA,,audience_items
,US-LR-Direct-Acxiom-ProgressiveInsurance_Boat,1485872,DDA,,audience_items
,US-LR-DM-Acxiom-BlueCross_OriginalMedicare,1485875,DDA,,audience_items
,US-LR-DM-Acxiom-IntendedNewVehicle_GMC,1485887,DDA,,audience_items
,US-LR-DM-Acxiom-IntendedNewVehicle_Lincoln,1485888,DDA,,audience_items
,US-LR-Direct-Swoop-Incyte_1024803211,1485894,DDA,,audience_items
,US-LR-Direct-Swoop-Incyte_1024803221,1485895,DDA,,audience_items
,US-LR-Direct-Swoop-Incyte_1024803231,1485896,DDA,,audience_items
,US-LR-Direct-Swoop-Incyte_1024803241,1485897,DDA,,audience_items
,US-LR-DM-Acxiom-SomewhatLikely_SellHouse,1485920,DDA,,audience_items
,US-LR-DM-Alliant-BuyingSellingHomesPropensity,1485924,DDA,,audience_items
,US-DDA-QRM-SMB_940457_40046728,1485936,DDA,,audience_items
,US-DDA-QRM-SMB_940457_40046716,1485937,DDA,,audience_items
,GL-DDA-1P_Same_Kind_Of_Different_As_Me,1485964,DDA,,audience_items
,GL-DDA-1P_Instant_Family,1485965,DDA,,audience_items
,GL-DDA-1P_Young_Guns_II,1485966,DDA,,audience_items
,GL-DDA-1P_Rio_Lobo,1485967,DDA,,audience_items
,GL-DDA-1P_Ice_Road_Truckers,1485968,DDA,,audience_items
,GL-DDA-1P_Young_Guns,1485969,DDA,,audience_items
,US-DDA-SMB-LAL_smb_lal_921865_40046621,1485970,DDA,,audience_items
,US-DDA-SMB-LAL_smb_lal_921865_40046627,1485971,DDA,,audience_items
,US-DDA-SMB-LAL_smb_lal_921865_40046634,1485972,DDA,,audience_items
,US-DDA-SMB-LAL_smb_lal_921865_40046701,1485973,DDA,,audience_items
,US-DDA-SMB-LAL_smb_lal_921865_40046699,1485974,DDA,,audience_items
,US-DDA-SMB-LAL_smb_lal_921865_40046639,1485975,DDA,,audience_items
,US-DDA-SMB-LAL_smb_lal_921865_40046631,1485976,DDA,,audience_items
,US-DDA-EAE-Experian-Cenex_2026,1486059,DDA,,audience_items
,US-LR-Direct-Purplelab-Takeda_26820,1486062,DDA,,audience_items
,US-LR-Direct-Purplelab-Takeda_27273,1486063,DDA,,audience_items
,US-LR-Direct-Purplelab-Takeda_27274,1486064,DDA,,audience_items
,US-LR-Direct-IQVIA-Takeda_SM1273_7710526,1486299,DDA,,audience_items
,US-LR-Direct-IQVIA-Takeda_SM1274_7720526,1486300,DDA,,audience_items
,US-LR-Direct-IQVIA-Takeda_SM1275_7730526,1486301,DDA,,audience_items
,US-LR-Direct-Swoop-Sanofi_1024312691,1486302,DDA,,audience_items
,US-LR-DM-AudienceMix-ShoppingProximityToCVS,1486343,DDA,,audience_items
,US-LR-Direct-Swoop-UCB_1024375251,1486795,DDA,,audience_items
,US-LR-Direct-Swoop-UCB_1024375281,1486796,DDA,,audience_items
,US-LR-DM-Epsilon-InMarketToPurchase_HealthInsurance,1486797,DDA,,audience_items
,GL-DDA-1P_Modern_Marvels,1486922,DDA,,audience_items
,GL-DDA-1P_Triton_Poker,1486923,DDA,,audience_items
,US-LR-DM-Alliant-Interest_MilitaryFamilies,1486955,DDA,,audience_items
,US-LR-DM-Acxiom-CreditCardHolder_UnknownType,1486956,DDA,,audience_items
,US-LR-DM-Acxiom-CreditCardUser,1486957,DDA,,audience_items
,US-LR-DM-Acxiom-LikelyBehavior_OwnFourCreditCards,1486958,DDA,,audience_items
,US-LR-DM-Acxiom-LikelyBehavior_OwnFiveCreditCards,1486959,DDA,,audience_items
,US-LR-DM-Acxiom-LikelyBehavior_OwnBtw7_9_CreditCards,1486960,DDA,,audience_items
,US-LR-DM-MRI-Banking_NFCU,1486961,DDA,,audience_items
,US-LR-DM-Experian-ComplacentCardUser_LowCreditCardBalance,1486962,DDA,,audience_items
,US-LR-DM-Experian-CreditCardSwitchers_HighBalance,1486963,DDA,,audience_items
,US-LR-DM-TransUnion-HighIncomeEstablishedAdults,1486964,DDA,,audience_items
,US-LR-DM-TransUnion-HighIncomeEstablishedFamilies,1486965,DDA,,audience_items
,US-DDA-Direct-Retarget-Merlin_LegoLand-MayJune26,1486971,DDA,,audience_items
,US-DDA-PMXLift-Epsilon-Coty_696201_v1,1487003,DDA,,audience_items
,US-DDA-PMXLift-Epsilon-Coty_696203_v2,1487004,DDA,,audience_items
,US-DDA-PMXLift-Epsilon-Coty_696208_v3,1487005,DDA,,audience_items
,US-DDA-PMXLift-Epsilon-Coty_696220_v4,1487006,DDA,,audience_items
,US-DDA-PMXLift-Epsilon-GSK_695894_v1,1487007,DDA,,audience_items
,US-DDA-PMXLift-Epsilon-GSK_695916_v2,1487008,DDA,,audience_items
,US-LR-DM-AnalyticsIQ_MedicareParticipants,1487126,DDA,,audience_items
,US-LR-Direct-Crossix_VC10906,1487131,DDA,,audience_items
,US-LR-Direct-Crossix-VC10905,1487135,DDA,,audience_items
,US-LR-Direct-Crossix-VC10907,1487136,DDA,,audience_items
,US-LR-DM-Experian-Comedy_and_RomanticComedy_MovieLoversModel,1487152,DDA,,audience_items
,US-LR-DM-TransUnion-SawRomanticComedyMovies,1487153,DDA,,audience_items
,US-LR-DM-Alliant-MarvelComicSeriesPropensity,1487356,DDA,,audience_items
,US-LR-DM-Alliant-DCComicsMoviesPropensity,1487362,DDA,,audience_items
,US-LR-DM-Acxiom-RomanticComedyTVShows,1487364,DDA,,audience_items
,BETAwardsQ226V1,1487369,DDA,,audience_items
,BETTheOvalQ226V1,1487441,DDA,,audience_items
,US-LR-DM-Datasys-Gambling_Lottery,1487459,DDA,,audience_items
,US-LR-DM-Dstillery-LotteryEnthusiasts,1487461,DDA,,audience_items
,US-LR-DM-Acxiom-Romances_BookBuyer,1488168,DDA,,audience_items
,GL-DDA-1P_Canada_Shore,1488257,DDA,,audience_items
,US-DDA-SMB-LAL_smb_lal_20028516_40044416,1488258,DDA,,audience_items
,US-LR-DM-Dstillery-InterestPropensity_Grilling,1488318,DDA,,audience_items
,AU - LR - Client - ID - Peak - Custom - ipg - RAMPIDUMGENERALMILLST1SENSUALITYSEEKERSHDTXT,1488464,DDA,,audience_items
,AU - LR - Client - ID - Peak - Custom - ipg - RAMPIDUMGENERALMILLST1FAMILIESOEPTXT,1488465,DDA,,audience_items
,AU - LR - Client - ID - Peak - Custom - ipg - RAMPIDUMGENERALMILLST1SYHHOEPTXT,1488466,DDA,,audience_items
,AU - LR - Client - ID - Peak - Custom - ipg - RAMPIDUMGENERALMILLST1BALANCECREATORSNVTXT,1488467,DDA,,audience_items
,AU - LR - Client - ID - Peak - Custom - ipg - RAMPIDUMGENERALMILLST1SINKDINKLATINATXT,1488468,DDA,,audience_items
,AU - LR - Client - ID - Peak - Custom - ipg - RAMPIDUMGENERALMILLST1SEEKERSLATINATXT,1488469,DDA,,audience_items
,AU - LR - Client - ID - Peak - Custom - Hatched - FORTYWINKSCRMCOMBINEDMAY26,1488470,DDA,,audience_items
,US-DDA-PMXLift-Optimum_695518_v1,1488698,DDA,,audience_items
,US-DDA-PMXLift-Optimum_695535_v5,1488699,DDA,,audience_items
,US-DDA-PMXLift-Optimum_695492_v1,1488705,DDA,,audience_items
,US-DDA-PMXLift-Optimum_695513_v5,1488707,DDA,,audience_items
,US-DDA-PMXLift-Epsilon-Abbott_696228_v1,1488709,DDA,,audience_items
,US-DDA-PMXLift-Epsilon-Abbott_696230_v2,1488716,DDA,,audience_items
,US-DDA-QRM-SMB_968786_40047303,1488854,DDA,,audience_items
,GL-DDA-1P_Devotion_-_Obedience_or_Betrayal,1488853,DDA,,audience_items
,US-DDA-QRM-SMB_968786_40047302,1488855,DDA,,audience_items
,GL-DDA-1P_Men_in_Black,1488856,DDA,,audience_items
,GL-DDA-1P_In___Out,1488857,DDA,,audience_items
,US-DDA-QRM-SMB_968786_40047301,1488858,DDA,,audience_items
,PARDuttonRanchQ226V1,1488895,DDA,,audience_items
,US-LR-Direct-Swoop-GSK_1024940391,1488906,DDA,,audience_items
,US-LR-Direct-Swoop-Sanofi_1025261511,1489019,DDA,,audience_items
,US-LR-Direct-Swoop-Sanofi_1025261521,1489020,DDA,,audience_items
,US-CR-Direct-Annalect_PepsiCo_Tostitos_3Q26,1489022,DDA,,audience_items
,US-LR-DM-Acxiom-Attorney,1489151,DDA,,audience_items
,US-LR-DM-TransUnion-AccidentHealth,1489157,DDA,,audience_items
,US-LR-DM-TransUnion-Attorney,1489158,DDA,,audience_items
,US-LR-Direct-Crossix-GSK_VC12968,1490387,DDA,,audience_items
,US-LR-Direct-Crossix-GSK_VC12544,1490388,DDA,,audience_items
,US-DDA-QRM-SMB_966935_40046556,1490593,DDA,,audience_items
,US-LR-Direct-Crossix-Abbott_VC12850,1492202,DDA,,audience_items
,US-LR-Direct-Crossix-Abbott_VC12838,1492203,DDA,,audience_items
,US-LR-Direct-PurpleLab-Sanofi_25566,1492206,DDA,,audience_items
,US-LR-Direct-PurpleLab-Sanofi_25567,1492207,DDA,,audience_items
,US-LR-Direct-PurpleLab-Sanofi_25653,1492208,DDA,,audience_items
,US-LR-Direct-PurpleLab-Sanofi_25553,1492209,DDA,,audience_items
,US-LR-Direct-PurpleLab-Sanofi_25551,1492210,DDA,,audience_items
,US-LR-Direct-PurpleLab-Sanofi_25552,1492211,DDA,,audience_items
,US-LR-DM-Acxiom-Education_GraduateSchool,1492220,DDA,,audience_items
,US-LR-DM-Experian-Education_BachelorDegree,1492221,DDA,,audience_items
,US-LR-DM-Experian-Education_GraduateDegree,1492222,DDA,,audience_items
,US-LR-DM-Bombora-JobFunction_Professors_Teachers,1492223,DDA,,audience_items
,US-LR-DM-Acxiom-Occupation_Nurse,1492224,DDA,,audience_items
,US-LR-DM-Acxiom-Occupation_MedicalDoctor_Physician,1492225,DDA,,audience_items
,US-LR-DM-123Push-MedicalSchoolStudentsOrGraduates,1492226,DDA,,audience_items
,US-LR-DM-Bridge-LifeStage_CollegeGraduate,1492227,DDA,,audience_items
,US-LR-DM-Bridge-RecentGrad_MajorInHealthScience,1492228,DDA,,audience_items
,US-DDA-SMB-LAL_smb_lal_966925_40047291,1492278,DDA,,audience_items
,US-DDA-SMB-LAL_smb_lal_928713_40047280,1492279,DDA,,audience_items
,GL-DDA-1P_In_A_New_York_Minute,1492297,DDA,,audience_items
,GL-DDA-1P_Major_Crimes_Unit,1492298,DDA,,audience_items
,GL-DDA-1P_My_Wife_and_Kids,1492299,DDA,,audience_items
,GL-DDA-1P_Ex_on_the_Beach_Brazil_-_The_Elite,1492300,DDA,,audience_items
,GL-DDA-1P_The_100,1492302,DDA,,audience_items
,GL-DDA-1P_Lara_Croft-_Tomb_Raider,1492301,DDA,,audience_items
,GL-DDA-1P_Hard_Truths,1492304,DDA,,audience_items
,GL-DDA-1P_Dungeons___Dragons__Honor_Among_Thieves,1492303,DDA,,audience_items
,GL-DDA-1P_Arrow,1492305,DDA,,audience_items
,US-DDA-SMB-LAL_smb_lal_919319_40047399,1492306,DDA,,audience_items
,US-DDA-Direct-Retarget-TMobile_SFUJune26,1492362,DDA,,audience_items
,US-CR-Direct-Annalect_PepsiCo_Beverages_A18,1492859,DDA,,audience_items
,US-LR-DM-Epsilon-Interest_VolunteerEnthusiasts,1492902,DDA,,audience_items
,US-LR-DM-Epsilon-CharitableDonors,1492903,DDA,,audience_items
,US-DDA-OAP-Crossix-GileadYeztugoM608803761_2q26,1492904,DDA,,audience_items
,US-DDA-OAP-Crossix-GileadYeztugoF1713430186_2q26,1492905,DDA,,audience_items
,US-DDA-SMB-LAL_smb_lal_923779_40047522,1492906,DDA,,audience_items
,US-DDA-SMB-LAL_smb_lal_957369_40047456,1492907,DDA,,audience_items
,GL-DDA-1P_Friday_Night_Lights,1492908,DDA,,audience_items
,US-DDA-OAP-M1-GM3Q26,1493144,DDA,,audience_items
,US-LR-DM-Acxiom-LikelyHomeValue_600K_1M,1493146,DDA,,audience_items
,US-LR-Direct-Swoop-UCB_1024375291,1493188,DDA,,audience_items
,US-LR-Direct-1P-AMC_1060083218,1493189,DDA,,audience_items
,US-LR-DM-Acxiom-WomensSports,1493192,DDA,,audience_items
,US-LR-DM-Acxiom-Volleyball,1493194,DDA,,audience_items
,US-DDA-SMB-LAL_smb_lal_20030966_40047620,1493205,DDA,,audience_items
,US-DDA-SMB-LAL_smb_lal_20030966_40047619,1493206,DDA,,audience_items
,US-DDA-SMB-LAL_smb_lal_20030966_40047621,1493207,DDA,,audience_items
,US-DDA-SMB-LAL_smb_lal_923779_40047633,1493208,DDA,,audience_items
,GL-DDA-1P_Alone,1493209,DDA,,audience_items
,GL-DDA-1P_Pitch_Perfect_2,1493210,DDA,,audience_items
,US-DDA-SMB-LAL_smb_lal_20030966_40046169,1493211,DDA,,audience_items
,US-DDA-SMB-LAL_smb_lal_20029211_40047563,1493212,DDA,,audience_items
,GL-DDA-1P_Everwood,1493213,DDA,,audience_items
,US-DDA-SMB-LAL_smb_lal_20030800_40046573,1493214,DDA,,audience_items
,GL-DDA-1P_Chicago,1493215,DDA,,audience_items
,US-DDA-SMB-LAL_smb_lal_20030966_40047626,1493216,DDA,,audience_items
,US-DDA-SMB-LAL_smb_lal_20030966_40047629,1493217,DDA,,audience_items
,US-DDA-SMB-LAL_smb_lal_20030966_40047627,1493218,DDA,,audience_items
,US-LR-Direct-Crossix-Otsuka_VC08823,1493313,DDA,,audience_items
,US-DDA-SMB-LAL_smb_lal_20032702_40046876,1493323,DDA,,audience_items
,US-DDA-SMB-LAL_smb_lal_924170_40047675,1493606,DDA,,audience_items
,GL-DDA-1P_BUZZR,1493653,DDA,,audience_items
,AU - DWH - ABS - Geo - Peak - Custom - Mandarin Speaking APAC,1493663,DDA,,audience_items
,US-DDA-QRM-SMB_20030964_40047766,1493670,DDA,,audience_items
,US-DDA-QRM-SMB_969011_40047798,1493697,DDA,,audience_items
,US-LR-DM-Dstillery-JasonStatham,1493701,DDA,,audience_items
,US-CR-Direct-Annalect-HomeDepot_MemorialDay,1493703,DDA,,audience_items
,US-LR-DM-Epsilon-HusbandAndWife_NoChildren,1493720,DDA,,audience_items
,US-LR-DM-Epsilon-NoPresenceOfChildren,1493721,DDA,,audience_items
,US-DDA-SMB-LAL_smb_lal_20030964_40047749,1493722,DDA,,audience_items
,US-DDA-SMB-LAL_smb_lal_20030964_40047763,1493723,DDA,,audience_items
,US-DDA-SMB-LAL_smb_lal_20030964_40047756,1493724,DDA,,audience_items
,US-DDA-SMB-LAL_smb_lal_20030964_40047762,1493725,DDA,,audience_items
,US-DDA-SMB-LAL_smb_lal_924904_40047727,1493726,DDA,,audience_items
,US-DDA-SMB-LAL_smb_lal_20030964_40047761,1493727,DDA,,audience_items
,US-DDA-SMB-LAL_smb_lal_20030964_40047764,1493728,DDA,,audience_items
,US-DDA-SMB-LAL_smb_lal_20030964_40047752,1493729,DDA,,audience_items
,US-DDA-SMB-LAL_smb_lal_20030964_40047766,1493730,DDA,,audience_items
,US-DDA-SMB-LAL_smb_lal_20030964_40047755,1493731,DDA,,audience_items
,US-DDA-SMB-LAL_smb_lal_20030964_40047754,1493732,DDA,,audience_items
,US-LR-Direct-Crossix-GSK_VC12764,1493734,DDA,,audience_items
,US-DDA-OAP-Swoop-GSK_52446,1493735,DDA,,audience_items
,US-DDA-OAP-Swoop-GSK_52445,1493736,DDA,,audience_items
,US-DDA-OAP-Epsilon-GSK_2A,1493737,DDA,,audience_items
,US-DDA-OAP-Epsilon-GSK_1A,1493738,DDA,,audience_items
,US-LR-Direct-Swoop-GSK_1025071211,1493739,DDA,,audience_items
,US-LR-Direct-HealthUnion-GSK_1214509821326712,1493740,DDA,,audience_items
,GL-DDA-1P_Labyrinth,1493790,DDA,,audience_items
,GL-DDA-1P_White_Chicks,1493791,DDA,,audience_items
,GL-DDA-1P_Wild_Cherry,1493792,DDA,,audience_items
,US-DDA-SMB-LAL_smb_lal_20032318_40047737,1493872,DDA,,audience_items
,US-DDA-SMB-LAL_smb_lal_969011_40047798,1493873,DDA,,audience_items
,AU - LR - Client - ID - Peak - Custom - EDG - LIVERAMPMYDANSALLMATCHRATETEST,1493974,DDA,,audience_items
,AU - LR - Client - ID - Peak - Custom - EDG - LIVERAMPBWSALLMATCHRATETEST,1493975,DDA,,audience_items
,AU - LR - Client - ID - Peak - Custom - EDG - LIVERAMPBWSSOWFREQUENCYLOWN10,1493976,DDA,,audience_items
,AU - LR - Client - ID - Peak - Custom - EDG - LIVERAMPBWSSOWFREQUENCYHIGHN10,1493977,DDA,,audience_items
,US-DDA-QRM-SMB_20030964_40047934,1493993,DDA,,audience_items
,imafw_GE,1494158,DDA,,audience_items
,imfaw_GR,1494159,DDA,,audience_items
,GL-DDA-1P_Anthony_Bourdain-_No_Reservations,1494171,DDA,,audience_items
,GL-DDA-1P_Indiana_Jones_and_the_Temple_of_Doom,1494172,DDA,,audience_items
,GL-DDA-1P_El_Rey_Rebel,1494173,DDA,,audience_items
,GL-DDA-1P_Tennis_Channel_2_Originals,1494174,DDA,,audience_items
,GL-DDA-1P_Chip___Jo-_Feels_Like_Home_by_Magnolia_Network,1494175,DDA,,audience_items
,GL-DDA-1P_INTL___Bad_Man,1494176,DDA,,audience_items
,GL-DDA-1P_Terminator_2__Judgment_Day,1494177,DDA,,audience_items
,GL-DDA-1P_Indiana_Jones_and_the_Raiders_of_the_Lost_Ark,1494178,DDA,,audience_items
,GL-DDA-1P_Indiana_Jones_and_the_Last_Crusade,1494179,DDA,,audience_items
,GL-DDA-1P_Among_Us,1494180,DDA,,audience_items
,GL-DDA-1P_Ancient_Aliens,1494181,DDA,,audience_items
,GL-DDA-1P_INTL___Matador,1494182,DDA,,audience_items
,AU - LR - Client - ID - Peak - Custom - WooliesX - MD77BD6B60091F9F4ADA24AB51C43AF35DWX4F3AEFAC2C1A43686F74A79A68DAE5EAF59B7533FE072573578975D8B681194F120260319034234,1494222,DDA,,audience_items
,US-DDA-QRM-SMB_969421_40048024,1494229,DDA,,audience_items
,US-DDA-QRM-SMB_921865_40048028,1494230,DDA,,audience_items
,US-LR-Direct-Crossix-GSK_VC14388,1494318,DDA,,audience_items
,US-LR-Direct-Crossix-GSK_VC14271,1494319,DDA,,audience_items
,US-LR-Direct-1P-MikesAmazing_StopandShop-Shoppers,1494320,DDA,,audience_items
,US-LR-Direct-1P-MikesAmazing_Wegmans-Shoppers,1494321,DDA,,audience_items
,US-LR-Direct-1P-MikesAmazing_PublixShopper,1494324,DDA,,audience_items
,US-LR-Direct-1P-MikesAmazing_GiantShoppers,1494325,DDA,,audience_items
,US-LR-Direct-1P-MikesAmazing_TopsShoppers,1494326,DDA,,audience_items
,US-LR-Direct-1P-MikesAmazing_PriceRiteShoppers,1494327,DDA,,audience_items
,US-LR-Direct-1P-NJM_Auto_Policyholders,1494328,DDA,,audience_items
,US-LR-Direct-1P-NJM_Property_Policyholder,1494329,DDA,,audience_items
,US-DDA-SMB-LAL_smb_lal_20033443_40047975,1494341,DDA,,audience_items
,US-DDA-SMB-LAL_smb_lal_20033431_40047943,1494342,DDA,,audience_items
,US-DDA-SMB-LAL_smb_lal_20029408_40047982,1494343,DDA,,audience_items
,US-DDA-SMB-LAL_smb_lal_20033423_40047929,1494344,DDA,,audience_items
,US-DDA-SMB-LAL_smb_lal_967367_40047854,1494345,DDA,,audience_items
,US-DDA-SMB-LAL_smb_lal_943020_40047941,1494346,DDA,,audience_items
,US-DDA-SMB-LAL_smb_lal_20031475_40047825,1494347,DDA,,audience_items
,US-DDA-SMB-LAL_smb_lal_943020_40047942,1494348,DDA,,audience_items
,stellantisjeepq326v1,1494352,DDA,,audience_items
,wholefoodsq326v1,1494353,DDA,,audience_items
,sonicq326v1,1494374,DDA,,audience_items
,US-LR-DM-TransUnion-Education_UndergraduatesMajorInScience,1494387,DDA,,audience_items
,US-LR-DM-TransUnion-Education_GraduatesMajorInHealthScience,1494388,DDA,,audience_items
,US-LR-DM-TransUnion-Education_UndergraduatesMajorInBusinessAdministrationMBA,1494389,DDA,,audience_items
,costarhomesq326v1,1494390,DDA,,audience_items
,newbalanceq326v1,1494391,DDA,,audience_items
,nissanq326v1,1494392,DDA,,audience_items
,US-LR-DM-TransUnion-Education_GraduatesMajorInComputingTechnology,1494393,DDA,,audience_items
,chilisq326v1,1494394,DDA,,audience_items
,attcricketq326v1,1494397,DDA,,audience_items
,burgerkingq326v1,1494398,DDA,,audience_items
,GL-DDA-1P_Kinky_Boots,1494399,DDA,,audience_items
,US-LR-Direct-Epsilon-TikTok_19923,1494406,DDA,,audience_items
,US-DDA-SMB-LAL_smb_lal_20033428_40047936,1494514,DDA,,audience_items
,US-DDA-SMB-LAL_smb_lal_948977_40047999,1494515,DDA,,audience_items
,US-LR-DM-Alliant-MysteryViewerPropensity,1494609,DDA,,audience_items
,US-LR-DM-TransUnion-SawMysterySuspenseThrillerMovies,1494610,DDA,,audience_items
,US-LR-DM-Alliant-Viewership_Yellowstone,1494612,DDA,,audience_items
,US-LR-Direct-Acxiom-NewBalance_U6765505,1494613,DDA,,audience_items
,US-LR-DM-Acxiom-WatchMysteryTVShows,1494614,DDA,,audience_items
,GL-DDA-1P_Homeful,1494619,DDA,,audience_items
,GL-DDA-1P_One_Night_Out_with_Alan_Cumming,1494620,DDA,,audience_items
,US-DDA-QRM-SMB_940457_40048105,1494621,DDA,,audience_items
,US-LR-Direct-Tunnl-FlexPoint_1025564961,1494622,DDA,,audience_items
,US-LR-Direct-Tunnl-FlexPoint_1025564981,1494624,DDA,,audience_items
,US-DDA-PMXLift-Epsilon-GSK_703219_v14,1494628,DDA,,audience_items
,US-LR-DM-Epsilon-HighlyLikelyPublicTransportationUsers,1494633,DDA,,audience_items
,US-LR-DM-Epsilon-LikelyPublicTransportationUsers,1494635,DDA,,audience_items
,US-LR-DM-Acxiom-HomeOwnershipRenter,1494636,DDA,,audience_items
,US-LR-DM-Alliant-Renter,1494637,DDA,,audience_items
,US-LR-DM-Experian-HomeownersRenters,1494638,DDA,,audience_items
,US-LR-DM-Experian-UrbanApartmentRenters,1494646,DDA,,audience_items
,US-CR-Direct-Annalect_PepsiCo_Universal,1494677,DDA,,audience_items
,US-DDA-SMB-LAL_smb_lal_20031883_40048139,1494747,DDA,,audience_items
,US-DDA-SMB-LAL_smb_lal_20033530_40048144,1494748,DDA,,audience_items
,US-CR-Direct-Annalect-HomeDepot_RWBAppliances,1494753,DDA,,audience_items
,US-DDA-SMB-LAL_smb_lal_20032512_40048194,1494810,DDA,,audience_items
,US-DDA-SMB-LAL_smb_lal_20033391_40047904,1494811,DDA,,audience_items
,US-DDA-SMB-LAL_smb_lal_923779_40048188,1494812,DDA,,audience_items
,GL-DDA-1P_INTL___The_Internship,1494851,DDA,,audience_items
,GL-DDA-1P_Love_Nature,1494852,DDA,,audience_items
,GL-DDA-1P_Forged_in_Fire,1494853,DDA,,audience_items
,GL-DDA-1P_INTL___How_to_Make_a_Killing,1494854,DDA,,audience_items
,US-DDA-SMB-LAL_smb_lal_20033115_40047782,1494862,DDA,,audience_items
,US-DDA-SMB-LAL_smb_lal_20033578_40048209,1494863,DDA,,audience_items
,US-DDA-SMB-LAL_smb_lal_20033560_40048181,1494864,DDA,,audience_items
,US-LR-DM-Alliant-ViewershipGenre_WesternDrama,1494922,DDA,,audience_items
,US-LR-DM-Acxiom-PurchasedBook_Last24Months,1494929,DDA,,audience_items
,US-LR-DM-Alliant-BookOfTheMonthBuyerPropensity,1494930,DDA,,audience_items
,US-LR-DM-Alliant-BookRetailersBuyerPropensity,1494931,DDA,,audience_items
,US-LR-DM-Dstillery_TutoringIntenders,1494932,DDA,,audience_items
,US-LR-DM-Dstillery_CollegeVisitors,1494933,DDA,,audience_items
,US-LR-DM-Epsilon-BookStorePurchasers,1494934,DDA,,audience_items
,US-LR-DM-Epsilon-HeavyFrequencyBookStorePurchasers,1494935,DDA,,audience_items
,US-LR-1P-MikesAmazing_SummerFoodFavorites,1494936,DDA,,audience_items
,US-LR-1P-MikesAmazing_SummerPartyEnthusiasts,1494938,DDA,,audience_items
,US-LR-1P-MikesAmazing_ACMEShoppers,1494939,DDA,,audience_items
,US-LR-1P-MikesAmazing_WegmanShoppingIntender,1494940,DDA,,audience_items
,US-LR-1P-MikesAmazing_FairwayShoppers,1494941,DDA,,audience_items
,US-LR-1P-MikesAmazing_ShopRiteShoppers,1494942,DDA,,audience_items
,US-LR-1P-MikesAmazing_PublixShopIntender,1494944,DDA,,audience_items
,US-LR-Direct-Crossix-Pfizer_VC13926,1494945,DDA,,audience_items
,US-LR-1P-MikesAmazing_July4thPBT,1494946,DDA,,audience_items
,US-LR-Direct-1PD-UnitedHealthGroup_20260601,1494956,DDA,,audience_items
,US-DDA-TU-Own2_ORMoreVehicles,1494960,DDA,,audience_items
,US-DDA-Direct-Acxiom-Age_2124,1494964,DDA,,audience_items
,applebeesq326v1,1494971,DDA,,audience_items
,US-DDA-PMXLift-Epsilon-Abbott_703243_v3,1494972,DDA,,audience_items
,kimberlyclarkpoiseq326v1,1494973,DDA,,audience_items
,US-DDA-SMB-LAL_smb_lal_20032321_40046590,1494984,DDA,,audience_items
,US-LR-DM-Epsilon-HeavySpendersBookStorePurchasers,1494985,DDA,,audience_items
,US-DDA-SMB-LAL_smb_lal_924904_40047990,1495038,DDA,,audience_items
,nationalvisionq326v1,1495078,DDA,,audience_items
,uspsq326v1,1495079,DDA,,audience_items
,GL-DDA-1P_The_Crow_Girl,1495081,DDA,,audience_items
,US-LR-DM-AnalyticsIQ_Tesla-Owners,1495083,DDA,,audience_items
,US-LR-DM-Epsilon_SolarRoofingIntender,1495084,DDA,,audience_items
,tmobileprepaidq326v1,1495086,DDA,,audience_items
,US-DDA-OAP-M1-LMI_M10263vgb000007W_Allen_D1,1495090,DDA,,audience_items
,US-DDA-OAP-M1-LMI_M10263vp3000007X_AllenPlus_D1,1495091,DDA,,audience_items
,US-DDA-OAP-M1-LMI_M10263vue000007Y_AspiringAllen_D1,1495092,DDA,,audience_items
,US-DDA-OAP-M1-LMI_M10263w030000074_Edward_D1,1495093,DDA,,audience_items
,US-DDA-OAP-M1-LMI_M10263wyw000007Z_Stephanie_D1,1495094,DDA,,audience_items
,US-DDA-OAP-M1-LMI_M10263xb60000080_AllenPlus_D2,1495095,DDA,,audience_items
,US-DDA-OAP-M1-LMI_M10263xgj0000076_AspiringAllen_D2,1495096,DDA,,audience_items
,US-DDA-OAP-M1-LMI_M10263xmb0000077_Edward_D2,1495097,DDA,,audience_items
,US-DDA-OAP-M1-LMI_M10263xru0000078_Stephanie_D2,1495098,DDA,,audience_items
,US-DDA-OAP-M1-LMI_M10263x510000075_Allen_D2,1495099,DDA,,audience_items
,US-DDA-OAP-M1-LMI_M10263xxl0000079_Allen_D3,1495100,DDA,,audience_items
,US-DDA-OAP-M1-LMI_M10263y3e0000081_AllenPlus_D3,1495101,DDA,,audience_items
,US-DDA-OAP-M1-LMI_M10263y97000007A_AspiringAllen_D3,1495102,DDA,,audience_items
,US-DDA-OAP-M1-LMI_M10263yf2000007B_Edward_D3,1495103,DDA,,audience_items
,US-DDA-OAP-M1-LMI_M10263ylc000007C_Stephanie_D3,1495104,DDA,,audience_items
,US-DDA-OAP-M1-LMI_M10263ysh0000082_Allen_D4,1495106,DDA,,audience_items
,US-DDA-OAP-M1-LMI_M10263yz1000007D_AllenPlus_D4,1495107,DDA,,audience_items
,US-DDA-OAP-M1-LMI_M10263z54000007E_AspiringAllen_D4,1495108,DDA,,audience_items
,US-DDA-OAP-M1-LMI_M10263zb0000007F_Edward_D4,1495110,DDA,,audience_items
,US-DDA-OAP-M1-LMI_M10263zgt000007G_Stephanie_D4,1495111,DDA,,audience_items
,US-DDA-OAP-M1-LMI_M10263zmv0000083_Allen_D5,1495113,DDA,,audience_items
,US-DDA-OAP-M1-LMI_M10263zst000007H_AllenPlus_D5,1495114,DDA,,audience_items
,US-DDA-OAP-M1-LMI_M10263zz4000007I_AspiringAllen_D5,1495115,DDA,,audience_items
,US-DDA-OAP-M1-LMI_M102640b30000084_Stephanie_D5,1495116,DDA,,audience_items
,US-DDA-OAP-M1-LMI_M10264052000007J_Edward_D5,1495117,DDA,,audience_items
,US-DDA-OAP-M1-LMI_M102640hs000007K_Allen_D6,1495118,DDA,,audience_items
,US-DDA-OAP-M1-LMI_M102640p20000085_AllenPlus_D6,1495119,DDA,,audience_items
,US-DDA-OAP-M1-LMI_M102640uo000007L_AspiringAllen_D6,1495120,DDA,,audience_items
,US-DDA-OAP-M1-LMI_M1026410o0000086_Edward_D6,1495121,DDA,,audience_items
,US-DDA-OAP-M1-LMI_M1026416p0000087_Stephanie_D6,1495122,DDA,,audience_items
,US-DDA-OAP-M1-LMI_M102641d00000088_Allen_D7,1495123,DDA,,audience_items
,US-DDA-OAP-M1-LMI_M102641iy000007M_AllenPlus_D7,1495124,DDA,,audience_items
,US-DDA-OAP-M1-LMI_M102641o70000089_AspiringAllen_D7,1495125,DDA,,audience_items
,US-DDA-OAP-M1-LMI_M102641u2000007N_Edward_D7,1495126,DDA,,audience_items
,US-DDA-OAP-M1-LMI_M102641zh000007O_Stephanie_D7,1495127,DDA,,audience_items
,US-DDA-SMB-LAL_smb_lal_20033670_40048323,1495172,DDA,,audience_items
,US-DDA-QRM-SMB_20033530_40048144,1495223,DDA,,audience_items
,US-LR-DM-Alliant-InMarket_NewChevrolet,1495378,DDA,,audience_items
,US-LR-DM-Alliant-InMarket_NewFord,1495379,DDA,,audience_items
,US-DDA-SMB-LAL_smb_lal_20033466_40048243,1495380,DDA,,audience_items
,US-LR-DM-Alliant_InterestPropensity_Playstation5,1495385,DDA,,audience_items
,US-LR-Direct-1P-AdVictory_AAN_VA01,1495387,DDA,,audience_items
,US-LR-Direct-1P-AdVictory_AAN_VA02,1495388,DDA,,audience_items
,US-DDA-OAP-NCS-Mars_Dog,1495389,DDA,,audience_items
,US-DDA-OAP-NCS-Mars_Cat,1495390,DDA,,audience_items
,US-LR-Direct-Epsilon-Walgreens_687329,1495405,DDA,,audience_items
,US-DDA-SMB-LAL_smb_lal_917310_40048382,1495406,DDA,,audience_items
,US-DDA-SMB-LAL_smb_lal_20033436_40047960,1495510,DDA,,audience_items
,GL-DDA-1P_Ax_Men,1495511,DDA,,audience_items
,GL-DDA-1P_Major_Crimes,1495512,DDA,,audience_items
,GL-DDA-1P_Nashville,1495513,DDA,,audience_items
,tmobileinertq326v1,1495519,DDA,,audience_items
,tmobilepotentialsq326v1,1495520,DDA,,audience_items
,US-LR-DM-TransUnion-HHI_125KOrLess,1495523,DDA,,audience_items
,disneyworldorhq326v1,1495530,DDA,,audience_items
,US-LR-DM-Acxiom-SellVacationOrSecondHome,1495533,DDA,,audience_items
,US-LR-DM-Acxiom-SomewhatLikely_SellHouseResidenceInTheNextYear,1495535,DDA,,audience_items
,disneyworldparksq326v1,1495540,DDA,,audience_items
,US-DDA-SMB-LAL_smb_lal_20029196_40048404,1495543,DDA,,audience_items
,US-DDA-SMB-LAL_smb_lal_924962_40048453,1495544,DDA,,audience_items
,GL-DDA-1P_The_Ultimate_Fighter,1495545,DDA,,audience_items
,GL-DDA-1P_Battlestar_Galactica,1495546,DDA,,audience_items
,GL-DDA-1P_Comic_View,1495547,DDA,,audience_items
,US-LR-Direct-Crossix-Sanofi_VC13042,1495586,DDA,,audience_items
,US-LR-Direct-Crossix-Sanofi_VC13033,1495587,DDA,,audience_items
,US-LR-Direct-Swoop-Sanofi_1025515711,1495588,DDA,,audience_items
,US-LR-Direct-Swoop-Sanofi_1025515721,1495589,DDA,,audience_items
,US-LR-Direct-Swoop-Sanofi_1025515951,1495590,DDA,,audience_items
,US-LR-Direct-Swoop-Sanofi_1025515961,1495591,DDA,,audience_items
,US-DDA-QRM-SMB_940457_40048482,1495630,DDA,,audience_items
,US-DDA-SMB-LAL_smb_lal_20033737_40048434,1495844,DDA,,audience_items
,US-DDA-SMB-LAL_smb_lal_928713_99999,1495845,DDA,,audience_items
,US-DDA-SMB-LAL_smb_lal_924962_40048392,1495846,DDA,,audience_items
,US-DDA-SMB-LAL_smb_lal_931789_40048481,1495859,DDA,,audience_items
,US-DDA-SMB-LAL_smb_lal_969277_40048475,1495860,DDA,,audience_items
,US-DDA-SMB-LAL_smb_lal_924028_40048472,1495861,DDA,,audience_items
,US-DDA-QRM-SMB_20032082_40048329,1495862,DDA,,audience_items
,US-DDA-SMB-LAL_smb_lal_923483_40048518,1495869,DDA,,audience_items
,US-DDA-SMB-LAL_smb_lal_000001_00000001,1495890,DDA,,audience_items
,US-LR-Direct-Swoop-Pfizer_1025541691,1495927,DDA,,audience_items
,US-LR-1P-GeneralMotors_GMC_PremiumPickup,1495928,DDA,,audience_items
,US-LR-1P-GeneralMotors_Buick_ElevatedComfort,1495929,DDA,,audience_items
,US-LR-1P-GeneralMotors_Chevrolet_SUVSavvySaver,1495930,DDA,,audience_items
,US-LR-1P-GeneralMotors_Chevrolet_SilveradoExplore,1495931,DDA,,audience_items
,US-LR-DM-DataAxle-ChurchAttendanceFrequently,1495943,DDA,,audience_items
,US-LR-DM-L2Data-AttendsChurchFrequently,1495944,DDA,,audience_items
,US-LR-DM-AlarisPeople-FemaleChildrenDemographicsHousehold,1495948,DDA,,audience_items
,US-LR-DM-AnalyticsIQ-ParentsWithFemaleChildren,1495949,DDA,,audience_items
,US-DDA-SMB-LAL_smb_lal_923779_40048547,1495951,DDA,,audience_items
,US-LR-Direct-Crossix-GSK_VC14728,1495977,DDA,,audience_items
,US-LR-Direct-Crossix-GSK_VC14727,1495978,DDA,,audience_items
,BETLotPatrolQ326V1,1495979,DDA,,audience_items
,BETMsPatSettlesItQ326V1,1495980,DDA,,audience_items
,BETLotPatrolQ226V1,1495981,DDA,,audience_items
,BETTheOvalQ326V1,1495989,DDA,,audience_items
,CBSBigBrotherQ326V1,1495995,DDA,,audience_items
,MTVJerseyShoreFamilyVacationQ326V1,1495996,DDA,,audience_items
,US-DDA-SMB-LAL_smb_lal_20033834_40048572,1495997,DDA,,audience_items
,US-DDA-SMB-LAL_smb_lal_20033831_40048568,1495998,DDA,,audience_items
,US-DDA-SMB-LAL_smb_lal_20033810_40048544,1496032,DDA,,audience_items
,US-DDA-QRM-SMB_20032081_40048641,1496045,DDA,,audience_items
,US-DDA-SMB-LAL_smb_lal_20033424_40047987,1496046,DDA,,audience_items
,US-CR-Direct-Annalect- RedBull_ClassicA18-34_3Q26,1497165,DDA,,audience_items
,US-LR-DM-Experian-LengthOfResidenceYears20-24,1497188,DDA,,audience_items
,US-LR-DM-Experian-LengthOfResidenceYears25-29,1497189,DDA,,audience_items
,US-LR-DM-Experian-LengthOfResidenceYears30-34,1497190,DDA,,audience_items
,US-LR-DM-Experian-LengthOfResidenceYears35-99,1497191,DDA,,audience_items
,US-LR-Direct-1PD-AAA-ActiveGoodStanding_Member,1497192,DDA,,audience_items
,US-LR-Direct-1PD-AAA-ExcludeCurrentIA_Customer,1497193,DDA,,audience_items
,popeyesq326v1,1497194,DDA,,audience_items
,US-DDA-SMB-LAL_smb_lal_20033806_40048534,1497195,DDA,,audience_items
,US-DDA-SMB-LAL_smb_lal_20033806_40048538,1497196,DDA,,audience_items
,US-DDA-SMB-LAL_smb_lal_20033806_40048533,1497197,DDA,,audience_items
,US-DDA-SMB-LAL_smb_lal_20033806_40048531,1497198,DDA,,audience_items
,US-DDA-SMB-LAL_smb_lal_20033806_40048536,1497199,DDA,,audience_items
,US-DDA-SMB-LAL_smb_lal_20033806_40048530,1497200,DDA,,audience_items
,US-DDA-SMB-LAL_smb_lal_20033806_40048537,1497201,DDA,,audience_items
,US-DDA-OAP-Epsilon-DisneyWDWOrH_3q26,1497206,DDA,,audience_items
,walmartoneq326v1,1497210,DDA,,audience_items
,US-DDA-OAP-EPC-Sonic_3q26,1497211,DDA,,audience_items
,US-DDA-OAP-1P-WalmartOne_3q26,1497212,DDA,,audience_items
,bloominq326v1,1497220,DDA,,audience_items
,US-DDA-OAP-Annalect-Popeyes_3q26,1497221,DDA,,audience_items
,US-DDA-OAP-Acxiom-Constellation_CoronaExtra_3q26,1497223,DDA,,audience_items
,US-DDA-OAP-Acxiom-Constellation_ModeloChelada_3q26,1497224,DDA,,audience_items
,US-DDA-OAP-Acxiom-WholeFoods_3q26,1497225,DDA,,audience_items
,US-DDA-OAP-1PD-Applebees_3q26,1497226,DDA,,audience_items
,US-DDA-CR-Annalect-Redbull-72701_test,1497229,DDA,,audience_items
,US-DDA-OAP-1PD-Subway_3q26,1497230,DDA,,audience_items
,US-DDA-OAP-Acxiom-USPS_3q26,1497231,DDA,,audience_items
,GL-DDA-1P_The_Wolf_Of_Wall_Street,1497234,DDA,,audience_items
,US-DDA-SMB-LAL_smb_lal_957369_40048644,1497235,DDA,,audience_items
,GL-DDA-1P_Tyler_Perry_s_Ruthless,1497236,DDA,,audience_items
,GL-DDA-1P_The_Big_Short,1497237,DDA,,audience_items
,US-LR-Direct-Crossix-Sanofi_VC13013,1497264,DDA,,audience_items
,US-DDA-SMB-LAL_smb_lal_20030462_40048676,1497313,DDA,,audience_items
,US-DDA-SMB-LAL_smb_lal_937490_40048611,1497314,DDA,,audience_items
,US-LR-Direct-Epsilon-GSK_AGA184_704679,1498145,DDA,,audience_items
,US-LR-Direct-Epsilon-GSK_AGA185_704678,1498146,DDA,,audience_items
,US-DDA-OAP-Annalect-Nissan_3q26,1498147,DDA,,audience_items
,US-LR-DM-Epsilon-MidTierWhiskey,1498148,DDA,,audience_items
,US-LR-DM-Epsilon-NewToWhiskey,1498149,DDA,,audience_items
,US-CR-Direct-Annalect-Mitsubishi_US_MomentumMakers_40MM,1498150,DDA,,audience_items
,US-DDA-OAP-Epsilon-Costar_Homes_3q26,1498151,DDA,,audience_items
,GL-DDA-1P_LOLLA_-_The_Story_of_Lollapalooza,1498299,DDA,,audience_items
,GL-DDA-1P_Transformers__Rise_of_the_Beasts,1498300,DDA,,audience_items
,GL-DDA-1P_Walker,1498301,DDA,,audience_items
,US-DDA-OAP-Acxiom-TMobile_Prepaid_3q26,1498311,DDA,,audience_items
,US-DDA-OAP-Acxiom-TMobile_PostpaidInert_3q26,1498312,DDA,,audience_items
,US-DDA-OAP-Acxiom-TMobile_PostpaidPotentials_3q26,1498314,DDA,,audience_items
,US-DDA-OAP-Acxiom-TMobile_Broadband_3q26,1498315,DDA,,audience_items
,US-DDA-SMB-LAL_smb_lal_952600_40048270,1498503,DDA,,audience_items
,US-DDA-QRM-SMB_20031475_40048768,1498512,DDA,,audience_items
,US-LR-DM-Epsilon-BrandLoyalist,1498675,DDA,,audience_items
,US-DDA-PMXLift-EliLilly_704513_v1,1498676,DDA,,audience_items
,US-DDA-PMXLift-EliLilly_704394_v2,1498677,DDA,,audience_items
,US-DDA-PMXLift-EliLilly_704445_v7,1498679,DDA,,audience_items
,US-DDA-OAP-InMarket-KimClark_3Q26,1498680,DDA,,audience_items
,US-LR-Direct-Swoop-Galderma_1025000171,1498683,DDA,,audience_items
,US-LR-Direct-Swoop-Galderma_1025000181,1498684,DDA,,audience_items
,US-DDA-OAP-Epsilon-DisneyWDWH_3q26,1498685,DDA,,audience_items
,US-DDA-PMXLift-EliLilly_704162_v1,1498692,DDA,,audience_items
,US-DDA-PMXLift-EliLilly_704094_v2,1498693,DDA,,audience_items
,US-DDA-PMXLift-EliLilly_704127_v7,1498694,DDA,,audience_items
,US-DDA-OAP-Swoop-Gilead_Biktarvy_3q26,1498695,DDA,,audience_items
,US-DDA-OAP-Crossix-Gilead_DescovyF_3q26,1498696,DDA,,audience_items
,US-LR-Direct-Crossix-Sanofi_VC13023,1498697,DDA,,audience_items
,US-DDA-OAP-Crossix-Gilead_DescovyM_3q26,1498698,DDA,,audience_items
,US-DDA-OAP-Crossix-Gilead_YeztugoF_3q26,1498699,DDA,,audience_items
,US-DDA-OAP-Crossix-Gilead_YeztugoM_3q26,1498700,DDA,,audience_items
,US-LR-DM-Epsilon-LatinMusicFans_HighlyLikely,1498702,DDA,,audience_items
,US-LR-DM-Epsilon-LatinMusicFans_Likely,1498703,DDA,,audience_items
,US-CR-Direct-Annalect_AutoTrader_Cox,1498704,DDA,,audience_items
,GL-DDA-1P_Yellowstone_to_Yosemite_with_Kevin_Costner,1498705,DDA,,audience_items
,GL-DDA-1P_The_Real_Wolf_of_Wall_Street,1498706,DDA,,audience_items
,US-LR-Direct-1P-NJM_Property_Policyholder_Version2,1498712,DDA,,audience_items
,US-LR-Direct-1P-NJM_Auto_Policyholder_Version2,1498713,DDA,,audience_items
,crackerbarrelsummerq326v1,1498725,DDA,,audience_items
,subwayq326v1,1498726,DDA,,audience_items
,tmobilebroadbandq326v1,1498727,DDA,,audience_items
,choicehotelsq326v1,1498739,DDA,,audience_items
,verizionq326v1,1498740,DDA,,audience_items
,US-DDA-OAP-Acxiom-NewBalance_3q26,1498742,DDA,,audience_items
,US-DDA-OAP-Acxiom-Bloomin_3q26,1498752,DDA,,audience_items
,US-DDA-SMB-LAL_smb_lal_20033990_40048804,1498930,DDA,,audience_items
,US-DDA-SMB-LAL_smb_lal_20032689_40048705,1498931,DDA,,audience_items
,US-DDA-SMB-LAL_smb_lal_20028737_40048659,1498954,DDA,,audience_items
,GL-DDA-1P_OG_Stories,1499109,DDA,,audience_items
,GL-DDA-1P_Santa_Baby,1499110,DDA,,audience_items
,US-DDA-SMB-LAL_smb_lal_20033738_40048834,1499111,DDA,,audience_items
,US-DDA-OAP-Crossix-Gilead_VC14659,1499130,DDA,,audience_items
,US-DDA-OAP-Crossix-Gilead_VC14660,1499131,DDA,,audience_items
,US-DDA-OAP-Crossix-Gilead_VC14661,1499132,DDA,,audience_items
,US-DDA-SMB-LAL_smb_lal_959387_40048829,1499150,DDA,,audience_items
,US-DDA-SMB-LAL_smb_lal_20031833_40048642,1499151,DDA,,audience_items
,US-DDA-SMB-LAL_smb_lal_20033810_40048882,1499212,DDA,,audience_items
,US-DDA-SMB-LAL_smb_lal_20034040_40048897,1499277,DDA,,audience_items
,US-DDA-SMB-LAL_smb_lal_915436_40048770,1499278,DDA,,audience_items
,US-DDA-SMB-LAL_smb_lal_915436_40048789,1499281,DDA,,audience_items
,US-DDA-SMB-LAL_smb_lal_915436_40048791,1499282,DDA,,audience_items
,US-DDA-SMB-LAL_smb_lal_911003_40048928,1499291,DDA,,audience_items
,US-DDA-SMB-LAL_smb_lal_969420_40048890,1499292,DDA,,audience_items
,US-DDA-Direct-Retarget-GeicoPL,1499296,DDA,,audience_items
,US-DDA-OAP-Annalect-ATTCricket-Savvy_Doer,1499297,DDA,,audience_items
,US-LR-Direct-1PD-Toyota_Entrysuv_Score,1499300,DDA,,audience_items
,US-LR-Direct-1PD-Toyota_Hybrid_Score,1499301,DDA,,audience_items
,US-LR-Direct-1PD-Toyota_Largesuv_Score,1499302,DDA,,audience_items
,US-LR-Direct-1PD-Toyota_MidsizeSUV_Score,1499303,DDA,,audience_items
,US-LR-Direct-1PD-Toyota_PremiumMidsize_Score,1499305,DDA,,audience_items
,US-LR-Direct-1PD-Toyota_Score,1499306,DDA,,audience_items
,US-LR-Direct-1PD-Toyota_Smallsuv_Score,1499307,DDA,,audience_items
,US-LR-Direct-1PD-Toyota_Sportcoupe_Score,1499308,DDA,,audience_items
,US-LR-Direct-1PD-Toyota_Standardmidsize_Score,1499309,DDA,,audience_items
,US-LR-Direct-1PD-Toyota_Standardsubcompact_Score,1499310,DDA,,audience_items
,US-LR-Direct-1PD-Toyota_Van_Score,1499311,DDA,,audience_items
,US-LR-DM-Alliant-EbayBuyerPropensity,1499312,DDA,,audience_items
,US-LR-DM-Acxiom-SocialMediaInfluencersImpactBrandChoices,1499313,DDA,,audience_items
,US-LR-DM-Epsilon-MultiGenerationalFamilyVacationers_HighlyLikely,1499314,DDA,,audience_items
,US-LR-DM-Epsilon-MultiGenerationalFamilyVacationers_Likely,1499321,DDA,,audience_items
,US-LR-DM-Acxiom-LikelyTravelActivity_Museums,1499322,DDA,,audience_items
,US-LR-DM-Experian-TravelIntent_MuseumVisitorsLikelihood,1499323,DDA,,audience_items
,US-LR-DM-Acxiom-VisitCulturalHistoricSitesOnVacationPropensity,1499324,DDA,,audience_items
,US-LR-DM-Acxiom-LikelyActivity_HistoricSites,1499325,DDA,,audience_items
,US-LR-DM-Experian-TravelIntent_LikelytoVisitHistoricSites,1499326,DDA,,audience_items
,US-LR-DM-Acxiom-LikelyTravelActivity_WaterSports,1499327,DDA,,audience_items
,US-LR-DM-Experian-TravelActivitiesIntent_WaterSports,1499329,DDA,,audience_items
,US-LR-DM-TransUnion-VacationActivities_LikeToDoWaterSports,1499330,DDA,,audience_items
,US-LR-DM-Acxiom-LikelyTravelActivity_Hunting,1499331,DDA,,audience_items
,US-LR-DM-Experian-TravelActivitiesIntent_Hunting,1499332,DDA,,audience_items
,US-LR-DM-Acxiom-HuntingAndFishingLifestyle,1499333,DDA,,audience_items
,US-LR-DM-Acxiom-LikelyTravelActivities_Fishing,1499334,DDA,,audience_items
,US-LR-DM-Experian-TravelActivitiesIntent_Fishing,1499335,DDA,,audience_items
,US-LR-Direct-1PD-Toyota_TCUV_Score,1499336,DDA,,audience_items
,US-LR-Direct-1PD-Toyota_RDR_Last_2_Years,1499337,DDA,,audience_items
,US-LR-DM-Acxiom-SnowSkiingInterest,1499338,DDA,,audience_items
,US-LR-Direct-1PD-Toyota_Leads_and_Handraisers,1499339,DDA,,audience_items
,US-LR-DM-TransUnion-VacationActivities_LikeToDoSnowSkiingSnowBoarding,1499340,DDA,,audience_items
,US-LR-DM-Acxiom-LikelyOwnership_Snowmobile,1499341,DDA,,audience_items
,US-DDA-SMB-LAL_smb_lal_923779_40048932,1499349,DDA,,audience_items
,US-DDA-SMB-LAL_smb_lal_923779_40048929,1499350,DDA,,audience_items
,US-DDA-SMB-LAL_smb_lal_20034035_40048888,1499419,DDA,,audience_items
,US-DDA-SMB-LAL_smb_lal_941589_40048859,1499418,DDA,,audience_items
,US-DDA-SMB-LAL_smb_lal_20033986_40048799,1499480,DDA,,audience_items
,US-DDA-SMB-LAL_smb_lal_20033115_40048990,1499504,DDA,,audience_items
,US-DDA-SMB-LAL_smb_lal_20033993_40048806,1499509,DDA,,audience_items
,US-LR-DM-Acxiom-SocialMedia_Pinterest,1499546,DDA,,audience_items
,US-LR-DM-MRI-Psychographics_SelfConcepts_Creative,1499547,DDA,,audience_items
,US-LR-DM-Bombora-Hobbies_Interests,1499549,DDA,,audience_items
,US-LR-DM-Bridge-HobbiesInterests_SocialMediaUsers,1499550,DDA,,audience_items
,US-DDA-SMB-LAL_smb_lal_20029006_40049014,1499574,DDA,,audience_items
,US-DDA-OAP-MRI-CrackerBarrel_3q26,1499578,DDA,,audience_items
,US-DDA-OAP-Swoop-PfizerNurtec_3q26,1499581,DDA,,audience_items
,US-LR-Direct-IQVIA-Sanofi_1026355851,1499583,DDA,,audience_items
,US-LR-Direct-IQVIA-Sanofi_1026355861,1499584,DDA,,audience_items
,GL-DDA-1P_Austin_Powers-_International_Man_of_Mystery,1499617,DDA,,audience_items
,GL-DDA-1P_Santa_Girl,1499618,DDA,,audience_items
,GL-DDA-1P_A_Haunted_House,1499619,DDA,,audience_items
,GL-DDA-1P_Santa_Jaws,1499620,DDA,,audience_items
,GL-DDA-1P_A_Haunted_House_2,1499621,DDA,,audience_items
,GL-DDA-1P_A_Christmas_Karen,1499622,DDA,,audience_items
,GL-DDA-1P_American_Gangster__Trap_Queens,1499623,DDA,,audience_items
,US-LR-DM-MRI-ListensToDoctor_Exercises_PaysAttentionToDiet,1499626,DDA,,audience_items
,US-LR-DM-MRI-LikelyHealthyHolistics,1499632,DDA,,audience_items
,US-DDA-OAP-Swoop-Amgen_Evenity_3q26,1499634,DDA,,audience_items
,US-DDA-Direct-Acxiom-Income_$125k_$150k,1499796,DDA,,audience_items
,US-DDA-Direct-Acxiom-Income_$100k_$125k,1499797,DDA,,audience_items
,US-LR-Direct-1PD-GeneralMotors_Chevrolet_SilveradoLD_Explore_HPandNM,1499805,DDA,,audience_items
,GL-DDA-1P_Too_Close_For_Christmas,1499813,DDA,,audience_items
,GL-DDA-1P_Sleepless_in_Seattle,1499814,DDA,,audience_items
,GL-DDA-1P_Mountain_Men,1499815,DDA,,audience_items
,GL-DDA-1P_Next_Friday,1499816,DDA,,audience_items
,GL-DDA-1P_12_Days_Of_Christmas_Eve,1499817,DDA,,audience_items
,GL-DDA-1P_Sasquatch_Mountain_Man,1499818,DDA,,audience_items
,US-DDA-SMB-LAL_smb_lal_966925_40049072,1499819,DDA,,audience_items
,US-DDA-SMB-LAL_smb_lal_914046_40049102,1499820,DDA,,audience_items
,CBSMarshalsQ326V1,1499884,DDA,,audience_items
,US-CR-Direct-Annalect_Wells_Fargo_Affluent_Mixer_2026,1499888,DDA,,audience_items
,US-CR-Direct-Annalect_Wells_Fargo_Affluent_SportsFans_2026,1499889,DDA,,audience_items
,US-CR-Direct-Annalect_Wells_Fargo_Affluent_Shopping_2026,1499890,DDA,,audience_items
,US-CR-Direct-Annalect_Wells_Fargo_Affluent_Transactor_2026,1499891,DDA,,audience_items
,US-CR-Direct-Annalect_Wells_Fargo_Affluent_Transactor_Hotels_2026,1499892,DDA,,audience_items
,US-DDA-SMB-LAL_smb_lal_20034179_40049104,1499990,DDA,,audience_items
,US-DDA-SMB-LAL_smb_lal_20034142_40049011,1499991,DDA,,audience_items
,US-DDA-SMB-LAL_smb_lal_20034171_40049081,1500021,DDA,,audience_items
,US-DDA-SMB-LAL_smb_lal_935964_40048586,1500022,DDA,,audience_items
,US-LR-DM-Bombora-Industry_Manufacturing,1500056,DDA,,audience_items
,MondelezQ326V1,1500063,DDA,,audience_items
,US-LR-DM-Experian-HealthyLiving,1500064,DDA,,audience_items
,US-LR-DM-Experian-FLAHealthAndFitnessEnthusiasts,1500066,DDA,,audience_items
,US-LR-DM-Experian-HealthyHolistics,1500067,DDA,,audience_items
,US-LR-DM-Experian-GroundCoffeeShoppers,1500068,DDA,,audience_items
,US-LR-DM-Epsilon-LikelyLiveStreamingPurchasers,1500072,DDA,,audience_items
,US-LR-DM-Experian-OnlineAuctionShoppers,1500073,DDA,,audience_items
,US-LR-DM-Experian-InStoreThriftStoreShoppers,1500075,DDA,,audience_items
,US-LR-DM-Experian-SecondHandUsedStores_HighSpend,1500078,DDA,,audience_items
,US-LR-DIrect-1PD-CrossScreenMedia_FL_CD25_CLF_Persuasion,1500091,DDA,,audience_items
,US-LR-Direct-1PD-CrossScreenMedia_FL_CD25_CLF_Lower_Prop,1500093,DDA,,audience_items
,US-LR-Direct-1PD-CrossScreenMedia_IA_CD01_CLF_Persuasion,1500096,DDA,,audience_items
,US-LR-Direct-1PD-CrossScreenMedia_IA_CD01_CLF_Lower_Prop,1500097,DDA,,audience_items
,US-LR-Direct-1PD-CrossScreenMedia_IA_CD02_CLF_Persuasion,1500100,DDA,,audience_items
,US-LR-Direct-1PD-CrossScreenMedia_IA_CD02_CLF_Lower_Prop,1500103,DDA,,audience_items
,US-LR-Direct-1PD-CrossScreenMedia_IA_CD03_CLF_Persuasion,1500105,DDA,,audience_items
,US-DDA-SMB-LAL_smb_lal_20030964_40049241,1500106,DDA,,audience_items
,US-DDA-SMB-LAL_smb_lal_20030964_40049243,1500107,DDA,,audience_items
,US-LR-Direct-1P-Lexus_BrandPassionate,1500115,DDA,,audience_items
,US-LR-Direct-1PD-July4thPBT,1500120,DDA,,audience_items
,US-LR-Direct-1PD-SummerFoodFavoritesPBT,1500121,DDA,,audience_items
,US-LR-Direct-1PD-SummerPartyEnthusiastsPBT,1500122,DDA,,audience_items
,US-LR-Direct-1PD-ACMEMarketsShoppers,1500123,DDA,,audience_items
,US-LR-Direct-1PD-WegmansShoppers,1500125,DDA,,audience_items
,US-LR-Direct-1PD-FairwayMarketShoppers,1500127,DDA,,audience_items
,US-LR-Direct-1PD-ShopRiteShoppers,1500128,DDA,,audience_items
,US-LR-Direct-1PD-PublixShoppers,1500129,DDA,,audience_items
,US-CR-Direct-Annalect_Wells_Fargo_Affluent_HomeMixer_2025,1500134,DDA,,audience_items
,US-LR-Direct-1PD-CrossScreenMedia_IA_CD03_CLF_Lower_Prop,1500135,DDA,,audience_items
,US-LR-Direct-1PD-CrossScreenMedia_MI_CD07_CLF_Persuasion,1500136,DDA,,audience_items
,US-LR-Direct-1PD-CrossScreenMedia_MI_CD07_CLF_Lower_Prop,1500137,DDA,,audience_items
,US-LR-Direct-1PD-CrossScreenMedia_MI_CD10_CLF_Persuasion,1500138,DDA,,audience_items
,US-LR-Direct-1PD-CrossScreenMedia_MI_CD10_CLF_Lower_Prop,1500139,DDA,,audience_items
,US-LR-Direct-1PD-CrossScreenMedia_NJ_CD07_CLF_Persuasion,1500140,DDA,,audience_items
,US-LR-Direct-1PD-CrossScreenMedia_NJ_CD07_CLF_Lower_Prop,1500141,DDA,,audience_items
,US-LR-Direct-1PD-CrossScreenMedia_NV_CD03_CLF_Persuasion,1500142,DDA,,audience_items
,US-LR-Direct-1PD-CrossScreenMedia_NV_CD03_CLF_Lower_Prop,1500143,DDA,,audience_items
,US-LR-Direct-1PD-CrossScreenMedia_NY_CD03_CLF_Persuasion,1500144,DDA,,audience_items
,US-LR-Direct-1PD-CrossScreenMedia_NY_CD03_CLF_Lower_Prop,1500145,DDA,,audience_items
,US-CR-Direct-Annalect_Wells_Fargo_Affluent_CookingMixer_2025,1500146,DDA,,audience_items
,US-CR-Direct-Annalect_Wells_Fargo_Affluent_FinanceMixer_2025,1500147,DDA,,audience_items
,US-CR-Direct-Annalect_Wells_Fargo_Affluent_TravelTransactor_2025,1500148,DDA,,audience_items
,GL-DDA-1P_Diarra_From_Detroit,1500175,DDA,,audience_items
,US-DDA-SMB-LAL_smb_lal_969011_40049202,1500176,DDA,,audience_items
,US-DDA-SMB-LAL_smb_lal_20030964_40049246,1500251,DDA,,audience_items
,US-DDA-SMB-LAL_smb_lal_20030964_40049238,1500252,DDA,,audience_items
,US-DDA-SMB-LAL_smb_lal_923516_40049196,1500253,DDA,,audience_items
,US-DDA-SMB-LAL_smb_lal_20030964_40049244,1500254,DDA,,audience_items
,US-DDA-SMB-LAL_smb_lal_921633_40049050,1500268,DDA,,audience_items
,US-DDA-SMB-LAL_smb_lal_20030964_40049237,1500269,DDA,,audience_items
,US-DDA-QRM-SMB_20030964_40049247,1500270,DDA,,audience_items
,AU - DWH - 10 - ID - Summit - Content - The Good Doctor watchers APAC,1500293,DDA,,audience_items
,AU - DWH - 10 - ID - Summit - Content - The Last Cowboy watchers APAC,1500294,DDA,,audience_items
,AU - DWH - 10 - ID - Summit - Content - Diagnosis Murder watchers APAC,1500295,DDA,,audience_items
,AU - DWH - 10 - ID - Summit - Content - Daria watchers APAC,1500296,DDA,,audience_items
,AU - DWH - 10 - ID - Summit - Content - Prisoner watchers APAC,1500297,DDA,,audience_items
,AU - DWH - 10 - ID - Summit - Content - Iain Stirlings Roast The Internet watchers APAC,1500298,DDA,,audience_items
,AU - DWH - 10 - ID - Summit - Content - The Claudia Winkleman Show watchers APAC,1500299,DDA,,audience_items
,AU - DWH - 10 - ID - Summit - Content - The Traitors Australia watchers APAC,1500300,DDA,,audience_items
,AU - DWH - 10 - ID - Summit - Content - Law and Order Special Victims Unit watchers APAC,1500301,DDA,,audience_items
,AU - DWH - 10 - ID - Summit - Content - Merlin watchers APAC,1500302,DDA,,audience_items
,AU - DWH - 10 - ID - Summit - Content - Drunk History UK watchers APAC,1500303,DDA,,audience_items
,AU - DWH - 10 - ID - Summit - Content - Coasts Rolling With The Waves watchers APAC,1500304,DDA,,audience_items
,AU - DWH - 10 - ID - Summit - Content - Dallas Cowboys Cheerleaders Making The Team watchers APAC,1500305,DDA,,audience_items
,AU - DWH - 10 - ID - Summit - Content - Finding Carter watchers APAC,1500306,DDA,,audience_items
,AU - DWH - 10 - ID - Summit - Content - Celebrity Race Across The World watchers APAC,1500307,DDA,,audience_items
,AU - DWH - 10 - ID - Summit - Content - 16 and Pregnant watchers APAC,1500308,DDA,,audience_items
,AU - DWH - 10 - ID - Summit - Content - Key and Peele watchers APAC,1500309,DDA,,audience_items
,AU - DWH - 10 - ID - Summit - Content - Project Runway watchers APAC,1500310,DDA,,audience_items
,AU - DWH - 10 - ID - Summit - Content - Britains Outlaws Highwaymen Pirates and Rogues watchers APAC,1500311,DDA,,audience_items
,AU - DWH - 10 - ID - Summit - Content - Building The Dream watchers APAC,1500312,DDA,,audience_items
,US-DDA-SMB-LAL_smb_lal_20030964_40049239,1500315,DDA,,audience_items
,US-DDA-SMB-LAL_smb_lal_20034155_40049195,1500316,DDA,,audience_items
,US-DDA-SMB-LAL_smb_lal_20030964_40049240,1500317,DDA,,audience_items
,US-DDA-SMB-LAL_smb_lal_20030964_40049245,1500339,DDA,,audience_items
,US-DDA-SMB-LAL_smb_lal_20030964_40049242,1500340,DDA,,audience_items
,US-DDA-SMB-LAL_smb_lal_20028903_40045653,1500341,DDA,,audience_items
,US-DDA-SMB-LAL_smb_lal_20030966_40049274,1500361,DDA,,audience_items
,US-DDA-SMB-LAL_smb_lal_20030966_40049277,1500362,DDA,,audience_items
,US-DDA-SMB-LAL_smb_lal_20033912_40048675,1500363,DDA,,audience_items
,US-DDA-QRM-SMB_20033197_40049316,1500364,DDA,,audience_items
,US-DDA-SMB-LAL_smb_lal_20030966_40049278,1500365,DDA,,audience_items
,US-DDA-SMB-LAL_smb_lal_20030966_40049279,1500366,DDA,,audience_items
,US-DDA-SMB-LAL_smb_lal_20030966_40049275,1500368,DDA,,audience_items
,US-DDA-SMB-LAL_smb_lal_20030966_40049273,1500369,DDA,,audience_items
,US-DDA-SMB-LAL_smb_lal_20030966_40049276,1500370,DDA,,audience_items
,US-DDA-SMB-LAL_smb_lal_969420_40049306,1500371,DDA,,audience_items
,US-DDA-SMB-LAL_smb_lal_20030966_40049272,1500372,DDA,,audience_items
,US-DDA-QRM-SMB_20030966_40049346,1500387,DDA,,audience_items
,US-DDA-SMB-LAL_smb_lal_928252_40049323,1500388,DDA,,audience_items
,US-DDA-SMB-LAL_smb_lal_20034262_40049282,1500389,DDA,,audience_items
,US-DDA-QRM-SMB_20032081_40049348,1500390,DDA,,audience_items
,GL-DDA-1P_Christmas_in_July,1500391,DDA,,audience_items
,GL-DDA-1P_Civil_War,1500392,DDA,,audience_items
,GL-DDA-1P_Gravity,1500393,DDA,,audience_items
,US-DDA-SMB-LAL_smb_lal_20033806_40049356,1500394,DDA,,audience_items
,US-DDA-SMB-LAL_smb_lal_20033806_40049361,1500395,DDA,,audience_items
,US-DDA-SMB-LAL_smb_lal_20033806_40049355,1500396,DDA,,audience_items
,US-DDA-SMB-LAL_smb_lal_20033806_40049360,1500397,DDA,,audience_items
,US-DDA-SMB-LAL_smb_lal_20033806_40049359,1500398,DDA,,audience_items
,US-DDA-SMB-LAL_smb_lal_20033806_40049357,1500399,DDA,,audience_items
,US-DDA-SMB-LAL_smb_lal_20033806_40049358,1500400,DDA,,audience_items
,US-DDA-SMB-LAL_smb_lal_953858_40049178,1500401,DDA,,audience_items
,US-DDA-SMB-LAL_smb_lal_20032321_40049402,1500403,DDA,,audience_items
,US-DDA-SMB-LAL_smb_lal_20032321_40049422,1500412,DDA,,audience_items
,US-LR-DM-Acxiom-MedicarePatrons,1500427,DDA,,audience_items
,US-LR-DM-Epsilon-LikelyCreditUnionMembers,1500428,DDA,,audience_items
,US-LR-DM-TransUnion-FinancialAccountsWithAnyFederalCreditUnion,1500429,DDA,,audience_items
,US-LR-DM-Experian-InMarketCreditUnionLoan,1500430,DDA,,audience_items
,US-LR-DM-Epsilon-LikelyAutoLoanPurchaseIntenders,1500432,DDA,,audience_items
,US-LR-DM-Epsilon-LikelyHomeLoanIntenders,1500433,DDA,,audience_items
,US-LR-DM-Epsilon-InterestedInInvestments,1500434,DDA,,audience_items
,US-DDA-SMB-LAL_smb_lal_20034315_40049414,1500439,DDA,,audience_items
,US-DDA-PMXLift-Chevrolet_704939_v1,1500446,DDA,,audience_items
,US-DDA-PMXLift-Chevrolet_704948_v4,1500447,DDA,,audience_items
,US-DDA-PMXLift-Chevrolet_704956_v1,1500453,DDA,,audience_items
,US-DDA-PMXLift-Chevrolet_704966_v4,1500454,DDA,,audience_items
,US-LR-DM-Causeway-HeartlandMoviegoer,1500493,DDA,,audience_items
,AU - DWH - 10 - ID - Summit - Content - TEST The Good Doctor watchers APAC deactivated at 2026-07-22 00:19:27 UTC,1500540,DDA,,audience_items
,US-DDA-SMB-LAL_smb_lal_20031078_40044367,1500545,DDA,,audience_items
,US-DDA-SMB-LAL_smb_lal_20034276_40049328,1500547,DDA,,audience_items
,US-DDA-SMB-LAL_smb_lal_926505_40049456,1500548,DDA,,audience_items
,GL-DDA-1P_All_Women_s_Sports_Network,1500601,DDA,,audience_items
,GL-DDA-1P_Ex_on_the_Beach_Brazil,1500602,DDA,,audience_items
,GL-DDA-1P_AWSN,1500603,DDA,,audience_items
,GL-DDA-1P_King___Conqueror,1500604,DDA,,audience_items
,GL-DDA-1P_Women_s_Sports_Network,1500605,DDA,,audience_items
,GL-DDA-1P_Popeye,1500606,DDA,,audience_items
,GL-DDA-1P_INTL___Undertone,1500607,DDA,,audience_items
,GL-DDA-1P_Yorkshire_s_Poshest_Hotel__Grantley_Hall,1500608,DDA,,audience_items
,GL-DDA-1P_gordon_ramsays_secret_service,1500609,DDA,,audience_items
,GL-DDA-1P_Halo-_The_Fall_Of_Reach,1500610,DDA,,audience_items
,CBSCupertinoQ326V1,1500631,DDA,,audience_items
,US-DDA-SMB-LAL_smb_lal_20034370_40049450,1500660,DDA,,audience_items
,US-DDA-SMB-LAL_smb_lal_948173_40049488,1500680,DDA,,audience_items
,US-DDA-SMB-LAL_smb_lal_941589_40049512,1500706,DDA,,audience_items
,US-DDA-SMB-LAL_smb_lal_20034408_40049505,1500712,DDA,,audience_items
,US-LR-DM-Acxiom-Automotive_RecreationalVehicle,1500803,DDA,,audience_items
,US-LR-DM-Acxiom_Automotive_FifthWheel,1500804,DDA,,audience_items
,US-LR-DM-Acxiom_Automotive_Camper,1500805,DDA,,audience_items
,US-LR-DM-Acxiom_Automotive_MotorHome,1500806,DDA,,audience_items
,US-LR-Direct-Crossix-Otsuka_VC13055,1500812,DDA,,audience_items
,US-LR-Direct-Swoop-AmgenRepatha_1025217981,1500837,DDA,,audience_items
,US-LR-Direct-Swoop-AmgenRepatha_1025218001,1500880,DDA,,audience_items
,GL-DDA-1P_Rambo_III,1500958,DDA,,audience_items
,US-DDA-SMB-LAL_smb_lal_940457_40049553,1500959,DDA,,audience_items
,GL-DDA-1P_Footloose__1984_,1500960,DDA,,audience_items
,US-DDA-PMXLift-Epsilon-GSToyota_705618_v2,1500961,DDA,,audience_items
,US-DDA-PMXLift-Epsilon-GSToyota_705615_v1,1500962,DDA,,audience_items
,US-DDA-PMXLift-Epsilon-GSToyota_705622_v3,1500963,DDA,,audience_items
,US-DDA-PMXLift-Epsilon-GSToyota_705632_v6,1500968,DDA,,audience_items
,US-DDA-PMXLift-Epsilon-GSToyota_705629_v5,1500969,DDA,,audience_items
,US-LR-DM-Acxiom-NaturalOrOrganicFoodDiet,1500985,DDA,,audience_items
,US-LR-DM-Alliant-GardenEnthusiasts,1500987,DDA,,audience_items
,US-LR-DM-Experian-EnvironmentallyGreenConsumers,1500988,DDA,,audience_items
,US-LR-DM-Experian-RefrigeratedLunchShoppers,1500989,DDA,,audience_items
,US-LR-DM-Acxiom-HighProteinDiet,1500990,DDA,,audience_items
,US-DDA-SMB-LAL_smb_lal_20034155_40049586,1501084,DDA,,audience_items
,US-DDA-SMB-LAL_smb_lal_921633_40049585,1501085,DDA,,audience_items
,US-DDA-SMB-LAL_smb_lal_957369_40049590,1501086,DDA,,audience_items
,US-DDA-SMB-LAL_smb_lal_962472_40049609,1501108,DDA,,audience_items
,US-LR-DM-Acxiom-LikelyInMarket_MortgageRefinance,1501127,DDA,,audience_items
,US-DDA-SMB-LAL_smb_lal_20032081_40049348,1501143,DDA,,audience_items
,US-DDA-OAP-EpsilonEPC-Verizon_3q26,1501221,DDA,,audience_items
,US-LR-Direct-Swoop-Amgen_1025526371,1501253,DDA,,audience_items
,US-LR-Direct-Swoop-Amgen_1025526381,1501255,DDA,,audience_items
,US-LR-Direct-Swoop-Amgen_1025526391,1501256,DDA,,audience_items
,US-LR-DM-AnalyticsIQ-Interest_Aviation,1501258,DDA,,audience_items
,US-DDA-PMXLift-Epsilon-GM_705203_v1,1501263,DDA,,audience_items
,US-DDA-PMXLift-Epsilon-GM_705216_v4,1501265,DDA,,audience_items
,US-DDA-PMXLift-Epsilon-GM_705226_v8,1501268,DDA,,audience_items
,BETComicViewRooftopSeriesQ326V1,1501272,DDA,,audience_items
,US-DDA-SMB-LAL_smb_lal_20034262_40049637,1501332,DDA,,audience_items
,US-DDA-SMB-LAL_smb_lal_20033971_40049083,1501333,DDA,,audience_items
,US-DDA-SMB-LAL_smb_lal_20033429_40049653,1501338,DDA,,audience_items
,US-DDA-SMB-LAL_smb_lal_952600_40049603,1501376,DDA,,audience_items
,US-LR-DM-Epsilon-SocialMediaAdInfluencedPurchasers_Likely,1501409,DDA,,audience_items
,US-LR-DM-Experian-HighlyActiveOnlineUsers,1501410,DDA,,audience_items
,US-LR-DM-Experian-FamilyCentered,1501411,DDA,,audience_items
,US-LR-DM-Experian-SocialMediaEnthusiastConsumers,1501412,DDA,,audience_items
,US-LR-DM-Acxiom-AffluentMomsofYoungChildren,1501413,DDA,,audience_items
,US-LR-DM-Experian-MomsWithChildrenAges4to6,1501414,DDA,,audience_items
,US-LR-DM-Epsilon-ChildrensEducationalOnlineShoppers,1501415,DDA,,audience_items
,US-LR-DM-Experian-EducationInterest,1501417,DDA,,audience_items
,US-DDA-SMB-LAL_smb_lal_20034475_40049654,1501420,DDA,,audience_items
,US-DDA-SMB-LAL_smb_lal_20034506_40049671,1501450,DDA,,audience_items
,US-DDA-SMB-LAL_smb_lal_20030462_40049697,1501575,DDA,,audience_items
,US-DDA-SMB-LAL_smb_lal_941589_40049693,1501576,DDA,,audience_items
,US-DDA-SMB-LAL_smb_lal_20033574_40049710,1501591,DDA,,audience_items
,US-DDA-SMB-LAL_smb_lal_20029196_40049667,1501592,DDA,,audience_items
,GL-DDA-1P_50_First_Dates,1501634,DDA,,audience_items
,GL-DDA-1P_HOOK,1501635,DDA,,audience_items
,GL-DDA-1P_Jackass-_The_Movie,1501636,DDA,,audience_items
,GL-DDA-1P_Jackass__The_Movie,1501637,DDA,,audience_items
,US-DDA-SMB-LAL_smb_lal_20034520_40049712,1501666,DDA,,audience_items
,US-DDA-SMB-LAL_smb_lal_20034464_40049619,1501667,DDA,,audience_items
,US-DDA-SMB-LAL_smb_lal_20034252_40049734,1501711,DDA,,audience_items
,US-DDA-SMB-LAL_smb_lal_20034561_40049762,1501719,DDA,,audience_items
,US-LR-DM-Acxiom-NotreDameFan,1501784,DDA,,audience_items
,US-DDA-PMXLift-Epsilon-GM_706565_v1,1501787,DDA,,audience_items
,US-DDA-PMXLift-Epsilon-GM_706579_v4,1501791,DDA,,audience_items
,US-DDA-PMXLift-Epsilon-GM_706685_v8,1501798,DDA,,audience_items
,US-DDA-SMB-LAL_smb_lal_20033423_40049787,1501884,DDA,,audience_items
,US-DDA-SMB-LAL_smb_lal_20033428_40049795,1501998,DDA,,audience_items
,US-DDA-SMB-LAL_smb_lal_924944_40049816,1502010,DDA,,audience_items
,US-DDA-SMB-LAL_smb_lal_20034514_40049773,1502011,DDA,,audience_items
,US-DDA-SMB-LAL_smb_lal_20034511_40049680,1502057,DDA,,audience_items
,GL-DDA-1P_INTL___Prisoner_of_War,1502116,DDA,,audience_items
,US-DDA-SMB-LAL_smb_lal_20032689_40049873,1502207,DDA,,audience_items
,US-DDA-SMB-LAL_smb_lal_928713_40049811,1502208,DDA,,audience_items
,US-DDA-SMB-LAL_smb_lal_926521_40049880,1502580,DDA,,audience_items
,US-DDA-SMB-LAL_smb_lal_20034606_40049813,1502581,DDA,,audience_items
,US-LR-DM-Adstra-LegalServices_LawFirms,1502861,DDA,,audience_items
,US-CR-Direct-Annalect_Wells_Fargo_Transactor,1502870,DDA,,audience_items
,US-CR-Direct-Annalect_Wells_Fargo_SportsFan_Mixer,1502871,DDA,,audience_items
,US-CR-Direct-Annalect_Wells_Fargo_MixerAffluent,1502872,DDA,,audience_items
,US-CR-Direct-Annalect_Wells_Fargo_ShoppingMixer,1502873,DDA,,audience_items
,US-CR-Direct-Annalect_Wells_Fargo_Hotel_Transactor,1502874,DDA,,audience_items
,US-CR-Direct-Annalect_Canva-KWJ,1502876,DDA,,audience_items
,US-LR-DM-Acxiom-LikelyOwnership_ATV,1502878,DDA,,audience_items
,US-LR-DM-Acxiom-VisitTheWesternUnitedStates,1502879,DDA,,audience_items
,US-LR-DM-Acxiom-PurchaseTicket_CountryMusicConcerts,1502880,DDA,,audience_items
,US-LR-DM-Alliant-CountryOutfitterBuyerPropensity,1502881,DDA,,audience_items
,US-LR-DM-Alliant-CountryMusicInterest,1502882,DDA,,audience_items
,US-LR-DM-Alliant-HarleyDavidsonPropensity,1502883,DDA,,audience_items
,US-LR-DM-Epsilon-NationalParksTravelers,1502884,DDA,,audience_items
,US-LR-DM-Acxiom-LikelyActivity_RVVacation,1502885,DDA,,audience_items
,GL-DDA-1P_Country_Christmas_Album,1502886,DDA,,audience_items
,US-LR-DM-Epsilon-RVVacationers,1502887,DDA,,audience_items
,US-LR-DM-Acxiom-WatchSitcomsOnTV,1502888,DDA,,audience_items
,US-LR-Direct-1P-TikTok_19923,1502890,DDA,,audience_items
,US-LR-Direct-Crossix-Boehringer_VC14784,1502898,DDA,,audience_items
,US-LR-Direct-Crossix-Boehringer_VC13622,1502902,DDA,,audience_items
,US-LR-Direct-Crossix-Boehringer_VC14781,1502903,DDA,,audience_items
,US-LR-Direct-Crossix-Syneos-VC14967,1502905,DDA,,audience_items
,US-LR-Direct-Swoop-Opzelura-1024802281,1502906,DDA,,audience_items
,US-LR-DM-Experian-LogoTVNetworkViewers,1502919,DDA,,audience_items
,US-LR-Direct-Swoop-Syneos-1025521601,1502922,DDA,,audience_items
,US-LR-Direct-Swoop-Syneos-1025521591,1502923,DDA,,audience_items
,US-LR-Direct-Swoop-Syneos-1025521581,1502924,DDA,,audience_items
,US-DDA-SMB-LAL_smb_lal_20034652_40049926,1503002,DDA,,audience_items
,US-DDA-SMB-LAL_smb_lal_20034687_40049940,1503042,DDA,,audience_items
,US-DDA-OAP-Crossix-Gilead_YeztugoF2_3q26,1503077,DDA,,audience_items
,US-DDA-OAP-Crossix-Gilead_YeztugoM2_3q26,1503078,DDA,,audience_items
,US-DDA-OAP-Crossix-Gilead_DescovyF2_3q26,1503079,DDA,,audience_items
,GL-DDA-1P_Sarah_Off_The_Grid,1503087,DDA,,audience_items
,US-DDA-SMB-LAL_smb_lal_20034690_40049946,1503088,DDA,,audience_items
,US-DDA-OAP-Crossix-Gilead_DescovyM2_3q26,1503090,DDA,,audience_items
,US-DDA-SMB-LAL_smb_lal_20030964_40049856,1503117,DDA,,audience_items
,US-DDA-SMB-LAL_smb_lal_20034694_40049955,1503118,DDA,,audience_items
,US-DDA-SMB-LAL_smb_lal_963362_40049984,1503121,DDA,,audience_items
,US-LR-Direct-Annalect-USArmy_smartfit_intender,1503169,DDA,,audience_items
,US-LR-Direct-Annalect-USArmy_sidehustlers_skillseekers,1503170,DDA,,audience_items
,US-LR-Direct-Annalect-USArmy_medicine_student_professional,1503171,DDA,,audience_items
,US-LR-Direct-Annalect-USArmy_StudentOfficer_audience,1503172,DDA,,audience_items
,US-LR-Direct-Annalect-USArmy_FitSmart_audiences,1503173,DDA,,audience_items
,GL-DDA-1P_INTL___Off_the_Grid,1503243,DDA,,audience_items
,US-DDA-SMB-LAL_smb_lal_20029006_40050011,1503341,DDA,,audience_items
,US-DDA-SMB-LAL_smb_lal_953858_40050035,1503380,DDA,,audience_items
,AU - DWH - PP - ID - Summit - Content - Two Years Later watchers APAC,1503387,DDA,,audience_items
,AU - DWH - PP - ID - Summit - Content - SkyMed watchers APAC,1503388,DDA,,audience_items
,AU - DWH - PP - ID - Summit - Content - The Gray House watchers APAC,1503389,DDA,,audience_items
,AU - DWH - PP - ID - Summit - Content - Among Us watchers APAC,1503390,DDA,,audience_items
,AU - DWH - PP - ID - Summit - Content - The Running Man (2025) watchers APAC,1503391,DDA,,audience_items
,AU - DWH - PP - ID - Summit - Content - Devotion Obedience or Betrayal watchers APAC,1503392,DDA,,audience_items
,AU - DWH - PP - ID - Summit - Content - The Ultimate Fighter watchers APAC,1503393,DDA,,audience_items
,US-LR-DM-Acxiom-AdultsWithChildrenAges3to5,1503700,DDA,,audience_items
,US-LR-DM-Acxiom-AdultsWithChildrenAges6to10,1503701,DDA,,audience_items
,US-LR-DM-Acxiom-AdultsWithChildrenAges11to15,1503702,DDA,,audience_items
,US-LR-DM-Acxiom-AdultsWithChildrenAges16to17,1503703,DDA,,audience_items
,US-LR-DM-Experian-AtHomeRetiredEmptyNesters,1503704,DDA,,audience_items
,US-LR-DM-Experian-AtHomeRetiredandEmptyNesterHHs,1503705,DDA,,audience_items
,US-LR-DM-Epsilon-CruiseTravelers,1503706,DDA,,audience_items
,US-LR-DM-Epsilon-CruiseVacationers_HighlyLikely,1503707,DDA,,audience_items
,US-LR-DM-Experian-FrequentCruiseTravelers,1503708,DDA,,audience_items
,US-DDA-SMB-LAL_smb_lal_940457_40050082,1503786,DDA,,audience_items
,US-DDA-SMB-LAL_smb_lal_20034818_40050090,1503823,DDA,,audience_items
,US-DDA-SMB-LAL_smb_lal_20034404_40049494,1503824,DDA,,audience_items
,US-DDA-SMB-LAL_smb_lal_20034828_40050107,1504134,DDA,,audience_items
,Age - Pluto TV - Forecasting - 2026 - US - 18-24,1504135,DDA,,audience_items
,Age - Pluto TV - Forecasting - 2026 - EU - 0-17,1504136,DDA,,audience_items
,Age - Pluto TV - Forecasting - 2026 - EU/UK - 18-24,1504137,DDA,,audience_items
,Age - Pluto TV - Forecasting - 2026 - APAC - 18-24,1504138,DDA,,audience_items
,Sky UK - EmailHash - Test - US,1504141,DDA,,audience_items
,Sky UK - EmailHash - Test - EU/UK,1504142,DDA,,audience_items
,Sky UK - EmailHash - Test - APAC,1504143,DDA,,audience_items
,US-DDA-SMB-LAL_smb_lal_20034823_40050096,1504170,DDA,,audience_items
,US-DDA-SMB-LAL_smb_lal_20034821_40050095,1504292,DDA,,audience_items
,GL-DDA-1P_Cross,1504293,DDA,,audience_items
,US-DDA-PMXLift-Epsilon-GSToyota_705626_v4,1504300,DDA,,audience_items
,US-DDA-SMB-LAL_smb_lal_20034851_40050139,1504336,DDA,,audience_items
,US-DDA-SMB-LAL_smb_lal_20031780_40050161,1504337,DDA,,audience_items
,US-DDA-SMB-LAL_smb_lal_20034675_40049924,1504338,DDA,,audience_items
,US-DDA-SMB-LAL_smb_lal_932432_1253941,1504341,DDA,,audience_items
,US-DDA-SMB-LAL_smb_lal_20034523_40049715,1504382,DDA,,audience_items
,US-LR-Direct-1PD-AAA-ActiveGoodStanding_Member_FL,1504399,DDA,,audience_items
,US-LR-Direct-Swoop-TG_1026765781,1504403,DDA,,audience_items
,US-LR-DM-Acxiom-GamingApp_Simulation,1504441,DDA,,audience_items
,US-DDA-SMB-LAL_smb_lal_20034869_40050208,1504474,DDA,,audience_items
,CCTheDailyShowQ326V1,1504492,DDA,,audience_items
,GL-DDA-1P_Transformers,1504537,DDA,,audience_items
,GL-DDA-1P_School_of_Rock,1504538,DDA,,audience_items
,GL-DDA-1P_Special_Ops_True,1504539,DDA,,audience_items
,GL-DDA-1P_Rio_Shore,1504540,DDA,,audience_items
,US-DDA-SMB-LAL_smb_lal_20034869_40050215,1504544,DDA,,audience_items
,US-DDA-SMB-LAL_smb_lal_20033423_40050216,1504545,DDA,,audience_items
,US-DDA-SMB-LAL_smb_lal_20034523_40050245,1504688,DDA,,audience_items
,US-LR-DM-Alliant_SouthParkFans,1504722,DDA,,audience_items
,US-LR-DM-Epsilon-LikelyVodkaBuyer,1504734,DDA,,audience_items
,US-LR-DM-Epsilon-LikelyLiquorBuyer,1504735,DDA,,audience_items
,US-LR-DM-Epsilon-SpicyFood,1504736,DDA,,audience_items
,US-LR-Direct-1PD-CrossScreenMedia_ME_Pers,1504743,DDA,,audience_items
,US-LR-Direct-1PD-CrossScreenMedia_AK_Pers,1504744,DDA,,audience_items
,US-LR-Direct-1PD-CrossScreenMedia_NH_Pers,1504745,DDA,,audience_items
,US-LR-Direct-1PD-CrossScreenMedia_IA_Statewide_Digital_Pers,1504746,DDA,,audience_items
,US-LR-Direct-1PD-CrossScreenMedia_OH_Pers,1504747,DDA,,audience_items
,US-LR-Direct-1PD-CrossScreenMedia_OH_Pers_High_Mid,1504748,DDA,,audience_items
,US-LR-DM-TransUnion-LanguagesSpoken_MostlyEnglish_SomeSpanish,1504749,DDA,,audience_items
,US-LR-DM-TransUnion-LanguagesSpoken_MostlySpanish_SomeEnglish,1504750,DDA,,audience_items
,US-DDA-SMB-LAL_smb_lal_20034904_40050258,1504867,DDA,,audience_items
,US-DDA-SMB-LAL_smb_lal_955212_1275803,1504870,DDA,,audience_items
,US-DDA-1P_The_Rookie,1504871,DDA,,audience_items
,US-DDA-1P_INTL___Untitled_Home_Invasion_Romance,1504872,DDA,,audience_items
,US-DDA-1P_INTL___Hallow_Road,1504873,DDA,,audience_items
,US-DDA-1P_Fatal_First_Dates,1504874,DDA,,audience_items
,US-DDA-1P_Day_of_the_Fight,1504875,DDA,,audience_items
,US-DDA-SMB-LAL_smb_lal_924944_40050273,1504876,DDA,,audience_items
,US-DDA-QRM-SMB_20031475_40050276,1504903,DDA,,audience_items
,US-DDA-SMB-LAL_smb_lal_20031475_40050310,1504904,DDA,,audience_items
,US-DDA-SMB-LAL_smb_lal_956620_40050309,1504905,DDA,,audience_items
,US-DDA-QRM-SMB_20033906_40050298,1504906,DDA,,audience_items
,US-DDA-SMB-LAL_smb_lal_20034887_40050280,1504907,DDA,,audience_items
,US-DDA-1P_Indiana_Jones_And_The_Kingdom_Of_The_Crystal_Skull,1504987,DDA,,audience_items
,US-DDA-SMB-LAL_smb_lal_20034916_40050314,1504988,DDA,,audience_items
,US-DDA-SMB-LAL_smb_lal_20034916_40050315,1504989,DDA,,audience_items
,US-DDA-PMXLift-Epsilon-AAA_709916_v1,1505006,DDA,,audience_items
,US-DDA-PMXLift-Epsilon-AAA_709943_v6,1505007,DDA,,audience_items
,US-DDA-PMXLift-Epsilon-AAA_709951_v7,1505008,DDA,,audience_items
,US-DDA-PMXLift-Epsilon-AAA_709966_v9,1505009,DDA,,audience_items
,US-DDA-PMXLift-Epsilon-AAA_709972_v10,1505010,DDA,,audience_items
,US-LR-DM-Alliant-MultiCarOwner_InMarketforNewCar,1505011,DDA,,audience_items
,US-DDA-PMXLift-Epsilon-AAA_709979_v11,1505012,DDA,,audience_items
,US-LR-DM-TransUnion-ExpectBuyAUsedCarOrLightTruckNext12M,1505013,DDA,,audience_items
,US-LR-DM-Experian-InMarketNewCar,1505014,DDA,,audience_items
,US-DDA-SMB-LAL_smb_lal_959573_40050343,1505059,DDA,,audience_items
,US-DDA-QRM-SMB_20030790_40050333,1505071,DDA,,audience_items
,US-DDA-SMB-LAL_smb_lal_20034309_40050361,1505073,DDA,,audience_items
,US-DDA-OAP-Annalect-ATTCricket_3q26,1505074,DDA,,audience_items
,US-EAE-Direct-Experian-Jaguar_XCJLZXQZPCAT,1505109,DDA,,audience_items
,US-EAE-Direct-Experian-Jaguar_KNSNKJZ8X,1505111,DDA,,audience_items
,US-EAE-Direct-Experian-Jaguar_H2BJSMMSX,1505112,DDA,,audience_items
,US-DDA-PMXLift-Epsilon-Coty_710018_v1,1505138,DDA,,audience_items
,US-DDA-PMXLift-Epsilon-Coty_710021_v2,1505139,DDA,,audience_items
,US-DDA-PMXLift-Epsilon-Coty_710025_v3,1505141,DDA,,audience_items
,US-DDA-PMXLift-Epsilon-Coty_710028_v4,1505151,DDA,,audience_items
,US-LR-Direct-1PD-FP1Strategies_GA_Likely2026Voters,1505177,DDA,,audience_items
,US-LR-Direct-1PD-FP1Strategies_GA_HighPropVoters,1505178,DDA,,audience_items
,US-LR-Direct-1PD-FP1Strategies_GA_MidPropVoters,1505179,DDA,,audience_items
,US-LR-Direct-1PD-FP1Strategies_GA_LowPropVoters,1505180,DDA,,audience_items
,US-LR-Direct-1PD-FP1Strategies_GA_SwingVoters,1505183,DDA,,audience_items
,US-LR-Direct-1PD-FP1Strategies_GA_SoftOssoff,1505184,DDA,,audience_items
,US-LR-Direct-1PD-FP1Strategies_GA_SoftCollins,1505185,DDA,,audience_items
,US-LR-Direct-1PD-FP1Strategies_GA_StrongCollins,1505186,DDA,,audience_items
,US-LR-Direct-1PD-FP1Strategies_GA_CollinsGotv,1505188,DDA,,audience_items
,US-LR-Direct-1PD-FP1Strategies_GA_OssoffGotv,1505189,DDA,,audience_items
,US-LR-Direct-1PD-FP1Strategies_GA_StrongOssoff,1505190,DDA,,audience_items
,US-DDA-SMB-LAL_smb_lal_20034915_40050418,1505258,DDA,,audience_items
,US-DDA-SMB-LAL_smb_lal_923504_40050417,1505259,DDA,,audience_items
,US-DDA-SMB-LAL_smb_lal_20030964_40050423,1505265,DDA,,audience_items
,US-DDA-SMB-LAL_smb_lal_20030964_40050424,1505266,DDA,,audience_items
,US-DDA-SMB-LAL_smb_lal_20030964_40050422,1505267,DDA,,audience_items
,US-DDA-SMB-LAL_smb_lal_20030964_40050425,1505333,DDA,,audience_items
,US-DDA-SMB-LAL_smb_lal_20032010_40049688,1505334,DDA,,audience_items
,US-LR-DM-Epsilon-TransactionalCharitableDonors,1505350,DDA,,audience_items
,US-DDA-SMB-LAL_smb_lal_20030964_40050427,1505353,DDA,,audience_items
,US-LR-Direct-Crossix-TG_VC14932,1505535,DDA,,audience_items
,US-DDA-SMB-LAL_smb_lal_963362_40050430,1505563,DDA,,audience_items
,US-DDA-SMB-LAL_smb_lal_20030964_40050426,1505564,DDA,,audience_items
,US-DDA-SMB-LAL_smb_lal_20030966_40050433,1505603,DDA,,audience_items
,US-DDA-SMB-LAL_smb_lal_20030966_40050434,1505604,DDA,,audience_items
,US-DDA-SMB-LAL_smb_lal_20030966_40050432,1505605,DDA,,audience_items
,US-EAE-Direct-Experian-MilanMarketing-HomeValue500k,1505739,DDA,,audience_items
,US-CR-Direct-Annalect-HomeDepot-Home_Services,1505824,DDA,,audience_items
,US-CR-Direct-Annalect_Boehringer_RecentDog,1505825,DDA,,audience_items
,AU - LR - Client - ID - Peak - Custom - IPG - RAMPIDINIPERNODRICARDT1PROGRESSIVEMINDS,1505873,DDA,,audience_items
,US-LR-Direct-Annalect-Volkswagen_ProductOffer_omni,1505988,DDA,,audience_items
,US-DDA-SMB-LAL_smb_lal_20034697_40050420,1506000,DDA,,audience_items
,US-DDA-SMB-LAL_smb_lal_968978_40050538,1506001,DDA,,audience_items
,US-DDA-SMB-LAL_smb_lal_929088_40050523,1506002,DDA,,audience_items
,US-DDA-PMXLift-Epsilon-BlueDiamondGrowers_709477_v1,1506003,DDA,,audience_items
,US-DDA-PMXLift-Epsilon-BlueDiamondGrowers_709480_v2,1506004,DDA,,audience_items
,US-DDA-PMXLift-Epsilon-BlueDiamondGrowers_709539_v3,1506005,DDA,,audience_items
,US-DDA-PMXLift-Epsilon-BlueDiamondGrowers_709483_v4,1506006,DDA,,audience_items
,US-DDA-PMXLift-Epsilon-BlueDiamondGrowers_709486_v5,1506007,DDA,,audience_items
,US-DDA-PMXLift-Epsilon-Abbott_Applepie_710417_V6,1506022,DDA,,audience_items
,US-DDA-PMXLift-Epsilon-Abbott_Applepie_710422_V7,1506023,DDA,,audience_items
,US-DDA-SMB-LAL_smb_lal_20033229_40050557,1506078,DDA,,audience_items
,US-DDA-SMB-LAL_smb_lal_20035061_40050553,1506079,DDA,,audience_items
,US-DDA-SMB-LAL_smb_lal_20028766_40050559,1506088,DDA,,audience_items
,US-DDA-SMB-LAL_smb_lal_924091_40049974,1506089,DDA,,audience_items
,US-DDA-SMB-LAL_smb_lal_20034916_40050571,1506101,DDA,,audience_items
,APAC-DDA-1P_Romance_au,1506148,DDA,,audience_items
,APAC-DDA-1P_Entertainment_au,1506149,DDA,,audience_items
,APAC-DDA-1P_Drama_au,1506150,DDA,,audience_items
,APAC-DDA-1P_Fashion___Style_au,1506151,DDA,,audience_items
,APAC-DDA-1P_Horror_au,1506152,DDA,,audience_items
,APAC-DDA-1P_News___Politics_au,1506153,DDA,,audience_items
,APAC-DDA-1P_Talk_au,1506154,DDA,,audience_items
,APAC-DDA-1P_Animation_au,1506155,DDA,,audience_items
,APAC-DDA-1P_Religion___Spirtuality_au,1506156,DDA,,audience_items
,APAC-DDA-1P_Sports_au,1506157,DDA,,audience_items
,APAC-DDA-1P_Crime_au,1506158,DDA,,audience_items
,APAC-DDA-1P_Holiday_au,1506159,DDA,,audience_items
,APAC-DDA-1P_Action___Adventure_au,1506160,DDA,,audience_items
,APAC-DDA-1P_Children___Family_au,1506161,DDA,,audience_items
,APAC-DDA-1P_Home___Garden_au,1506162,DDA,,audience_items
,APAC-DDA-1P_Hobbies___Interests_au,1506163,DDA,,audience_items
,APAC-DDA-1P_Educational___Documentary_au,1506164,DDA,,audience_items
,APAC-DDA-1P_Comedy_au,1506165,DDA,,audience_items
,APAC-DDA-1P_Thriller___Suspense_au,1506166,DDA,,audience_items
,APAC-DDA-1P_Music_Video_au,1506167,DDA,,audience_items
,APAC-DDA-1P_Reality___Gameshow_au,1506168,DDA,,audience_items
,APAC-DDA-1P_Sci-Fi___Fantasy_au,1506169,DDA,,audience_items
,US-LR-1PD-CRHD_Exclusion_AllModels_0to24Mo,1506192,DDA,,audience_items
,US-LR-1PD-WDCH_Exclusion_AllModels_0to24Mo,1506193,DDA,,audience_items
,US-LR-1PD-HDOC_Exclusion_AllModels_0to24Mo,1506194,DDA,,audience_items
,US-LR-1PD-OH_Brown_Base_20260630,1506195,DDA,,audience_items
,US-LR-Direct-1P-KEH_Exclusion_AllModelOwners_0to24Mo,1506207,DDA,,audience_items
,US-LR-Direct-1P-NEH_Exclusion_AllModelOwners_0to24Mo,1506208,DDA,,audience_items
,US-DDA-SMB-LAL_smb_lal_20034887_40050602,1506211,DDA,,audience_items
,US-DDA-1P_Harlan_Coben_s_Final_Twist,1506212,DDA,,audience_items
,EU/UK-DDA-1P_Horror_eu,1506214,DDA,,audience_items
,EU/UK-DDA-1P_Musical_eu,1506213,DDA,,audience_items
,EU/UK-DDA-1P_Drama_eu,1506215,DDA,,audience_items
,EU/UK-DDA-1P_Sci-Fi___Fantasy_eu,1506216,DDA,,audience_items
,EU/UK-DDA-1P_Hobbies___Interests_eu,1506217,DDA,,audience_items
,EU/UK-DDA-1P_Reality___Gameshow_eu,1506218,DDA,,audience_items
,EU/UK-DDA-1P_Educational___Documentary_eu,1506219,DDA,,audience_items
,EU/UK-DDA-1P_Adult_eu,1506220,DDA,,audience_items
,US-DDA-1P_Avatar_Aang__The_Last_Airbender,1506221,DDA,,audience_items
,EU/UK-DDA-1P_Action___Adventure_eu,1506222,DDA,,audience_items
,EU/UK-DDA-1P_Music_Video_eu,1506223,DDA,,audience_items
,US-DDA-1P_INTL___Avatar_Aang__The_Last_Airbender,1506224,DDA,,audience_items
,EU/UK-DDA-1P_Crime_eu,1506225,DDA,,audience_items
,US-DDA-1P_Jane_the_Virgin,1506226,DDA,,audience_items
,EU/UK-DDA-1P_Animation_eu,1506228,DDA,,audience_items
,US-DDA-1P_INTL___Solo_Mio,1506227,DDA,,audience_items
,EU/UK-DDA-1P_Entertainment_eu,1506229,DDA,,audience_items
,EU/UK-DDA-1P_News___Politics_eu,1506230,DDA,,audience_items
,EU/UK-DDA-1P_Thriller___Suspense_eu,1506231,DDA,,audience_items
,EU/UK-DDA-1P_Religion___Spirtuality_eu,1506232,DDA,,audience_items
,EU/UK-DDA-1P_Sports_eu,1506233,DDA,,audience_items
,EU/UK-DDA-1P_Comedy_eu,1506234,DDA,,audience_items
,EU/UK-DDA-1P_Children___Family_eu,1506235,DDA,,audience_items
,EU/UK-DDA-1P_Talk_eu,1506236,DDA,,audience_items
,EU/UK-DDA-1P_Latino_eu,1506237,DDA,,audience_items
,EU/UK-DDA-1P_Do_not_Enter_eu,1506238,DDA,,audience_items
,EU/UK-DDA-1P_Holiday_eu,1506239,DDA,,audience_items
,EU/UK-DDA-1P_Home___Garden_eu,1506240,DDA,,audience_items
,US-DDA-1P_INTL___The_Last_Rodeo,1506241,DDA,,audience_items
,EU/UK-DDA-1P_Classic___Cult_Classic_eu,1506243,DDA,,audience_items
,EU/UK-DDA-1P_Romance_eu,1506242,DDA,,audience_items
,US-DDA-SMB-LAL_smb_lal_20035097_40050607,1506298,DDA,,audience_items
,US-DDA-SMB-LAL_smb_lal_20034652_40050631,1506308,DDA,,audience_items
,US-DDA-SMB-LAL_smb_lal_911003_40050648,1506314,DDA,,audience_items
,US-DDA-SMB-LAL_smb_lal_20035135_40050664,1506316,DDA,,audience_items
,US-DDA-SMB-LAL_smb_lal_20034715_40050665,1506318,DDA,,audience_items
,US-DDA-SMB-LAL_smb_lal_20035146_40050672,1506319,DDA,,audience_items
,BETAllTheQueensMenQ326V1,1506357,DDA,,audience_items
,US-DDA-Direct-Retarget-Lioness_SFU_August2026,1506364,DDA,,audience_items
,US-DDA-SMB-LAL_smb_lal_20030964_40050701,1506438,DDA,,audience_items
,US-DDA-SMB-LAL_smb_lal_20030964_40050698,1506439,DDA,,audience_items
,US-DDA-SMB-LAL_smb_lal_20030964_40050703,1506440,DDA,,audience_items
,US-DDA-QRM-SMB_20030964_40050711,1506441,DDA,,audience_items
,US-DDA-QRM-SMB_20030966_40050732,1506442,DDA,,audience_items
,US-DDA-SMB-LAL_smb_lal_20030964_40050707,1506468,DDA,,audience_items
,US-DDA-SMB-LAL_smb_lal_20030964_40050708,1506469,DDA,,audience_items
,US-DDA-SMB-LAL_smb_lal_20030964_40050709,1506470,DDA,,audience_items
,US-DDA-SMB-LAL_smb_lal_20030964_40050710,1506471,DDA,,audience_items
,US-DDA-Direct-Retarget-LionessSFU,1506498,DDA,,audience_items
,US-DDA-SMB-LAL_smb_lal_20030964_40050705,1506499,DDA,,audience_items
,US-DDA-SMB-LAL_smb_lal_20030964_40050714,1506500,DDA,,audience_items
,US-DDA-OAP-VikingCruises_3Q26,1506511,DDA,,audience_items
,US-DDA-SMB-LAL_smb_lal_20031835_40050404,1506520,DDA,,audience_items
,US-DDA-SMB-LAL_smb_lal_20030966_40050724,1506553,DDA,,audience_items
,US-DDA-SMB-LAL_smb_lal_20030966_40050730,1506554,DDA,,audience_items
,US-DDA-SMB-LAL_smb_lal_20030966_40050729,1506555,DDA,,audience_items
,US-DDA-SMB-LAL_smb_lal_20030966_40050731,1506556,DDA,,audience_items
,US-DDA-SMB-LAL_smb_lal_20030966_40050727,1506557,DDA,,audience_items
,US-DDA-QRM-SMB_20032081_40050758,1506561,DDA,,audience_items
,US-DDA-QRM-SMB_20034645_40049852,1506562,DDA,,audience_items
,US-DDA-SMB-LAL_smb_lal_20030964_40050706,1506563,DDA,,audience_items
,US-DDA-SMB-LAL_smb_lal_20035191_40050751,1506564,DDA,,audience_items
,US-DDA-1P_Dana_White_s_Contender_Series,1506565,DDA,,audience_items
,US-DDA-SMB-LAL_smb_lal_20030966_40050725,1506566,DDA,,audience_items
,US-DDA-1P_Burn_Notice,1506567,DDA,,audience_items
,US-DDA-1P_Mazatlan_Shore,1506568,DDA,,audience_items
,US-DDA-1P_Alias,1506569,DDA,,audience_items
,US-DDA-1P_Scream_7,1506570,DDA,,audience_items
,US-DDA-SMB-LAL_smb_lal_20030966_40050728,1506571,DDA,,audience_items
,US-DDA-SMB-LAL_smb_lal_20030966_40050726,1506572,DDA,,audience_items
,US-DDA-SMB-LAL_smb_lal_923779_40050755,1506578,DDA,,audience_items
,US-LR-Direct-1PD-CrossScreenMedia_Detroit_DMA_LowPropGOP,1506663,DDA,,audience_items
,US-LR-Direct-1PD-CrossScreenMedia_Detroit_DMA_MI_SEN_DetroitDMA,1506664,DDA,,audience_items
,US-LR-DM-Bridge-EmploymentStatus_Served_In_Military,1506665,DDA,,audience_items
,US-LR-DM-Alliant-Military_NationalGuard,1506666,DDA,,audience_items
,US-LR-DM-Alliant-MilitaryFamilies,1506667,DDA,,audience_items
,US-DDA-1P_Casa_Bonita_Mi_Amor_,1506674,DDA,,audience_items
,US-DDA-1P_I_Love_You_Man,1506675,DDA,,audience_items
,US-DDA-1P_Argentina_Liga_Profesional_de_Futbol,1506676,DDA,,audience_items
,US-DDA-1P_South_Park-_Bigger_Longer___Uncut,1506677,DDA,,audience_items
,US-DDA-1P_You_Don_t_Know_Where_I_m_From_Dawg,1506678,DDA,,audience_items
,US-DDA-1P_South_Park__Bigger_Longer___Uncut,1506679,DDA,,audience_items
,US-DDA-1P_De_Ferias_Com_o_Ex_Brasil,1506680,DDA,,audience_items
,US-DDA-1P_The_Gangster_The_Cop_The_Devil,1506681,DDA,,audience_items
,US-DDA-1P_The_Honey_Trap__A_True_Story_of_Love_Lies_and_the_FBI,1506682,DDA,,audience_items
,US-DDA-1P_America_s_Funniest_Home_Videos,1506683,DDA,,audience_items
,US-LR-Direct-1P-BAHD_Exclusion_AllModelOwners_0to24Mo,1506684,DDA,,audience_items
,US-DDA-SMB-LAL_smb_lal_20035205_40050783,1506702,DDA,,audience_items
,US-DDA-SMB-LAL_smb_lal_966389_40050780,1506713,DDA,,audience_items
,US-DDA-SMB-LAL_smb_lal_20031929_40050824,1506714,DDA,,audience_items
,US-LR-DM-MRI-HomeDecor_Lampshades,1506847,DDA,,audience_items
,US-DDA-PMXLift-Epsilon-Optimum_710687_v1,1506851,DDA,,audience_items
,US-DDA-PMXLift-Epsilon-Optimum_710696_v3,1506856,DDA,,audience_items
,US-DDA-PMXLift-Epsilon-Optimum_710699_v4,1506859,DDA,,audience_items
,US-DDA-PMXLift-Epsilon-Optimum_710674_v1,1507013,DDA,,audience_items
,US-DDA-PMXLift-Epsilon-Optimum_710679_v3,1507014,DDA,,audience_items
,US-DDA-PMXLift-Epsilon-Optimum_710683_v4,1507015,DDA,,audience_items
,US-LR-Direct-EPC-McDonalds_ValuePurchasers_2026_LAL,1507048,DDA,,audience_items
,US-LR-Direct-EPC-McDonalds_MealDealPurchasers_2026_LAL,1507049,DDA,,audience_items
,US-LR-Direct-EPC-McDonalds_BevCSDPurchasers_2026_LAL,1507050,DDA,,audience_items
,US-LR-Direct-EPC-McDonalds_BeefPurchasers_2026_LAL,1507051,DDA,,audience_items
,US-LR-Direct-EPC-McDonalds_BevMcCafePurchasers_2026_LAL,1507054,DDA,,audience_items
,US-LR-Direct-EPC-McDonalds_BreakfastBevPurchasers_2026_LAL,1507055,DDA,,audience_items
,US-LR-Direct-EPC-McDonalds_BreakfastSandwichPurchasers_2026_LAL,1507056,DDA,,audience_items
,US-LR-Direct-EPC-McDonalds_ChickenPurchasers_2026_LAL,1507057,DDA,,audience_items
,US-LR-Direct-EPC-McDonalds_ChickenSandwichPurchasers_2026_LAL,1507058,DDA,,audience_items
,US-LR-Direct-EPC-McDonalds_DeliveryUsers_2026_LAL,1507059,DDA,,audience_items
,US-LR-Direct-EPC-McDonalds_DessertPurchaser_2026_LAL,1507060,DDA,,audience_items
,US-LR-Direct-EPC-McDonalds_FishPurchasers_2026_LAL,1507061,DDA,,audience_items
,US-LR-Direct-EPC-McDonalds_RODBevPurchaser_2026_LAL,1507062,DDA,,audience_items
,US-LR-Direct-EPC-McDonalds_HighFreqVisitorsMcFans_2026_LAL,1507063,DDA,,audience_items
,US-LR-Direct-EPC-McDonalds_HappyMealPurchaser_2026_LAL,1507064,DDA,,audience_items
,US-LR-Direct-EPC-McDonalds_ExistingUser_2026_LAL,1507066,DDA,,audience_items
,US-LR-Direct-EPC-McDonalds_McRibPurchasers_2026_LAL,1507067,DDA,,audience_items
,US-LR-Direct-EPC-McDonalds_MOPHeavyAppUsers_2026_LAL,1507068,DDA,,audience_items
,US-LR-Direct-EPC-McDonalds_DigitalDealUser_2026_LAL,1507069,DDA,,audience_items
,US-LR-Direct-EPC-McDonalds_EVMPurchaser_2026_LAL,1507070,DDA,,audience_items
,US-LR-Direct-EPC-McDonalds_SnackWrapsPurchaser_2026_LAL,1507071,DDA,,audience_items
,US-DDA-SMB-LAL_smb_lal_20034408_40049575,1507072,DDA,,audience_items
,US-DDA-SMB-LAL_smb_lal_20034645_40049852,1507089,DDA,,audience_items
,US-DDA-QRM-SMB_948666_40050844,1507118,DDA,,audience_items
,US-DDA-QRM-SMB_20034645_40050850,1507117,DDA,,audience_items
,US-DDA-SMB-LAL_smb_lal_20033428_40050866,1507119,DDA,,audience_items
,US-DDA-SMB-LAL_smb_lal_944368_40050867,1507120,DDA,,audience_items
,US-DDA-SMB-LAL_smb_lal_20034244_40050872,1507146,DDA,,audience_items
,US-DDA-SMB-LAL_smb_lal_946240_40050873,1507223,DDA,,audience_items
,US-DDA-SMB-LAL_smb_lal_911003_40050878,1507283,DDA,,audience_items
,US-DDA-QRM-SMB_20031475_40050875,1507284,DDA,,audience_items
,US-DDA-SMB-LAL_smb_lal_20031475_40050874,1507285,DDA,,audience_items
,US-DDA-SMB-LAL_smb_lal_20033429_40050877,1507287,DDA,,audience_items
,US-DDA-SMB-LAL_smb_lal_20033574_40050896,1507288,DDA,,audience_items
,US-DDA-SMB-LAL_smb_lal_946683_40050895,1507289,DDA,,audience_items
,US-DDA-1P_Average_Joe,1507321,DDA,,audience_items
,EU/UK-DDA-1P_Michael_Palin_in_Nigeria_eu,1507322,DDA,,audience_items
,EU/UK-DDA-1P_The_Yorkshire_Vet_eu,1507323,DDA,,audience_items
,EU/UK-DDA-1P_The_Feud_eu,1507324,DDA,,audience_items
,EU/UK-DDA-1P_All_Creatures_Great_and_Small_eu,1507325,DDA,,audience_items
,EU/UK-DDA-1P_Michael_Palin_in_Venezuela_eu,1507326,DDA,,audience_items
,EU/UK-DDA-1P_Little_Disasters_eu,1507328,DDA,,audience_items
,EU/UK-DDA-1P_22_Kids___Counting_eu,1507327,DDA,,audience_items
,EU/UK-DDA-1P_Number_One_Fan_eu,1507329,DDA,,audience_items
,EU/UK-DDA-1P_Riptide_eu,1507330,DDA,,audience_items
,EU/UK-DDA-1P_Lie_With_Me_eu,1507331,DDA,,audience_items
,EU/UK-DDA-1P_The_Yorkshire_Vet__At_Home_with_the_Greens_eu,1507332,DDA,,audience_items
,EU/UK-DDA-1P_Michael_Palin__Into_Iraq_eu,1507333,DDA,,audience_items
,EU/UK-DDA-1P_Missed_Call_eu,1507334,DDA,,audience_items
,EU/UK-DDA-1P_Play_for_Today_eu,1507335,DDA,,audience_items
,EU/UK-DDA-1P_The_Fortune_eu,1507336,DDA,,audience_items
,EU/UK-DDA-1P_Tour_de_France_2026_eu,1507337,DDA,,audience_items
,EU/UK-DDA-1P_GLBT_eu,1507338,DDA,,audience_items
,EU/UK-DDA-1P_The_Game_eu,1507339,DDA,,audience_items
,US-DDA-QRM-SMB_20035202_40050776,1507340,DDA,,audience_items
,US-DDA-SMB-LAL_smb_lal_20033182_40050902,1507341,DDA,,audience_items
,US-LR-DM-Acxiom-CookingInterest,1507351,DDA,,audience_items
,US-LR-DM-Acxiom-NFLFootballGameWatcher,1507352,DDA,,audience_items
,US-LR-DM-Acxiom-WatchNFLFootballonTV,1507353,DDA,,audience_items
,US-LR-DM-Acxiom-NBABasketballGameWatcher,1507354,DDA,,audience_items
,US-LR-DM-Experian-NBATVBasketballFans,1507355,DDA,,audience_items
,US-LR-DM-Acxiom-NCAAMensBasketball,1507356,DDA,,audience_items
,US-LR-DM-Experian-CollegeBasketballEnthusiast,1507357,DDA,,audience_items
,US-LR-DM-Acxiom-Golf_TheMastersTournamentFans,1507358,DDA,,audience_items
,US-LR-DM-Acxiom-WatchGolfTournamentsonTV,1507359,DDA,,audience_items
,US-LR-DM-Alliant-GolfFansPropensity,1507360,DDA,,audience_items
,US-LR-DM-Alliant-NASCARFansPropensity,1507361,DDA,,audience_items
,US-LR-DM-Epsilon-NASCAREnthusiasts,1507363,DDA,,audience_items
,US-LR-DM-Acxiom-HighValueFans_WNBA,1507364,DDA,,audience_items
,US-LR-DM-Experian-WNBAFanAudiences,1507365,DDA,,audience_items
,US-LR-1P-Crossix-VC09633,1507432,DDA,,audience_items
,US-DDA-SMB-LAL_smb_lal_20033191_40050926,1507537,DDA,,audience_items
,US-DDA-SMB-LAL_smb_lal_968978_40050925,1507538,DDA,,audience_items
,US-LR-DM-Acxiom-Fanof_ColoradoRockies,1507590,DDA,,audience_items
,US-LR-DM-Acxiom-Fanof_DenverNuggets,1507591,DDA,,audience_items
,US-LR-DM-Acxiom-Fanof_ColoradoAvalanche,1507594,DDA,,audience_items
,US-LR-DM-Alliant-Fanof_DenverBroncos,1507595,DDA,,audience_items
,US-LR-DM-Acxiom-AttendAMovie,1507604,DDA,,audience_items
,US-LR-DM-Acxiom-CookAHolidayMeal,1507605,DDA,,audience_items
,APAC-DDA-1P_INTL___Avatar_Aang__The_Last_Airbender_au,1507607,DDA,,audience_items
,US-DDA-SMB-LAL_smb_lal_20035231_40050832,1507608,DDA,,audience_items
,US-LR-Direct-1PD-CrossScreenMedia_DetroitDMA_08042026,1507611,DDA,,audience_items
,US-LR-Direct-1PD-PoliticalCross-Abbott-ExclDems-Tyler,1507612,DDA,,audience_items
,US-LR-Direct-1PD-PoliticalCross-Abbott-ExclDems-Beaumont,1507613,DDA,,audience_items
,US-LR-Direct-1PD-PoliticalCross-Abbott-Excl-HeavyTV-Lubbock,1507614,DDA,,audience_items
,US-LR-Direct-1PD-PoliticalCross-Abbott-Excl-HeavyTV-Houston,1507615,DDA,,audience_items
,US-LR-Direct-1PD-PoliticalCross-Abbott-Excl-HeavyTV-SanAntonio,1507616,DDA,,audience_items
,US-LR-Direct-1PD-PoliticalCross-Abbott-Excl-HeavyTV-Austin,1507617,DDA,,audience_items
,US-LR-Direct-1PD-PoliticalCross-Abbott-Excl-HeavyTV-Midland,1507618,DDA,,audience_items
,US-LR-Direct-1PD-PoliticalCross-Abbott-Excl-HeavyTV-Amarillo,1507619,DDA,,audience_items
,US-LR-Direct-1PD-PoliticalCross-Abbott-26G-Persuasion_07222026,1507620,DDA,,audience_items
,US-LR-Direct-1PD-PoliticalCross-Abbott-26G-TurnoutAudience_07222026,1507621,DDA,,audience_items
,US-LR-Direct-1PD-PoliticalCross-Abbott-TurnoutAudience_07232026,1507622,DDA,,audience_items
,US-LR-Direct-1PD-PoliticalCross-Abbott-PersuasionAudience_07232026,1507623,DDA,,audience_items
,US-LR-Direct-1PD-PoliticalCross-Abbott-TurnoutAudience_07282026,1507624,DDA,,audience_items
,US-LR-Direct-1PD-PoliticalCross-Abbott-PersuasionAudience_07282026,1507625,DDA,,audience_items
,US-DDA-OAP-Epsilon-Costar_Apt_Renters_3Q26,1507631,DDA,,audience_items
,EU/UK-DDA-1P_INTL___The_Man_in_the_White_Van_eu,1507646,DDA,,audience_items
,EU/UK-DDA-1P_INTL___Avatar_Aang__The_Last_Airbender_eu,1507647,DDA,,audience_items
,US-DDA-1P_Norbit,1507663,DDA,,audience_items
,US-DDA-1P_Fever_Pitch_-_The_Rise_of_the_Premier_League,1507664,DDA,,audience_items
,US-DDA-1P_Star_Trek-_Deep_Space_Nine,1507665,DDA,,audience_items
,US-DDA-1P_Just_Go_With_It,1507666,DDA,,audience_items
,US-DDA-1P_NCAA_on_CBS,1507667,DDA,,audience_items
,US-DDA-1P_Texas_6,1507668,DDA,,audience_items
,US-DDA-1P_Love___Basketball,1507669,DDA,,audience_items
,US-DDA-1P_Ace_Ventura__Pet_Detective,1507670,DDA,,audience_items
,US-LR-Direct-1PD-PoliticalCross-Abbott-Excl-HeavyTV-Waco,1507723,DDA,,audience_items
,APAC-DDA-1P_Dalliance_au,1507773,DDA,,audience_items
,US-DDA-SMB-LAL_smb_lal_20034902_40050551,1507855,DDA,,audience_items
,US-DDA-SMB-LAL_smb_lal_20035259_40050948,1507856,DDA,,audience_items
,EU/UK-DDA-1P_Dogs_Behaving_Very_Badly_eu,1507857,DDA,,audience_items
,EU/UK-DDA-1P_Rich_House_Poor_House_eu,1507858,DDA,,audience_items
,EU/UK-DDA-1P_The_Highland_Vet_eu,1507859,DDA,,audience_items
,US-DDA-SMB-LAL_smb_lal_20035258_40050947,1507860,DDA,,audience_items
,US-DDA-SMB-LAL_smb_lal_948173_40050997,1507861,DDA,,audience_items
,US-DDA-SMB-LAL_smb_lal_20035143_40050717,1507862,DDA,,audience_items
,US-LR-Direct-1PD-PoliticalFP1_AAN_NV03_Digital_20260721,1507864,DDA,,audience_items
,US-LR-Direct-1PD-PoliticalFP1_AAN_FL14_Digital_20260721,1507865,DDA,,audience_items
,US-LR-Direct-1PD-PoliticalFP1_AAN_FL25_Digital_20260721,1507866,DDA,,audience_items
,US-LR-Direct-1PD-PoliticalFP1_AAN_PA01_Digital_20260721,1507867,DDA,,audience_items
,US-LR-Direct-1PD-PoliticalFP1_AAN_NJ07_Digital_20260721,1507868,DDA,,audience_items
,US-LR-Direct-1PD-PoliticalFP1_AAN_TX15_Digital_20260721,1507869,DDA,,audience_items
,US-LR-Direct-1PD-PoliticalFP1_AAN_AKAL_Digital_20260721,1507870,DDA,,audience_items
,US-LR-Direct-1PD-PoliticalFP1_AAN_NY03_Digital_20260721,1507871,DDA,,audience_items
,US-DDA-1P_Resolutions,1507913,DDA,,audience_items
,US-DDA-SMB-LAL_smb_lal_20032423_40051009,1507929,DDA,,audience_items
,US-DDA-SMB-LAL_smb_lal_924944_40051022,1507930,DDA,,audience_items
,US-DDA-SMB-LAL_smb_lal_20035247_40051011,1507931,DDA,,audience_items
,US-DDA-SMB-LAL_smb_lal_917310_40051019,1507932,DDA,,audience_items
,US-DDA-PMXLift-Epsilon-Coty_712835_v1,1507989,DDA,,audience_items
,US-DDA-PMXLift-Epsilon-Coty_712838_v2,1507990,DDA,,audience_items
,US-DDA-PMXLift-Epsilon-Coty_712842_v3,1507991,DDA,,audience_items
,US-DDA-PMXLift-Epsilon-Coty_712846_v4,1507992,DDA,,audience_items
,US-DDA-PMXLift-Epsilon-Coty_712850_v5,1507993,DDA,,audience_items
,US-DDA-PMXLift-Epsilon-Coty_712853_v6,1507994,DDA,,audience_items
,US-DDA-PMXLift-Epsilon-Coty_712855_v7,1507995,DDA,,audience_items
,US-LR-Direct-1PD-Honda_CHD_Exclusion_AllModels_0to24Mo,1507996,DDA,,audience_items
,US-DDA-PMXLift-Epsilon-Abbvie_712471_v1,1508006,DDA,,audience_items
,US-DDA-PMXLift-Epsilon-Abbvie_712766_v21,1508007,DDA,,audience_items
,US-DDA-PMXLift-Epsilon-Abbvie_712767_v22,1508008,DDA,,audience_items
,US-DDA-PMXLift-Epsilon-Abbvie_712770_v23,1508009,DDA,,audience_items
,US-DDA-PMXLift-Epsilon-Swarovski-v1,1508010,DDA,,audience_items
,US-DDA-PMXLift-Epsilon-Swarovski-v2,1508012,DDA,,audience_items
,US-DDA-PMXLift-Epsilon-Swarovski-v3,1508013,DDA,,audience_items
,US-DDA-PMXLift-Epsilon-Swarovski-v6,1508015,DDA,,audience_items
,US-DDA-PMXLift-Epsilon-Swarovski-v11,1508016,DDA,,audience_items
,US-DDA-PMXLift-Epsilon-Swarovski-v12,1508017,DDA,,audience_items
,US-LR-Direct-Crossix-Biogen_VC15845,1508053,DDA,,audience_items
,US-LR-DM-Foursquare-CommunityColleges,1508068,DDA,,audience_items
,US-LR-DM-Epsilon-BabyBoomerYoung-At-HeartHouseholds,1508069,DDA,,audience_items
,US-CR-Direct-Annalect-HomeDepot_ProExisting_3Q26,1508070,DDA,,audience_items
,EU/UK-DDA-1P_The_Teacher_eu,1508075,DDA,,audience_items
,EU/UK-DDA-1P_Law___Order__Criminal_Intent_eu,1508076,DDA,,audience_items
,EU/UK-DDA-1P_Accused__Guilty_or_Innocent__eu,1508077,DDA,,audience_items
,EU/UK-DDA-1P_Ellis_eu,1508078,DDA,,audience_items
,US-LR-DM-Experian-Retired,1508085,DDA,,audience_items
,US-DDA-1P_Harlem_Nights,1508093,DDA,,audience_items
,US-DDA-SMB-LAL_smb_lal_950001_40051034,1508094,DDA,,audience_items
,US-DDA-1P_Ted,1508095,DDA,,audience_items
,US-DDA-1P_Mars_Attacks_,1508096,DDA,,audience_items
,US-DDA-SMB-LAL_smb_lal_925862_40051043,1508097,DDA,,audience_items
,US-DDA-SMB-LAL_smb_lal_20035267_40050962,1508114,DDA,,audience_items
,US-DDA-SMB-LAL_smb_lal_20035289_40051068,1508115,DDA,,audience_items
,US-DDA-SMB-LAL_smb_lal_20035289_40051039,1508116,DDA,,audience_items
,US-DDA-SMB-LAL_smb_lal_20035289_40051067,1508117,DDA,,audience_items
,US-DDA-SMB-LAL_smb_lal_20035289_40051042,1508118,DDA,,audience_items
,US-DDA-SMB-LAL_smb_lal_956198_40051072,1508119,DDA,,audience_items
,US-DDA-SMB-LAL_smb_lal_959387_40051074,1508120,DDA,,audience_items
,US-LR-Direct-Crossix-Abbvie_VC15731,1508153,DDA,,audience_items
,US-LR-DM-AnalyticsIQ_LGBTQ_LifestyleAllies,1508157,DDA,,audience_items
,US-DDA-PMXLift-Epsilon-GulfStatesToyota-v1,1508162,DDA,,audience_items
,US-DDA-PMXLift-Epsilon-GulfStatesToyota-v2,1508163,DDA,,audience_items
,US-DDA-PMXLift-Epsilon-GulfStatesToyota-v3,1508164,DDA,,audience_items
,US-DDA-PMXLift-Epsilon-GulfStatesToyota-v4,1508165,DDA,,audience_items
,US-DDA-PMXLift-Epsilon-GulfStatesToyota-v5,1508166,DDA,,audience_items
,US-DDA-PMXLift-Epsilon-GulfStatesToyota-v6,1508167,DDA,,audience_items
,US-LR-Direct-1PD-PBS_DramaDabblerAd-DrivenMystery,1508212,DDA,,audience_items
,US-LR-Direct-1PD-PBS_DramaDabblerSocialStreamersMystery,1508213,DDA,,audience_items
,US-LR-Direct-1PD-PBS_PassportCrimeMysteryEnthusiasts,1508214,DDA,,audience_items
,EU/UK-DDA-1P_The_Hardacres_eu,1508232,DDA,,audience_items
,EU/UK-DDA-1P_Keeping_Faith_eu,1508233,DDA,,audience_items
,US-DDA-SMB-LAL_smb_lal_20035103_40051092,1508274,DDA,,audience_items
,US-DDA-SMB-LAL_smb_lal_20035313_40051105,1508275,DDA,,audience_items
,US-DDA-SMB-LAL_smb_lal_923516_40051118,1508276,DDA,,audience_items
,US-DDA-SMB-LAL_smb_lal_20032689_40051115,1508293,DDA,,audience_items
,EU/UK-DDA-1P_Boris_Johnson__Into_Ukraine_s_Kill_Zone_eu,1508300,DDA,,audience_items
,EU/UK-DDA-1P_INTL___Redux_Redux_eu,1508301,DDA,,audience_items
,EU/UK-DDA-1P_Paradise_Hotel_eu,1508302,DDA,,audience_items
,US-DDA-1P_INTL___The_Moonies__Married_to_the_Cult,1508310,DDA,,audience_items
,US-DDA-1P_Wardriver,1508311,DDA,,audience_items
,US-DDA-1P_INTL___Giant,1508312,DDA,,audience_items
,US-DDA-SMB-LAL_smb_lal_20031475_40051128,1508313,DDA,,audience_items
,US-DDA-SMB-LAL_smb_lal_20035325_40051133,1508314,DDA,,audience_items
,US-DDA-SMB-LAL_smb_lal_925862_40051143,1508328,DDA,,audience_items
,US-DDA-SMB-LAL_smb_lal_20035340_40051147,1508327,DDA,,audience_items
,US-DDA-SMB-LAL_smb_lal_20035337_40051145,1508329,DDA,,audience_items
,US-LR-DM-Acxiom_QSR_Subway,1508366,DDA,,audience_items
,US-DDA-QRM-SMB_948666_40051160,1508486,DDA,,audience_items
,US-DDA-SMB-LAL_smb_lal_20034652_40051187,1508487,DDA,,audience_items
,US-LR-DM-Acxiom-AdultEducationClasses,1508570,DDA,,audience_items
,US-LR-DM-Experian-MomsWithOlderTeensAge16-18,1508571,DDA,,audience_items
,US-LR-DM-Alliant-DallasCowboys,1508616,DDA,,audience_items
,US-DDA-1P_First_Lady_of_BMF__The_Tonesa_Welch_Story,1508621,DDA,,audience_items
,US-DDA-1P_Hello,1508622,DDA,,audience_items
,US-DDA-1P_Love_Marry_Kill,1508623,DDA,,audience_items
,US-DDA-1P_Deadly_Entanglement,1508624,DDA,,audience_items
,US-DDA-1P_One_Night_Stay,1508625,DDA,,audience_items
,US-DDA-1P_Wake,1508626,DDA,,audience_items
,US-DDA-1P_2026_BET_Awards,1508627,DDA,,audience_items
,US-DDA-1P_Game_of_Deceit,1508628,DDA,,audience_items
,US-DDA-1P_Faking_It,1508629,DDA,,audience_items
,US-DDA-1P_Lethal_Legacy,1508630,DDA,,audience_items
,US-DDA-1P_Bad_Teacher,1508631,DDA,,audience_items
,US-DDA-1P_Ruined,1508632,DDA,,audience_items
,US-LR-DM-MRI-OutdoorEnthusiast-HunterandFisher,1508640,DDA,,audience_items
,US-LR-DM-MRI-OutdoorEnthusiast-Speedster,1508641,DDA,,audience_items
,US-LR-DM-MRI-OutdoorEnthusiast-OutdoorAdventurer,1508642,DDA,,audience_items
,US-LR-DM-AudienceAcuity-PoliticalNewsJunkies,1508671,DDA,,audience_items
,US-LR-DM-Dstillery-TechNewsEnthusiasts,1508672,DDA,,audience_items
,US-LR-DM-Adstra-Political_Causes,1508673,DDA,,audience_items
,US-DDA-SMB-LAL_smb_lal_929805_40051208,1508721,DDA,,audience_items
,US-DDA-QRM-SMB_20034418_40051226,1508722,DDA,,audience_items
,US-DDA-QRM-SMB_20030966_40051222,1508723,DDA,,audience_items
,US-DDA-SMB-LAL_smb_lal_20034474_40051156,1508724,DDA,,audience_items
,US-DDA-SMB-LAL_smb_lal_20033194_40049181,1508731,DDA,,audience_items
,US-DDA-QRM-SMB_933690_40039829,1508758,DDA,,audience_items
,US-DDA-Direct-Acxiom-Age_2254,1508796,DDA,,audience_items
,US-DDA-EAE-Experian-Age_2254,1508797,DDA,,audience_items
,US-DDA-PMXLift-Epsilon-Abbvie_714981_v1,1508805,DDA,,audience_items
,US-DDA-PMXLift-Epsilon-Abbvie_714984_v2,1508810,DDA,,audience_items
,US-DDA-PMXLift-Epsilon-Abbvie_715012_v10,1508812,DDA,,audience_items
,US-DDA-PMXLift-Epsilon-Abbvie_715089_v1,1508820,DDA,,audience_items
,US-DDA-PMXLift-Epsilon-Abbvie_715092_v2,1508824,DDA,,audience_items
,US-DDA-PMXLift-Epsilon-Abbvie_715236_v8,1508827,DDA,,audience_items
,US-DDA-PMXLift-Epsilon-Abbvie_715119_v14,1508829,DDA,,audience_items
,US-DDA-PMXLift-Epsilon-Abbvie_714722_v1,1508840,DDA,,audience_items
,US-DDA-PMXLift-Epsilon-Abbvie_714724_v2,1508841,DDA,,audience_items
,US-DDA-PMXLift-Epsilon-Abbvie_714743_v8,1508842,DDA,,audience_items
,US-DDA-PMXLift-Epsilon-Duluth_715622_v1,1508847,DDA,,audience_items
,US-DDA-PMXLift-Epsilon-Duluth_715625_v2,1508848,DDA,,audience_items
,US-DDA-PMXLift-Epsilon-Duluth_715634_v3,1508849,DDA,,audience_items
,US-CR-Direct-Annalect-HomeDepot_Spring_Delivery_v2,1508850,DDA,,audience_items
,US-CR-Direct-Annalect-HomeDepot_LaborDay_v1,1508851,DDA,,audience_items
,US-DDA-PMXLift-Epsilon-Duluth_715638_v4,1508852,DDA,,audience_items
,US-CR-Direct-Annalect-HomeDepot_LaborDay_v2,1508853,DDA,,audience_items
,US-DDA-PMXLift-Epsilon-Duluth_715646_v5,1508854,DDA,,audience_items
,US-DDA-PMXLift-Epsilon-GulfStatesToyota-TrucksT30-v1,1508855,DDA,,audience_items
,US-DDA-PMXLift-Epsilon-GulfStatesToyota-TrucksT30-v2,1508866,DDA,,audience_items
,US-DDA-PMXLift-Epsilon-GulfStatesToyota-TrucksT30-v3,1508867,DDA,,audience_items
,US-DDA-PMXLift-Epsilon-GulfStatesToyota-TrucksT30-v4,1508868,DDA,,audience_items
,US-DDA-PMXLift-Epsilon-GulfStatesToyota-TrucksT30-v5,1508869,DDA,,audience_items
,US-DDA-PMXLift-Epsilon-GulfStatesToyota-TrucksT30-v6,1508870,DDA,,audience_items
,US-DDA-PMXLift-Epsilon-GulfStatesToyota-TrucksT10-v1,1508871,DDA,,audience_items
,US-DDA-PMXLift-Epsilon-GulfStatesToyota-TrucksT10-v3,1508872,DDA,,audience_items
,US-DDA-PMXLift-Epsilon-GulfStatesToyota-TrucksT10-v4,1508873,DDA,,audience_items
,US-DDA-PMXLift-Epsilon-GulfStatesToyota-TrucksT10-v5,1508874,DDA,,audience_items
,US-DDA-PMXLift-Epsilon-GulfStatesToyota-TrucksT10-v6,1508875,DDA,,audience_items
,US-DDA-PMXLift-Epsilon-GulfStatesToyota-TrucksT10-v13,1508876,DDA,,audience_items
,US-DDA-OAP-Acxiom-NewBalance_4Q26,1508877,DDA,,audience_items
,US-DDA-PMXLift-Epsilon-GulfStatesToyota-Trucks-v1,1508878,DDA,,audience_items
,US-DDA-PMXLift-Epsilon-GulfStatesToyota-Trucks-v2,1508883,DDA,,audience_items
,US-DDA-PMXLift-Epsilon-GulfStatesToyota-Trucks-v3,1508884,DDA,,audience_items
,US-DDA-PMXLift-Epsilon-GulfStatesToyota-Trucks-v4,1508885,DDA,,audience_items
,US-DDA-PMXLift-Epsilon-GulfStatesToyota-Trucks-v5,1508886,DDA,,audience_items
,US-DDA-PMXLift-Epsilon-GulfStatesToyota-Trucks-v6,1508887,DDA,,audience_items
,US-LR-DM-Epsilon-AirbnbVrboHosts,1508897,DDA,,audience_items
,US-LR-DM-Windfall-RentalPropertyOwner,1508898,DDA,,audience_items
,US-DDA-SMB-LAL_smb_lal_925862_40051272,1508929,DDA,,audience_items
,US-DDA-SMB-LAL_smb_lal_20035404_40051293,1508997,DDA,,audience_items
,US-DDA-PMXLift-Epsilon-GSK_715889_v1,1509134,DDA,,audience_items
,US-DDA-PMXLift-Epsilon-GSK_715894_v2,1509135,DDA,,audience_items
,US-DDA-PMXLift-Epsilon-GSK_715896_v3,1509136,DDA,,audience_items
,US-DDA-PMXLift-Epsilon-GSK_715904_v5,1509137,DDA,,audience_items
,US-DDA-PMXLift-Epsilon-GSK_715907_v6,1509138,DDA,,audience_items
,US-DDA-PMXLift-Epsilon-GSK_715909_v7,1509139,DDA,,audience_items
,US-DDA-PMXLift-Epsilon-GSK_715912_v8,1509140,DDA,,audience_items
,US-DDA-PMXLift-Epsilon-GSK_715915_v9,1509141,DDA,,audience_items
,US-DDA-PMXLift-Epsilon-GSK_715861_v1,1509142,DDA,,audience_items
,US-DDA-PMXLift-Epsilon-GSK_715864_v2,1509144,DDA,,audience_items
,US-DDA-PMXLift-Epsilon-GSK_715868_v3,1509148,DDA,,audience_items
,US-DDA-PMXLift-Epsilon-GSK_715875_v5,1509149,DDA,,audience_items
,US-DDA-PMXLift-Epsilon-GSK_715877_v6,1509150,DDA,,audience_items
,US-DDA-PMXLift-Epsilon-GSK_715882_v7,1509151,DDA,,audience_items
,US-DDA-PMXLift-Epsilon-GSK_715884_v8,1509152,DDA,,audience_items
,US-DDA-PMXLift-Epsilon-GSK_715888_v9,1509153,DDA,,audience_items
,US-LR-Direct-Crossix-Abbvie_VC15707,1509158,DDA,,audience_items
,US-DDA-1P_Outlaw_Posse,1509160,DDA,,audience_items
,US-DDA-1P_The_Impossible,1509161,DDA,,audience_items
,US-DDA-1P_The_Mask_Of_Zorro,1509162,DDA,,audience_items
,US-LR-Direct-Crossix-Abbvie_VC15828,1509163,DDA,,audience_items
,US-LR-Direct-Swoop-Abbvie_1028799651,1509164,DDA,,audience_items
,US-LR-Direct-ABCS-JerseyMikes_1027785401,1509166,DDA,,audience_items
,US-LR-Direct-ABCS-JerseyMikes_1027782141,1509168,DDA,,audience_items
,US-LR-Direct-ABCS-JerseyMikes_1027782151,1509170,DDA,,audience_items
,US-LR-Direct-ABCS-JerseyMikes_1027785411,1509171,DDA,,audience_items
,AU - DWH - Samba TV - Geo - Peak - Viewing - Custom - Slater & Gordon Brand Underexposed APAC,1509242,DDA,,audience_items
,AU - DWH - ABS - Geo - Peak - Custom - Agricultural Forestry and Fishing Occupation APAC,1509249,DDA,,audience_items
,US-DDA-SMB-LAL_smb_lal_20034423_40051336,1509277,DDA,,audience_items
,US-DDA-SMB-LAL_smb_lal_20033423_40051320,1509278,DDA,,audience_items
,US-DDA-SMB-LAL_smb_lal_20034447_40051315,1509279,DDA,,audience_items
,US-DDA-PMXLift-Epsilon-Abbvie_714765_v14,1509314,DDA,,audience_items
,US-LR-DM-Experian-InterestPropensity_GraduateSchool,1509315,DDA,,audience_items
,US-LR-DM-Dstillery-Interest-OnlineEducation,1509316,DDA,,audience_items
