region,kids,advertiser_id,advertiser_name,brand_id,brand_name
AU,0,1222262,VCBS - Australia - Adult (Promo),318714,10 Late News (Promo) (AU)
AU,0,1222262,VCBS - Australia - Adult (Promo),329781,10 News First (Promo) (AU)
AU,0,1222262,VCBS - Australia - Adult (Promo),332568,10 News+ (Promo) (AU)
AU,0,1222262,VCBS - Australia - Adult (Promo),307972,100 Days to Indy (Promo) (AU)
AU,0,1222262,VCBS - Australia - Adult (Promo),318691,10Play (Promo) (AU)
AU,0,1222262,VCBS - Australia - Adult (Promo),330695,10Play Movies (Promo) (AU)
AU,0,1222262,VCBS - Australia - Adult (Promo),311983,1883 (Promo) (AU)
AU,0,1222262,VCBS - Australia - Adult (Promo),313069,1923 (Promo) (AU)
AU,0,1222262,VCBS - Australia - Adult (Promo),326554,A Quiet Place: Day One (Promo) (AU)
AU,0,1222262,VCBS - Australia - Adult (Promo),318708,A-Leagues (Promo) (AU)
AU,0,1222262,VCBS - Australia - Adult (Promo),325722,AACTA Awards (Promo) (AU)
AU,0,1222262,VCBS - Australia - Adult (Promo),340210,ARIA Awards (Promo) (AU)
AU,0,1222262,VCBS - Australia - Adult (Promo),327842,Airborne (Promo) (AU)
AU,0,1222262,VCBS - Australia - Adult (Promo),330657,Airport 24/7 (Promo) (AU)
AU,0,1222262,VCBS - Australia - Adult (Promo),350619,Among Us (Promo) (AU)
AU,0,1222262,VCBS - Australia - Adult (Promo),311482,Ark: The Animated Series (Promo) (AU)
AU,0,1222262,VCBS - Australia - Adult (Promo),341993,Attenborough's Parenthood (Promo) (USA)
AU,0,1222262,VCBS - Australia - Adult (Promo),318072,Aussie Shore (Promo) (AU)
AU,0,1222262,VCBS - Australia - Adult (Promo),312305,Australian Football (Promo) (AU)
AU,0,1222262,VCBS - Australia - Adult (Promo),352462,Avatar Aang: The Last Airbender (Promo) (AU)
AU,0,1222262,VCBS - Australia - Adult (Promo),276004,Baby Shark's Big Movie (Promo) (AU)
AU,0,1222262,VCBS - Australia - Adult (Promo),334727,Big Brother Australia (Promo) (AU)
AU,0,1222262,VCBS - Australia - Adult (Promo),351075,Billie Eilish Hit Me Hard and Soft: The Tour (Promo) (AU)
AU,0,1222262,VCBS - Australia - Adult (Promo),341877,Boston Blue (Promo) (AU)
AU,0,1222262,VCBS - Australia - Adult (Promo),334662,Broadchurch (Promo) (AU)
AU,0,1222262,VCBS - Australia - Adult (Promo),333893,Buzzfeed (Promo) (AU)
AU,0,1222262,VCBS - Australia - Adult (Promo),272738,CBS News (Promo) (AU)
AU,0,1222262,VCBS - Australia - Adult (Promo),345002,CIA (Promo) (AU)
AU,0,1222262,VCBS - Australia - Adult (Promo),318706,CSI: Vegas (Promo) (AU)
AU,0,1222262,VCBS - Australia - Adult (Promo),323580,Celebrity Deal or No Deal (Promo) (AU)
AU,0,1222262,VCBS - Australia - Adult (Promo),313688,Celebrity Ex on the Beach (Promo) (AU)
AU,0,1222262,VCBS - Australia - Adult (Promo),333894,Charmed (Promo) (AU)
AU,0,1222262,VCBS - Australia - Adult (Promo),325887,Coppa Italia (Promo) (AU)
AU,0,1222262,VCBS - Australia - Adult (Promo),343494,Crime Time (Promo) (AU)
AU,0,1222262,VCBS - Australia - Adult (Promo),339441,Crutch (Promo) (AU)
AU,0,1222262,VCBS - Australia - Adult (Promo),340025,Curfew (Promo) (AU)
AU,0,1222262,VCBS - Australia - Adult (Promo),350075,Dallas Cowboys Cheerleaders: Making the Team (Promo) (AU)
AU,0,1222262,VCBS - Australia - Adult (Promo),352518,Dalliance (Promo) (AU)
AU,0,1222262,VCBS - Australia - Adult (Promo),341291,Damages (Promo) (AU)
AU,0,1222262,VCBS - Australia - Adult (Promo),317346,Dating Naked: UK (Promo) (AU)
AU,0,1222262,VCBS - Australia - Adult (Promo),319169,Deal or No Deal (Promo) (AU)
AU,0,1222262,VCBS - Australia - Adult (Promo),323579,Deal or No Deal Island (Promo) (AU)
AU,0,1222262,VCBS - Australia - Adult (Promo),324131,Dear Santa (Promo) (AU)
AU,0,1222262,VCBS - Australia - Adult (Promo),318713,Dessert Masters (Promo) (AU)
AU,0,1222262,VCBS - Australia - Adult (Promo),350920,Devotion: Obedience Or Betrayal (Promo) (AU)
AU,0,1222262,VCBS - Australia - Adult (Promo),323723,Dexter: Original Sin (Promo) (AU)
AU,0,1222262,VCBS - Australia - Adult (Promo),333245,Dexter: Resurrection (Promo) (AU)
AU,0,1222262,VCBS - Australia - Adult (Promo),313066,Dicks: The Musical (Promo) (AU)
AU,0,1222262,VCBS - Australia - Adult (Promo),322394,Dog House: Australia (Promo) (AU)
AU,0,1222262,VCBS - Australia - Adult (Promo),337788,Dog House: UK (Promo) (AU)
AU,0,1222262,VCBS - Australia - Adult (Promo),334786,Dogs Behaving Very Badly (Promo) (AU)
AU,0,1222262,VCBS - Australia - Adult (Promo),309952,Dora (Promo) (AU)
AU,0,1222262,VCBS - Australia - Adult (Promo),276002,Dungeons & Dragons (Promo) (AU)
AU,0,1222262,VCBS - Australia - Adult (Promo),346912,Dutton Ranch (Promo) (AU)
AU,0,1222262,VCBS - Australia - Adult (Promo),313696,Elsbeth (Promo) (AU)
AU,0,1222262,VCBS - Australia - Adult (Promo),309956,FA Cup (Promo) (AU)
AU,0,1222262,VCBS - Australia - Adult (Promo),338959,FBI (Promo) (AU)
AU,0,1222262,VCBS - Australia - Adult (Promo),313238,Fake (Promo) (AU)
AU,0,1222262,VCBS - Australia - Adult (Promo),311937,Ferrari (Promo) (AU)
AU,0,1222262,VCBS - Australia - Adult (Promo),307970,Fire Country (Promo) (AU)
AU,0,1222262,VCBS - Australia - Adult (Promo),336140,Football: Saudi Pro League (Promo) (AU)
AU,0,1222262,VCBS - Australia - Adult (Promo),272646,Frasier (Promo) (AU)
AU,0,1222262,VCBS - Australia - Adult (Promo),323278,General Hospital (Promo) (AU)
AU,0,1222262,VCBS - Australia - Adult (Promo),309953,Gentleman in Moscow (Promo) (AU)
AU,0,1222262,VCBS - Australia - Adult (Promo),311941,Geordie Shore (Promo) (AU)
AU,0,1222262,VCBS - Australia - Adult (Promo),340400,Geordie Stories: Charlotte Mam of Two (Promo) (AU)
AU,0,1222262,VCBS - Australia - Adult (Promo),327345,Geordie Stories: Charlotte's New Baby (Promo) (AU)
AU,0,1222262,VCBS - Australia - Adult (Promo),317353,Ghosts (Promo) (AU)
AU,0,1222262,VCBS - Australia - Adult (Promo),339437,Ghosts Australia (Promo) (AU)
AU,0,1222262,VCBS - Australia - Adult (Promo),342597,Girl Taken (Promo) (AU)
AU,0,1222262,VCBS - Australia - Adult (Promo),332502,Gladiator II (Promo) (AU)
AU,0,1222262,VCBS - Australia - Adult (Promo),319170,Gogglebox (Promo) (AU)
AU,0,1222262,VCBS - Australia - Adult (Promo),345685,Gold Wars Downunder (Promo) (AU)
AU,0,1222262,VCBS - Australia - Adult (Promo),333586,Gordon Ramsay's Secret Service (Promo) (AU)
AU,0,1222262,VCBS - Australia - Adult (Promo),335069,Hahn Australia Cup (Promo) (AU)
AU,0,1222262,VCBS - Australia - Adult (Promo),277609,Halo (Promo) (AU)
AU,0,1222262,VCBS - Australia - Adult (Promo),327837,Happy Face (Promo) (AU)
AU,0,1222262,VCBS - Australia - Adult (Promo),322839,Harry And Megan: The Rise And Fall (Promo) (AU)
AU,0,1222262,VCBS - Australia - Adult (Promo),346237,Hate The Player (Promo) (AU)
AU,0,1222262,VCBS - Australia - Adult (Promo),319173,Have You Been Paying Attention? (Promo) (AU)
AU,0,1222262,VCBS - Australia - Adult (Promo),329784,House Hunters Australia (Promo) (AU)
AU,0,1222262,VCBS - Australia - Adult (Promo),322120,I'm a Celebrity... Get me Out of Here (Promo) (AU)
AU,0,1222262,VCBS - Australia - Adult (Promo),324490,IF (Promo) (AU)
AU,0,1222262,VCBS - Australia - Adult (Promo),341594,Imposter (Promo) (AU)
AU,0,1222262,VCBS - Australia - Adult (Promo),341733,Jamie's Cook Ahead Christmas (Promo) (AU)
AU,0,1222262,VCBS - Australia - Adult (Promo),322390,Jamie's Fast and Simple Meals (Promo) (AU)
AU,0,1222262,VCBS - Australia - Adult (Promo),344873,Jamie: Eat Yourself Healthy (Promo) (AU)
AU,0,1222262,VCBS - Australia - Adult (Promo),331103,Jersey Shore Family Vacation (Promo) (AU)
AU,0,1222262,VCBS - Australia - Adult (Promo),342302,Jimmy Carr's Am I The A******? (Promo) (AU)
AU,0,1222262,VCBS - Australia - Adult (Promo),322385,Just for Laughs (Promo) (AU)
AU,0,1222262,VCBS - Australia - Adult (Promo),350632,Kate & The Queen: A Special Relationship (Promo) (AU)
AU,0,1222262,VCBS - Australia - Adult (Promo),346236,Kate: A Queen For The Future (Promo) (AU)
AU,0,1222262,VCBS - Australia - Adult (Promo),332499,Kid's Choice Awards (Promo) (AU)
AU,0,1222262,VCBS - Australia - Adult (Promo),307971,Knuckles (Promo) (AU)
AU,0,1222262,VCBS - Australia - Adult (Promo),342596,Kung Fu Panda (Promo) (AU)
AU,0,1222262,VCBS - Australia - Adult (Promo),322618,Landman (Promo) (AU)
AU,0,1222262,VCBS - Australia - Adult (Promo),313697,Last King of the Cross (Promo) (AU)
AU,0,1222262,VCBS - Australia - Adult (Promo),348587,Law & Order: SVU (Promo) (AU)
AU,0,1222262,VCBS - Australia - Adult (Promo),272647,Lawmen: Bass Reeves (Promo) (AU)
AU,0,1222262,VCBS - Australia - Adult (Promo),313067,Let the Canary Sing (Promo) (AU)
AU,0,1222262,VCBS - Australia - Adult (Promo),334672,Life On Mars (Promo) (AU)
AU,0,1222262,VCBS - Australia - Adult (Promo),318712,Lingo (Promo) (AU)
AU,0,1222262,VCBS - Australia - Adult (Promo),313068,Lolla: The Story of Lollapalooza (Promo) (AU)
AU,0,1222262,VCBS - Australia - Adult (Promo),325581,Love It Or List It (Promo) (AU)
AU,0,1222262,VCBS - Australia - Adult (Promo),322838,Luca (Promo) (AU)
AU,0,1222262,VCBS - Australia - Adult (Promo),349260,M.I.A. (Promo) (AU)
AU,0,1222262,VCBS - Australia - Adult (Promo),316546,MTV Video Music Awards (Promo) (AU)
AU,0,1222262,VCBS - Australia - Adult (Promo),323277,Mariah Carey: Merry Christmas (Promo) (AU)
AU,0,1222262,VCBS - Australia - Adult (Promo),318697,MasterChef (Promo) (AU)
AU,0,1222262,VCBS - Australia - Adult (Promo),328270,MasterChef Sell (Promo) (AU)
AU,0,1222262,VCBS - Australia - Adult (Promo),333547,MasterChef USA (Promo) (AU)
AU,0,1222262,VCBS - Australia - Adult (Promo),318707,Matlock (Promo) (AU)
AU,0,1222262,VCBS - Australia - Adult (Promo),313495,Mayor of Kingstown (Promo) (AU)
AU,0,1222262,VCBS - Australia - Adult (Promo),317397,Mean Girls (Promo) (AU)
AU,0,1222262,VCBS - Australia - Adult (Promo),346615,Melbourne International Comedy Festival (Promo) (AU)
AU,0,1222262,VCBS - Australia - Adult (Promo),350449,Milli Vanilli (Promo) (AU)
AU,0,1222262,VCBS - Australia - Adult (Promo),341519,Millionaire Hot Seat (Promo) (AU)
AU,0,1222262,VCBS - Australia - Adult (Promo),310704,Mission Impossible (Promo) (AU)
AU,0,1222262,VCBS - Australia - Adult (Promo),343801,Mission: Impossible - The Final Reckoning (Promo) (AU)
AU,0,1222262,VCBS - Australia - Adult (Promo),327765,MobLand (Promo) (AU)
AU,0,1222262,VCBS - Australia - Adult (Promo),318709,MotoGP (Promo) (AU)
AU,0,1222262,VCBS - Australia - Adult (Promo),327275,Motorsport: Australian F1 Grand Prix (Promo) (AU)
AU,0,1222262,VCBS - Australia - Adult (Promo),326954,Motorsport: Race Of Champions (Promo) (AU)
AU,0,1222262,VCBS - Australia - Adult (Promo),335524,Murdertown (Promo) (AU)
AU,0,1222262,VCBS - Australia - Adult (Promo),313644,NCIS (Promo) (AU)
AU,0,1222262,VCBS - Australia - Adult (Promo),272819,NCIS: Sydney (Promo) (AU)
AU,0,1222262,VCBS - Australia - Adult (Promo),335997,NCIS: Tony & Ziva (Promo) (AU)
AU,0,1222262,VCBS - Australia - Adult (Promo),319171,National Basketball League (Promo) (AU)
AU,0,1222262,VCBS - Australia - Adult (Promo),323884,Neighbours (Promo) (AU)
AU,0,1222262,VCBS - Australia - Adult (Promo),341816,Novocaine (Promo) (AU)
AU,0,1222262,VCBS - Australia - Adult (Promo),333895,Numb3rs (Promo) (AU)
AU,0,1222262,VCBS - Australia - Adult (Promo),337957,Ozzy: No Escape from Now (Promo) (AU)
AU,0,1222262,VCBS - Australia - Adult (Promo),276003,Paper Dolls (Promo) (AU)
AU,0,1222262,VCBS - Australia - Adult (Promo),272645,Paramount + (Promo) (AU)
AU,0,1222262,VCBS - Australia - Adult (Promo),351658,Passenger (Promo) (AU)
AU,0,1222262,VCBS - Australia - Adult (Promo),334227,Playing Gracie Darling (Promo) (AU)
AU,0,1222262,VCBS - Australia - Adult (Promo),344919,Primate (Promo) (AU)
AU,0,1222262,VCBS - Australia - Adult (Promo),346332,Race Across The World (Promo) (AU)
AU,0,1222262,VCBS - Australia - Adult (Promo),341936,Regretting You (Promo) (AU)
AU,0,1222262,VCBS - Australia - Adult (Promo),341283,Rematch (Promo) (AU)
AU,0,1222262,VCBS - Australia - Adult (Promo),335525,River (Promo) (AU)
AU,0,1222262,VCBS - Australia - Adult (Promo),322393,Rock Island Mysteries (Promo) (AU)
AU,0,1222262,VCBS - Australia - Adult (Promo),344250,Rookie Blue (Promo) (AU)
AU,0,1222262,VCBS - Australia - Adult (Promo),326242,Sam Pang Tonight (Promo) (AU)
AU,0,1222262,VCBS - Australia - Adult (Promo),318690,Sandra (Promo) (AU)
AU,0,1222262,VCBS - Australia - Adult (Promo),352284,Scary Movie (Promo) (AU)
AU,0,1222262,VCBS - Australia - Adult (Promo),325691,School Spirits (Promo) (AU)
AU,0,1222262,VCBS - Australia - Adult (Promo),327344,Scottish Cup 2025 (Promo) (AU)
AU,0,1222262,VCBS - Australia - Adult (Promo),347087,Scream 7 (Promo) (AU)
AU,0,1222262,VCBS - Australia - Adult (Promo),317343,Seal Team (Promo) (AU)
AU,0,1222262,VCBS - Australia - Adult (Promo),325547,Section 31 (Promo) (AU)
AU,0,1222262,VCBS - Australia - Adult (Promo),334009,Selling Houses Australia (Promo) (AU)
AU,0,1222262,VCBS - Australia - Adult (Promo),352621,Shameless (Promo) (AU)
AU,0,1222262,VCBS - Australia - Adult (Promo),318711,Shark Tank: Australia (Promo) (AU)
AU,0,1222262,VCBS - Australia - Adult (Promo),341824,Sheriff Country (Promo) (AU)
AU,0,1222262,VCBS - Australia - Adult (Promo),330318,SkyMed (Promo) (AU)
AU,0,1222262,VCBS - Australia - Adult (Promo),327689,Socceroos (Promo) (AU)
AU,0,1222262,VCBS - Australia - Adult (Promo),334678,Sonic the Hedgehog 3 (Promo) (AU)
AU,0,1222262,VCBS - Australia - Adult (Promo),317391,South Park (Promo) (AU)
AU,0,1222262,VCBS - Australia - Adult (Promo),272818,South Park: Joining the Pandaverse (Promo) (AU)
AU,0,1222262,VCBS - Australia - Adult (Promo),311942,South Park: The End of Obesity (Promo) (AU)
AU,0,1222262,VCBS - Australia - Adult (Promo),313653,Special Ops: Lioness (Promo) (AU)
AU,0,1222262,VCBS - Australia - Adult (Promo),314239,Spongebob (Promo) (AU)
AU,0,1222262,VCBS - Australia - Adult (Promo),349701,Sports Tonight (Promo) (AU)
AU,0,1222262,VCBS - Australia - Adult (Promo),335186,Stans (Promo) (AU)
AU,0,1222262,VCBS - Australia - Adult (Promo),310160,Star Trek: Discovery (Promo) (AU)
AU,0,1222262,VCBS - Australia - Adult (Promo),342592,Star Trek: Starfleet Academy (Promo) (AU)
AU,0,1222262,VCBS - Australia - Adult (Promo),333623,Star Trek: Strange New Worlds (Promo) (AU)
AU,0,1222262,VCBS - Australia - Adult (Promo),338500,Super Sport Weekend (Promo) (AU)
AU,0,1222262,VCBS - Australia - Adult (Promo),323886,Survivor (Promo) (AU)
AU,0,1222262,VCBS - Australia - Adult (Promo),325580,Survivor Sell (Promo) (AU)
AU,0,1222262,VCBS - Australia - Adult (Promo),311988,TMNT: Mutant Meyham (Promo) (AU)
AU,0,1222262,VCBS - Australia - Adult (Promo),316635,Tales of the of TMNT (Promo) (AU)
AU,0,1222262,VCBS - Australia - Adult (Promo),335022,Talkin' 'Bout Your Generation (Promo) (UK)
AU,0,1222262,VCBS - Australia - Adult (Promo),318692,Taskmaster (Promo) (AU)
AU,0,1222262,VCBS - Australia - Adult (Promo),327177,Taskmaster Sell (Promo) (AU)
AU,0,1222262,VCBS - Australia - Adult (Promo),329626,Teen Mom UK (Promo) (AU)
AU,0,1222262,VCBS - Australia - Adult (Promo),326385,Teen Mom: The Next Chapter (Promo) (AU)
AU,0,1222262,VCBS - Australia - Adult (Promo),318695,Thank God You're Here (Promo) (AU)
AU,0,1222262,VCBS - Australia - Adult (Promo),322691,The Agency (Promo) (AU)
AU,0,1222262,VCBS - Australia - Adult (Promo),318693,The Amazing Race (Promo) (AU)
AU,0,1222262,VCBS - Australia - Adult (Promo),334785,The Brighter Side (Promo) (AU)
AU,0,1222262,VCBS - Australia - Adult (Promo),333845,The Brokenwood Mysteries (Promo) (AU)
AU,0,1222262,VCBS - Australia - Adult (Promo),319174,The Cheap Seats (Promo) (AU)
AU,0,1222262,VCBS - Australia - Adult (Promo),347235,The Claudia Winkleman Show (Promo) (AU)
AU,0,1222262,VCBS - Australia - Adult (Promo),330138,The Cuckoo (Promo) (AU)
AU,0,1222262,VCBS - Australia - Adult (Promo),323470,The Ex-Wife (Promo) (AU)
AU,0,1222262,VCBS - Australia - Adult (Promo),307973,The Family Stallone (Promo) (AU)
AU,0,1222262,VCBS - Australia - Adult (Promo),344314,The Finish Line (Promo) (AU)
AU,0,1222262,VCBS - Australia - Adult (Promo),332412,The Gilded Age (Promo) (AU)
AU,0,1222262,VCBS - Australia - Adult (Promo),323885,The Golden Globe Awards (Promo) (AU)
AU,0,1222262,VCBS - Australia - Adult (Promo),349909,The Good Doctor (Promo) (AU)
AU,0,1222262,VCBS - Australia - Adult (Promo),322840,The Graham Norton Show (Promo) (AU)
AU,0,1222262,VCBS - Australia - Adult (Promo),348958,The Gray House (Promo) (AU)
AU,0,1222262,VCBS - Australia - Adult (Promo),339222,The Greatest (Promo) (AU)
AU,0,1222262,VCBS - Australia - Adult (Promo),346614,The Greatest Reality TV Moments (Promo) (AU)
AU,0,1222262,VCBS - Australia - Adult (Promo),277610,The Guilded Age (Promo) (AU)
AU,0,1222262,VCBS - Australia - Adult (Promo),334838,The Holdovers (Promo) (AU)
AU,0,1222262,VCBS - Australia - Adult (Promo),316642,The Inspired Unemployed (Impractical) Jokers (Promo) (AU)
AU,0,1222262,VCBS - Australia - Adult (Promo),332950,The Kim Kardashian Diamond Heist (Promo) (AU)
AU,0,1222262,VCBS - Australia - Adult (Promo),329679,The List (Promo) (AU)
AU,0,1222262,VCBS - Australia - Adult (Promo),332715,The Logies (Promo) (AU)
AU,0,1222262,VCBS - Australia - Adult (Promo),344496,The Madison (Promo) (AU)
AU,0,1222262,VCBS - Australia - Adult (Promo),337728,The Naked Gun (Promo) (AU)
AU,0,1222262,VCBS - Australia - Adult (Promo),338681,The Neighborhood (Promo) (AU)
AU,0,1222262,VCBS - Australia - Adult (Promo),335452,The Office Australia (Promo) (AU)
AU,0,1222262,VCBS - Australia - Adult (Promo),318710,The Project (Promo) (AU)
AU,0,1222262,VCBS - Australia - Adult (Promo),324133,The Road Trip (Promo) (AU)
AU,0,1222262,VCBS - Australia - Adult (Promo),342611,The Running Man (Promo) (AU)
AU,0,1222262,VCBS - Australia - Adult (Promo),330848,The Serial Killer's Wife (Promo) (AU)
AU,0,1222262,VCBS - Australia - Adult (Promo),345338,The Shield (Promo) (AU)
AU,0,1222262,VCBS - Australia - Adult (Promo),335395,The Smurfs (Promo) (AU)
AU,0,1222262,VCBS - Australia - Adult (Promo),332025,The Tony Awards (Promo) (AU)
AU,0,1222262,VCBS - Australia - Adult (Promo),324793,The Traitors (Promo) (AU)
AU,0,1222262,VCBS - Australia - Adult (Promo),349847,The Traitors UK (Promo) (AU)
AU,0,1222262,VCBS - Australia - Adult (Promo),337081,The Traitors US (Promo) (AU)
AU,0,1222262,VCBS - Australia - Adult (Promo),350893,The Ultimate Fighter (Promo) (AU)
AU,0,1222262,VCBS - Australia - Adult (Promo),349743,The Weekly Kickoff (Promo) (AU)
AU,0,1222262,VCBS - Australia - Adult (Promo),318694,The Young & The Restless (Promo) (AU)
AU,0,1222262,VCBS - Australia - Adult (Promo),319176,The Young And The Restless (Promo) (AU)
AU,0,1222262,VCBS - Australia - Adult (Promo),311480,Top Gear Australia (Promo) (AU)
AU,0,1222262,VCBS - Australia - Adult (Promo),352208,Traitors Sell (Promo) (AU)
AU,0,1222262,VCBS - Australia - Adult (Promo),316363,Transformers: Earth Spark (Promo) (AU)
AU,0,1222262,VCBS - Australia - Adult (Promo),312133,Transformers: Rise of the Beasts (Promo) (AU)
AU,0,1222262,VCBS - Australia - Adult (Promo),313652,Tulsa King (Promo) (AU)
AU,0,1222262,VCBS - Australia - Adult (Promo),349370,Two Years Later (Promo) (AU)
AU,0,1222262,VCBS - Australia - Adult (Promo),341598,UFC (Promo) (AU)
AU,0,1222262,VCBS - Australia - Adult (Promo),335694,VMAs (Promo) (AU)
AU,0,1222262,VCBS - Australia - Adult (Promo),325668,Watson (Promo) (AU)
AU,0,1222262,VCBS - Australia - Adult (Promo),322392,Wheel Of Fortune (Promo) (AU)
AU,0,1222262,VCBS - Australia - Adult (Promo),326329,Wheel of Fortune UK (Promo) (AU)
AU,0,1222262,VCBS - Australia - Adult (Promo),341522,William and Harry: The Rise and Fall (Promo) (AU)
AU,0,1222262,VCBS - Australia - Adult (Promo),346613,William: When He Becomes King (Promo) (AU)
AU,0,1222262,VCBS - Australia - Adult (Promo),312308,Winter Festival of Football (Promo) (AU)
AU,0,1222262,VCBS - Australia - Adult (Promo),333603,Wrexham (Promo) (AU)
AU,0,1222262,VCBS - Australia - Adult (Promo),336139,Y: Marshals (Promo) (AU)
AU,0,1222262,VCBS - Australia - Adult (Promo),307974,Yellowjackets (Promo) (AU)
AU,0,1222262,VCBS - Australia - Adult (Promo),318696,You Do You (Promo) (AU)
AU,0,1222262,VCBS - Australia - Adult (Promo),343727,Zuffa Boxing (Promo) (AU)
AU,1,1296461,VCBS - Australia - Kids (Promo),323887,10Play Brand - Kids (Promo) (AU)
AU,1,1296461,VCBS - Australia - Kids (Promo),310031,Baby Shark's Big Show - Kids (Promo) (AU)
AU,1,1296461,VCBS - Australia - Kids (Promo),350684,Bedtime Stories with Ryan - Kids (Promo) (AU)
AU,1,1296461,VCBS - Australia - Kids (Promo),318698,Blaze and the Monster Machines - Kids (Promo) (AU)
AU,1,1296461,VCBS - Australia - Kids (Promo),318700,Blues Clues & You - Kids (Promo) (AU)
AU,1,1296461,VCBS - Australia - Kids (Promo),319177,Bubble Guppies - Kids (Promo) (AU)
AU,1,1296461,VCBS - Australia - Kids (Promo),318705,Casagrandes - Kids (Promo) (AU)
AU,1,1296461,VCBS - Australia - Kids (Promo),318702,Come Dance With Me - Kids (Promo) (AU)
AU,1,1296461,VCBS - Australia - Kids (Promo),309946,Dora - Kids (Promo) (AU)
AU,1,1296461,VCBS - Australia - Kids (Promo),333310,Dora and the Search for Sol Dorado - Kids (Promo) (AU)
AU,1,1296461,VCBS - Australia - Kids (Promo),319180,Gabby's Dollhouse - Kids (Promo) (AU)
AU,1,1296461,VCBS - Australia - Kids (Promo),324235,Henry Danger: The Movie - Kids (Promo) (AU)
AU,1,1296461,VCBS - Australia - Kids (Promo),324496,IF - Kids (Promo) (AU)
AU,1,1296461,VCBS - Australia - Kids (Promo),310030,Kamp Koral - Kids (Promo) (AU)
AU,1,1296461,VCBS - Australia - Kids (Promo),332500,Kid's Choice Awards - Kids (Promo) (AU)
AU,1,1296461,VCBS - Australia - Kids (Promo),309950,Knuckles - Kids (Promo) (AU)
AU,1,1296461,VCBS - Australia - Kids (Promo),323136,Luca - Kids (Promo) (AU)
AU,1,1296461,VCBS - Australia - Kids (Promo),347032,Masterchef Australia - Kids (Promo) (AU)
AU,1,1296461,VCBS - Australia - Kids (Promo),339969,Mr. Crocodile - Kids (Promo) (AU)
AU,1,1296461,VCBS - Australia - Kids (Promo),318703,Neighbours - Kids (Promo) (AU)
AU,1,1296461,VCBS - Australia - Kids (Promo),326791,Nick Jr. - Kids (Promo) (AU)
AU,1,1296461,VCBS - Australia - Kids (Promo),311483,Nickelodeon - Kids (Promo) (AU)
AU,1,1296461,VCBS - Australia - Kids (Promo),345063,PAW Patrol: Rescue Wheels (Promo) (AU)
AU,1,1296461,VCBS - Australia - Kids (Promo),347162,PAW Patrol: Rocky's Cat-Astrophe (Promo) (AU)
AU,1,1296461,VCBS - Australia - Kids (Promo),318699,Paw Patrol - Kids (Promo) (AU)
AU,1,1296461,VCBS - Australia - Kids (Promo),352328,Paw Patrol Live! Race to the Rescue - Kids (Promo) (AU)
AU,1,1296461,VCBS - Australia - Kids (Promo),342689,Paw Patrol: Air Rescue - Kids (Promo) (AU)
AU,1,1296461,VCBS - Australia - Kids (Promo),342688,Paw Patrol: Big Truck Pups - Kids (Promo) (AU)
AU,1,1296461,VCBS - Australia - Kids (Promo),318701,Rock Island Mystery - Kids (Promo) (AU)
AU,1,1296461,VCBS - Australia - Kids (Promo),310029,Rubble & Crew - Kids (Promo) (AU)
AU,1,1296461,VCBS - Australia - Kids (Promo),334681,Sonic the Hedgehog 3 - Kids (Promo) (AU)
AU,1,1296461,VCBS - Australia - Kids (Promo),311939,Spongebob - Kids (Promo) (AU)
AU,1,1296461,VCBS - Australia - Kids (Promo),342594,Super Duper Bunny League - Kids (Promo) (AU)
AU,1,1296461,VCBS - Australia - Kids (Promo),316637,Tales of the TMNT - Kids (Promo) (AU)
AU,1,1296461,VCBS - Australia - Kids (Promo),313691,The Legend of Korra - Kids (Promo) (AU)
AU,1,1296461,VCBS - Australia - Kids (Promo),319178,The Loud House - Kids (Promo) (AU)
AU,1,1296461,VCBS - Australia - Kids (Promo),347423,The Loud House: European Adventure (Promo) (AU)
AU,1,1296461,VCBS - Australia - Kids (Promo),345585,The Marsupilamis - Kids (Promo) (AU)
AU,1,1296461,VCBS - Australia - Kids (Promo),319179,The Smurfs - Kids (Promo) (AU)
AU,1,1296461,VCBS - Australia - Kids (Promo),351580,The SpongeBob Movie: Search for SquarePants - Kids (Promo) (AU)
AU,1,1296461,VCBS - Australia - Kids (Promo),311940,The Thundermans - Kids (Promo) (AU)
AU,1,1296461,VCBS - Australia - Kids (Promo),337114,Tim Rex in Space - Kids (Promo) (AU)
AU,1,1296461,VCBS - Australia - Kids (Promo),329734,Transformers One - Kids (Promo) (AU)
AU,1,1296461,VCBS - Australia - Kids (Promo),316366,Transformers: Earth Spark - Kids (Promo) (AU)
AU,1,1296461,VCBS - Australia - Kids (Promo),318704,Ultimate Classroom - Kids (Promo) (AU)
BR,0,1207828,VCBS - Brazil - Adult (Promo),307412,100 Days to Indy (Promo) (BR)
BR,0,1207828,VCBS - Brazil - Adult (Promo),326605,1923 (Promo) (BR)
BR,0,1207828,VCBS - Brazil - Adult (Promo),306678,A Bloody Lucky Day (Promo) (BR)
BR,0,1207828,VCBS - Brazil - Adult (Promo),269835,A Culpa é do Cabral (Promo) (BR)
BR,0,1207828,VCBS - Brazil - Adult (Promo),269942,A Feiticeira (Promo) (BR)
BR,0,1207828,VCBS - Brazil - Adult (Promo),311308,A Gentleman in Moscow (Promo) (BR)
BR,0,1207828,VCBS - Brazil - Adult (Promo),321952,A Quiet Place: Day One (Promo) (BR)
BR,0,1207828,VCBS - Brazil - Adult (Promo),271843,All Star Shore (Promo) (BR)
BR,0,1207828,VCBS - Brazil - Adult (Promo),321795,Amigos Imaginarios (Promo) (BR)
BR,0,1207828,VCBS - Brazil - Adult (Promo),350606,Among Us (Promo) (BR)
BR,0,1207828,VCBS - Brazil - Adult (Promo),345603,Anderson Spider Silva (Promo) (BR)
BR,0,1207828,VCBS - Brazil - Adult (Promo),312420,Anime Category (Promo) (BR)
BR,0,1207828,VCBS - Brazil - Adult (Promo),348927,Anime Fest (Promo) (BR)
BR,0,1207828,VCBS - Brazil - Adult (Promo),339902,Anjos da Noite (Promo) (BR)
BR,0,1207828,VCBS - Brazil - Adult (Promo),268839,As Panteras (Promo) (BR)
BR,0,1207828,VCBS - Brazil - Adult (Promo),269953,Assombrações (Promo) (BR)
BR,0,1207828,VCBS - Brazil - Adult (Promo),307233,Avatar (Promo) (BR)
BR,0,1207828,VCBS - Brazil - Adult (Promo),352742,Avatar Aang: The Last Airbender (Promo) (BR)
BR,0,1207828,VCBS - Brazil - Adult (Promo),313199,BET Awards (Promo) (BR)
BR,0,1207828,VCBS - Brazil - Adult (Promo),318299,Bad Boys (Promo) (BR)
BR,0,1207828,VCBS - Brazil - Adult (Promo),337891,Banheiro Sem Filtro (Promo) (BR)
BR,0,1207828,VCBS - Brazil - Adult (Promo),271844,Bargain (Promo) (BR)
BR,0,1207828,VCBS - Brazil - Adult (Promo),269837,Barrados No Baile (Promo) (BR)
BR,0,1207828,VCBS - Brazil - Adult (Promo),345123,Beavis & Butt-Head (Promo) (BR)
BR,0,1207828,VCBS - Brazil - Adult (Promo),268844,Beija Sapo (Promo) (BR)
BR,0,1207828,VCBS - Brazil - Adult (Promo),342619,Beyblade (Promo) (BR)
BR,0,1207828,VCBS - Brazil - Adult (Promo),351108,Billie Eilish Hit Me Hard and Soft: The Tour (Promo) (BR)
BR,0,1207828,VCBS - Brazil - Adult (Promo),352453,Blue Bloods (Promo) (BR)
BR,0,1207828,VCBS - Brazil - Adult (Promo),314842,Bob Esponja (Promo) (BR)
BR,0,1207828,VCBS - Brazil - Adult (Promo),315462,Bob Marley: One Love (Promo) (BR)
BR,0,1207828,VCBS - Brazil - Adult (Promo),313204,Brazilian Cinema Day (Promo) (BR)
BR,0,1207828,VCBS - Brazil - Adult (Promo),269909,CBS News (Promo) (BR)
BR,0,1207828,VCBS - Brazil - Adult (Promo),269838,CSI Miami (Promo) (BR)
BR,0,1207828,VCBS - Brazil - Adult (Promo),312130,Campanha Rio Grande Do Sul (Promo) (BR)
BR,0,1207828,VCBS - Brazil - Adult (Promo),344180,Canada Shore (Promo) (BR)
BR,0,1207828,VCBS - Brazil - Adult (Promo),343606,Carna UOL (Promo) (BR)
BR,0,1207828,VCBS - Brazil - Adult (Promo),347492,Celebrity Ex on the Beach (Promo) (BR)
BR,0,1207828,VCBS - Brazil - Adult (Promo),339970,Charmed (Promo) (Br)
BR,0,1207828,VCBS - Brazil - Adult (Promo),333484,Cine Classicos (Promo) (BR)
BR,0,1207828,VCBS - Brazil - Adult (Promo),325130,Cine Comedia (Promo) (BR)
BR,0,1207828,VCBS - Brazil - Adult (Promo),314185,Cine Comédia Romantica (Promo) (BR)
BR,0,1207828,VCBS - Brazil - Adult (Promo),268837,Cine Crime (Promo) (BR)
BR,0,1207828,VCBS - Brazil - Adult (Promo),309053,Cine Inspiração (Promo) (BR)
BR,0,1207828,VCBS - Brazil - Adult (Promo),321717,Cine Natal (Promo) (BR)
BR,0,1207828,VCBS - Brazil - Adult (Promo),309593,Cine Romance (Promo) (BR)
BR,0,1207828,VCBS - Brazil - Adult (Promo),306888,Cine Sucessos (Promo) (BR)
BR,0,1207828,VCBS - Brazil - Adult (Promo),308207,Cine Terror (Promo) (BR)
BR,0,1207828,VCBS - Brazil - Adult (Promo),345680,Comedia Besteirol (Promo) (BR)
BR,0,1207828,VCBS - Brazil - Adult (Promo),308419,Comedy Central (Promo) (BR)
BR,0,1207828,VCBS - Brazil - Adult (Promo),310365,Conmebol (Promo) (BR)
BR,0,1207828,VCBS - Brazil - Adult (Promo),272782,Convoy (Promo) (BR)
BR,0,1207828,VCBS - Brazil - Adult (Promo),271888,Creep Show (Promo) (BR)
BR,0,1207828,VCBS - Brazil - Adult (Promo),339223,Crutch (Promo) (BR)
BR,0,1207828,VCBS - Brazil - Adult (Promo),271845,D&D (Promo) (BR)
BR,0,1207828,VCBS - Brazil - Adult (Promo),271245,DEFEX (Promo) (BR)
BR,0,1207828,VCBS - Brazil - Adult (Promo),324995,Dating Naked UK (Promo) (BR)
BR,0,1207828,VCBS - Brazil - Adult (Promo),319805,De Ferias Com Ex VIP (Promo) (BR)
BR,0,1207828,VCBS - Brazil - Adult (Promo),269988,Death Note (Promo) (BR)
BR,0,1207828,VCBS - Brazil - Adult (Promo),331643,Dexter: New Blood (Promo) (BR)
BR,0,1207828,VCBS - Brazil - Adult (Promo),323879,Dexter: Original Sin (Promo) (BR)
BR,0,1207828,VCBS - Brazil - Adult (Promo),333716,Dexter: Resurrection (Promo) (BR)
BR,0,1207828,VCBS - Brazil - Adult (Promo),269979,Different Strokes (Promo) (BR)
BR,0,1207828,VCBS - Brazil - Adult (Promo),320242,Diff’rent Strokes Arnold (Promo) (BR)
BR,0,1207828,VCBS - Brazil - Adult (Promo),333673,Dora (Promo) (BR)
BR,0,1207828,VCBS - Brazil - Adult (Promo),271846,Drag Race (Promo) (BR)
BR,0,1207828,VCBS - Brazil - Adult (Promo),344492,Drake & Josh (Promo) (BR)
BR,0,1207828,VCBS - Brazil - Adult (Promo),346858,Dutton Ranch (Promo) (BR)
BR,0,1207828,VCBS - Brazil - Adult (Promo),275198,Eine Billion Dolars (Promo) (BR)
BR,0,1207828,VCBS - Brazil - Adult (Promo),274858,El Rapto (Promo) (BR)
BR,0,1207828,VCBS - Brazil - Adult (Promo),345384,Era de Ouro Do Cinema (Promo) (BR)
BR,0,1207828,VCBS - Brazil - Adult (Promo),326156,Eric Clapton: Unplugged...Over 30 Years Later (Promo) (BR)
BR,0,1207828,VCBS - Brazil - Adult (Promo),325251,Espiritos Na Escola (Promo) (BR)
BR,0,1207828,VCBS - Brazil - Adult (Promo),269858,Euro News (Promo) (BR)
BR,0,1207828,VCBS - Brazil - Adult (Promo),338122,Everybody Still Hates Chris (Promo) (BR)
BR,0,1207828,VCBS - Brazil - Adult (Promo),340511,Explosao de Cinema (Promo) (BR)
BR,0,1207828,VCBS - Brazil - Adult (Promo),307232,Ficção Científica (Promo) (BR)
BR,0,1207828,VCBS - Brazil - Adult (Promo),269859,Filmelier (Promo) (BR)
BR,0,1207828,VCBS - Brazil - Adult (Promo),332817,Filmes Aventura (Promo) (BR)
BR,0,1207828,VCBS - Brazil - Adult (Promo),308235,Filmes Ação (Promo) (BR)
BR,0,1207828,VCBS - Brazil - Adult (Promo),323138,Filmes Nacionais (Promo) (BR)
BR,0,1207828,VCBS - Brazil - Adult (Promo),336158,Filmes de Lutas (Promo) (BR)
BR,0,1207828,VCBS - Brazil - Adult (Promo),276177,Finestkind (Promo) (BR)
BR,0,1207828,VCBS - Brazil - Adult (Promo),271886,Frasier (Promo) (BR)
BR,0,1207828,VCBS - Brazil - Adult (Promo),346849,Freediver (Promo) (BR)
BR,0,1207828,VCBS - Brazil - Adult (Promo),314015,Férias Julho (Promo) (BR)
BR,0,1207828,VCBS - Brazil - Adult (Promo),311303,Geek Month (Promo) (BR)
BR,0,1207828,VCBS - Brazil - Adult (Promo),349001,Geordie Shore (Promo) (BR)
BR,0,1207828,VCBS - Brazil - Adult (Promo),352192,Grachi (Promo) (BR)
BR,0,1207828,VCBS - Brazil - Adult (Promo),277551,Halo (Promo) (BR)
BR,0,1207828,VCBS - Brazil - Adult (Promo),330244,Happy Face (Promo) (BR)
BR,0,1207828,VCBS - Brazil - Adult (Promo),325059,Henry Danger (Promo) (BR)
BR,0,1207828,VCBS - Brazil - Adult (Promo),326659,Henry Danger: The Movie (Promo) (BR)
BR,0,1207828,VCBS - Brazil - Adult (Promo),322129,Hey Arnold! (Promo) (BR)
BR,0,1207828,VCBS - Brazil - Adult (Promo),341818,High Ground (Promo) (BR)
BR,0,1207828,VCBS - Brazil - Adult (Promo),341521,Homeful (Promo) (BR)
BR,0,1207828,VCBS - Brazil - Adult (Promo),341528,Homem Aranha (Promo) (BR)
BR,0,1207828,VCBS - Brazil - Adult (Promo),344232,Inspetor Bugiganga (Promo) (BR)
BR,0,1207828,VCBS - Brazil - Adult (Promo),318820,Inuyasha (Promo) (BR)
BR,0,1207828,VCBS - Brazil - Adult (Promo),314180,Isle Of MTV Malta (Promo) (BR)
BR,0,1207828,VCBS - Brazil - Adult (Promo),323807,John Wick (Promo) (BR)
BR,0,1207828,VCBS - Brazil - Adult (Promo),307744,Kdrama Combo (Promo) (BR)
BR,0,1207828,VCBS - Brazil - Adult (Promo),308576,Kenan & Kel (Promo) (BR)
BR,0,1207828,VCBS - Brazil - Adult (Promo),345124,La Venganza De Los Ex VIP (Promo) (BR)
BR,0,1207828,VCBS - Brazil - Adult (Promo),321803,Landman (Promo) (BR)
BR,0,1207828,VCBS - Brazil - Adult (Promo),274508,Lawmen: Bass Reeves (Promo) (BR)
BR,0,1207828,VCBS - Brazil - Adult (Promo),317648,Libertadores Feminina (Promo) (BR)
BR,0,1207828,VCBS - Brazil - Adult (Promo),340779,Little Disasters (Promo) (BR)
BR,0,1207828,VCBS - Brazil - Adult (Promo),275527,Los Enviados (Promo) (BR)
BR,0,1207828,VCBS - Brazil - Adult (Promo),268841,Louco Por Voce (Promo) (BR)
BR,0,1207828,VCBS - Brazil - Adult (Promo),349528,M.I.A. (Promo) (BR)
BR,0,1207828,VCBS - Brazil - Adult (Promo),269921,MTV Biggest pop (Promo) (BR)
BR,0,1207828,VCBS - Brazil - Adult (Promo),308972,MTV Catfish - (Promo) (BR)
BR,0,1207828,VCBS - Brazil - Adult (Promo),269907,MTV Drag (Promo) (BR)
BR,0,1207828,VCBS - Brazil - Adult (Promo),269989,MTV Jovens e Mães (Promo) (BR)
BR,0,1207828,VCBS - Brazil - Adult (Promo),311324,MTV Mental Health - (Promo) (BR)
BR,0,1207828,VCBS - Brazil - Adult (Promo),317350,MTV Musica (Promo) (BR)
BR,0,1207828,VCBS - Brazil - Adult (Promo),329788,MTV On Tour (Promo) (BR)
BR,0,1207828,VCBS - Brazil - Adult (Promo),269956,MTV Shore (Promo) (BR)
BR,0,1207828,VCBS - Brazil - Adult (Promo),269905,MacGyver (Promo) (BR)
BR,0,1207828,VCBS - Brazil - Adult (Promo),335237,Mais MasterChef Brasil (Promo) (BR)
BR,0,1207828,VCBS - Brazil - Adult (Promo),319810,Manual do Mundo Manut (Promo) (BR)
BR,0,1207828,VCBS - Brazil - Adult (Promo),343730,Marshals (Promo) (BR)
BR,0,1207828,VCBS - Brazil - Adult (Promo),315482,Masterchef (Promo) (BR)
BR,0,1207828,VCBS - Brazil - Adult (Promo),335185,Masterchef Profissionais (Promo) (BR)
BR,0,1207828,VCBS - Brazil - Adult (Promo),331539,Mayor of Kingstown (Promo) (BR)
BR,0,1207828,VCBS - Brazil - Adult (Promo),349018,Mazatlan Shore (Promo) (BR)
BR,0,1207828,VCBS - Brazil - Adult (Promo),314204,Mean Girls (Promo) (BR)
BR,0,1207828,VCBS - Brazil - Adult (Promo),331615,Mission Impossible (Promo) (BR)
BR,0,1207828,VCBS - Brazil - Adult (Promo),306673,Mission Impossible Dead Reckoning (Promo) (BR)
BR,0,1207828,VCBS - Brazil - Adult (Promo),341819,Mission Impossible: The Final Reckoning (Promo) (BR)
BR,0,1207828,VCBS - Brazil - Adult (Promo),269982,Mistérios sem solução (Promo) (BR)
BR,0,1207828,VCBS - Brazil - Adult (Promo),330585,MobLand (Promo) (BR)
BR,0,1207828,VCBS - Brazil - Adult (Promo),352053,Mr. Bean (Promo) (BR)
BR,0,1207828,VCBS - Brazil - Adult (Promo),345406,Mulheres Protagonistas (Promo) (BR)
BR,0,1207828,VCBS - Brazil - Adult (Promo),274859,Mães do Funk (Promo) (BR)
BR,0,1207828,VCBS - Brazil - Adult (Promo),333607,NCIS (Promo) (BR)
BR,0,1207828,VCBS - Brazil - Adult (Promo),335478,NCIS: Tony & Ziva (Promo) (BR)
BR,0,1207828,VCBS - Brazil - Adult (Promo),325355,Naruto (Promo) (BR)
BR,0,1207828,VCBS - Brazil - Adult (Promo),341935,Naturetime (Promo) (BR)
BR,0,1207828,VCBS - Brazil - Adult (Promo),314054,New Brasil (Promo) (BR)
BR,0,1207828,VCBS - Brazil - Adult (Promo),311305,Nick (Promo) (BR)
BR,0,1207828,VCBS - Brazil - Adult (Promo),308977,Nick Classicos (Promo) (BR)
BR,0,1207828,VCBS - Brazil - Adult (Promo),311307,Nick Jr. Club (Promo) (BR)
BR,0,1207828,VCBS - Brazil - Adult (Promo),311306,Nick Teen (Promo) (BR)
BR,0,1207828,VCBS - Brazil - Adult (Promo),334261,Nois Na Firma (Promo) (BR)
BR,0,1207828,VCBS - Brazil - Adult (Promo),339522,Noticias (Promo) (BR)
BR,0,1207828,VCBS - Brazil - Adult (Promo),353117,Novelissima (Promo) (BR)
BR,0,1207828,VCBS - Brazil - Adult (Promo),274840,November Promo (Promo) (BR)
BR,0,1207828,VCBS - Brazil - Adult (Promo),334265,Novocaine (Promo) (BR)
BR,0,1207828,VCBS - Brazil - Adult (Promo),331980,Numbers (Promo) (BR)
BR,0,1207828,VCBS - Brazil - Adult (Promo),269984,O Homem que veio do céu (Promo) (BR)
BR,0,1207828,VCBS - Brazil - Adult (Promo),341614,O Rei do Bairro (Promo) (BR)
BR,0,1207828,VCBS - Brazil - Adult (Promo),269977,One Piece (Promo) (BR)
BR,0,1207828,VCBS - Brazil - Adult (Promo),269908,Os Arquivos do FBI (Promo) (BR)
BR,0,1207828,VCBS - Brazil - Adult (Promo),327838,Os Thundermans (Promo) (BR)
BR,0,1207828,VCBS - Brazil - Adult (Promo),269910,Os Três Patetas  (Promo) (BR)
BR,0,1207828,VCBS - Brazil - Adult (Promo),339914,Ozzy: No Escape From Now (Promo) (BR)
BR,0,1207828,VCBS - Brazil - Adult (Promo),331665,PSA (Promo) (BR)
BR,0,1207828,VCBS - Brazil - Adult (Promo),337186,Padrinhos Magicos (Promo) (BR)
BR,0,1207828,VCBS - Brazil - Adult (Promo),339911,Parallel Me (Promo) (BR)
BR,0,1207828,VCBS - Brazil - Adult (Promo),274860,Paramount + (Promo) (BR)
BR,0,1207828,VCBS - Brazil - Adult (Promo),327323,Paramount Network (Promo) (BR)
BR,0,1207828,VCBS - Brazil - Adult (Promo),351833,Passenger (Promo) (BR)
BR,0,1207828,VCBS - Brazil - Adult (Promo),325920,Paulistao (Promo) (BR)
BR,0,1207828,VCBS - Brazil - Adult (Promo),352230,Paw Patrol Dino Movie (Promo) (BR)
BR,0,1207828,VCBS - Brazil - Adult (Promo),347092,Paw Patrol: Aventura Dino (Promo) (BR)
BR,0,1207828,VCBS - Brazil - Adult (Promo),336767,Pluto Historia (Promo) (BR)
BR,0,1207828,VCBS - Brazil - Adult (Promo),276180,Pluto Natale (Promo) (BR)
BR,0,1207828,VCBS - Brazil - Adult (Promo),277968,Pluto TV (Promo) (BR)
BR,0,1207828,VCBS - Brazil - Adult (Promo),328323,Pluto TV Adrenalina (Promo) (BR)
BR,0,1207828,VCBS - Brazil - Adult (Promo),332200,Pluto TV Aliens (Promo) (BR)
BR,0,1207828,VCBS - Brazil - Adult (Promo),268838,Pluto TV Animais (Promo) (BR)
BR,0,1207828,VCBS - Brazil - Adult (Promo),269920,Pluto TV Anime (Promo) (BR)
BR,0,1207828,VCBS - Brazil - Adult (Promo),322010,Pluto TV Bang Bang (Promo) (BR)
BR,0,1207828,VCBS - Brazil - Adult (Promo),325551,Pluto TV Canal UOL (Promo) (BR)
BR,0,1207828,VCBS - Brazil - Adult (Promo),308580,Pluto TV Comedy (Promo) (BR)
BR,0,1207828,VCBS - Brazil - Adult (Promo),318806,Pluto TV Cozinha (Promo) (BR)
BR,0,1207828,VCBS - Brazil - Adult (Promo),269856,Pluto TV Cultura (Promo) (BR)
BR,0,1207828,VCBS - Brazil - Adult (Promo),308525,Pluto TV Curiosities (Promo) (BR)
BR,0,1207828,VCBS - Brazil - Adult (Promo),318628,Pluto TV Desenho Classicos (Promo) (BR)
BR,0,1207828,VCBS - Brazil - Adult (Promo),345246,Pluto TV Esportes (Promo) (BR)
BR,0,1207828,VCBS - Brazil - Adult (Promo),317347,Pluto TV Filmes Ação (Promo) (BR)
BR,0,1207828,VCBS - Brazil - Adult (Promo),308917,Pluto TV Filmes Suspense (Promo) (BR)
BR,0,1207828,VCBS - Brazil - Adult (Promo),269951,Pluto TV Geek e Tech (Promo) (BR)
BR,0,1207828,VCBS - Brazil - Adult (Promo),308973,Pluto TV Investigação (Promo) (BR)
BR,0,1207828,VCBS - Brazil - Adult (Promo),269904,Pluto TV KFOOD (Promo) (BR)
BR,0,1207828,VCBS - Brazil - Adult (Promo),308496,Pluto TV Kids (Promo) (BR)
BR,0,1207828,VCBS - Brazil - Adult (Promo),308946,Pluto TV Natureza (Promo) (BR)
BR,0,1207828,VCBS - Brazil - Adult (Promo),328338,Pluto TV Negocio Fechado (Promo) (BR)
BR,0,1207828,VCBS - Brazil - Adult (Promo),318785,Pluto TV Novelas (Promo) (BR)
BR,0,1207828,VCBS - Brazil - Adult (Promo),318488,Pluto TV Series Drama (Promo) (BR)
BR,0,1207828,VCBS - Brazil - Adult (Promo),324129,Pluto TV Séries Criminais (Promo) (BR)
BR,0,1207828,VCBS - Brazil - Adult (Promo),344228,Pluto TV Séries Novelescas (Promo) (BR)
BR,0,1207828,VCBS - Brazil - Adult (Promo),330446,Pluto TV Terror Trash (Promo) (BR)
BR,0,1207828,VCBS - Brazil - Adult (Promo),315529,Pluto TV Viagens (Promo) (BR)
BR,0,1207828,VCBS - Brazil - Adult (Promo),340766,Pokemon (Promo) (BR)
BR,0,1207828,VCBS - Brazil - Adult (Promo),328288,Policial (Promo) (BR)
BR,0,1207828,VCBS - Brazil - Adult (Promo),326545,Popeye (Promo) (BR)
BR,0,1207828,VCBS - Brazil - Adult (Promo),307408,Porta Dos Fundos (Promo) (BR)
BR,0,1207828,VCBS - Brazil - Adult (Promo),340778,Predators (Promo) (BR)
BR,0,1207828,VCBS - Brazil - Adult (Promo),274666,Premium Plan (Promo) (BR)
BR,0,1207828,VCBS - Brazil - Adult (Promo),339901,Presente Maldito (Promo) (BR)
BR,0,1207828,VCBS - Brazil - Adult (Promo),345463,Primate (Promo) (BR)
BR,0,1207828,VCBS - Brazil - Adult (Promo),275954,Promo Festive (Promo) (BR)
BR,0,1207828,VCBS - Brazil - Adult (Promo),269930,Pronto Socorro (Promo) (BR)
BR,0,1207828,VCBS - Brazil - Adult (Promo),269985,Quebrando o Tabu (Promo) (BR)
BR,0,1207828,VCBS - Brazil - Adult (Promo),268842,Real Madrid TV (Promo) (BR)
BR,0,1207828,VCBS - Brazil - Adult (Promo),348839,Record News (Promo) (BR)
BR,0,1207828,VCBS - Brazil - Adult (Promo),353118,Red Bull TV (Promo) (BR)
BR,0,1207828,VCBS - Brazil - Adult (Promo),341931,Regretting You (Promo) (BR)
BR,0,1207828,VCBS - Brazil - Adult (Promo),339082,Relic Hunter (Promo) (BR)
BR,0,1207828,VCBS - Brazil - Adult (Promo),318202,Resident Evil (Promo) (BR)
BR,0,1207828,VCBS - Brazil - Adult (Promo),352346,Rio Shore (Promo) (BR)
BR,0,1207828,VCBS - Brazil - Adult (Promo),344173,Risque (Promo) (BR)
BR,0,1207828,VCBS - Brazil - Adult (Promo),334543,Rookie Blue (Promo) (BR)
BR,0,1207828,VCBS - Brazil - Adult (Promo),331607,RuPaul's Drag Race: All Stars (Promo) (BR)
BR,0,1207828,VCBS - Brazil - Adult (Promo),269923,Runtime (Promo) (BR)
BR,0,1207828,VCBS - Brazil - Adult (Promo),319800,SFT Combat (Promo) (BR)
BR,0,1207828,VCBS - Brazil - Adult (Promo),336730,STANS (Promo) (BR)
BR,0,1207828,VCBS - Brazil - Adult (Promo),350410,Salon Line (Promo) (BR)
BR,0,1207828,VCBS - Brazil - Adult (Promo),352341,Scary Movie (Promo) (BR)
BR,0,1207828,VCBS - Brazil - Adult (Promo),269922,Schitt’s Creek (Promo) (BR)
BR,0,1207828,VCBS - Brazil - Adult (Promo),331604,School Spirits (Promo) (BR)
BR,0,1207828,VCBS - Brazil - Adult (Promo),313198,Science Fiction (Promo) (BR)
BR,0,1207828,VCBS - Brazil - Adult (Promo),318178,Scream 7 (Promo) (BR)
BR,0,1207828,VCBS - Brazil - Adult (Promo),308037,Semana da Mulher (Promo) (BR)
BR,0,1207828,VCBS - Brazil - Adult (Promo),334269,September 5 (Promo) (BR)
BR,0,1207828,VCBS - Brazil - Adult (Promo),268845,Series Ação (Promo) (BR)
BR,0,1207828,VCBS - Brazil - Adult (Promo),353109,Series Familia (Promo) (BR)
BR,0,1207828,VCBS - Brazil - Adult (Promo),269924,Series Sci-Fi (Promo) (BR)
BR,0,1207828,VCBS - Brazil - Adult (Promo),345739,Sexta Feira 13 (Promo) (BR)
BR,0,1207828,VCBS - Brazil - Adult (Promo),306672,Sexy Beast (Promo) (BR)
BR,0,1207828,VCBS - Brazil - Adult (Promo),325053,Seção 31 (Promo) (BR)
BR,0,1207828,VCBS - Brazil - Adult (Promo),317351,Shark Tank Brasil (Promo) (BR)
BR,0,1207828,VCBS - Brazil - Adult (Promo),349882,Skymed (Promo) (BR)
BR,0,1207828,VCBS - Brazil - Adult (Promo),334258,Smile (Promo) (BR)
BR,0,1207828,VCBS - Brazil - Adult (Promo),269978,Smithsonian Channel (Promo) (BR)
BR,0,1207828,VCBS - Brazil - Adult (Promo),351176,Sobrevivi (Promo) (BR)
BR,0,1207828,VCBS - Brazil - Adult (Promo),330587,Sonic the Hedgehog 3 (Promo) (BR)
BR,0,1207828,VCBS - Brazil - Adult (Promo),276628,South Park (Nao Recomendado Para Menores) (Promo) (BR)
BR,0,1207828,VCBS - Brazil - Adult (Promo),272352,South Park (Promo) (BR)
BR,0,1207828,VCBS - Brazil - Adult (Promo),331586,South Park: O Fim da Obesidade (Promo) (BR)
BR,0,1207828,VCBS - Brazil - Adult (Promo),320148,Special Ops: Lioness (Promo) (BR)
BR,0,1207828,VCBS - Brazil - Adult (Promo),271247,Spider (Promo) (BR)
BR,0,1207828,VCBS - Brazil - Adult (Promo),313669,Spongebob (Promo) (BR)
BR,0,1207828,VCBS - Brazil - Adult (Promo),268843,Star Trek (Promo) (BR)
BR,0,1207828,VCBS - Brazil - Adult (Promo),331616,Star Trek: Discovery (Promo) (BR)
BR,0,1207828,VCBS - Brazil - Adult (Promo),331533,Star Trek: Lower Decks (Promo) (BR)
BR,0,1207828,VCBS - Brazil - Adult (Promo),331575,Star Trek: Section 31 (Promo) (BR)
BR,0,1207828,VCBS - Brazil - Adult (Promo),343657,Star Trek: Starfleet Academy (Promo) (BR)
BR,0,1207828,VCBS - Brazil - Adult (Promo),334263,Star Trek: Strange New Worlds (Promo) (BR)
BR,0,1207828,VCBS - Brazil - Adult (Promo),335540,Star Trek: The Next Generation (Promo) (BR)
BR,0,1207828,VCBS - Brazil - Adult (Promo),344239,Star Trek: Voyager (Promo) (BR)
BR,0,1207828,VCBS - Brazil - Adult (Promo),268846,Starsky & Hutch (Promo) (BR)
BR,0,1207828,VCBS - Brazil - Adult (Promo),269928,Super Onze (Promo) (BR)
BR,0,1207828,VCBS - Brazil - Adult (Promo),321655,Tartarugas Ninja: Histórias Mutantes (Promo) (BR)
BR,0,1207828,VCBS - Brazil - Adult (Promo),307444,Teenage Mutant Ninja Turtles (Promo) (BR)
BR,0,1207828,VCBS - Brazil - Adult (Promo),342145,Tempero de Fim de Ano (Promo) (BR)
BR,0,1207828,VCBS - Brazil - Adult (Promo),331544,The Agency (Promo) (BR)
BR,0,1207828,VCBS - Brazil - Adult (Promo),352891,The Challenge (Promo) (BR)
BR,0,1207828,VCBS - Brazil - Adult (Promo),310705,The Challenge: All Stars (Promo) (BR)
BR,0,1207828,VCBS - Brazil - Adult (Promo),268847,The Command (Promo) (BR)
BR,0,1207828,VCBS - Brazil - Adult (Promo),274511,The Curse (Promo) (BR)
BR,0,1207828,VCBS - Brazil - Adult (Promo),269931,The Drew Barrymore Show (Promo) (BR)
BR,0,1207828,VCBS - Brazil - Adult (Promo),269934,The Ed Sullivan Show (Promo) (BR)
BR,0,1207828,VCBS - Brazil - Adult (Promo),330136,The Handmaid's Tale (Promo) (BR)
BR,0,1207828,VCBS - Brazil - Adult (Promo),350782,The Internship (Promo) (BR)
BR,0,1207828,VCBS - Brazil - Adult (Promo),344022,The Madison (Promo) (BR)
BR,0,1207828,VCBS - Brazil - Adult (Promo),334873,The Naked Gun (Promo) (BR)
BR,0,1207828,VCBS - Brazil - Adult (Promo),333671,The Neighborhood (Promo) (BR)
BR,0,1207828,VCBS - Brazil - Adult (Promo),269967,The Night Shift (Promo) (BR)
BR,0,1207828,VCBS - Brazil - Adult (Promo),342609,The Running Man (Promo) (BR)
BR,0,1207828,VCBS - Brazil - Adult (Promo),335918,The Smurfs (Promo) (BR)
BR,0,1207828,VCBS - Brazil - Adult (Promo),307738,The Stallone Family (Promo) (BR)
BR,0,1207828,VCBS - Brazil - Adult (Promo),327948,The Thundermans (Promo) (BR)
BR,0,1207828,VCBS - Brazil - Adult (Promo),308398,The Thundermans Return (Promo) (BR)
BR,0,1207828,VCBS - Brazil - Adult (Promo),327562,The Thundermans: Undercover (Promo) (BR)
BR,0,1207828,VCBS - Brazil - Adult (Promo),334794,The Walking Dead (Promo) (BR)
BR,0,1207828,VCBS - Brazil - Adult (Promo),272315,The Whale (Promo) (BR)
BR,0,1207828,VCBS - Brazil - Adult (Promo),350833,Times Brasil (Promo) (BR)
BR,0,1207828,VCBS - Brazil - Adult (Promo),326053,Tokusato (Promo) (BR)
BR,0,1207828,VCBS - Brazil - Adult (Promo),349837,Topuria Matador (Promo) (BR)
BR,0,1207828,VCBS - Brazil - Adult (Promo),322209,Transformers (Promo) (BR)
BR,0,1207828,VCBS - Brazil - Adult (Promo),326094,Transformers O Início (Promo) (BR)
BR,0,1207828,VCBS - Brazil - Adult (Promo),306662,Transformers: Rise of the Beasts (Promo) (BR)
BR,0,1207828,VCBS - Brazil - Adult (Promo),343486,Trust (Promo) (BR)
BR,0,1207828,VCBS - Brazil - Adult (Promo),321791,Tulsa King (Promo) (BR)
BR,0,1207828,VCBS - Brazil - Adult (Promo),334686,Turma da Monica (Promo) (BR)
BR,0,1207828,VCBS - Brazil - Adult (Promo),343401,UFC (Promo) (BR)
BR,0,1207828,VCBS - Brazil - Adult (Promo),269936,Ubisoft (Promo) (BR)
BR,0,1207828,VCBS - Brazil - Adult (Promo),349971,Victorious (Promo) (BR)
BR,0,1207828,VCBS - Brazil - Adult (Promo),274509,Waco (Promo) (BR)
BR,0,1207828,VCBS - Brazil - Adult (Promo),351214,Wild Cherry (Promo) (BR)
BR,0,1207828,VCBS - Brazil - Adult (Promo),326099,Yellowjackets (Promo) (BR)
BR,0,1207828,VCBS - Brazil - Adult (Promo),307420,Yellowstone (Promo) (BR)
BR,0,1207828,VCBS - Brazil - Adult (Promo),315532,Z Nation (Promo) (BR)
BR,0,1207828,VCBS - Brazil - Adult (Promo),346436,Zuffa Boxing (Promo) (BR)
BR,1,1207830,VCBS - Brazil - Kids (Promo),326604,1923 - Kids (Promo) (BR)
BR,1,1207830,VCBS - Brazil - Kids (Promo),334537,A Feiticeira - Kids (Promo) (BR)
BR,1,1207830,VCBS - Brazil - Kids (Promo),342415,A PAW Patrol Christmas - Kids (Promo) (BR)
BR,1,1207830,VCBS - Brazil - Kids (Promo),270128,A vida moderna de Rocko - Kids (Promo) (BR)
BR,1,1207830,VCBS - Brazil - Kids (Promo),309587,Abrilissimo - Kids (Promo) (BR)
BR,1,1207830,VCBS - Brazil - Kids (Promo),321794,Amigos Imaginarios - Kids (Promo) (BR)
BR,1,1207830,VCBS - Brazil - Kids (Promo),348956,Anime Fest - Kids (Promo) (BR)
BR,1,1207830,VCBS - Brazil - Kids (Promo),270130,As Aventuras De Jackie Chan - Kids (Promo) (BR)
BR,1,1207830,VCBS - Brazil - Kids (Promo),270228,As pistas de Blue - Kids (Promo) (BR)
BR,1,1207830,VCBS - Brazil - Kids (Promo),307234,Avatar - Kids (Promo) (BR)
BR,1,1207830,VCBS - Brazil - Kids (Promo),352735,Avatar Aang: The Last Airbender - Kids (Promo) (BR)
BR,1,1207830,VCBS - Brazil - Kids (Promo),270132,Baby Shark Tv - Kids (Promo) (BR)
BR,1,1207830,VCBS - Brazil - Kids (Promo),270230,Babyfirst - Kids (Promo) (BR)
BR,1,1207830,VCBS - Brazil - Kids (Promo),351628,Barbapapa - Kids (Promo) (BR)
BR,1,1207830,VCBS - Brazil - Kids (Promo),270134,Beyblade - Kids (Promo) (BR)
BR,1,1207830,VCBS - Brazil - Kids (Promo),271849,Big Nate - Kids (Promo) (BR)
BR,1,1207830,VCBS - Brazil - Kids (Promo),331566,Blaze and The Monster Machines - Kids (Promo) (BR)
BR,1,1207830,VCBS - Brazil - Kids (Promo),270231,Bob Esponja Calça Quadrada - Kids (Promo) (BR)
BR,1,1207830,VCBS - Brazil - Kids (Promo),351756,Casagrandes - Kids (Promo) (BR)
BR,1,1207830,VCBS - Brazil - Kids (Promo),340087,Cine Natal - Kids (Promo) (BR)
BR,1,1207830,VCBS - Brazil - Kids (Promo),330560,Cine Romance - Kids (Promo) (BR)
BR,1,1207830,VCBS - Brazil - Kids (Promo),270135,Cocoricó - Kids (Promo) (BR)
BR,1,1207830,VCBS - Brazil - Kids (Promo),328566,Conmebol - Kids (Promo) (BR)
BR,1,1207830,VCBS - Brazil - Kids (Promo),308237,Dora - Kids (Promo) (BR)
BR,1,1207830,VCBS - Brazil - Kids (Promo),342776,Dora and Diego: Rainforest Rescue - Kids (Promo) (BR)
BR,1,1207830,VCBS - Brazil - Kids (Promo),344240,Dora: Magic Mermaid Adventures - Kids (Promo) (BR)
BR,1,1207830,VCBS - Brazil - Kids (Promo),344497,Drake & Josh - Kids (Promo) (BR)
BR,1,1207830,VCBS - Brazil - Kids (Promo),326162,Eric Clapton: Unplugged...Over 30 Years Later - Kids (Promo) (BR)
BR,1,1207830,VCBS - Brazil - Kids (Promo),325614,Espiritos Na Escola - Kids (Promo) (BR)
BR,1,1207830,VCBS - Brazil - Kids (Promo),335402,Fairly OddParents: New Wish - Kids (Promo) (BR)
BR,1,1207830,VCBS - Brazil - Kids (Promo),332818,Filmes Aventura - Kids (Promo) (BR)
BR,1,1207830,VCBS - Brazil - Kids (Promo),331925,Filmes Nacionais - Kids (Promo) (BR)
BR,1,1207830,VCBS - Brazil - Kids (Promo),314016,Férias Julho - Kids (Promo) (BR)
BR,1,1207830,VCBS - Brazil - Kids (Promo),352193,Grachi - Kids - BR (Promo) (BR)
BR,1,1207830,VCBS - Brazil - Kids (Promo),325052,Henry Danger - Kids (Promo) (BR)
BR,1,1207830,VCBS - Brazil - Kids (Promo),326661,Henry Danger: The Movie - Kids (Promo) (BR)
BR,1,1207830,VCBS - Brazil - Kids (Promo),322131,Hey Arnold! - Kids (Promo) (BR)
BR,1,1207830,VCBS - Brazil - Kids (Promo),341524,Homeful - Kids (Promo) (BR)
BR,1,1207830,VCBS - Brazil - Kids (Promo),341527,Homem Aranha - Kids (Promo) (BR)
BR,1,1207830,VCBS - Brazil - Kids (Promo),344236,Inspetor Bugiganga - Kids (Promo) (BR)
BR,1,1207830,VCBS - Brazil - Kids (Promo),333801,Isle of MTV Malta - Kids (Promo) (BR)
BR,1,1207830,VCBS - Brazil - Kids (Promo),351399,Kamp Koral - Kids (Promo) (BR)
BR,1,1207830,VCBS - Brazil - Kids (Promo),308577,Kenan & Kel - Kids (Promo) (BR)
BR,1,1207830,VCBS - Brazil - Kids (Promo),339518,Kids Club - Kids (Promo) (BR)
BR,1,1207830,VCBS - Brazil - Kids (Promo),317649,Libertadores Feminina - Kids (Promo) (BR)
BR,1,1207830,VCBS - Brazil - Kids (Promo),329790,MTV On Tour - Kids (Promo) (BR)
BR,1,1207830,VCBS - Brazil - Kids (Promo),319821,Manual do Mundo Manut - Kids (Promo) (BR)
BR,1,1207830,VCBS - Brazil - Kids (Promo),271893,Monster High - Kids (Promo) (BR)
BR,1,1207830,VCBS - Brazil - Kids (Promo),270139,Moranguinho - Kids (Promo) (BR)
BR,1,1207830,VCBS - Brazil - Kids (Promo),352054,Mr. Bean - Kids (Promo) (BR)
BR,1,1207830,VCBS - Brazil - Kids (Promo),325615,Naruto - Kids (Promo) (BR)
BR,1,1207830,VCBS - Brazil - Kids (Promo),341881,Naturetime - Kids (Promo) (BR)
BR,1,1207830,VCBS - Brazil - Kids (Promo),314077,New Brasil - Kids (Promo) (BR)
BR,1,1207830,VCBS - Brazil - Kids (Promo),268834,Nick - Kids (Promo) (BR)
BR,1,1207830,VCBS - Brazil - Kids (Promo),270140,Nick Clássico - Kids (Promo) (BR)
BR,1,1207830,VCBS - Brazil - Kids (Promo),270218,Nick Jr. Club - Kids (Promo) (BR)
BR,1,1207830,VCBS - Brazil - Kids (Promo),270221,Nick Teen - Kids (Promo) (BR)
BR,1,1207830,VCBS - Brazil - Kids (Promo),270237,Nickelodeon Rocket Power - Kids (Promo) (BR)
BR,1,1207830,VCBS - Brazil - Kids (Promo),270244,O Reino Infantil - Kids (Promo) (BR)
BR,1,1207830,VCBS - Brazil - Kids (Promo),270246,Oggy e as Baratas Tontas - Kids (Promo) (BR)
BR,1,1207830,VCBS - Brazil - Kids (Promo),327839,Os Thundermans - Kids (Promo) (BR)
BR,1,1207830,VCBS - Brazil - Kids (Promo),331666,PSA - Kids (Promo) (BR)
BR,1,1207830,VCBS - Brazil - Kids (Promo),270247,Padrinhos Magicos - Kids (Promo) (BR)
BR,1,1207830,VCBS - Brazil - Kids (Promo),325936,Paramount+ - Kids (Promo) (BR)
BR,1,1207830,VCBS - Brazil - Kids (Promo),325935,Paulistao - Kids (Promo) (BR)
BR,1,1207830,VCBS - Brazil - Kids (Promo),268835,Paw Patrol - Kids (Promo) (BR)
BR,1,1207830,VCBS - Brazil - Kids (Promo),352231,Paw Patrol Dino Movie - Kids (Promo) (BR)
BR,1,1207830,VCBS - Brazil - Kids (Promo),347094,Paw Patrol: Aventura Dino - Kids (Promo) (BR)
BR,1,1207830,VCBS - Brazil - Kids (Promo),352087,Paw Patrol: Fire Rescue - Kids (Promo) (BR)
BR,1,1207830,VCBS - Brazil - Kids (Promo),327630,Pluto TV - Kids (Promo) (BR)
BR,1,1207830,VCBS - Brazil - Kids (Promo),332201,Pluto TV Aliens - Kids (Promo) (BR)
BR,1,1207830,VCBS - Brazil - Kids (Promo),319802,Pluto TV Anime - Kids (Promo) (BR)
BR,1,1207830,VCBS - Brazil - Kids (Promo),318629,Pluto TV Desenho Classicos - Kids (Promo) (BR)
BR,1,1207830,VCBS - Brazil - Kids (Promo),345247,Pluto TV Esportes - Kids (Promo) (BR)
BR,1,1207830,VCBS - Brazil - Kids (Promo),270137,Pluto TV Junior - Kids (Promo) (BR)
BR,1,1207830,VCBS - Brazil - Kids (Promo),270138,Pluto TV Kids - Kids (Promo) (BR)
BR,1,1207830,VCBS - Brazil - Kids (Promo),308947,Pluto TV Natureza - Kids (Promo) (BR)
BR,1,1207830,VCBS - Brazil - Kids (Promo),328341,Pluto TV Negocio Fechado - Kids (Promo) (FR)
BR,1,1207830,VCBS - Brazil - Kids (Promo),340764,Pokemon - Kids (Promo) (BR)
BR,1,1207830,VCBS - Brazil - Kids (Promo),326546,Popeye - Kids (Promo) (BR)
BR,1,1207830,VCBS - Brazil - Kids (Promo),351769,Purple & Brown - Kids (Promo) (BR)
BR,1,1207830,VCBS - Brazil - Kids (Promo),339085,Relic Hunter - Kids (Promo) (BR)
BR,1,1207830,VCBS - Brazil - Kids (Promo),349583,Rocky's Cat-Astrophe - Kids (Promo) (BR)
BR,1,1207830,VCBS - Brazil - Kids (Promo),276062,Rubble&Crew - Kids (Promo) (BR)
BR,1,1207830,VCBS - Brazil - Kids (Promo),270252,Rugrats - Kids (Promo) (BR)
BR,1,1207830,VCBS - Brazil - Kids (Promo),325612,Seção 31 - Kids (Promo) (BR)
BR,1,1207830,VCBS - Brazil - Kids (Promo),330588,Sonic the Hedgehog 3 - Kids (Promo) (BR)
BR,1,1207830,VCBS - Brazil - Kids (Promo),313650,Spongebob - Kids (Promo) (BR)
BR,1,1207830,VCBS - Brazil - Kids (Promo),337525,Star Trek - Kids (Promo) (BR)
BR,1,1207830,VCBS - Brazil - Kids (Promo),342215,Tales of the TMNT - Kids (Promo) (BR)
BR,1,1207830,VCBS - Brazil - Kids (Promo),321654,Tartarugas Ninja: Histórias Mutantes - Kids (Promo) (BR)
BR,1,1207830,VCBS - Brazil - Kids (Promo),270131,Tartarugas Ninjas - Kids (Promo) (BR)
BR,1,1207830,VCBS - Brazil - Kids (Promo),351325,The Loud House - Kids (Promo) (BR)
BR,1,1207830,VCBS - Brazil - Kids (Promo),348523,The Loud House: European Adventure - Kids (Promo) (BR)
BR,1,1207830,VCBS - Brazil - Kids (Promo),351475,The Really Loud House - kids (Promo) (BR)
BR,1,1207830,VCBS - Brazil - Kids (Promo),333304,The Smurfs - Kids (Promo) (BR)
BR,1,1207830,VCBS - Brazil - Kids (Promo),327950,The Thundermans - Kids (Promo) (BR)
BR,1,1207830,VCBS - Brazil - Kids (Promo),308397,The Thundermans Return - Kids (Promo) (BR)
BR,1,1207830,VCBS - Brazil - Kids (Promo),327563,The Thundermans: Undercover - Kids (Promo) (BR)
BR,1,1207830,VCBS - Brazil - Kids (Promo),337113,Tim Rex in Space - Kids (Promo) (BR)
BR,1,1207830,VCBS - Brazil - Kids (Promo),326054,Tokusato - Kids (Promo) (BR)
BR,1,1207830,VCBS - Brazil - Kids (Promo),322208,Transformers - Kids (Promo) (BR)
BR,1,1207830,VCBS - Brazil - Kids (Promo),326097,Transformers O Início - Kids (Promo) (BR)
BR,1,1207830,VCBS - Brazil - Kids (Promo),270253,Turma da Mônica - Kids (Promo) (BR)
BR,1,1207830,VCBS - Brazil - Kids (Promo),349972,Victorious - Kids (Promo) (BR)
BR,1,1207830,VCBS - Brazil - Kids (Promo),270254,Yu Gi Oh - Kids (Promo) (BR)
BR,1,1207830,VCBS - Brazil - Kids (Promo),270239,iCarly - Kids (Promo) (BR)
CA,0,1207832,VCBS - Canada - English - Adult (Promo),268615,1923 - English (Promo) (CA)
CA,0,1207832,VCBS - Canada - English - Adult (Promo),268707,21 Jumpstreet - English (Promo) (CA)
CA,0,1207832,VCBS - Canada - English - Adult (Promo),351686,3Ice Hockey - English (Promo) (CA)
CA,0,1207832,VCBS - Canada - English - Adult (Promo),308787,500 Days in the Wild - English (Promo) (CA)
CA,0,1207832,VCBS - Canada - English - Adult (Promo),308537,9-1-1 - English (Promo) (CA)
CA,0,1207832,VCBS - Canada - English - Adult (Promo),309429,A Gentleman in Moscow - English (Promo) (CA)
CA,0,1207832,VCBS - Canada - English - Adult (Promo),316123,A Quiet Place: Day One - English (Promo) (CA)
CA,0,1207832,VCBS - Canada - English - Adult (Promo),307278,Abbott Elementary - English (Promo) (CA)
CA,0,1207832,VCBS - Canada - English - Adult (Promo),268616,Adriano Imperador - English (Promo) (CA)
CA,0,1207832,VCBS - Canada - English - Adult (Promo),316232,Adult Swim: The Anime - English (Promo) (CA)
CA,0,1209272,VCBS - Canada - French - Adult (Promo),268313,Alerte a Malibu - French (Promo) (CA)
CA,0,1207832,VCBS - Canada - English - Adult (Promo),349008,All My Children - English (Promo) (CA)
CA,0,1207832,VCBS - Canada - English - Adult (Promo),268617,All Star Shore - English (Promo) (CA)
CA,0,1207832,VCBS - Canada - English - Adult (Promo),333444,All Women's Sports Network - English (Promo) (CA)
CA,0,1207832,VCBS - Canada - English - Adult (Promo),312920,Alone - English (Promo) (CA)
CA,0,1207832,VCBS - Canada - English - Adult (Promo),268328,Always Funny Videos - English (Promo) (CA)
CA,0,1207832,VCBS - Canada - English - Adult (Promo),336788,America's Next Top Model - English (Promo) (CA)
CA,0,1207832,VCBS - Canada - English - Adult (Promo),345678,American Sweatshop - English (Promo) (CA)
CA,0,1207832,VCBS - Canada - English - Adult (Promo),350604,Among Us - English (Promo) (CA)
CA,0,1207832,VCBS - Canada - English - Adult (Promo),325832,Anatomy of Lies - English - (Promo) (CA)
CA,0,1207832,VCBS - Canada - English - Adult (Promo),268329,Andy Griffith - English (Promo) (CA)
CA,0,1207832,VCBS - Canada - English - Adult (Promo),276267,Antiques Roadshow - English (Promo) (CA)
CA,0,1207832,VCBS - Canada - English - Adult (Promo),317720,Apartment 7A - English (Promo) (CA)
CA,0,1207832,VCBS - Canada - English - Adult (Promo),308538,Apples Never Fall - English (Promo) (CA)
CA,0,1207832,VCBS - Canada - English - Adult (Promo),268618,Are You The One? - English (Promo) (CA)
CA,0,1207832,VCBS - Canada - English - Adult (Promo),268619,Ascension - English (Promo) (CA)
CA,0,1207832,VCBS - Canada - English - Adult (Promo),318323,Aussie Shore - English (Promo) (CA)
CA,0,1209272,VCBS - Canada - French - Adult (Promo),309516,AvGeek - French (Promo) (CA)
CA,0,1207832,VCBS - Canada - English - Adult (Promo),352463,Avatar Aang: The Last Airbender - English (Promo) (CA)
CA,0,1207832,VCBS - Canada - English - Adult (Promo),312199,Ax Men - English (Promo) (CA)
CA,0,1207832,VCBS - Canada - English - Adult (Promo),275776,Baby Shark's Big Movie - English (Promo) (CA)
CA,0,1207832,VCBS - Canada - English - Adult (Promo),277698,Baby Shark's Big Show - English (Promo) (CA)
CA,0,1207832,VCBS - Canada - English - Adult (Promo),312223,Backroad Truckers - English (Promo) (CA)
CA,0,1207832,VCBS - Canada - English - Adult (Promo),344584,Bad Man - English (Promo) (CA)
CA,0,1207832,VCBS - Canada - English - Adult (Promo),271733,Bargain - English (Promo) (CA)
CA,0,1207832,VCBS - Canada - English - Adult (Promo),325496,Based on a True Story - English (Promo) (CA)
CA,0,1207832,VCBS - Canada - English - Adult (Promo),312222,Battle On The Beach - English (Promo) (CA)
CA,0,1207832,VCBS - Canada - English - Adult (Promo),327547,Battlestar Galactica - English (Promo) (CA)
CA,0,1207832,VCBS - Canada - English - Adult (Promo),268330,Baywatch - English (Promo) (CA)
CA,0,1207832,VCBS - Canada - English - Adult (Promo),268331,Be IN Sports Xtra - English (Promo) (CA)
CA,0,1207832,VCBS - Canada - English - Adult (Promo),276100,Beau Is Afraid - English (Promo) (CA)
CA,0,1207832,VCBS - Canada - English - Adult (Promo),268620,Beavis & Butthead - English (Promo) (CA)
CA,0,1207832,VCBS - Canada - English - Adult (Promo),268621,Behind The Music - English (Promo) (CA)
CA,0,1207832,VCBS - Canada - English - Adult (Promo),314719,Bel-Air - English (Promo) (CA)
CA,0,1207832,VCBS - Canada - English - Adult (Promo),306719,Below Deck - English (Promo) (CA)
CA,0,1207832,VCBS - Canada - English - Adult (Promo),269323,Best of the Drew Barrymore Show - English (Promo) (CA)
CA,0,1209272,VCBS - Canada - French - Adult (Promo),308061,Bete noire - French (Promo) (CA)
CA,0,1207832,VCBS - Canada - English - Adult (Promo),328194,Better Man - English (Promo) (CA)
CA,0,1207832,VCBS - Canada - English - Adult (Promo),312224,Big Brother - English (Promo) (CA)
CA,0,1207832,VCBS - Canada - English - Adult (Promo),309332,Big Brother Canada - English (Promo) (CA)
CA,0,1207832,VCBS - Canada - English - Adult (Promo),275569,Big Brother: Reindeer Games - English (Promo) (CA)
CA,0,1207832,VCBS - Canada - English - Adult (Promo),328499,Big Burger Battle - English (Promo) (CA)
CA,0,1207832,VCBS - Canada - English - Adult (Promo),328495,Billy & Dom Eat The World - English (Promo) (CA)
CA,0,1207832,VCBS - Canada - English - Adult (Promo),272168,Billy the Kid - English (Promo) (CA)
CA,0,1207832,VCBS - Canada - English - Adult (Promo),328627,Binge 2025 - English (Promo) (CA)
CA,0,1207832,VCBS - Canada - English - Adult (Promo),311780,Bob Marley: One Love - English (Promo) (CA)
CA,0,1207832,VCBS - Canada - English - Adult (Promo),339355,Boston Blue - English (Promo) (CA)
CA,0,1207832,VCBS - Canada - English - Adult (Promo),308542,Bryan's All In - English (Promo) (CA)
CA,0,1209272,VCBS - Canada - French - Adult (Promo),308047,Bécanes de reves - French (Promo) (CA)
CA,0,1207832,VCBS - Canada - English - Adult (Promo),329507,CBC News - English (Promo) (CA)
CA,0,1207832,VCBS - Canada - English - Adult (Promo),345445,CIA - English (Promo) (CA)
CA,0,1207832,VCBS - Canada - English - Adult (Promo),268333,CSI - English (Promo) (CA)
CA,0,1207832,VCBS - Canada - English - Adult (Promo),276503,CSI: Miami - English (Promo) (CA)
CA,0,1207832,VCBS - Canada - English - Adult (Promo),276484,CSI: New York - English (Promo) (CA)
CA,0,1207832,VCBS - Canada - English - Adult (Promo),306718,CSI: Vegas - English (Promo) (CA)
CA,0,1207832,VCBS - Canada - English - Adult (Promo),341190,Canada Shore - English (Promo) (CA)
CA,0,1207832,VCBS - Canada - English - Adult (Promo),349179,Carrie (1976) - English (Promo) (CA)
CA,0,1207832,VCBS - Canada - English - Adult (Promo),349173,Carrie (2013) - English (Promo) (CA)
CA,0,1209272,VCBS - Canada - French - Adult (Promo),275575,Cascadeurs - French (Promo) (CA)
CA,0,1207832,VCBS - Canada - English - Adult (Promo),346523,Caught in the Act: Unfaithful - English (Promo) (CA)
CA,0,1207832,VCBS - Canada - English - Adult (Promo),324245,Celebrity Family Food Battle - English (Promo) (CA)
CA,0,1207832,VCBS - Canada - English - Adult (Promo),268332,Cheddar News - English (Promo) (CA)
CA,0,1207832,VCBS - Canada - English - Adult (Promo),276478,Cheers - English (Promo) (CA)
CA,0,1207832,VCBS - Canada - English - Adult (Promo),346773,Chick Fight - English (Promo) (CA)
CA,0,1207832,VCBS - Canada - English - Adult (Promo),350889,Child's Play - English (Promo) (CA)
CA,0,1207832,VCBS - Canada - English - Adult (Promo),349216,Chitty Chitty Bang Bang - English (Promo) (CA)
CA,0,1209272,VCBS - Canada - French - Adult (Promo),275577,Ciné des fêtes - French (Promo) (CA)
CA,0,1207832,VCBS - Canada - English - Adult (Promo),330429,Classica - English (Promo) (CA)
CA,0,1207832,VCBS - Canada - English - Adult (Promo),325298,Colin & Justin's Sub-Zero Reno - English (Promo) (CA)
CA,0,1207832,VCBS - Canada - English - Adult (Promo),310937,Comedy - English (Promo) (CA)
CA,0,1207832,VCBS - Canada - English - Adult (Promo),335904,Community - English (Promo) (CA)
CA,0,1207832,VCBS - Canada - English - Adult (Promo),269313,Corus - English (Promo) (CA)
CA,0,1209272,VCBS - Canada - French - Adult (Promo),276425,Corus - French (Promo) (CA)
CA,0,1207832,VCBS - Canada - English - Adult (Promo),307376,Corus - Radio - English (Promo) (CA)
CA,0,1207832,VCBS - Canada - English - Adult (Promo),344221,Coyotes - English (Promo) (CA)
CA,0,1207832,VCBS - Canada - English - Adult (Promo),309396,Crime - English (Promo) (CA)
CA,0,1207832,VCBS - Canada - English - Adult (Promo),339908,Crutch - English (Promo) (CA)
CA,0,1207832,VCBS - Canada - English - Adult (Promo),309774,DAZN TV - English (Promo) (CA)
CA,0,1207832,VCBS - Canada - English - Adult (Promo),339346,DMV - English (Promo) (CA)
CA,0,1207832,VCBS - Canada - English - Adult (Promo),312277,Dance Moms - English (Promo) (CA)
CA,0,1207832,VCBS - Canada - English - Adult (Promo),349186,Dances With Wolves - English (Promo) (CA)
CA,0,1207832,VCBS - Canada - English - Adult (Promo),352380,Day Of The Fight - English (Promo) (CA)
CA,0,1207832,VCBS - Canada - English - Adult (Promo),268334,Deal or No Deal - English (Promo) (CA)
CA,0,1207832,VCBS - Canada - English - Adult (Promo),311323,Desi Play TV - English (Promo) (CA)
CA,0,1207832,VCBS - Canada - English - Adult (Promo),268623,Devotion - English (Promo) (CA)
CA,0,1207832,VCBS - Canada - English - Adult (Promo),350292,Devotion: Obedience Or Betrayal - English (Promo) (CA)
CA,0,1207832,VCBS - Canada - English - Adult (Promo),335073,Dexter - English (Promo) (CA)
CA,0,1207832,VCBS - Canada - English - Adult (Promo),323598,Dexter: Original Sin - English (Promo) (CA)
CA,0,1207832,VCBS - Canada - English - Adult (Promo),334787,Dexter: Resurrection - English (Promo) (CA)
CA,0,1207832,VCBS - Canada - English - Adult (Promo),330428,Djazz - English (Promo) (CA)
CA,0,1207832,VCBS - Canada - English - Adult (Promo),268335,Doc Martin - English (Promo) (CA)
CA,0,1209272,VCBS - Canada - French - Adult (Promo),268315,Doctor Who - French (Promo) (CA)
CA,0,1207832,VCBS - Canada - English - Adult (Promo),268336,Doctor Who: Classic - English (Promo) (CA)
CA,0,1209272,VCBS - Canada - French - Adult (Promo),268316,Doctor Who: Classic - French (Promo) (CA)
CA,0,1207832,VCBS - Canada - English - Adult (Promo),312154,Dog The Bounty Hunter - English (Promo) (CA)
CA,0,1207832,VCBS - Canada - English - Adult (Promo),309504,Dora - English (Promo) (CA)
CA,0,1207832,VCBS - Canada - English - Adult (Promo),346731,Drive - English (Promo) (CA)
CA,0,1207832,VCBS - Canada - English - Adult (Promo),312155,Duck Dynasty - English (Promo) (CA)
CA,0,1207832,VCBS - Canada - English - Adult (Promo),346916,Dutton Ranch - English (Promo) (CA)
CA,0,1207832,VCBS - Canada - English - Adult (Promo),312119,Dynasty - English (Promo) (CA)
CA,0,1207832,VCBS - Canada - English - Adult (Promo),340589,Eddington - English (Promo) (CA)
CA,0,1207832,VCBS - Canada - English - Adult (Promo),306716,Elsbeth - English (Promo) (CA)
CA,0,1207832,VCBS - Canada - English - Adult (Promo),312662,Evil - English (Promo) (CA)
CA,0,1207832,VCBS - Canada - English - Adult (Promo),308257,FBI (Promo) (CA)
CA,0,1209272,VCBS - Canada - French - Adult (Promo),275578,FBI - French (Promo) (CA)
CA,0,1207832,VCBS - Canada - English - Adult (Promo),308258,FBI International (Promo) (CA)
CA,0,1209272,VCBS - Canada - French - Adult (Promo),311023,FDR - French (Promo) (CA)
CA,0,1207832,VCBS - Canada - English - Adult (Promo),316784,FIFA+ - English (Promo) (CA)
CA,0,1207832,VCBS - Canada - English - Adult (Promo),268337,FailArmy - English (Promo) (CA)
CA,0,1207832,VCBS - Canada - English - Adult (Promo),323554,Fallen - English (Promo) (CA)
CA,0,1207832,VCBS - Canada - English - Adult (Promo),316288,Family Feud Classic - English (Promo) (CA)
CA,0,1207832,VCBS - Canada - English - Adult (Promo),276416,Family Ties - English (Promo) (CA)
CA,0,1207832,VCBS - Canada - English - Adult (Promo),348576,Farmer Wants a Wife - English (Promo) (CA)
CA,0,1207832,VCBS - Canada - English - Adult (Promo),268624,Fatal Attraction - English (Promo) (CA)
CA,0,1207832,VCBS - Canada - English - Adult (Promo),352385,Fatal First Dates - English (Promo) (CA)
CA,0,1207832,VCBS - Canada - English - Adult (Promo),268338,Fear Factor - English (Promo) (CA)
CA,0,1207832,VCBS - Canada - English - Adult (Promo),272482,Fellow Travelers - English (Promo) (CA)
CA,0,1207832,VCBS - Canada - English - Adult (Promo),276096,Finestkind - English (Promo) (CA)
CA,0,1207832,VCBS - Canada - English - Adult (Promo),308074,Fire Country (Promo) (CA)
CA,0,1207832,VCBS - Canada - English - Adult (Promo),306717,Fire Country - English (Promo) (CA)
CA,0,1207832,VCBS - Canada - English - Adult (Promo),324261,Flavour Network - English (Promo) (CA)
CA,0,1207832,VCBS - Canada - English - Adult (Promo),268339,Forensic Files - English (Promo) (CA)
CA,0,1209272,VCBS - Canada - French - Adult (Promo),316223,Found Les Oubliés - French (Promo) (CA)
CA,0,1207832,VCBS - Canada - English - Adult (Promo),349180,Four Weddings And A Funeral - English (Promo) (CA)
CA,0,1207832,VCBS - Canada - English - Adult (Promo),271734,Frasier - English (Promo) (CA)
CA,0,1207832,VCBS - Canada - English - Adult (Promo),268652,From - English (Promo) (CA)
CA,0,1207832,VCBS - Canada - English - Adult (Promo),315208,GT20 - English (Promo) (CA)
CA,0,1207832,VCBS - Canada - English - Adult (Promo),268340,Game Show Central - English (Promo) (CA)
CA,0,1207832,VCBS - Canada - English - Adult (Promo),329625,GameTVGO - English (Promo) (CA)
CA,0,1207832,VCBS - Canada - English - Adult (Promo),308100,Ghosts (Promo) (CA)
CA,0,1209272,VCBS - Canada - French - Adult (Promo),324224,Ghosts - French (Promo) (CA)
CA,0,1207832,VCBS - Canada - English - Adult (Promo),343073,Girl Taken - English (Promo) (CA)
CA,0,1207832,VCBS - Canada - English - Adult (Promo),321958,Gladiator - English (Promo) (CA)
CA,0,1207832,VCBS - Canada - English - Adult (Promo),325211,Gladiator II - English (Promo) (CA)
CA,0,1207832,VCBS - Canada - English - Adult (Promo),309344,Global : Comedy - Corus - English (Promo) (CA)
CA,0,1207832,VCBS - Canada - English - Adult (Promo),309351,Global : Drama - Corus - English (Promo) (CA)
CA,0,1207832,VCBS - Canada - English - Adult (Promo),312914,Global Binge - English (Promo) (CA)
CA,0,1207832,VCBS - Canada - English - Adult (Promo),272830,Global National - English (Promo) (CA)
CA,0,1207832,VCBS - Canada - English - Adult (Promo),276502,Global News - English (Promo) (CA)
CA,0,1207832,VCBS - Canada - English - Adult (Promo),307312,Global News: Global National Dawna - English (Promo) (CA)
CA,0,1207832,VCBS - Canada - English - Adult (Promo),307310,Global News: The Morning Show - English (Promo) (CA)
CA,0,1207832,VCBS - Canada - English - Adult (Promo),307344,Global: FBI Franchise - English (Promo) (CA)
CA,0,1207832,VCBS - Canada - English - Adult (Promo),310876,Gold Diggers - English (Promo) (CA)
CA,0,1207832,VCBS - Canada - English - Adult (Promo),274813,Good Burger 2 - English (Promo) (CA)
CA,0,1207832,VCBS - Canada - English - Adult (Promo),349184,Good Guys Wear Black - English (Promo) (CA)
CA,0,1207832,VCBS - Canada - English - Adult (Promo),268341,Gordon Ramsay's Hell's Kitchen - English (Promo) (CA)
CA,0,1207832,VCBS - Canada - English - Adult (Promo),268342,Gunsmoke - English (Promo) (CA)
CA,0,1207832,VCBS - Canada - English - Adult (Promo),327198,Gypsy Rose: Life After Lockup - English (Promo) (CA)
CA,0,1209272,VCBS - Canada - French - Adult (Promo),313501,H Malédiction d'Oak Island - French (Promo) (CA)
CA,0,1209272,VCBS - Canada - French - Adult (Promo),313502,H Merveilles modernes Alimentation - French (Promo) (CA)
CA,0,1207832,VCBS - Canada - English - Adult (Promo),272359,HGTV - Corus - English (Promo) (CA)
CA,0,1207832,VCBS - Canada - English - Adult (Promo),310897,HGTV : Scott's Vacation House Rules  - English (Promo) (CA)
CA,0,1207832,VCBS - Canada - English - Adult (Promo),275571,HGTV: Celebrity IOU - English (Promo) (CA)
CA,0,1207832,VCBS - Canada - English - Adult (Promo),309273,HGTV: Don't Hate Your House (Promo) (CA)
CA,0,1207832,VCBS - Canada - English - Adult (Promo),272347,HISTORY - English - (Promo) (CA)
CA,0,1207832,VCBS - Canada - English - Adult (Promo),342600,HIbernation Movies - English (Promo) (CA)
CA,0,1207832,VCBS - Canada - English - Adult (Promo),347071,Hallow Road - English (Promo) (CA)
CA,0,1207832,VCBS - Canada - English - Adult (Promo),268625,Halo - English (Promo) (CA)
CA,0,1207832,VCBS - Canada - English - Adult (Promo),344490,Handsome Devil: Charming Killer - English (Promo) (CA)
CA,0,1207832,VCBS - Canada - English - Adult (Promo),268343,Happy Days - English (Promo) (CA)
CA,0,1207832,VCBS - Canada - English - Adult (Promo),328200,Happy Face - English (Promo) (CA)
CA,0,1207832,VCBS - Canada - English - Adult (Promo),268626,Harry: The Interview - English (Promo) (CA)
CA,0,1207832,VCBS - Canada - English - Adult (Promo),346279,Hate The Player - English (Promo) (CA)
CA,0,1209272,VCBS - Canada - French - Adult (Promo),309518,Heartland - French (Promo) (CA)
CA,0,1207832,VCBS - Canada - English - Adult (Promo),268627,Hellraiser - English (Promo) (CA)
CA,0,1207832,VCBS - Canada - English - Adult (Promo),330797,Heretic - English (Promo) (CA)
CA,0,1209272,VCBS - Canada - French - Adult (Promo),272247,Historia - French (Promo) (CA)
CA,0,1209272,VCBS - Canada - French - Adult (Promo),325485,Historia - Gardiens du Patrimoine - French (Promo) (CA)
CA,0,1209272,VCBS - Canada - French - Adult (Promo),312253,Historia: Au Coeur Mégantic - French (Promo) (CA)
CA,0,1209272,VCBS - Canada - French - Adult (Promo),312225,Historia: Promo Chaine - French (Promo) (CA)
CA,0,1207832,VCBS - Canada - English - Adult (Promo),275570,History - English (Promo) (CA)
CA,0,1207832,VCBS - Canada - English - Adult (Promo),308549,History Channel Original Shows - English (Promo) (CA)
CA,0,1207832,VCBS - Canada - English - Adult (Promo),308546,History's Greatest Mysteries - English (Promo) (CA)
CA,0,1209272,VCBS - Canada - French - Adult (Promo),276423,Hiver - French (Promo) (CA)
CA,0,1207832,VCBS - Canada - English - Adult (Promo),275768,Holiday Lights - English (Promo) (CA)
CA,0,1207832,VCBS - Canada - English - Adult (Promo),324260,Home Network - English (Promo) (CA)
CA,0,1207832,VCBS - Canada - English - Adult (Promo),308543,Home Town - English (Promo) (CA)
CA,0,1207832,VCBS - Canada - English - Adult (Promo),324247,Home: Extreme Makeover - English (Promo) (CA)
CA,0,1207832,VCBS - Canada - English - Adult (Promo),346778,Homefront - English (Promo) (CA)
CA,0,1207832,VCBS - Canada - English - Adult (Promo),349240,Hot Tub Time Machine - English (Promo) (CA)
CA,0,1207832,VCBS - Canada - English - Adult (Promo),338768,House of Horror - English (Promo) (CA)
CA,0,1207832,VCBS - Canada - English - Adult (Promo),350615,How to Make a Killing - English (Promo) (CA)
CA,0,1207832,VCBS - Canada - English - Adult (Promo),320109,Hysteria! - English (Promo) (CA)
CA,0,1207832,VCBS - Canada - English - Adult (Promo),312120,I Love Lucy - English (Promo) (CA)
CA,0,1207832,VCBS - Canada - English - Adult (Promo),344749,Ick - English (Promo) (CA)
CA,0,1207832,VCBS - Canada - English - Adult (Promo),314727,If - English (Promo) (CA)
CA,0,1207832,VCBS - Canada - English - Adult (Promo),345398,If I Had Legs I'd Kick You - English (Promo) (CA)
CA,0,1207832,VCBS - Canada - English - Adult (Promo),268344,Impact Wrestling - English (Promo) (CA)
CA,0,1207832,VCBS - Canada - English - Adult (Promo),308544,In the Know - English (Promo) (CA)
CA,0,1209272,VCBS - Canada - French - Adult (Promo),316228,Incroyable - French (Promo) (CA)
CA,0,1207832,VCBS - Canada - English - Adult (Promo),268628,Ink Master - English (Promo) (CA)
CA,0,1207832,VCBS - Canada - English - Adult (Promo),333711,Isle of MTV Malta - English (Promo) (CA)
CA,0,1207832,VCBS - Canada - English - Adult (Promo),268345,Jeopardy - English (Promo) (CA)
CA,0,1207832,VCBS - Canada - English - Adult (Promo),268630,Jerry & Marge Go Large - English (Promo) (CA)
CA,0,1207832,VCBS - Canada - English - Adult (Promo),341874,Jersey Shore - English (Promo) (CA)
CA,0,1209272,VCBS - Canada - French - Adult (Promo),309517,Jeudi Mécanique - French (Promo) (CA)
CA,0,1207832,VCBS - Canada - English - Adult (Promo),268631,Joe Pickett - English (Promo) (CA)
CA,0,1207832,VCBS - Canada - English - Adult (Promo),268346,Judge Judy - English (Promo) (CA)
CA,0,1207832,VCBS - Canada - English - Adult (Promo),277286,June - English (Promo) (CA)
CA,0,1207832,VCBS - Canada - English - Adult (Promo),330680,Just For Laughs - English (Promo) (CA)
CA,0,1207832,VCBS - Canada - English - Adult (Promo),276420,Kids Baking Championship - English (Promo) (CA)
CA,0,1207832,VCBS - Canada - English - Adult (Promo),312121,King of Queens - English (Promo) (CA)
CA,0,1207832,VCBS - Canada - English - Adult (Promo),268347,Kitchen Nightmares - English (Promo) (CA)
CA,0,1207832,VCBS - Canada - English - Adult (Promo),310626,Knuckles - English (Promo) (CA)
CA,0,1209272,VCBS - Canada - French - Adult (Promo),310948,La Loi & L'ordre - French (Promo) (CA)
CA,0,1209272,VCBS - Canada - French - Adult (Promo),275579,La Nuit - French (Promo) (CA)
CA,0,1209272,VCBS - Canada - French - Adult (Promo),328645,La Profileuse - French (Promo) (CA)
CA,0,1207832,VCBS - Canada - English - Adult (Promo),326846,Laid - English (Promo) (CA)
CA,0,1207832,VCBS - Canada - English - Adult (Promo),322166,Landman - English (Promo) (CA)
CA,0,1207832,VCBS - Canada - English - Adult (Promo),272434,Lawmen: Bass Reeves - English (Promo) (CA)
CA,0,1207832,VCBS - Canada - English - Adult (Promo),349450,Legally Blonde - English (Promo) (CA)
CA,0,1209272,VCBS - Canada - French - Adult (Promo),268317,Les Nouveaux Detectives - French (Promo) (CA)
CA,0,1209272,VCBS - Canada - French - Adult (Promo),316222,Les Samedi Enquête - French (Promo) (CA)
CA,0,1209272,VCBS - Canada - French - Adult (Promo),328621,Les montagnards: En Alaska - French (Promo) (CA)
CA,0,1207832,VCBS - Canada - English - Adult (Promo),316290,Let's Make A Deal - English (Promo) (CA)
CA,0,1209272,VCBS - Canada - French - Adult (Promo),276424,Liaison fatale - French (Promo) (CA)
CA,0,1207832,VCBS - Canada - English - Adult (Promo),346783,Life of a King - English (Promo) (CA)
CA,0,1207832,VCBS - Canada - English - Adult (Promo),308064,Lioness - English (Promo) (CA)
CA,0,1207832,VCBS - Canada - English - Adult (Promo),341938,Little Disasters - English (Promo) (CA)
CA,0,1207832,VCBS - Canada - English - Adult (Promo),308545,Lost U-Boats of WWII - English (Promo) (CA)
CA,0,1207832,VCBS - Canada - English - Adult (Promo),317598,Love After Lockup - English (Promo) (CA)
CA,0,1207832,VCBS - Canada - English - Adult (Promo),312425,Love Drama - English (Promo) (CA)
CA,0,1209272,VCBS - Canada - French - Adult (Promo),310933,Lundis NCIS - French (Promo) (CA)
CA,0,1207832,VCBS - Canada - English - Adult (Promo),268348,Lupin the 3rd - English (Promo) (CA)
CA,0,1207832,VCBS - Canada - English - Adult (Promo),272360,MAGNOLIA  - Corus - English (Promo) (CA)
CA,0,1207832,VCBS - Canada - English - Adult (Promo),268349,MAVTV - English (Promo) (CA)
CA,0,1207832,VCBS - Canada - English - Adult (Promo),311129,MHAD - English (Promo) (CA)
CA,0,1207832,VCBS - Canada - English - Adult (Promo),335363,MTV Biggest Pop - English (Promo) (CA)
CA,0,1207832,VCBS - Canada - English - Adult (Promo),317916,MTV EMAs - English (Promo) (CA)
CA,0,1207832,VCBS - Canada - English - Adult (Promo),314067,MTV Music - English (Promo) (CA)
CA,0,1207832,VCBS - Canada - English - Adult (Promo),316550,MTV VMA - English (Promo) (CA)
CA,0,1207832,VCBS - Canada - English - Adult (Promo),276480,Mad About You - English (Promo) (CA)
CA,0,1207832,VCBS - Canada - English - Adult (Promo),318965,Married at First Sight - English (Promo) (CA)
CA,0,1207832,VCBS - Canada - English - Adult (Promo),345337,Marshals - English (Promo) (CA)
CA,0,1207832,VCBS - Canada - English - Adult (Promo),339959,Materialists - English (Promo) (CA)
CA,0,1207832,VCBS - Canada - English - Adult (Promo),314961,Matlock - English (Promo) (CA)
CA,0,1207832,VCBS - Canada - English - Adult (Promo),268633,Mayor of Kingstown - English (Promo) (CA)
CA,0,1207832,VCBS - Canada - English - Adult (Promo),308341,Mean Girls (Promo) (CA)
CA,0,1207832,VCBS - Canada - English - Adult (Promo),327552,Miami Vice - English (Promo) (CA)
CA,0,1207832,VCBS - Canada - English - Adult (Promo),314725,Michael Johnson: Super Man - English (Promo) (CA)
CA,0,1207832,VCBS - Canada - English - Adult (Promo),268350,Midsomer Murders - English (Promo) (CA)
CA,0,1207832,VCBS - Canada - English - Adult (Promo),346781,Mike Tyson: Fists of Iron - English (Promo) (CA)
CA,0,1207832,VCBS - Canada - English - Adult (Promo),273235,Milli Vanilli - English (Promo) (CA)
CA,0,1207832,VCBS - Canada - English - Adult (Promo),350992,Missing in Action - English (Promo) (CA)
CA,0,1207832,VCBS - Canada - English - Adult (Promo),308343,Mission Impossible (Promo) (CA)
CA,0,1207832,VCBS - Canada - English - Adult (Promo),277830,Mission Impossible Dead Reckoning - English (Promo) (CA)
CA,0,1207832,VCBS - Canada - English - Adult (Promo),331033,Mission: Impossible The Final Reckoning - English (Promo) (CA)
CA,0,1207832,VCBS - Canada - English - Adult (Promo),328623,MobLand - English (Promo) (CA)
CA,0,1207832,VCBS - Canada - English - Adult (Promo),312276,Modern Marvels - English (Promo) (CA)
CA,0,1207832,VCBS - Canada - English - Adult (Promo),268634,Moment of Truth - English (Promo) (CA)
CA,0,1207832,VCBS - Canada - English - Adult (Promo),352970,Mother Mary - English (Promo) (CA)
CA,0,1207832,VCBS - Canada - English - Adult (Promo),330430,Movie Music by Stingray - English (Promo) (CA)
CA,0,1207832,VCBS - Canada - English - Adult (Promo),307335,NCIS - English (Promo) (CA)
CA,0,1207832,VCBS - Canada - English - Adult (Promo),308336,NCIS: Hawaii - English (Promo) (CA)
CA,0,1207832,VCBS - Canada - English - Adult (Promo),317897,NCIS: Origins - English (Promo) (CA)
CA,0,1207832,VCBS - Canada - English - Adult (Promo),274745,NCIS: Sydney - English (Promo) (CA)
CA,0,1207832,VCBS - Canada - English - Adult (Promo),335072,NCIS: Tony & Ziva - English (Promo) (CA)
CA,0,1207832,VCBS - Canada - English - Adult (Promo),334120,Naked Gun - English (Promo) (CA)
CA,0,1207832,VCBS - Canada - English - Adult (Promo),330508,Naruto - English (Promo) (CA)
CA,0,1207832,VCBS - Canada - English - Adult (Promo),330427,Naturescape - English (Promo) (CA)
CA,0,1207832,VCBS - Canada - English - Adult (Promo),268632,Nebworth 22: Liam Gallagher - English (Promo) (CA)
CA,0,1207832,VCBS - Canada - English - Adult (Promo),344295,Never Get Busted - English (Promo) (CA)
CA,0,1207832,VCBS - Canada - English - Adult (Promo),268635,Never Seen Again - English (Promo) (CA)
CA,0,1207832,VCBS - Canada - English - Adult (Promo),346779,No Escape - English (Promo) (CA)
CA,0,1207832,VCBS - Canada - English - Adult (Promo),268351,Nosey - English (Promo) (CA)
CA,0,1209272,VCBS - Canada - French - Adult (Promo),315004,Nouveautés - French (Promo) (CA)
CA,0,1207832,VCBS - Canada - English - Adult (Promo),332087,Novocaine - English (Promo) (CA)
CA,0,1209272,VCBS - Canada - French - Adult (Promo),316226,Nuit Blanche - French (Promo) (CA)
CA,0,1207832,VCBS - Canada - English - Adult (Promo),349255,Nuremberg - English (Promo) (CA)
CA,0,1207832,VCBS - Canada - English - Adult (Promo),268636,Orphan First Kill - English (Promo) (CA)
CA,0,1207832,VCBS - Canada - English - Adult (Promo),276265,Out TV Proud - English (Promo) (CA)
CA,0,1207832,VCBS - Canada - English - Adult (Promo),322701,Outlander - English (Promo) (CA)
CA,0,1207832,VCBS - Canada - English - Adult (Promo),338363,Ozzy: No Escape From Now - English (Promo) (CA)
CA,0,1207832,VCBS - Canada - English - Adult (Promo),333247,PSA Promos - English (Promo) (CA)
CA,0,1207832,VCBS - Canada - English - Adult (Promo),268622,Paramount + - English (Promo) (CA)
CA,0,1207832,VCBS - Canada - English - Adult (Promo),322699,Paris and Nicole: The Encore - English (Promo) (CA)
CA,0,1209272,VCBS - Canada - French - Adult (Promo),310929,Patrick Norman Au Rwanda - French (Promo) (CA)
CA,0,1207832,VCBS - Canada - English - Adult (Promo),276490,Paw Patrol: The Mighty Movie - English (Promo) (CA)
CA,0,1209272,VCBS - Canada - French - Adult (Promo),317642,Pawn Stars - French (Promo) (CA)
CA,0,1207832,VCBS - Canada - English - Adult (Promo),271915,Pet Sematary: Bloodlines - English (Promo) (CA)
CA,0,1207832,VCBS - Canada - English - Adult (Promo),335243,Playing Gracie Darling - English (Promo) (CA)
CA,0,1209272,VCBS - Canada - French - Adult (Promo),268318,Pluto TV - French (Promo) (CA)
CA,0,1207832,VCBS - Canada - English - Adult (Promo),333026,Pluto TV 80's Action - English (Promo) (CA)
CA,0,1207832,VCBS - Canada - English - Adult (Promo),268352,Pluto TV Brand - English (Promo) (CA)
CA,0,1207832,VCBS - Canada - English - Adult (Promo),334225,Pluto TV SciFi - English (Promo) (CA)
CA,0,1207832,VCBS - Canada - English - Adult (Promo),323658,Pluto TV Sitcom - English (Promo) (CA)
CA,0,1207832,VCBS - Canada - English - Adult (Promo),323660,Pokemon - English (Promo) (CA)
CA,0,1209272,VCBS - Canada - French - Adult (Promo),308057,Poker Face - French (Promo) (CA)
CA,0,1207832,VCBS - Canada - English - Adult (Promo),348643,Pose - English (Promo) (CA)
CA,0,1207832,VCBS - Canada - English - Adult (Promo),346441,Primate - English (Promo) (CA)
CA,0,1207832,VCBS - Canada - English - Adult (Promo),312429,Pyramid Game - English (Promo) (CA)
CA,0,1207832,VCBS - Canada - English - Adult (Promo),268639,Queen of the Universe - English (Promo) (CA)
CA,0,1207832,VCBS - Canada - English - Adult (Promo),271730,Rabbit Hole - English (Promo) (CA)
CA,0,1207832,VCBS - Canada - English - Adult (Promo),312129,Real Madrid TV - English (Promo) (CA)
CA,0,1207832,VCBS - Canada - English - Adult (Promo),309411,Reality - English (Promo) (CA)
CA,0,1207832,VCBS - Canada - English - Adult (Promo),268653,Red Election - English (Promo) (CA)
CA,0,1207832,VCBS - Canada - English - Adult (Promo),344018,Red Eye - English (Promo) (CA)
CA,0,1207832,VCBS - Canada - English - Adult (Promo),338659,Regretting You - English (Promo) (CA)
CA,0,1207832,VCBS - Canada - English - Adult (Promo),326869,Renovation Resort - English (Promo) (CA)
CA,0,1209272,VCBS - Canada - French - Adult (Promo),275576,Restauré en secret - French (Promo) (CA)
CA,0,1209272,VCBS - Canada - French - Adult (Promo),315005,Retours - French (Promo) (CA)
CA,0,1207832,VCBS - Canada - English - Adult (Promo),307605,Rock on the Block (Promo) (CA)
CA,0,1209272,VCBS - Canada - French - Adult (Promo),306676,Rois de la Récup - French (Promo) (CA)
CA,0,1207832,VCBS - Canada - English - Adult (Promo),338621,Roofman - English (Promo) (CA)
CA,0,1207832,VCBS - Canada - English - Adult (Promo),272350,SHOWCASE Culprits - English (Promo) (CA)
CA,0,1207832,VCBS - Canada - English - Adult (Promo),272349,SHOWCASE Killing It - English (Promo) (CA)
CA,0,1207832,VCBS - Canada - English - Adult (Promo),272358,SLICE - Corus - English (Promo) (CA)
CA,0,1207832,VCBS - Canada - English - Adult (Promo),309342,STACKTV : Rick and Morty - English (Promo) (CA)
CA,0,1207832,VCBS - Canada - English - Adult (Promo),328643,STACKTV Exclusives - English (Promo) (CA)
CA,0,1207832,VCBS - Canada - English - Adult (Promo),330654,Sailor Moon - English (Promo) (CA)
CA,0,1207832,VCBS - Canada - English - Adult (Promo),350894,Scary Movie - English (Promo) (CA)
CA,0,1207832,VCBS - Canada - English - Adult (Promo),346683,Scene Lifts (Promo) (CA)
CA,0,1207832,VCBS - Canada - English - Adult (Promo),325625,School Spirits - English (Promo) (CA)
CA,0,1207832,VCBS - Canada - English - Adult (Promo),328498,Scott's Vacation House Rules - English (Promo) (CA)
CA,0,1207832,VCBS - Canada - English - Adult (Promo),346777,Scream - English (Promo) (CA)
CA,0,1207832,VCBS - Canada - English - Adult (Promo),346786,Scream 3 - English (Promo) (CA)
CA,0,1207832,VCBS - Canada - English - Adult (Promo),344933,Scream 7 - English (Promo) (CA)
CA,0,1207832,VCBS - Canada - English - Adult (Promo),268640,Seal Team - English (Promo) (CA)
CA,0,1207832,VCBS - Canada - English - Adult (Promo),325464,Section 31 - English (Promo) (CA)
CA,0,1207832,VCBS - Canada - English - Adult (Promo),277267,Self Reliance - English (Promo) (CA)
CA,0,1207832,VCBS - Canada - English - Adult (Promo),277827,Sexy Beast - English (Promo) (CA)
CA,0,1207832,VCBS - Canada - English - Adult (Promo),276173,Shades of Black - English (Promo) (CA)
CA,0,1207832,VCBS - Canada - English - Adult (Promo),268353,Shameless - English (Promo) (CA)
CA,0,1207832,VCBS - Canada - English - Adult (Promo),313545,Sharkfest - English (Promo) (CA)
CA,0,1207832,VCBS - Canada - English - Adult (Promo),339357,Sheriff Country - English (Promo) (CA)
CA,0,1207832,VCBS - Canada - English - Adult (Promo),342001,Shores Franchise - English (Promo) (CA)
CA,0,1207832,VCBS - Canada - English - Adult (Promo),275568,Showcase - English (Promo) (CA)
CA,0,1207832,VCBS - Canada - English - Adult (Promo),307230,Showcase - SLICE - Vanderpump (Promo) (CA)
CA,0,1207832,VCBS - Canada - English - Adult (Promo),310892,Showcase: All American - English (Promo) (CA)
CA,0,1207832,VCBS - Canada - English - Adult (Promo),311012,Showcase: Dark City: The Cleaner - English (Promo) (CA)
CA,0,1207832,VCBS - Canada - English - Adult (Promo),310905,Showcase: Dinner with the Parents - English (Promo) (CA)
CA,0,1207832,VCBS - Canada - English - Adult (Promo),275567,Showcase: Dr. Death - English (Promo) (CA)
CA,0,1207832,VCBS - Canada - English - Adult (Promo),314964,Showcase: Fight Night - English (Promo) (CA)
CA,0,1207832,VCBS - Canada - English - Adult (Promo),310887,Showcase: House of Gods  - English (Promo) (CA)
CA,0,1207832,VCBS - Canada - English - Adult (Promo),310938,Showcase: Tattooist of Auschwitz - English (Promo) (CA)
CA,0,1207832,VCBS - Canada - English - Adult (Promo),352964,Sicario: Day of the Soldado - English (Promo) (CA)
CA,0,1207832,VCBS - Canada - English - Adult (Promo),324243,Side Hustlers - English (Promo) (CA)
CA,0,1207832,VCBS - Canada - English - Adult (Promo),338604,SkyMed - English (Promo) (CA)
CA,0,1207832,VCBS - Canada - English - Adult (Promo),333021,Sliders - English (Promo) (CA)
CA,0,1207832,VCBS - Canada - English - Adult (Promo),268654,Smile - English (Promo) (CA)
CA,0,1207832,VCBS - Canada - English - Adult (Promo),333233,Smurfs - English (Promo) (CA)
CA,0,1207832,VCBS - Canada - English - Adult (Promo),308532,Snack Shack (Promo) (CA)
CA,0,1207832,VCBS - Canada - English - Adult (Promo),307355,So Help Me Todd - English (Promo) (CA)
CA,0,1209272,VCBS - Canada - French - Adult (Promo),272334,So Help Me Todd - French (Promo) (CA)
CA,0,1207832,VCBS - Canada - English - Adult (Promo),352603,Solo Mio - English (Promo) (CA)
CA,0,1207832,VCBS - Canada - English - Adult (Promo),323439,Sonic 3 - English (Promo) (CA)
CA,0,1209272,VCBS - Canada - French - Adult (Promo),323654,Sonic the Hedgehog 3 - French (Promo) (CA)
CA,0,1207832,VCBS - Canada - English - Adult (Promo),349493,Soul Plane - English (Promo) (CA)
CA,0,1207832,VCBS - Canada - English - Adult (Promo),276350,South Park (Not Suitable for Children) (Promo) (CA)
CA,0,1207832,VCBS - Canada - English - Adult (Promo),268354,South Park - English (Promo) (CA)
CA,0,1209272,VCBS - Canada - French - Adult (Promo),268319,South Park - French (Promo) (CA)
CA,0,1207832,VCBS - Canada - English - Adult (Promo),272244,South Park: Joining the Pandaverse - English (Promo) (CA)
CA,0,1207832,VCBS - Canada - English - Adult (Promo),312310,South Park: The End of Obesity - English (Promo) (CA)
CA,0,1209272,VCBS - Canada - French - Adult (Promo),315580,Spongebob - French (Promo) (CA)
CA,0,1207832,VCBS - Canada - English - Adult (Promo),314236,Spongebob Squarepants - English (Promo) (CA)
CA,0,1207832,VCBS - Canada - English - Adult (Promo),308540,Spring Baking Championship - English (Promo) (CA)
CA,0,1207832,VCBS - Canada - English - Adult (Promo),311471,Stack TV: Pluto Home Reno - English (Promo) (CA)
CA,0,1207832,VCBS - Canada - English - Adult (Promo),306715,StackTV - English (Promo) (CA)
CA,0,1207832,VCBS - Canada - English - Adult (Promo),311015,StackTV: Chucky - English (Promo) (CA)
CA,0,1207832,VCBS - Canada - English - Adult (Promo),312217,StackTV: Lifestyle - English (Promo) (CA)
CA,0,1207832,VCBS - Canada - English - Adult (Promo),312218,StackTV: Tattooist of Auschwitz - English (Promo) (CA)
CA,0,1207832,VCBS - Canada - English - Adult (Promo),273239,Star Trek - English (Promo) (CA)
CA,0,1207832,VCBS - Canada - English - Adult (Promo),268641,Star Trek: Discovery - English (Promo) (CA)
CA,0,1207832,VCBS - Canada - English - Adult (Promo),272316,Star Trek: Lower Decks - English (Promo) (CA)
CA,0,1207832,VCBS - Canada - English - Adult (Promo),343262,Star Trek: Starfleet Academy - English (Promo) (CA)
CA,0,1207832,VCBS - Canada - English - Adult (Promo),272167,Star Trek: Strange New Worlds - English (Promo) (CA)
CA,0,1207832,VCBS - Canada - English - Adult (Promo),349501,Stargate - English (Promo) (CA)
CA,0,1207832,VCBS - Canada - English - Adult (Promo),344489,Stars At Noon - English (Promo) (CA)
CA,0,1209272,VCBS - Canada - French - Adult (Promo),272333,Station 19 - French (Promo) (CA)
CA,0,1207832,VCBS - Canada - English - Adult (Promo),345600,Strange Harvest - English (Promo) (CA)
CA,0,1207832,VCBS - Canada - English - Adult (Promo),310900,Summer Baking Championship - English (Promo) (CA)
CA,0,1207832,VCBS - Canada - English - Adult (Promo),338910,Sumo - English (Promo) (CA)
CA,0,1207832,VCBS - Canada - English - Adult (Promo),311795,Survivor (Promo) (CA)
CA,0,1207832,VCBS - Canada - English - Adult (Promo),272306,Survivor - English (Promo) (CA)
CA,0,1209272,VCBS - Canada - French - Adult (Promo),271970,SÉRIES PLUS - French (Promo) (CA)
CA,0,1207832,VCBS - Canada - English - Adult (Promo),310767,TNA Wrestling - English (Promo) (CA)
CA,0,1207832,VCBS - Canada - English - Adult (Promo),315013,Tales of the Teenage Mutant Ninja Turtles - English (Promo) (CA)
CA,0,1207832,VCBS - Canada - English - Adult (Promo),268355,Taxi - English (Promo) (CA)
CA,0,1207832,VCBS - Canada - English - Adult (Promo),322698,Teacup - English (Promo) (CA)
CA,0,1207832,VCBS - Canada - English - Adult (Promo),276417,Ted - English (Promo) (CA)
CA,0,1207832,VCBS - Canada - English - Adult (Promo),268642,Teen Wolf - English (Promo) (CA)
CA,0,1207832,VCBS - Canada - English - Adult (Promo),316233,Teletoon+ - English (Promo) (CA)
CA,0,1207832,VCBS - Canada - English - Adult (Promo),323133,The Agency - English (Promo) (CA)
CA,0,1207832,VCBS - Canada - English - Adult (Promo),272029,The Burning Girls - English (Promo) (CA)
CA,0,1207832,VCBS - Canada - English - Adult (Promo),268356,The Carol Burnett Show - English (Promo) (CA)
CA,0,1207832,VCBS - Canada - English - Adult (Promo),330972,The Challenge - English (Promo) (CA)
CA,0,1207832,VCBS - Canada - English - Adult (Promo),268643,The Challenge: All Stars - English (Promo) (CA)
CA,0,1207832,VCBS - Canada - English - Adult (Promo),268644,The Chemistry of Death - English (Promo) (CA)
CA,0,1207832,VCBS - Canada - English - Adult (Promo),332102,The Children of October 7 - English (Promo) (CA)
CA,0,1207832,VCBS - Canada - English - Adult (Promo),273071,The Curse - English (Promo) (CA)
CA,0,1207832,VCBS - Canada - English - Adult (Promo),276419,The Curse of Oak Island - English (Promo) (CA)
CA,0,1207832,VCBS - Canada - English - Adult (Promo),275639,The Daily Show - English (Promo) (CA)
CA,0,1207832,VCBS - Canada - English - Adult (Promo),322694,The Day of the Jackal - English (Promo) (CA)
CA,0,1207832,VCBS - Canada - English - Adult (Promo),268357,The Dick Van Dyke Show - English (Promo) (CA)
CA,0,1207832,VCBS - Canada - English - Adult (Promo),268645,The Disappearance of Gabby Petito - English (Promo) (CA)
CA,0,1207832,VCBS - Canada - English - Adult (Promo),352833,The Drama - English (Promo) (CA)
CA,0,1207832,VCBS - Canada - English - Adult (Promo),268358,The Ed Sullivan Show - English (Promo) (CA)
CA,0,1207832,VCBS - Canada - English - Adult (Promo),268646,The Elon Musk Show - English (Promo) (CA)
CA,0,1207832,VCBS - Canada - English - Adult (Promo),330383,The Emeril Lagasse Channel - English (Promo) (CA)
CA,0,1207832,VCBS - Canada - English - Adult (Promo),306943,The End We Start From - English (Promo) (CA)
CA,0,1207832,VCBS - Canada - English - Adult (Promo),308264,The FBI's (Promo) (CA)
CA,0,1207832,VCBS - Canada - English - Adult (Promo),272732,The Family Stallone - English (Promo) (CA)
CA,0,1207832,VCBS - Canada - English - Adult (Promo),315588,The Graham Norton Show - English (Promo) (CA)
CA,0,1207832,VCBS - Canada - English - Adult (Promo),323462,The Great Christmas Light Fight - English (Promo) (CA)
CA,0,1207832,VCBS - Canada - English - Adult (Promo),340719,The Home - English (Promo) (CA)
CA,0,1207832,VCBS - Canada - English - Adult (Promo),268647,The Last King of the Cross - English (Promo) (CA)
CA,0,1207832,VCBS - Canada - English - Adult (Promo),352609,The Last Rodeo - English (Promo) (CA)
CA,0,1207832,VCBS - Canada - English - Adult (Promo),268359,The Life and Legend of Wyatt Earp - English (Promo) (CA)
CA,0,1207832,VCBS - Canada - English - Adult (Promo),346782,The Long Walk Home - English (Promo) (CA)
CA,0,1207832,VCBS - Canada - English - Adult (Promo),268681,The Lost City - English (Promo) (CA)
CA,0,1207832,VCBS - Canada - English - Adult (Promo),268360,The Love Boat - English (Promo) (CA)
CA,0,1207832,VCBS - Canada - English - Adult (Promo),345821,The Madison - English (Promo) (CA)
CA,0,1207832,VCBS - Canada - English - Adult (Promo),330386,The Martha Stewart Channel - English (Promo) (CA)
CA,0,1207832,VCBS - Canada - English - Adult (Promo),268361,The New Detectives - English (Promo) (CA)
CA,0,1207832,VCBS - Canada - English - Adult (Promo),312307,The Offer - English (Promo) (CA)
CA,0,1207832,VCBS - Canada - English - Adult (Promo),268362,The Pet Collective - English (Promo) (CA)
CA,0,1207832,VCBS - Canada - English - Adult (Promo),345601,The Pink Pill - English (Promo) (CA)
CA,0,1207832,VCBS - Canada - English - Adult (Promo),316320,The Price is Right - English (Promo) (CA)
CA,0,1207832,VCBS - Canada - English - Adult (Promo),316301,The Price is Right: Barker Era - English (Promo) (CA)
CA,0,1207832,VCBS - Canada - English - Adult (Promo),268651,The Real World - English (Promo) (CA)
CA,0,1207832,VCBS - Canada - English - Adult (Promo),339435,The Road - English (Promo) (CA)
CA,0,1207832,VCBS - Canada - English - Adult (Promo),325468,The Road Trip - English (Promo) (CA)
CA,0,1207832,VCBS - Canada - English - Adult (Promo),341670,The Rookie - English (Promo) (CA)
CA,0,1207832,VCBS - Canada - English - Adult (Promo),343281,The Running Man - English (Promo) (CA)
CA,0,1207832,VCBS - Canada - English - Adult (Promo),343723,The Smashing Machine - English (Promo) (CA)
CA,0,1207832,VCBS - Canada - English - Adult (Promo),273249,The Spongebob Universe - English (Promo) (CA)
CA,0,1207832,VCBS - Canada - English - Adult (Promo),339351,The Substance - English (Promo) (CA)
CA,0,1207832,VCBS - Canada - English - Adult (Promo),341752,The Toxic Avenger - English (Promo) (CA)
CA,0,1207832,VCBS - Canada - English - Adult (Promo),268363,The Twilight Zone - English (Promo) (CA)
CA,0,1207832,VCBS - Canada - English - Adult (Promo),276418,The Way Home - English (Promo) (CA)
CA,0,1207832,VCBS - Canada - English - Adult (Promo),351873,The Westies - English (Promo) (CA)
CA,0,1207832,VCBS - Canada - English - Adult (Promo),277822,The Woman in the Wall - English (Promo) (CA)
CA,0,1207832,VCBS - Canada - English - Adult (Promo),344580,The Worst Person In The World - English (Promo) (CA)
CA,0,1207832,VCBS - Canada - English - Adult (Promo),344488,The X- Files - English (Promo) (CA)
CA,0,1207832,VCBS - Canada - English - Adult (Promo),349449,Thelma & Louise - English (Promo) (CA)
CA,0,1207832,VCBS - Canada - English - Adult (Promo),312312,Three Months - English (Promo) (CA)
CA,0,1207832,VCBS - Canada - English - Adult (Promo),314124,Three's Company - English (Promo) (CA)
CA,0,1207832,VCBS - Canada - English - Adult (Promo),312156,Tiny House Nation (Promo) (CA)
CA,0,1207832,VCBS - Canada - English - Adult (Promo),344738,Titanic Sinks Tonight - English (Promo) (CA)
CA,0,1207832,VCBS - Canada - English - Adult (Promo),308541,Top Chef - English (Promo) (CA)
CA,0,1207832,VCBS - Canada - English - Adult (Promo),276266,Top Gear - English (Promo) (CA)
CA,0,1207832,VCBS - Canada - English - Adult (Promo),349368,Top Gun: Maverick - English (Promo) (CA)
CA,0,1207832,VCBS - Canada - English - Adult (Promo),350364,Topuria Matador - English (Promo) (CA)
CA,0,1209272,VCBS - Canada - French - Adult (Promo),310415,Tortues Ninja - French (Promo) (USA)
CA,0,1207832,VCBS - Canada - English - Adult (Promo),306720,Tournament of Champions - English (Promo) (CA)
CA,0,1209272,VCBS - Canada - French - Adult (Promo),316229,Transmission - French (Promo) (CA)
CA,0,1207832,VCBS - Canada - English - Adult (Promo),268648,Tulsa King - English (Promo) (CA)
CA,0,1207832,VCBS - Canada - English - Adult (Promo),332620,Twisted Metal - English (Promo) (CA)
CA,0,1207832,VCBS - Canada - English - Adult (Promo),329632,UFC - English (Promo) (CA)
CA,0,1207832,VCBS - Canada - English - Adult (Promo),272928,UX Range English (Promo) (CA)
CA,0,1207832,VCBS - Canada - English - Adult (Promo),351807,Undertone - English (Promo) (CA)
CA,0,1207832,VCBS - Canada - English - Adult (Promo),268711,Unsolved Mysteries - English (Promo) (CA)
CA,0,1207832,VCBS - Canada - English - Adult (Promo),350990,Untamed Heart - English (Promo) (CA)
CA,0,1207832,VCBS - Canada - English - Adult (Promo),335365,VMAs - English (Promo) (CA)
CA,0,1207832,VCBS - Canada - English - Adult (Promo),339137,Vicious - English (Promo) (CA)
CA,0,1207832,VCBS - Canada - English - Adult (Promo),275566,W Network: Based on a True Story - English (Promo) (CA)
CA,0,1207832,VCBS - Canada - English - Adult (Promo),313651,W Network: Hallmark Channel's Christmas in July - English (Promo) (CA)
CA,0,1207832,VCBS - Canada - English - Adult (Promo),307224,W Network: Hallmark Channel’s Loveuary - English (Promo) (CA)
CA,0,1207832,VCBS - Canada - English - Adult (Promo),309418,W Network: Hallmark Channel’s Spring into Love - English (Promo) (CA)
CA,0,1207832,VCBS - Canada - English - Adult (Promo),272030,Waco - English (Promo) (CA)
CA,0,1207832,VCBS - Canada - English - Adult (Promo),328205,Watson - English (Promo) (CA)
CA,0,1207832,VCBS - Canada - English - Adult (Promo),312221,We Are Lady Parts - English (Promo) (CA)
CA,0,1207832,VCBS - Canada - English - Adult (Promo),349542,Wedding Daze - English (Promo) (CA)
CA,0,1207832,VCBS - Canada - English - Adult (Promo),338455,Weeds / Nurse Jackie - English (Promo) (CA)
CA,0,1207832,VCBS - Canada - English - Adult (Promo),268364,Wheel of Fortune - English (Promo) (CA)
CA,0,1207832,VCBS - Canada - English - Adult (Promo),345587,Wild Boys: Strangers in Town - English (Promo) (CA)
CA,0,1207832,VCBS - Canada - English - Adult (Promo),351244,Wild Cherry - English (Promo) (CA)
CA,0,1207832,VCBS - Canada - English - Adult (Promo),327967,Will & Grace - English (Promo) (CA)
CA,0,1207832,VCBS - Canada - English - Adult (Promo),344502,Willow Sports - English (Promo) (CA)
CA,0,1207832,VCBS - Canada - English - Adult (Promo),268365,Wipeout - English (Promo) (CA)
CA,0,1207832,VCBS - Canada - English - Adult (Promo),268649,Wolf Pack - English (Promo) (CA)
CA,0,1207832,VCBS - Canada - English - Adult (Promo),346780,Woman Walks Ahead - English (Promo) (CA)
CA,0,1207832,VCBS - Canada - English - Adult (Promo),349981,World of Love Island - English (Promo) (CA)
CA,0,1207832,VCBS - Canada - English - Adult (Promo),268366,Yahoo Finance - English (Promo) (CA)
CA,0,1207832,VCBS - Canada - English - Adult (Promo),268650,Yellowstone - English (Promo) (CA)
CA,0,1209272,VCBS - Canada - French - Adult (Promo),271969,Yellowstone - French (Promo) (CA)
CA,0,1207832,VCBS - Canada - English - Adult (Promo),313905,Yellowstone: One-Fifty - English (Promo) (CA)
CA,0,1207832,VCBS - Canada - English - Adult (Promo),330581,Yu-Gi-Oh! - English (Promo) (CA)
CA,0,1207832,VCBS - Canada - English - Adult (Promo),272435,Zoey 102 - English (Promo) (CA)
CA,0,1207832,VCBS - Canada - English - Adult (Promo),345529,Zuffa Boxing - English (Promo) (CA)
CA,1,1209274,VCBS - Canada - English - Kids (Promo),272400,Adventure Time: Fionna & Cake - Kids - English (Promo) (CA)
CA,1,1209274,VCBS - Canada - English - Kids (Promo),350611,Among Us - Kids (Promo) (CA)
CA,1,1209273,VCBS - Canada - French - Kids (Promo),324221,Ariel - French - Kids (Promo) (CA)
CA,1,1209274,VCBS - Canada - English - Kids (Promo),352464,Avatar Aang: The Last Airbender - Kids (Promo) (CA)
CA,1,1209274,VCBS - Canada - English - Kids (Promo),268732,Baby Shark - Kids - English (Promo) (CA)
CA,1,1209274,VCBS - Canada - English - Kids (Promo),275221,Baby Shark's Big Movie - Kids - English (Promo) (CA)
CA,1,1209274,VCBS - Canada - English - Kids (Promo),277620,Baby Shark's Big Show - Kids - English (Promo) (CA)
CA,1,1209274,VCBS - Canada - English - Kids (Promo),351627,Barbapapa - Kids (Promo) (CA)
CA,1,1209274,VCBS - Canada - English - Kids (Promo),272253,Batwheels - Kids - English (Promo) (CA)
CA,1,1209273,VCBS - Canada - French - Kids (Promo),316206,Beyblade X - French - Kids (Promo) (CA)
CA,1,1209274,VCBS - Canada - English - Kids (Promo),268733,Big Nate - Kids - English (Promo) (CA)
CA,1,1209273,VCBS - Canada - French - Kids (Promo),309519,Bingo et Rolly - French - Kids (Promo) (CA)
CA,1,1209274,VCBS - Canada - English - Kids (Promo),310444,Blaze and The Monster Machines - Kids - English (Promo) (CA)
CA,1,1209274,VCBS - Canada - English - Kids (Promo),268734,Blues Big City Adventure - Kids - English (Promo) (CA)
CA,1,1209274,VCBS - Canada - English - Kids (Promo),310449,Blues Clues - Kids - English (Promo) (CA)
CA,1,1209273,VCBS - Canada - French - Kids (Promo),315017,Bluey - French - Kids (Promo) (CA)
CA,1,1209274,VCBS - Canada - English - Kids (Promo),310450,Bubble Guppies - Kids - English (Promo) (CA)
CA,1,1209273,VCBS - Canada - French - Kids (Promo),311022,Bugs Bunny Constructeurs - French - Kids (Promo) (CA)
CA,1,1209273,VCBS - Canada - French - Kids (Promo),275580,Builder Brothers - French - Kids (Promo) (CA)
CA,1,1209273,VCBS - Canada - French - Kids (Promo),312219,Camp Kikiwaka - French - Kids (Promo) (CA)
CA,1,1209274,VCBS - Canada - English - Kids (Promo),308056,Cartoon Network - Kids - English (Promo) (CA)
CA,1,1209274,VCBS - Canada - English - Kids (Promo),351755,Casagrandes - Kids (Promo) (CA)
CA,1,1209274,VCBS - Canada - English - Kids (Promo),312252,Craig Of The Creek - Kids - English (Promo) (CA)
CA,1,1209274,VCBS - Canada - English - Kids (Promo),306664,Danger Force - Kids - English (Promo) (CA)
CA,1,1209273,VCBS - Canada - French - Kids (Promo),313494,Disney Channel - French - Kids (Promo) (CA)
CA,1,1209273,VCBS - Canada - French - Kids (Promo),315016,DisneyRama - French - Kids (Promo) (CA)
CA,1,1209274,VCBS - Canada - English - Kids (Promo),351552,Dora - Kids (Promo) (CA)
CA,1,1209274,VCBS - Canada - English - Kids (Promo),308078,Dora - Kids - English (Promo) (CA)
CA,1,1209273,VCBS - Canada - French - Kids (Promo),268325,Dora TV - French - Kids (Promo) (CA)
CA,1,1209274,VCBS - Canada - English - Kids (Promo),268724,Dora TV - Kids - English (Promo) (CA)
CA,1,1209274,VCBS - Canada - English - Kids (Promo),272250,Dragons: The Nine Realms - Kids - English (Promo) (CA)
CA,1,1209273,VCBS - Canada - French - Kids (Promo),275582,Eureka - French - Kids (Promo) (CA)
CA,1,1209274,VCBS - Canada - English - Kids (Promo),272251,Fionna & Cake - Kids - English (Promo) (CA)
CA,1,1209274,VCBS - Canada - English - Kids (Promo),277966,Good Burger 2 - Kids - English (Promo) (CA)
CA,1,1209273,VCBS - Canada - French - Kids (Promo),310947,Hailey sauve monde - French - Kids (Promo) (CA)
CA,1,1209274,VCBS - Canada - English - Kids (Promo),325483,Hamsters of Hamsterdale - Kids - English (Promo) (CA)
CA,1,1209274,VCBS - Canada - English - Kids (Promo),325471,Henry Danger: The Movie - Kids - English (Promo) (CA)
CA,1,1209274,VCBS - Canada - English - Kids (Promo),314718,IF - Kids - English (Promo) (CA)
CA,1,1209273,VCBS - Canada - French - Kids (Promo),272322,Ile des défis Xtrem - French - Kids (Promo) (CA)
CA,1,1209273,VCBS - Canada - French - Kids (Promo),315018,Jellystone - French - Kids (Promo) (CA)
CA,1,1209273,VCBS - Canada - French - Kids (Promo),313492,Jessica et son petit monde - French - Kids (Promo) (CA)
CA,1,1209274,VCBS - Canada - English - Kids (Promo),351398,Kamp Koral - Kids (Promo) (CA)
CA,1,1209274,VCBS - Canada - English - Kids (Promo),268735,Kamp Koral - Kids - English (Promo) (CA)
CA,1,1209273,VCBS - Canada - French - Kids (Promo),308065,Kiff - French - Kids (Promo) (CA)
CA,1,1209273,VCBS - Canada - French - Kids (Promo),310936,Kiya et Les Héros Kimoja - French - Kids (Promo) (CA)
CA,1,1209274,VCBS - Canada - English - Kids (Promo),310632,Knuckles - Kids - English (Promo) (CA)
CA,1,1209273,VCBS - Canada - French - Kids (Promo),309515,LCD: Les mini-sorcières - French - Kids (Promo) (CA)
CA,1,1209274,VCBS - Canada - English - Kids (Promo),275572,Lego Jurassic Park: The Unofficial Retelling - Kids - English (Promo) (CA)
CA,1,1209273,VCBS - Canada - French - Kids (Promo),272324,Les Green à Big City - French - Kids (Promo) (CA)
CA,1,1209274,VCBS - Canada - English - Kids (Promo),275574,Looney Tunes - Kids - English (Promo) (CA)
CA,1,1209274,VCBS - Canada - English - Kids (Promo),306670,Loud House - Kids - English (Promo) (CA)
CA,1,1209273,VCBS - Canada - French - Kids (Promo),275581,Maison magique Mickey - French - Kids (Promo) (CA)
CA,1,1209274,VCBS - Canada - English - Kids (Promo),268726,Max & Ruby - Kids - English (Promo) (CA)
CA,1,1209274,VCBS - Canada - English - Kids (Promo),322713,Max & The Midknights - Kids - English (Promo) (CA)
CA,1,1209273,VCBS - Canada - French - Kids (Promo),272323,Molly McGee - French - Kids (Promo) (CA)
CA,1,1209274,VCBS - Canada - English - Kids (Promo),268736,Monster High - Kids - English (Promo) (CA)
CA,1,1209273,VCBS - Canada - French - Kids (Promo),312220,Moon Girl - French - Kids (Promo) (CA)
CA,1,1209274,VCBS - Canada - English - Kids (Promo),341739,Ne Zha - Kids - English (Promo) (CA)
CA,1,1209274,VCBS - Canada - English - Kids (Promo),268728,Nick - Kids - English (Promo) (CA)
CA,1,1209274,VCBS - Canada - English - Kids (Promo),268727,Nick Jr. - Kids - English (Promo) (CA)
CA,1,1209274,VCBS - Canada - English - Kids (Promo),348918,PAW Patrol: Jet To The Rescue - Kids (Promo) (CA)
CA,1,1209274,VCBS - Canada - English - Kids (Promo),335608,PSA Promos - Kids - English (Promo) (CA)
CA,1,1209274,VCBS - Canada - English - Kids (Promo),351548,Paw Patrol - Kids (Promo) (CA)
CA,1,1209274,VCBS - Canada - English - Kids (Promo),268737,Paw Patrol - Kids - English (Promo) (CA)
CA,1,1209274,VCBS - Canada - English - Kids (Promo),276871,Paw Patrol: The Mighty Movie - Kids - English (Promo) (CA)
CA,1,1209274,VCBS - Canada - English - Kids (Promo),268744,Paws Of Fury: The Legend of Hank - Kids - English (Promo) (CA)
CA,1,1209273,VCBS - Canada - French - Kids (Promo),309520,Peppa Pig - French - Kids (Promo) (CA)
CA,1,1209274,VCBS - Canada - English - Kids (Promo),328628,Pinata Smashlings - Kids - English (Promo) (CA)
CA,1,1209274,VCBS - Canada - English - Kids (Promo),308530,Pluto TV Brand - Kids - English (Promo) (CA)
CA,1,1209274,VCBS - Canada - English - Kids (Promo),323661,Pokemon - Kids - English (Promo) (CA)
CA,1,1209274,VCBS - Canada - English - Kids (Promo),345403,Pokemon Day - Kids (Promo) (CA)
CA,1,1209273,VCBS - Canada - French - Kids (Promo),325486,Pokemon Horizons - French - Kids (Promo) (CA)
CA,1,1209274,VCBS - Canada - English - Kids (Promo),310877,Pokemon Horizons - Kids - English (Promo) (CA)
CA,1,1209274,VCBS - Canada - English - Kids (Promo),308053,Popularity Papers - Kids - English (Promo) (CA)
CA,1,1209273,VCBS - Canada - French - Kids (Promo),326908,Primos - French - Kids (Promo) (CA)
CA,1,1209273,VCBS - Canada - French - Kids (Promo),326900,Pupstruction - French - Kids (Promo) (CA)
CA,1,1209274,VCBS - Canada - English - Kids (Promo),351768,Purple & Brown - Kids (Promo) (CA)
CA,1,1209274,VCBS - Canada - English - Kids (Promo),308051,Really Loud House - Kids - English (Promo) (CA)
CA,1,1209273,VCBS - Canada - French - Kids (Promo),272321,Retour Ecole - French - Kids (Promo) (CA)
CA,1,1209274,VCBS - Canada - English - Kids (Promo),344287,Rock Paper Scissors - Kids (Promo) (CA)
CA,1,1209274,VCBS - Canada - English - Kids (Promo),351743,Rocky's Cat-Astrophe - Kids (Promo) (CA)
CA,1,1209274,VCBS - Canada - English - Kids (Promo),272249,Rubble and Crew - Kids - English (Promo) (CA)
CA,1,1209273,VCBS - Canada - French - Kids (Promo),306671,Ruben & Cie - French - Kids (Promo) (CA)
CA,1,1209274,VCBS - Canada - English - Kids (Promo),268738,Rugrats - Kids - English (Promo) (CA)
CA,1,1209274,VCBS - Canada - English - Kids (Promo),268729,Ryan & Friends - Kids - English (Promo) (CA)
CA,1,1209274,VCBS - Canada - English - Kids (Promo),349257,Scene Lifts - Kids (Promo) (CA)
CA,1,1209274,VCBS - Canada - English - Kids (Promo),325627,School Spirits - Kids - English (Promo) (CA)
CA,1,1209274,VCBS - Canada - English - Kids (Promo),275573,Sesame Street - Kids - English (Promo) (CA)
CA,1,1209274,VCBS - Canada - English - Kids (Promo),310453,Shimmer And Shine - Kids - English (Promo) (CA)
CA,1,1209274,VCBS - Canada - English - Kids (Promo),333235,Smurfs - Kids - English (Promo) (CA)
CA,1,1209274,VCBS - Canada - English - Kids (Promo),268739,Sonic 2 - Kids - English (Promo) (CA)
CA,1,1209274,VCBS - Canada - English - Kids (Promo),323440,Sonic 3 - Kids - English (Promo) (CA)
CA,1,1209273,VCBS - Canada - French - Kids (Promo),323653,Sonic the Hedgehog 3 - French - Kids (Promo) (CA)
CA,1,1209273,VCBS - Canada - French - Kids (Promo),315566,Spongebob - French - Kids (Promo) (CA)
CA,1,1209274,VCBS - Canada - English - Kids (Promo),351322,Spongebob - Kids (Promo) (CA)
CA,1,1209274,VCBS - Canada - English - Kids (Promo),268740,Spongebob Squarepants - Kids - English (Promo) (CA)
CA,1,1209274,VCBS - Canada - English - Kids (Promo),344251,Spongebob: Search for Squarepants - Kids (Promo) (CA)
CA,1,1209274,VCBS - Canada - English - Kids (Promo),310935,StackTV - Disney - Kids - English (Promo) (CA)
CA,1,1209274,VCBS - Canada - English - Kids (Promo),271965,StackTV Brand - Kids - English (Promo) (CA)
CA,1,1209274,VCBS - Canada - English - Kids (Promo),312250,StackTV Geek Girl - Kids - English (Promo) (CA)
CA,1,1209274,VCBS - Canada - English - Kids (Promo),308060,SuperBuns - Kids - English (Promo) (CA)
CA,1,1209274,VCBS - Canada - English - Kids (Promo),307364,THTV - Lil Stompers - Corus - Kids English (Promo) (CA)
CA,1,1209274,VCBS - Canada - English - Kids (Promo),309427,THTV - Peppa Pig - Corus - Kids English (Promo) (CA)
CA,1,1209274,VCBS - Canada - English - Kids (Promo),308058,THTV - Rubble & Crew - Kids English (Promo) (CA) (DNU)
CA,1,1209274,VCBS - Canada - English - Kids (Promo),310945,THTV - Thomas & Friends - Kids English (Promo) (CA)
CA,1,1209274,VCBS - Canada - English - Kids (Promo),309425,THTV - Vida The Vet - Corus - Kids English (Promo) (CA)
CA,1,1209274,VCBS - Canada - English - Kids (Promo),275174,TMNT: Mutant Mayhem - Kids - English (Promo) (CA)
CA,1,1209273,VCBS - Canada - French - Kids (Promo),308066,TTF Cinéma - French - Kids (Promo) (CA)
CA,1,1209273,VCBS - Canada - French - Kids (Promo),328646,TTF Invincible Fight Girl - French - Kids (Promo) (CA)
CA,1,1209274,VCBS - Canada - English - Kids (Promo),315001,Tales of the Teenage Mutant Ninja Turtles - Kids (Promo) (CA)
CA,1,1209274,VCBS - Canada - English - Kids (Promo),328644,Team Mekbots: Animal Rescue - Kids - English (Promo) (CA)
CA,1,1209274,VCBS - Canada - English - Kids (Promo),272255,Teen Titans Go - Kids - English (Promo) (CA)
CA,1,1209274,VCBS - Canada - English - Kids (Promo),271947,Teenage Mutant Ninja Turtles - Kids - English (Promo) (CA)
CA,1,1209273,VCBS - Canada - French - Kids (Promo),275583,Teletoon - French - Kids (Promo) (CA)
CA,1,1209274,VCBS - Canada - English - Kids (Promo),272248,Teletoon+ - Kids - English (Promo) (CA)
CA,1,1209274,VCBS - Canada - English - Kids (Promo),272254,The Croods: Family Tree - Kids - English (Promo) (CA)
CA,1,1209274,VCBS - Canada - English - Kids (Promo),268741,The Fairly Odd Parents: Fairly Odder - Kids - English (Promo) (CA)
CA,1,1209274,VCBS - Canada - English - Kids (Promo),306663,The Heroic Quest of the Valiant Prince Ivandoe (How To Adventure) - Kids - English (Promo) (CA)
CA,1,1209274,VCBS - Canada - English - Kids (Promo),276421,The Heroic Quest of the Valiant Prince Ivandoe - Kids - English (Promo) (CA)
CA,1,1209274,VCBS - Canada - English - Kids (Promo),349884,The Loud House - Kids (Promo) (CA)
CA,1,1209274,VCBS - Canada - English - Kids (Promo),313370,The Loud House: No Time to Spy - Kids - English (Promo) (CA)
CA,1,1209274,VCBS - Canada - English - Kids (Promo),351473,The Really Loud House - Kids (Promo) (CA)
CA,1,1209274,VCBS - Canada - English - Kids (Promo),310812,The Thundermans Return - Kids - English (Promo) (CA)
CA,1,1209274,VCBS - Canada - English - Kids (Promo),268742,The Tidal Zone - Kids - English (Promo) (CA)
CA,1,1209274,VCBS - Canada - English - Kids (Promo),352019,Tim Rex in Space - Kids (Promo) (CA)
CA,1,1209274,VCBS - Canada - English - Kids (Promo),268743,Tiny Chef - Kids - English (Promo) (CA)
CA,1,1209274,VCBS - Canada - English - Kids (Promo),272252,Tiny Toons Looniversity - Kids - English (Promo) (CA)
CA,1,1209273,VCBS - Canada - French - Kids (Promo),311021,Tiny Toons Looniversité - French - Kids (Promo) (CA)
CA,1,1209273,VCBS - Canada - French - Kids (Promo),268326,Tortues Ninja - French - Kids (Promo) (CA)
CA,1,1209274,VCBS - Canada - English - Kids (Promo),268730,Totally Turtles - Kids - English (Promo) (CA)
CA,1,1209274,VCBS - Canada - English - Kids (Promo),321955,Transformers One - Kids - English (Promo) (CA)
CA,1,1209274,VCBS - Canada - English - Kids (Promo),268745,Transformers: Earthspark - Kids - English (Promo) (CA)
CA,1,1209274,VCBS - Canada - English - Kids (Promo),276422,Vida The Vet - Kids - English (Promo) (CA)
CA,1,1209274,VCBS - Canada - English - Kids (Promo),325476,YTA - Mericorno - Kids - English (Promo) (CA)
CA,1,1209274,VCBS - Canada - English - Kids (Promo),309514,YTV - Megamind Rules - Corus - Kids English (Promo) (CA)
CA,1,1209274,VCBS - Canada - English - Kids (Promo),307363,YTV - Rock Paper Scissors - Corus - Kids English (Promo) (CA)
CA,1,1209274,VCBS - Canada - English - Kids (Promo),313655,YTV - Spongebob Squarepants - Kids - English (Promo) (CA)
CA,1,1209274,VCBS - Canada - English - Kids (Promo),272436,Zoey 102 - Kids - English (Promo) (CA)
CA,1,1209274,VCBS - Canada - English - Kids (Promo),268725,iCarly - Kids - English (Promo) (CA)
DK,0,1209276,VCBS - Denmark - Adult (Promo),268596,1883 (Promo) (DK)
DK,0,1209276,VCBS - Denmark - Adult (Promo),349519,2900 Happiness (Promo) (DK)
DK,0,1209276,VCBS - Denmark - Adult (Promo),333617,3F Superliga (Promo) (DK)
DK,0,1209276,VCBS - Denmark - Adult (Promo),307560,48 Hours (Promo) (DK)
DK,0,1209276,VCBS - Denmark - Adult (Promo),273479,65 (Promo) (DK)
DK,0,1209276,VCBS - Denmark - Adult (Promo),342978,Absolution (Promo) (DK)
DK,0,1209276,VCBS - Denmark - Adult (Promo),329741,Accused (Promo) (DK)
DK,0,1209276,VCBS - Denmark - Adult (Promo),332350,After Everything (Promo) (DK)
DK,0,1209276,VCBS - Denmark - Adult (Promo),311181,Alert: Missing Persons Unit (Promo) (DK)
DK,0,1209276,VCBS - Denmark - Adult (Promo),275119,All Exclusive (Promo) (DK)
DK,0,1209276,VCBS - Denmark - Adult (Promo),325888,All Star Shore (Promo) (DK)
DK,0,1209276,VCBS - Denmark - Adult (Promo),346043,Allente (Promo) (DK)
DK,0,1209276,VCBS - Denmark - Adult (Promo),312175,Alt og Eva (Promo) (DK)
DK,0,1209276,VCBS - Denmark - Adult (Promo),316632,Anyone But You (Promo) (DK)
DK,0,1209276,VCBS - Denmark - Adult (Promo),309920,April Movies Highlights (Promo) (DK)
DK,0,1209276,VCBS - Denmark - Adult (Promo),309375,April Sport Highlights (Promo) (DK)
DK,0,1209276,VCBS - Denmark - Adult (Promo),310010,April Store Highlights (Promo) (DK)
DK,0,1209276,VCBS - Denmark - Adult (Promo),268585,Are You The One? (Promo) (DK)
DK,0,1209276,VCBS - Denmark - Adult (Promo),313572,Asphalt City (Promo) (DK)
DK,0,1209276,VCBS - Denmark - Adult (Promo),268493,Avatar (Promo) (DK)
DK,0,1209276,VCBS - Denmark - Adult (Promo),346842,Avatar: Fire and Ash (Promo) (DK)
DK,0,1209276,VCBS - Denmark - Adult (Promo),268580,Awkward (Promo) (DK)
DK,0,1209276,VCBS - Denmark - Adult (Promo),268584,BET (Promo) (DK)
DK,0,1209276,VCBS - Denmark - Adult (Promo),313478,Bad Boys: Ride or Die (Promo) (DK)
DK,0,1209276,VCBS - Denmark - Adult (Promo),272011,Barbie (Promo) (DK)
DK,0,1209276,VCBS - Denmark - Adult (Promo),308067,Based on a True Story (Promo) (DK)
DK,0,1209276,VCBS - Denmark - Adult (Promo),312857,Beast (Promo) (DK)
DK,0,1209276,VCBS - Denmark - Adult (Promo),308008,Bendtner (Promo) (DK)
DK,0,1209276,VCBS - Denmark - Adult (Promo),268587,Bet 25 (Promo) (DK)
DK,0,1209276,VCBS - Denmark - Adult (Promo),328210,Better Man (Promo) (DK)
DK,0,1209276,VCBS - Denmark - Adult (Promo),324607,Beverly Hills 90210 (Promo) (DK)
DK,0,1209276,VCBS - Denmark - Adult (Promo),351666,Billie Eilish Hit Me Hard And Soft: The Tour (Promo) (DK)
DK,0,1209276,VCBS - Denmark - Adult (Promo),275120,Breinholdts Julekalender (Promo) (DK)
DK,0,1209276,VCBS - Denmark - Adult (Promo),308472,Breinholts (Promo) (DK)
DK,0,1209276,VCBS - Denmark - Adult (Promo),268500,COPS (Promo) (DK)
DK,0,1209276,VCBS - Denmark - Adult (Promo),325830,CSI: Crime Scene Investigation (Promo) (DK)
DK,0,1209276,VCBS - Denmark - Adult (Promo),268582,Caia MTV (Promo) (DK)
DK,0,1209276,VCBS - Denmark - Adult (Promo),329487,Captain America: Brave New World (Promo) (DK)
DK,0,1209276,VCBS - Denmark - Adult (Promo),330000,Carla Bygger Rede (Promo) (DK)
DK,0,1209276,VCBS - Denmark - Adult (Promo),337526,Caroline & Dr. Kølle (Promo) (DK)
DK,0,1209276,VCBS - Denmark - Adult (Promo),268578,Catfish (Promo) (DK)
DK,0,1209276,VCBS - Denmark - Adult (Promo),325879,Caught in the Act: Unfaithful (Promo) (DK)
DK,0,1209276,VCBS - Denmark - Adult (Promo),325621,Charmed (Promo) (DK)
DK,0,1209276,VCBS - Denmark - Adult (Promo),348826,Charterfeber (Promo) (DK)
DK,0,1209276,VCBS - Denmark - Adult (Promo),325824,Cheers (Promo) (DK)
DK,0,1209276,VCBS - Denmark - Adult (Promo),308068,Chicago Fire (Promo) (DK)
DK,0,1209276,VCBS - Denmark - Adult (Promo),317787,Chicago Franchise (Promo) (DK)
DK,0,1209276,VCBS - Denmark - Adult (Promo),336126,Christel Paradise (Promo) (DK)
DK,0,1209276,VCBS - Denmark - Adult (Promo),268579,Comedy Central (Promo) (DK)
DK,0,1209276,VCBS - Denmark - Adult (Promo),268494,Crime (Promo) (DK)
DK,0,1209276,VCBS - Denmark - Adult (Promo),325987,Dallas Cowboys Cheerleaders: Making The Team (Promo) (DK)
DK,0,1209276,VCBS - Denmark - Adult (Promo),353069,Danske Hollywood Fruer (Promo) (DK)
DK,0,1209276,VCBS - Denmark - Adult (Promo),347688,Dating Naked (Promo) (DK)
DK,0,1209276,VCBS - Denmark - Adult (Promo),268517,Dawsons Creek (Promo) (DK)
DK,0,1209276,VCBS - Denmark - Adult (Promo),325420,De Lydlose (Promo) (DK)
DK,0,1209276,VCBS - Denmark - Adult (Promo),317769,Deadpool & Wolverine (Promo) (DK)
DK,0,1209276,VCBS - Denmark - Adult (Promo),310732,Den Grænseløse (Promo) (DK)
DK,0,1209276,VCBS - Denmark - Adult (Promo),338123,Den Gule Sofa (Promo) (DK)
DK,0,1209276,VCBS - Denmark - Adult (Promo),316488,Desi Play (Promo) (DK)
DK,0,1209276,VCBS - Denmark - Adult (Promo),333610,Det Andet Offer (Promo) (DK)
DK,0,1209276,VCBS - Denmark - Adult (Promo),344369,Det Nye Ar (Promo) (DK)
DK,0,1209276,VCBS - Denmark - Adult (Promo),327412,Doctor Who (Promo) (DK)
DK,0,1209276,VCBS - Denmark - Adult (Promo),275107,Dog (Promo) (DK)
DK,0,1209276,VCBS - Denmark - Adult (Promo),322122,Don Ø gør boet op (Promo) (DK)
DK,0,1209276,VCBS - Denmark - Adult (Promo),309360,Downton Abbey (Promo) (DK)
DK,0,1209276,VCBS - Denmark - Adult (Promo),343220,"Dr. Quinn, Medicine Woman (Promo) (DK)"
DK,0,1209276,VCBS - Denmark - Adult (Promo),312919,Dumb Money (Promo) (DK)
DK,0,1209276,VCBS - Denmark - Adult (Promo),310226,Dune: Part Two (Promo) (DK)
DK,0,1209276,VCBS - Denmark - Adult (Promo),326730,Elbæks - Mæglere for Millioner (Promo) (DK)
DK,0,1209276,VCBS - Denmark - Adult (Promo),333986,Elevation (Promo) (DK)
DK,0,1209276,VCBS - Denmark - Adult (Promo),318861,En Liga For Sig (Promo) (DK)
DK,0,1209276,VCBS - Denmark - Adult (Promo),330792,En Verden til Forksel - Med Jeppe Olgaard (Promo) (DK)
DK,0,1209276,VCBS - Denmark - Adult (Promo),268519,Ex on the Beach (Promo) (DK)
DK,0,1209276,VCBS - Denmark - Adult (Promo),309373,Expendables (Promo) (DK)
DK,0,1209276,VCBS - Denmark - Adult (Promo),335026,F1: The Movie (Promo) (DK)
DK,0,1209276,VCBS - Denmark - Adult (Promo),351303,FBI (Promo) (DK)
DK,0,1209276,VCBS - Denmark - Adult (Promo),309075,Familie Påske (Promo) (DK)
DK,0,1209276,VCBS - Denmark - Adult (Promo),268495,Familien fra Bryggen (Promo) (DK)
DK,0,1209276,VCBS - Denmark - Adult (Promo),325428,Fast X (Promo) (DK)
DK,0,1209276,VCBS - Denmark - Adult (Promo),328246,Fboy Island (Promo) (DK)
DK,0,1209276,VCBS - Denmark - Adult (Promo),314226,Force of Nature (Promo) (DK)
DK,0,1209276,VCBS - Denmark - Adult (Promo),268586,Forensic Files (Promo) (DK)
DK,0,1209276,VCBS - Denmark - Adult (Promo),308869,Formel 1 (Promo) (DK)
DK,0,1209276,VCBS - Denmark - Adult (Promo),268514,Forsidefruer (Promo) (DK)
DK,0,1209276,VCBS - Denmark - Adult (Promo),324620,Frasier (Promo) (DK)
DK,0,1209276,VCBS - Denmark - Adult (Promo),338134,Freakier Friday (Promo) (DK)
DK,0,1209276,VCBS - Denmark - Adult (Promo),348919,Friday (Promo) (DK)
DK,0,1209276,VCBS - Denmark - Adult (Promo),346473,Fristet (Promo) (DK)
DK,0,1209276,VCBS - Denmark - Adult (Promo),349299,Ghosts (Promo) (DK)
DK,0,1209276,VCBS - Denmark - Adult (Promo),324863,Gladiator II (Promo) (DK)
DK,0,1209276,VCBS - Denmark - Adult (Promo),310335,Gran Turismo (Promo) (DK)
DK,0,1209276,VCBS - Denmark - Adult (Promo),349689,Gustav & Linse på Udebane (Promo) (DK)
DK,0,1209276,VCBS - Denmark - Adult (Promo),268594,Halo (Promo) (DK)
DK,0,1209276,VCBS - Denmark - Adult (Promo),331246,Hele Vejen (Promo) (DK)
DK,0,1209276,VCBS - Denmark - Adult (Promo),339268,Heretic (Promo) (DK)
DK,0,1209276,VCBS - Denmark - Adult (Promo),327100,Hospitalets Helte (Promo) (DK)
DK,0,1209276,VCBS - Denmark - Adult (Promo),333923,How to Train Your Dragon (Promo) (DK)
DK,0,1209276,VCBS - Denmark - Adult (Promo),310748,I Sindet På En Forbryder (Promo) (DK)
DK,0,1209276,VCBS - Denmark - Adult (Promo),325857,Ice Road Truckers (Promo) (DK)
DK,0,1209276,VCBS - Denmark - Adult (Promo),268502,Jackie Chan (Promo) (DK)
DK,0,1209276,VCBS - Denmark - Adult (Promo),318401,Jersey Shore (Promo) (DK)
DK,0,1209276,VCBS - Denmark - Adult (Promo),335922,John Wick: Ballarina (Promo) (DK)
DK,0,1209276,VCBS - Denmark - Adult (Promo),307417,Jurassic Park (Promo) (DK)
DK,0,1209276,VCBS - Denmark - Adult (Promo),308006,Jurassic World (Promo) (DK)
DK,0,1209276,VCBS - Denmark - Adult (Promo),334933,Jurassic World: Rebirth (Promo) (DK)
DK,0,1209276,VCBS - Denmark - Adult (Promo),268492,Just Tattoo of US (Promo) (DK)
DK,0,1209276,VCBS - Denmark - Adult (Promo),310127,Kald Mig Far (Promo) (DK)
DK,0,1209276,VCBS - Denmark - Adult (Promo),326382,Kandahar (Promo) (DK)
DK,0,1209276,VCBS - Denmark - Adult (Promo),343279,Karate Kid: Legends (Promo) (DK)
DK,0,1209276,VCBS - Denmark - Adult (Promo),312976,Kingdom of the Planet of the Apes (Promo) (DK)
DK,0,1209276,VCBS - Denmark - Adult (Promo),348819,Klassefesten 4 (Promo) (DK)
DK,0,1209276,VCBS - Denmark - Adult (Promo),348789,Klågere end du tror? (Promo) (DK)
DK,0,1209276,VCBS - Denmark - Adult (Promo),309650,Kochen på toppen (Promo) (DK)
DK,0,1209276,VCBS - Denmark - Adult (Promo),338141,Kraven the Hunter (Promo) (DK)
DK,0,1209276,VCBS - Denmark - Adult (Promo),313998,Køberrådgivning (Promo) (DK)
DK,0,1209276,VCBS - Denmark - Adult (Promo),316092,Langt fra Bryggen (Promo) (DK)
DK,0,1209276,VCBS - Denmark - Adult (Promo),338043,Livet Efter Love Island (Promo) (DK)
DK,0,1209276,VCBS - Denmark - Adult (Promo),268501,Love Island (Promo) (DK)
DK,0,1209276,VCBS - Denmark - Adult (Promo),335401,Love Island: All Stars (Promo) (DK)
DK,0,1209276,VCBS - Denmark - Adult (Promo),313604,Love Island: Denmark (Promo) (DK)
DK,0,1209276,VCBS - Denmark - Adult (Promo),268513,Luksusfælden (Promo) (DK)
DK,0,1209276,VCBS - Denmark - Adult (Promo),312279,Luksusfælden Casting (Promo) (DK)
DK,0,1209276,VCBS - Denmark - Adult (Promo),346852,Luksusmæglerne på Havnefronten (Promo) (DK)
DK,0,1209276,VCBS - Denmark - Adult (Promo),268499,MTV (Promo) (DK)
DK,0,1209276,VCBS - Denmark - Adult (Promo),268516,MTV Unplugged (Promo) (DK)
DK,0,1209276,VCBS - Denmark - Adult (Promo),326365,MacGyver (Promo) (DK)
DK,0,1209276,VCBS - Denmark - Adult (Promo),318204,Madame Web (Promo) (DK)
DK,0,1209276,VCBS - Denmark - Adult (Promo),343270,Man With A Plan (Promo) (DK)
DK,0,1209276,VCBS - Denmark - Adult (Promo),269300,Married with Children (Promo) (DK)
DK,0,1209276,VCBS - Denmark - Adult (Promo),272010,Marry Me (Promo) (DK)
DK,0,1209276,VCBS - Denmark - Adult (Promo),268518,Master Chef (Promo) (DK)
DK,0,1209276,VCBS - Denmark - Adult (Promo),276321,Masterchef (Promo) (DK)
DK,0,1209276,VCBS - Denmark - Adult (Promo),349302,Materialists (Promo) (DK)
DK,0,1209276,VCBS - Denmark - Adult (Promo),311789,May Sports Bonanza (Promo) (DK)
DK,0,1209276,VCBS - Denmark - Adult (Promo),343219,Medium (Promo) (DK)
DK,0,1209276,VCBS - Denmark - Adult (Promo),268570,Melrose Place (Promo) (DK)
DK,0,1209276,VCBS - Denmark - Adult (Promo),350438,Michael (Promo) (DK)
DK,0,1209276,VCBS - Denmark - Adult (Promo),346847,Middag på Michelin Resturanterne (Promo) (DK)
DK,0,1209276,VCBS - Denmark - Adult (Promo),268505,Midsomer Murders (Promo) (DK)
DK,0,1209276,VCBS - Denmark - Adult (Promo),314136,Miller's Girl (Promo) (DK)
DK,0,1209276,VCBS - Denmark - Adult (Promo),268508,Mission Impossible (Promo) (DK)
DK,0,1209276,VCBS - Denmark - Adult (Promo),335079,Mission Impossible: The Final Reckoning (Promo) (DK)
DK,0,1209276,VCBS - Denmark - Adult (Promo),268523,Mit Pastik Mareridt (Promo) (DK)
DK,0,1209276,VCBS - Denmark - Adult (Promo),323666,Modus Super Series Darts (Promo) (DK)
DK,0,1209276,VCBS - Denmark - Adult (Promo),307561,My Life of Crime (Promo) (DK)
DK,0,1209276,VCBS - Denmark - Adult (Promo),268581,NCIS (Promo) (DK)
DK,0,1209276,VCBS - Denmark - Adult (Promo),324609,NCIS: Los Angeles (Promo) (DK)
DK,0,1209276,VCBS - Denmark - Adult (Promo),337638,Naked Gun (Promo) (DK)
DK,0,1209276,VCBS - Denmark - Adult (Promo),325834,Nathan 4 You (Promo) (DK)
DK,0,1209276,VCBS - Denmark - Adult (Promo),308299,Nattevagten (Promo) (DK)
DK,0,1209276,VCBS - Denmark - Adult (Promo),308009,No Hard Feelings (Promo) (DK)
DK,0,1209276,VCBS - Denmark - Adult (Promo),343584,"Now You See Me, Now You Don't (Promo) (DK)"
DK,0,1209276,VCBS - Denmark - Adult (Promo),328333,Nye Sportspakker (Promo) (DK)
DK,0,1209276,VCBS - Denmark - Adult (Promo),327836,Oppenheimer (Promo) (DK)
DK,0,1209276,VCBS - Denmark - Adult (Promo),321850,Outlander (Promo) (DK)
DK,0,1209276,VCBS - Denmark - Adult (Promo),340103,Outlander: Blood of My Blood (Promo) (DK)
DK,0,1209276,VCBS - Denmark - Adult (Promo),328281,Paradise Bus (Promo) (DK)
DK,0,1209276,VCBS - Denmark - Adult (Promo),268521,Paradise Hotel (Promo) (DK)
DK,0,1209276,VCBS - Denmark - Adult (Promo),268504,Party of Five (Promo) (DK)
DK,0,1209276,VCBS - Denmark - Adult (Promo),352058,Passenger (Promo) (DK)
DK,0,1209276,VCBS - Denmark - Adult (Promo),268507,Pimp My Ride (Promo) (DK)
DK,0,1209276,VCBS - Denmark - Adult (Promo),268511,Pluto TV (Promo) (DK)
DK,0,1209276,VCBS - Denmark - Adult (Promo),268497,Pluto TV Action (Promo) (DK)
DK,0,1209276,VCBS - Denmark - Adult (Promo),268567,Pluto TV Film (Promo) (DK)
DK,0,1209276,VCBS - Denmark - Adult (Promo),268515,Pluto TV Sci-Fi (Promo) (DK)
DK,0,1209276,VCBS - Denmark - Adult (Promo),268509,Pluto TV Sport (Promo) (DK)
DK,0,1209276,VCBS - Denmark - Adult (Promo),308417,Premierer i Marts (Promo) (DK)
DK,0,1209276,VCBS - Denmark - Adult (Promo),345598,Primate (Promo) (DK)
DK,0,1209276,VCBS - Denmark - Adult (Promo),326372,Prisbelønnede Film (Promo) (DK)
DK,0,1209276,VCBS - Denmark - Adult (Promo),342396,Regretting You (Promo) (DK)
DK,0,1209276,VCBS - Denmark - Adult (Promo),339573,Rejseholdet (Promo) (DK)
DK,0,1209276,VCBS - Denmark - Adult (Promo),342004,Rent and Buy (Promo) (DK)
DK,0,1209276,VCBS - Denmark - Adult (Promo),268524,Ridiculousness (Promo) (DK)
DK,0,1209276,VCBS - Denmark - Adult (Promo),315399,Robinson Ekspeditionen (Promo) (DK)
DK,0,1209276,VCBS - Denmark - Adult (Promo),268577,Rules of Engagement (Promo) (DK)
DK,0,1209276,VCBS - Denmark - Adult (Promo),312479,SWAT (Promo) (DK)
DK,0,1209276,VCBS - Denmark - Adult (Promo),349304,Sandokan (Promo) (DK)
DK,0,1209276,VCBS - Denmark - Adult (Promo),325821,Saturday Fight Fever (Promo) (DK)
DK,0,1209276,VCBS - Denmark - Adult (Promo),352674,Scary Movie (Promo) (DK)
DK,0,1209276,VCBS - Denmark - Adult (Promo),327413,Se og Hor (Promo) (DK)
DK,0,1209276,VCBS - Denmark - Adult (Promo),353104,Sex and the City (Promo) (DK)
DK,0,1209276,VCBS - Denmark - Adult (Promo),268583,Siesta Key (Promo) (DK)
DK,0,1209276,VCBS - Denmark - Adult (Promo),338700,Simba Prisen (Promo) (DK)
DK,0,1209276,VCBS - Denmark - Adult (Promo),268498,Smithsonian Channel Selects (Promo) (DK)
DK,0,1209276,VCBS - Denmark - Adult (Promo),336083,Smurfs (Promo) (DK)
DK,0,1209276,VCBS - Denmark - Adult (Promo),338690,Snooker 900 (Promo) (DK)
DK,0,1209276,VCBS - Denmark - Adult (Promo),318572,Sommer i Magaluf (Promo) (DK)
DK,0,1209276,VCBS - Denmark - Adult (Promo),268520,South Park (Promo) (DK)
DK,0,1209276,VCBS - Denmark - Adult (Promo),276327,Spiderman: Across the Spider-Verse (Promo) (DK)
DK,0,1209276,VCBS - Denmark - Adult (Promo),328638,Spirituelle Stjener (Promo) (DK)
DK,0,1209276,VCBS - Denmark - Adult (Promo),344021,Spongebob (Promo) (DK)
DK,0,1209276,VCBS - Denmark - Adult (Promo),317278,Sports News (Promo) (DK)
DK,0,1209276,VCBS - Denmark - Adult (Promo),311059,Sportsdokumentarer (Promo) (DK)
DK,0,1209276,VCBS - Denmark - Adult (Promo),269301,Star Trek (Promo) (DK)
DK,0,1209276,VCBS - Denmark - Adult (Promo),268503,Star Trek: Discovery (Promo) (DK)
DK,0,1209276,VCBS - Denmark - Adult (Promo),268591,Star Trek: Strange New Worlds (Promo) (DK)
DK,0,1209276,VCBS - Denmark - Adult (Promo),268597,Super Pumped (Promo) (DK)
DK,0,1209276,VCBS - Denmark - Adult (Promo),310126,Talk to Me (Promo) (DK)
DK,0,1209276,VCBS - Denmark - Adult (Promo),268572,Teen Mom (Promo) (DK)
DK,0,1209276,VCBS - Denmark - Adult (Promo),350299,Teen Wolf (Promo) (DK)
DK,0,1209276,VCBS - Denmark - Adult (Promo),351161,Temptation Island (Promo) (DK)
DK,0,1209276,VCBS - Denmark - Adult (Promo),314189,Thanksgiving (Promo) (DK)
DK,0,1209276,VCBS - Denmark - Adult (Promo),350897,The Apprentice (Promo) (DK)
DK,0,1209276,VCBS - Denmark - Adult (Promo),333015,The Bond Collection (Promo) (DK)
DK,0,1209276,VCBS - Denmark - Adult (Promo),324744,The Daily Show (Promo) (DK)
DK,0,1209276,VCBS - Denmark - Adult (Promo),272206,The Equalizer (Promo) (DK)
DK,0,1209276,VCBS - Denmark - Adult (Promo),311214,The Equalizer 3 (Promo) (DK)
DK,0,1209276,VCBS - Denmark - Adult (Promo),336782,The Fantastic Four: The First Steps (Promo) (DK)
DK,0,1209276,VCBS - Denmark - Adult (Promo),268592,The First Lady (Promo) (DK)
DK,0,1209276,VCBS - Denmark - Adult (Promo),268496,The Hills (Promo) (DK)
DK,0,1209276,VCBS - Denmark - Adult (Promo),345520,The Housemaid (Promo) (DK)
DK,0,1209276,VCBS - Denmark - Adult (Promo),335033,The Irrational (Promo) (DK)
DK,0,1209276,VCBS - Denmark - Adult (Promo),328831,The Minds of 99 (Promo) (DK)
DK,0,1209276,VCBS - Denmark - Adult (Promo),268598,The Offer (Promo) (DK)
DK,0,1209276,VCBS - Denmark - Adult (Promo),343168,The Running Man (Promo) (DK)
DK,0,1209276,VCBS - Denmark - Adult (Promo),268512,The Shores (Promo) (DK)
DK,0,1209276,VCBS - Denmark - Adult (Promo),333019,The Tomorrow War (Promo) (DK)
DK,0,1209276,VCBS - Denmark - Adult (Promo),273493,The Winter King (Promo) (DK)
DK,0,1209276,VCBS - Denmark - Adult (Promo),312928,Ticket to Paradise (Promo) (DK)
DK,0,1209276,VCBS - Denmark - Adult (Promo),268510,Til Middag Hos (Promo) (DK)
DK,0,1209276,VCBS - Denmark - Adult (Promo),322841,Tobias Julelaekkerier (Promo) (DK)
DK,0,1209276,VCBS - Denmark - Adult (Promo),324041,Top Gear: Challenge (Promo) (DK)
DK,0,1209276,VCBS - Denmark - Adult (Promo),324035,Top Gear: Road Trips (Promo) (DK)
DK,0,1209276,VCBS - Denmark - Adult (Promo),349547,Twisters (Promo) (DK)
DK,0,1209276,VCBS - Denmark - Adult (Promo),336783,UEFA Champions League (Promo) (DK)
DK,0,1209276,VCBS - Denmark - Adult (Promo),325628,Ubetalelig underholdning (Promo) (DK)
DK,0,1209276,VCBS - Denmark - Adult (Promo),316631,Ulovlige Pirat Tjenester (Promo) (DK)
DK,0,1209276,VCBS - Denmark - Adult (Promo),332349,Under Stjernerne På Himlen (Promo) (DK)
DK,0,1209276,VCBS - Denmark - Adult (Promo),333018,Venom: The Last Dance (Promo) (DK)
DK,0,1209276,VCBS - Denmark - Adult (Promo),314277,Vi Tager Læsset (Promo) (DK)
DK,0,1209276,VCBS - Denmark - Adult (Promo),269297,Viaplay (Promo) (DK)
DK,0,1209276,VCBS - Denmark - Adult (Promo),323728,Victorious (Promo) (DK)
DK,0,1209276,VCBS - Denmark - Adult (Promo),322849,Vininvestorens Julekalender (Promo) (DK)
DK,0,1209276,VCBS - Denmark - Adult (Promo),330001,Vivi & Isabell (Promo) (DK)
DK,0,1209276,VCBS - Denmark - Adult (Promo),316372,Vivis Nye Numse (Promo) (DK)
DK,0,1209276,VCBS - Denmark - Adult (Promo),314955,Walker (Promo) (DK)
DK,0,1209276,VCBS - Denmark - Adult (Promo),268506,Walker Texas Ranger (Promo) (DK)
DK,0,1209276,VCBS - Denmark - Adult (Promo),342966,Wicked (Promo) (DK)
DK,0,1209276,VCBS - Denmark - Adult (Promo),308471,Wisting (Promo) (DK)
DK,0,1209276,VCBS - Denmark - Adult (Promo),268593,Yellowstone (Promo) (DK)
DK,0,1209276,VCBS - Denmark - Adult (Promo),343597,Zootropolis 2 (Promo) (DK)
DK,0,1209276,VCBS - Denmark - Adult (Promo),268595,iCarly (Promo) (DK)
DK,1,1209277,VCBS - Denmark - Kids (Promo),330801,A Minecraft Movie - Kids (Promo) (DK)
DK,1,1209277,VCBS - Denmark - Kids (Promo),344667,Avatar - Kids (Promo) (DK)
DK,1,1209277,VCBS - Denmark - Kids (Promo),346856,Avatar: Fire and Ash - Kids (Promo) (DK)
DK,1,1209277,VCBS - Denmark - Kids (Promo),351626,Barbapapa - Kids (Promo) (DK)
DK,1,1209277,VCBS - Denmark - Kids (Promo),347706,Ben & Holly's Little Kingdom - Kids (Promo) (DK)
DK,1,1209277,VCBS - Denmark - Kids (Promo),268614,Blaze og Monstermaskinerne - Kids (Promo) (DK)
DK,1,1209277,VCBS - Denmark - Kids (Promo),342282,Børnene fra Sølvgade Tager Kampen Op - Kids (Promo) (DK)
DK,1,1209277,VCBS - Denmark - Kids (Promo),351754,Casagrandes - Kids (Promo) (DK)
DK,1,1209277,VCBS - Denmark - Kids (Promo),268611,Danger i Swellview - Kids (Promo) (DK)
DK,1,1209277,VCBS - Denmark - Kids (Promo),317722,Den Bestovlede Kat Og Onskestjernen - Kids (Promo) (DK)
DK,1,1209277,VCBS - Denmark - Kids (Promo),309147,Dora - Kids (Promo) (DK)
DK,1,1209277,VCBS - Denmark - Kids (Promo),268610,Dora TV - Kids (Promo) (DK)
DK,1,1209277,VCBS - Denmark - Kids (Promo),268613,Familien Thunderman - Kids (Promo) (DK)
DK,1,1209277,VCBS - Denmark - Kids (Promo),268607,For Børn - Kids (Promo) (DK)
DK,1,1209277,VCBS - Denmark - Kids (Promo),268606,For De Mindst - Kids (Promo) (DK)
DK,1,1209277,VCBS - Denmark - Kids (Promo),268605,Hojs Hus - Kids (Promo) (DK)
DK,1,1209277,VCBS - Denmark - Kids (Promo),351397,Kamp Koral - Kids (Promo) (DK)
DK,1,1209277,VCBS - Denmark - Kids (Promo),312102,Kung Fu Panda - Kids (Promo) (DK)
DK,1,1209277,VCBS - Denmark - Kids (Promo),323704,Loud House - Kids (Promo) DK
DK,1,1209277,VCBS - Denmark - Kids (Promo),344672,Marsupilamis - Kids (Promo) (DK)
DK,1,1209277,VCBS - Denmark - Kids (Promo),344674,Mr. Crocodile - Kids (Promo) (DK)
DK,1,1209277,VCBS - Denmark - Kids (Promo),268609,Nick - Kids (Promo) (DK)
DK,1,1209277,VCBS - Denmark - Kids (Promo),338515,Paddington In Peru - Kids (Promo) (DK)
DK,1,1209277,VCBS - Denmark - Kids (Promo),268600,Paw Patrol - Kids (Promo) (DK)
DK,1,1209277,VCBS - Denmark - Kids (Promo),351767,Purple & Brown - Kids (Promo) (DK)
DK,1,1209277,VCBS - Denmark - Kids (Promo),347500,Rocky’s Cat-astrophe - Kids (Promo) (DK)
DK,1,1209277,VCBS - Denmark - Kids (Promo),351606,Rubble & Crew - Kids (Promo) (DK)
DK,1,1209277,VCBS - Denmark - Kids (Promo),268603,Sonic 2 - Kids (Promo) (DK)
DK,1,1209277,VCBS - Denmark - Kids (Promo),313390,Spongebob - Kids (Promo) (DK)
DK,1,1209277,VCBS - Denmark - Kids (Promo),268612,SvampeBob Firkant - Kids (Promo) (DK)
DK,1,1209277,VCBS - Denmark - Kids (Promo),268601,TMNT: Mutant Mayhem - Kids (Promo) (DK)
DK,1,1209277,VCBS - Denmark - Kids (Promo),315840,Tales of the Teenage Mutant Ninja Turtles - Kids - (Promo) (DK)
DK,1,1209277,VCBS - Denmark - Kids (Promo),347613,That Girl Lay Lay - Kids (Promo) (DK)
DK,1,1209277,VCBS - Denmark - Kids (Promo),335253,The Fairly OddParents: A New Wish - Kids (Promo) (DK)
DK,1,1209277,VCBS - Denmark - Kids (Promo),342789,The Loud House - Kids (Promo) (DK)
DK,1,1209277,VCBS - Denmark - Kids (Promo),351470,The Really Loud House - Kids (Promo) (DK)
DK,1,1209277,VCBS - Denmark - Kids (Promo),333430,The Smurfs - Kids (Promo) (DK)
DK,1,1209277,VCBS - Denmark - Kids (Promo),335543,The Thundermans: Undercover - Kids (Promo) (DK)
DK,1,1209277,VCBS - Denmark - Kids (Promo),337102,Tim Rex in Space - Kids (Promo) (DK)
DK,1,1209277,VCBS - Denmark - Kids (Promo),268608,Totally Turtles - Kids (Promo) (DK)
DK,1,1209277,VCBS - Denmark - Kids (Promo),272084,Viaplay - Kids (Promo) (DK)
DK,1,1209277,VCBS - Denmark - Kids (Promo),342972,Wicked - Kids (Promo) (DK)
DK,1,1209277,VCBS - Denmark - Kids (Promo),343646,Zootropolis 2 - Kids (Promo) (DK)
DK,1,1209277,VCBS - Denmark - Kids (Promo),268602,iCarly - Kids (Promo) (DK)
ES,0,1207841,VCBS - Spain - Adult (Promo),269011,Acapulco Shore (Promo) (ES)
ES,0,1207841,VCBS - Spain - Adult (Promo),268992,Agatha Christie: Poirot and Miss Marple (Promo) (ES)
ES,0,1207841,VCBS - Spain - Adult (Promo),335903,Aguila Roja (Promo) (ES)
ES,0,1207841,VCBS - Spain - Adult (Promo),309849,Al Salir de Clase (Promo) (ES)
ES,0,1207841,VCBS - Spain - Adult (Promo),269004,Alaska y Mario (Promo) (ES)
ES,0,1207841,VCBS - Spain - Adult (Promo),319915,Alice Nevers (Promo) (ES)
ES,0,1207841,VCBS - Spain - Adult (Promo),330730,Alimañanas (Promo) (ES)
ES,0,1207841,VCBS - Spain - Adult (Promo),343783,America's Next Top Model (Promo) (ES)
ES,0,1207841,VCBS - Spain - Adult (Promo),351690,Anger Management (Promo) (ES)
ES,0,1207841,VCBS - Spain - Adult (Promo),312201,Astérix (Promo) (ES)
ES,0,1207841,VCBS - Spain - Adult (Promo),269003,Atrápame si Puedes (Promo) (ES)
ES,0,1207841,VCBS - Spain - Adult (Promo),332251,Aussie Shore (Promo) (ES)
ES,0,1207841,VCBS - Spain - Adult (Promo),308907,Avatar: La Leyenda de Aang (Promo) (ES)
ES,0,1207841,VCBS - Spain - Adult (Promo),344231,Aventuras Fantásticas (Promo) (ES)
ES,0,1207841,VCBS - Spain - Adult (Promo),306931,Awkwafina es Nora de Queens (Promo) (ES)
ES,0,1207841,VCBS - Spain - Adult (Promo),344093,BBC Drama (Promo) (ES)
ES,0,1207841,VCBS - Spain - Adult (Promo),325742,Barbarian (Promo) (ES)
ES,0,1207841,VCBS - Spain - Adult (Promo),347421,Basadas en Libros (Promo) (ES)
ES,0,1207841,VCBS - Spain - Adult (Promo),329506,Batman Begins (Promo) (ES)
ES,0,1207841,VCBS - Spain - Adult (Promo),311982,Beavis & Butthead (Promo) (ES)
ES,0,1207841,VCBS - Spain - Adult (Promo),277972,Behind The Music (Promo) (ES)
ES,0,1207841,VCBS - Spain - Adult (Promo),317606,Beyblade (Promo) (ES)
ES,0,1207841,VCBS - Spain - Adult (Promo),351610,Billie Eilish Hit Me Hard And Soft: The Tour (Promo) (ES)
ES,0,1207841,VCBS - Spain - Adult (Promo),309148,Blue Bloods (Promo) (ES)
ES,0,1207841,VCBS - Spain - Adult (Promo),353067,Blue Mountain State (Promo) (ES)
ES,0,1207841,VCBS - Spain - Adult (Promo),314214,Bob Esponja (Promo) (ES)
ES,0,1207841,VCBS - Spain - Adult (Promo),276647,Bridget Jones (Promo) (ES)
ES,0,1207841,VCBS - Spain - Adult (Promo),341526,Brooklyn + Fantasmas (Promo) (ES)
ES,0,1207841,VCBS - Spain - Adult (Promo),335135,Brooklyn Nine-Nine (Promo) (ES)
ES,0,1207841,VCBS - Spain - Adult (Promo),269008,Buckhead Shore (Promo) (ES)
ES,0,1207841,VCBS - Spain - Adult (Promo),330224,Buscando El Norte (Promo) (ES)
ES,0,1207841,VCBS - Spain - Adult (Promo),272740,CBS News (Promo) (ES)
ES,0,1207841,VCBS - Spain - Adult (Promo),276676,Catastrofes (Promo) (ES)
ES,0,1207841,VCBS - Spain - Adult (Promo),346060,Catfish (Promo) (ES)
ES,0,1207841,VCBS - Spain - Adult (Promo),308641,Caught In The Act: Unfaithful (Promo) (ES)
ES,0,1207841,VCBS - Spain - Adult (Promo),274816,Caza Subastas (Promo) (ES)
ES,0,1207841,VCBS - Spain - Adult (Promo),342148,Cheers (Promo) (ES)
ES,0,1207841,VCBS - Spain - Adult (Promo),322007,Cherif (Promo) (ES)
ES,0,1207841,VCBS - Spain - Adult (Promo),271073,Ciencia Ficcion (Promo) (ES)
ES,0,1207841,VCBS - Spain - Adult (Promo),275966,Cine Accion (Promo) (ES)
ES,0,1207841,VCBS - Spain - Adult (Promo),326542,Cine Estelar (Promo) (ES)
ES,0,1207841,VCBS - Spain - Adult (Promo),307783,Cine Estelar: Semana De Los Óscars (Promo) (ES)
ES,0,1207841,VCBS - Spain - Adult (Promo),344154,Cine Romance (Promo) (ES)
ES,0,1207841,VCBS - Spain - Adult (Promo),307546,Cinema Premiere (Promo) (ES)
ES,0,1207841,VCBS - Spain - Adult (Promo),307919,Colombo (Promo) (ES)
ES,0,1207841,VCBS - Spain - Adult (Promo),277989,Color Out of Space (Promo) (ES)
ES,0,1207841,VCBS - Spain - Adult (Promo),343276,Comedia A Lo Bestia (Promo) (ES)
ES,0,1207841,VCBS - Spain - Adult (Promo),307845,Comedia Made In Spain (Promo) (ES)
ES,0,1207841,VCBS - Spain - Adult (Promo),272970,Comedy Central (Promo) (ES)
ES,0,1207841,VCBS - Spain - Adult (Promo),277988,Cops (Promo) (ES)
ES,0,1207841,VCBS - Spain - Adult (Promo),333598,Cosas de Canal West Coast (Promo) (ES)
ES,0,1207841,VCBS - Spain - Adult (Promo),316453,Crimen & Historia (Promo) (ES)
ES,0,1207841,VCBS - Spain - Adult (Promo),268996,Crimen y Misterio (Promo) (ES)
ES,0,1207841,VCBS - Spain - Adult (Promo),352726,Cuerpo de Elite (Promo) (ES)
ES,0,1207841,VCBS - Spain - Adult (Promo),323036,Cuéntame un Cuento (Promo) (ES)
ES,0,1207841,VCBS - Spain - Adult (Promo),343791,Dating Naked UK (Promo) (ES)
ES,0,1207841,VCBS - Spain - Adult (Promo),268999,Detective Conan (Promo) (ES)
ES,0,1207841,VCBS - Spain - Adult (Promo),272214,Digman! (Promo) (ES)
ES,0,1207841,VCBS - Spain - Adult (Promo),275772,Doctor Who (Promo) (ES)
ES,0,1207841,VCBS - Spain - Adult (Promo),272055,Documental + Lifestyle (Promo) (ES)
ES,0,1207841,VCBS - Spain - Adult (Promo),317182,Dora (Promo) (ES)
ES,0,1207841,VCBS - Spain - Adult (Promo),311986,Dragon Ball (Promo) (ES)
ES,0,1207841,VCBS - Spain - Adult (Promo),342674,Dragon Ball Z (Promo) (ES)
ES,0,1207841,VCBS - Spain - Adult (Promo),277981,Dragon Ball Z Últimas Sagas (Promo) (ES)
ES,0,1207841,VCBS - Spain - Adult (Promo),326938,Dragon Ball Z: Kai (Promo) (ES)
ES,0,1207841,VCBS - Spain - Adult (Promo),269010,Dragon Ball Z: Nuevas Sagas (Promo) (ES)
ES,0,1207841,VCBS - Spain - Adult (Promo),340234,EStán Vivos (Promo) (ES)
ES,0,1207841,VCBS - Spain - Adult (Promo),344572,El Comisario (Promo) (ES)
ES,0,1207841,VCBS - Spain - Adult (Promo),268998,El Detective Endeavour (Promo) (ES)
ES,0,1207841,VCBS - Spain - Adult (Promo),275771,El Encantador De Perros (Promo) (ES)
ES,0,1207841,VCBS - Spain - Adult (Promo),351524,El Mejor Cine (Promo) (ES)
ES,0,1207841,VCBS - Spain - Adult (Promo),314632,El Renacido (Promo) (ES)
ES,0,1207841,VCBS - Spain - Adult (Promo),277969,Embrujadas (Promo) (ES)
ES,0,1207841,VCBS - Spain - Adult (Promo),342680,Empeños a lo Bestia (Promo) (ES)
ES,0,1207841,VCBS - Spain - Adult (Promo),269002,Empeños lo Bestia (Promo) (ES)
ES,0,1207841,VCBS - Spain - Adult (Promo),323043,End of Year Music Stunt (Promo) (ES)
ES,0,1207841,VCBS - Spain - Adult (Promo),343297,Especial Nero Noventero (Promo) (ES)
ES,0,1207841,VCBS - Spain - Adult (Promo),318617,FIFA+ (Promo) (ES)
ES,0,1207841,VCBS - Spain - Adult (Promo),337880,Fantasmas (Promo) (ES)
ES,0,1207841,VCBS - Spain - Adult (Promo),349608,Friends (Promo) (ES)
ES,0,1207841,VCBS - Spain - Adult (Promo),322510,Futurama (Promo) (ES)
ES,0,1207841,VCBS - Spain - Adult (Promo),349436,Gata Salvaje (Promo) (ES)
ES,0,1207841,VCBS - Spain - Adult (Promo),325099,Generación Danger (Promo) (ES)
ES,0,1207841,VCBS - Spain - Adult (Promo),272054,Genérica de Cine (Promo) (ES)
ES,0,1207841,VCBS - Spain - Adult (Promo),306876,Geordie Shore (Promo) (ES)
ES,0,1207841,VCBS - Spain - Adult (Promo),349439,Goku Day (Promo) (ES)
ES,0,1207841,VCBS - Spain - Adult (Promo),318610,Gore & Slasher (Promo) (ES)
ES,0,1207841,VCBS - Spain - Adult (Promo),352134,H2O & Friends (Promo) (ES)
ES,0,1207841,VCBS - Spain - Adult (Promo),326328,Henry Danger: La Película (Promo) (ES)
ES,0,1207841,VCBS - Spain - Adult (Promo),328832,Historia y Vida (Promo) (ES)
ES,0,1207841,VCBS - Spain - Adult (Promo),317530,Historias de las Tortugas Ninja (Promo) (ES)
ES,0,1207841,VCBS - Spain - Adult (Promo),275664,House Broken (Promo) (ES)
ES,0,1207841,VCBS - Spain - Adult (Promo),319256,Hámsters de Hamsterdale (Promo) (ES)
ES,0,1207841,VCBS - Spain - Adult (Promo),277574,Ink Master (Promo) (ES)
ES,0,1207841,VCBS - Spain - Adult (Promo),276679,Invasión Alien (Promo) (ES)
ES,0,1207841,VCBS - Spain - Adult (Promo),314008,Isle of MTV Malta (Promo) (ES)
ES,0,1207841,VCBS - Spain - Adult (Promo),350458,Jackass (Promo) (ES)
ES,0,1207841,VCBS - Spain - Adult (Promo),309954,Jersey Shore Vacaciones En Familia (Promo) (ES)
ES,0,1207841,VCBS - Spain - Adult (Promo),351250,Jimmy Carr's Am I the A******? (Promo) (ES)
ES,0,1207841,VCBS - Spain - Adult (Promo),314051,Kids' Choice Awards (Promo) (ES)
ES,0,1207841,VCBS - Spain - Adult (Promo),349840,La Casa de Mis Sueños (Promo) (ES)
ES,0,1207841,VCBS - Spain - Adult (Promo),276677,La Fiebre Del Jade (Promo) (ES)
ES,0,1207841,VCBS - Spain - Adult (Promo),351692,La Odisea - Cine Estelar (Promo) (ES)
ES,0,1207841,VCBS - Spain - Adult (Promo),324617,La Patrulla Canina (Promo) (ES)
ES,0,1207841,VCBS - Spain - Adult (Promo),343280,La Que Se Avecina (Promo) (ES)
ES,0,1207841,VCBS - Spain - Adult (Promo),314649,La Reina Del Pueblo (Promo) (ES)
ES,0,1207841,VCBS - Spain - Adult (Promo),275774,La Vengaza de los Ex VIP (Promo) (ES)
ES,0,1207841,VCBS - Spain - Adult (Promo),312352,Las Tortugas Ninja (Promo) (ES)
ES,0,1207841,VCBS - Spain - Adult (Promo),346919,Leo Mattei (Promo) (ES)
ES,0,1207841,VCBS - Spain - Adult (Promo),312657,Llama a la Comadrona (Promo) (ES)
ES,0,1207841,VCBS - Spain - Adult (Promo),334666,Lo Mas Ridiculo (Promo) (ES)
ES,0,1207841,VCBS - Spain - Adult (Promo),268991,Los Asesinatos de Midsomer (Promo) (ES)
ES,0,1207841,VCBS - Spain - Adult (Promo),276651,Los Crímines de Cassandre (Promo) (ES)
ES,0,1207841,VCBS - Spain - Adult (Promo),340225,Los Gipsy Kings (Promo) (ES)
ES,0,1207841,VCBS - Spain - Adult (Promo),337879,Los Juegos del Hambre (Promo) (ES)
ES,0,1207841,VCBS - Spain - Adult (Promo),320113,Los Misterios de Murdoch (Promo) (ES)
ES,0,1207841,VCBS - Spain - Adult (Promo),330839,Los Padrinos Magicos: Un Nuevo Deseo (Promo) (ES)
ES,0,1207841,VCBS - Spain - Adult (Promo),327529,Los Thunderman: Infiltrados (Promo) (ES)
ES,0,1207841,VCBS - Spain - Adult (Promo),314327,Los Vigilantes de la Playa (Promo) (ES)
ES,0,1207841,VCBS - Spain - Adult (Promo),347482,Love & Hip Hop: Atlanta (Promo) (ES)
ES,0,1207841,VCBS - Spain - Adult (Promo),335701,Lupin III (Promo) (ES)
ES,0,1207841,VCBS - Spain - Adult (Promo),316362,MTV Biggest Pop (Promo) (ES)
ES,0,1207841,VCBS - Spain - Adult (Promo),269007,MTV Catfish (Promo) (ES)
ES,0,1207841,VCBS - Spain - Adult (Promo),316940,MTV EMA (Promo) (ES)
ES,0,1207841,VCBS - Spain - Adult (Promo),276084,MTV Hits Navidad (Promo) (ES)
ES,0,1207841,VCBS - Spain - Adult (Promo),277282,MTV Love Music (Promo) (ES)
ES,0,1207841,VCBS - Spain - Adult (Promo),313476,MTV Originals (Promo) (ES)
ES,0,1207841,VCBS - Spain - Adult (Promo),317704,MTV Party Music (Promo) (ES)
ES,0,1207841,VCBS - Spain - Adult (Promo),313475,MTV Push Espana (Promo) (ES)
ES,0,1207841,VCBS - Spain - Adult (Promo),268994,MTV Realities (Promo) (ES)
ES,0,1207841,VCBS - Spain - Adult (Promo),326943,MTV Reinas del Pop (Promo) (ES)
ES,0,1207841,VCBS - Spain - Adult (Promo),325755,MTV Unplugged (Promo) (ES)
ES,0,1207841,VCBS - Spain - Adult (Promo),268989,MTV Verguenza Ajena (Promo) (ES)
ES,0,1207841,VCBS - Spain - Adult (Promo),272056,MTV en Pluto TV (Promo) (ES)
ES,0,1207841,VCBS - Spain - Adult (Promo),321645,MTV: Hazte Un Shores (Promo) (ES)
ES,0,1207841,VCBS - Spain - Adult (Promo),313723,MTV: Teen Mom (Promo) (ES)
ES,0,1207841,VCBS - Spain - Adult (Promo),307757,MTVE Brand (Promo) (ES)
ES,0,1207841,VCBS - Spain - Adult (Promo),272057,Made in Spain (Promo) (ES)
ES,0,1207841,VCBS - Spain - Adult (Promo),276646,Malcolm in the Middle (Promo) (ES)
ES,0,1207841,VCBS - Spain - Adult (Promo),273159,Martes Letal (Promo) (ES)
ES,0,1207841,VCBS - Spain - Adult (Promo),342122,Mazapanes Polvorones y Sagas (Promo) (ES)
ES,0,1207841,VCBS - Spain - Adult (Promo),317224,Medium (Promo) (ES)
ES,0,1207841,VCBS - Spain - Adult (Promo),311638,Mental Health (Promo) (ES)
ES,0,1207841,VCBS - Spain - Adult (Promo),333016,Merlí (Promo) (ES)
ES,0,1207841,VCBS - Spain - Adult (Promo),345401,Mes Internacional de la Mujer (Promo) (ES)
ES,0,1207841,VCBS - Spain - Adult (Promo),268995,Metallica Presents: The Helping Hands Concert (Promo) (ES)
ES,0,1207841,VCBS - Spain - Adult (Promo),335082,Mission Impossible: The Final Reckoning (Promo) (ES)
ES,0,1207841,VCBS - Spain - Adult (Promo),325047,Modern Family (Promo) (ES)
ES,0,1207841,VCBS - Spain - Adult (Promo),345897,Monster High (Promo) (ES)
ES,0,1207841,VCBS - Spain - Adult (Promo),334683,Mortal Engines (Promo) (ES)
ES,0,1207841,VCBS - Spain - Adult (Promo),343278,Mystery Hour (Promo) (ES)
ES,0,1207841,VCBS - Spain - Adult (Promo),309532,Narcomedy Especial (Promo) (ES)
ES,0,1207841,VCBS - Spain - Adult (Promo),276675,Nick (Promo) (ES)
ES,0,1207841,VCBS - Spain - Adult (Promo),343388,Nick All Stars Maratón (Promo) (ES)
ES,0,1207841,VCBS - Spain - Adult (Promo),318421,Novelas Turcas (Promo) (ES)
ES,0,1207841,VCBS - Spain - Adult (Promo),272021,One Piece (Promo) (ES)
ES,0,1207841,VCBS - Spain - Adult (Promo),350293,Orgullo (Promo) (ES)
ES,0,1207841,VCBS - Spain - Adult (Promo),349468,Orgullo Friki (Promo) (ES)
ES,0,1207841,VCBS - Spain - Adult (Promo),351235,Out Of Order (Promo) (ES)
ES,0,1207841,VCBS - Spain - Adult (Promo),322008,Oxfam Intermón (Promo) (ES)
ES,0,1207841,VCBS - Spain - Adult (Promo),324876,PSA Promos (Promo) (ES)
ES,0,1207841,VCBS - Spain - Adult (Promo),272020,Paramount Network (Promo) (ES)
ES,0,1207841,VCBS - Spain - Adult (Promo),343255,Paranormal (Promo) (ES)
ES,0,1207841,VCBS - Spain - Adult (Promo),352139,Passenger (Promo) (ES)
ES,0,1207841,VCBS - Spain - Adult (Promo),322266,Pillados Infieles (Promo) (ES)
ES,0,1207841,VCBS - Spain - Adult (Promo),351691,Pipi Calzaslargas (Promo) (ES)
ES,0,1207841,VCBS - Spain - Adult (Promo),351687,Pluto Drama (Promo) (ES)
ES,0,1207841,VCBS - Spain - Adult (Promo),350613,Pluto Futbol (Promo) (ES)
ES,0,1207841,VCBS - Spain - Adult (Promo),326942,Pluto Mujeres Protagonistas (Promo) (ES)
ES,0,1207841,VCBS - Spain - Adult (Promo),268993,Pluto TV (Promo) (ES)
ES,0,1207841,VCBS - Spain - Adult (Promo),349829,Pluto TV Actualidad (Promo) (ES)
ES,0,1207841,VCBS - Spain - Adult (Promo),315212,Pluto TV Alerta Cobra (Promo) (ES)
ES,0,1207841,VCBS - Spain - Adult (Promo),269005,Pluto TV Anime (Promo) (ES)
ES,0,1207841,VCBS - Spain - Adult (Promo),324237,Pluto TV Horror (Promo) (ES)
ES,0,1207841,VCBS - Spain - Adult (Promo),309423,Pluto TV Junior (Promo) (ES)
ES,0,1207841,VCBS - Spain - Adult (Promo),325939,Pluto TV Miniseries (Promo) (ES)
ES,0,1207841,VCBS - Spain - Adult (Promo),331765,Pluto TV Motor (Promo) (ES)
ES,0,1207841,VCBS - Spain - Adult (Promo),323810,Pluto TV Navidad (Promo) (ES)
ES,0,1207841,VCBS - Spain - Adult (Promo),310811,Pluto TV Noches de Acción (Promo) (ES)
ES,0,1207841,VCBS - Spain - Adult (Promo),312597,Pluto TV Pride (Promo) (ES)
ES,0,1207841,VCBS - Spain - Adult (Promo),309682,Pluto TV Psycho (Promo) (ES)
ES,0,1207841,VCBS - Spain - Adult (Promo),343790,Pluto TV Reality (Promo) (ES)
ES,0,1207841,VCBS - Spain - Adult (Promo),308170,Pluto TV Series (Promo) (ES)
ES,0,1207841,VCBS - Spain - Adult (Promo),268997,Pluto TV Teen (Promo) (ES)
ES,0,1207841,VCBS - Spain - Adult (Promo),325243,Pluto TV Western (Promo) (ES)
ES,0,1207841,VCBS - Spain - Adult (Promo),307248,Pluto TV Zombies (Promo) (ES)
ES,0,1207841,VCBS - Spain - Adult (Promo),337718,Pluto Universo Anime (Promo) (ES)
ES,0,1207841,VCBS - Spain - Adult (Promo),345606,Primate (Promo) (ES)
ES,0,1207841,VCBS - Spain - Adult (Promo),315856,Primeval (Promo) (ES)
ES,0,1207841,VCBS - Spain - Adult (Promo),309850,Psycho Weekend (Promo) (ES)
ES,0,1207841,VCBS - Spain - Adult (Promo),341925,Regretting You (Promo) (ES)
ES,0,1207841,VCBS - Spain - Adult (Promo),335649,Rey Arturo: La Leyenda De Excalibur (Promo) (ES)
ES,0,1207841,VCBS - Spain - Adult (Promo),330052,Rookie Blue (Promo) (ES)
ES,0,1207841,VCBS - Spain - Adult (Promo),317171,RuPaul's Drag Race: Global All Stars (Promo) (ES)
ES,0,1207841,VCBS - Spain - Adult (Promo),269009,Sabrina: Cosas de Brujas (Promo) (ES)
ES,0,1207841,VCBS - Spain - Adult (Promo),341360,Saint Seya Caballeros Del Zodiaco (Promo) (ES)
ES,0,1207841,VCBS - Spain - Adult (Promo),307810,Sakura Cazadora de Cartas (Promo) (ES)
ES,0,1207841,VCBS - Spain - Adult (Promo),344160,San Valentin Musical (Promo) (ES)
ES,0,1207841,VCBS - Spain - Adult (Promo),352839,Scary Movie (Promo) (ES)
ES,0,1207841,VCBS - Spain - Adult (Promo),347086,Scream 7 (Promo) (ES)
ES,0,1207841,VCBS - Spain - Adult (Promo),307893,Sensación de Vivir (90210) y Melrose Place (Promo) (ES)
ES,0,1207841,VCBS - Spain - Adult (Promo),309420,Series Criminales (Promo) (ES)
ES,0,1207841,VCBS - Spain - Adult (Promo),327559,Series Míticas (Promo) (ES)
ES,0,1207841,VCBS - Spain - Adult (Promo),346054,Shin Chan (Promo) (ES)
ES,0,1207841,VCBS - Spain - Adult (Promo),320145,"Si, Quiero Ese Vestido (Promo) (ES)"
ES,0,1207841,VCBS - Spain - Adult (Promo),309909,South Park (Promo) (ES)
ES,0,1207841,VCBS - Spain - Adult (Promo),338839,SouthPark28 (Promo) (ES)
ES,0,1207841,VCBS - Spain - Adult (Promo),316713,Star Trek (Promo) (ES)
ES,0,1207841,VCBS - Spain - Adult (Promo),311079,Star Trek Películas (Promo) (ES)
ES,0,1207841,VCBS - Spain - Adult (Promo),313648,Star Trek: Deep Space Nine (Promo) (ES)
ES,0,1207841,VCBS - Spain - Adult (Promo),311087,Star Trek: Lower Decks (Promo) (ES)
ES,0,1207841,VCBS - Spain - Adult (Promo),311081,Star Trek: The Next Generation (Promo) (ES)
ES,0,1207841,VCBS - Spain - Adult (Promo),315855,Star Trek: Voyager (Promo) (ES)
ES,0,1207841,VCBS - Spain - Adult (Promo),276649,Super Shore (Promo) (ES)
ES,0,1207841,VCBS - Spain - Adult (Promo),316095,Sábado a Capela (Promo) (ES)
ES,0,1207841,VCBS - Spain - Adult (Promo),269006,Teen Mom (Promo) (ES)
ES,0,1207841,VCBS - Spain - Adult (Promo),324875,Teen Mom UK (Promo) (ES)
ES,0,1207841,VCBS - Spain - Adult (Promo),268988,Telenovelas (Promo) (ES)
ES,0,1207841,VCBS - Spain - Adult (Promo),350550,Terapia con Charlie (Promo) (ES)
ES,0,1207841,VCBS - Spain - Adult (Promo),334829,The Challenge (Promo) (ES)
ES,0,1207841,VCBS - Spain - Adult (Promo),311092,The Challenge: All Stars (Promo) (ES)
ES,0,1207841,VCBS - Spain - Adult (Promo),334167,The Good Wife (Promo) (ES)
ES,0,1207841,VCBS - Spain - Adult (Promo),347419,The Musketeers (Promo) (ES)
ES,0,1207841,VCBS - Spain - Adult (Promo),337726,The Naked Gun (Promo) (ES)
ES,0,1207841,VCBS - Spain - Adult (Promo),343122,The Running Man (Promo) (ES)
ES,0,1207841,VCBS - Spain - Adult (Promo),335924,The Smurfs (Promo) (ES)
ES,0,1207841,VCBS - Spain - Adult (Promo),323953,The Surreal Life: Villa of Secrets (Promo) (ES)
ES,0,1207841,VCBS - Spain - Adult (Promo),327549,The Thundermans (Promo) (ES)
ES,0,1207841,VCBS - Spain - Adult (Promo),309215,The Thundermans Return (Promo) (ES)
ES,0,1207841,VCBS - Spain - Adult (Promo),275118,Thriller 40 (Promo) (ES)
ES,0,1207841,VCBS - Spain - Adult (Promo),327534,Tom Petty: Heartbreakers Beach Party (Promo) (ES)
ES,0,1207841,VCBS - Spain - Adult (Promo),349446,Top Barça (Promo) (ES)
ES,0,1207841,VCBS - Spain - Adult (Promo),269000,Top Gear (Promo) (ES)
ES,0,1207841,VCBS - Spain - Adult (Promo),345911,Top Gear: Celebrities (Promo) (ES)
ES,0,1207841,VCBS - Spain - Adult (Promo),336124,Tuning & Tattoos (Promo) (ES)
ES,0,1207841,VCBS - Spain - Adult (Promo),330331,UFC (Promo) (ES)
ES,0,1207841,VCBS - Spain - Adult (Promo),275675,Una Verdadera Casa de Locos (Promo) (ES)
ES,0,1207841,VCBS - Spain - Adult (Promo),319261,Una Verdadera Casa de Locos Encantada (Promo) (ES)
ES,0,1207841,VCBS - Spain - Adult (Promo),329503,Unidad de Investigacion (Promo) (ES)
ES,0,1207841,VCBS - Spain - Adult (Promo),334824,VMAs (Promo) (ES)
ES,0,1207841,VCBS - Spain - Adult (Promo),332894,Van Helsing (Promo) (ES)
ES,0,1207841,VCBS - Spain - Adult (Promo),351689,Verano de Terror (Promo) (ES)
ES,0,1207841,VCBS - Spain - Adult (Promo),314208,Veranoches Animadas (Promo) (ES)
ES,0,1207841,VCBS - Spain - Adult (Promo),308592,Vergüenza Ajena (Promo) (ES)
ES,0,1207841,VCBS - Spain - Adult (Promo),273166,Victorious (Promo) (ES)
ES,0,1207841,VCBS - Spain - Adult (Promo),333383,Vivan Los Pueblos (Promo) (ES)
ES,0,1207841,VCBS - Spain - Adult (Promo),349443,Vivi con un Asesino Pluto TV True Crime (Promo) (ES)
ES,0,1207841,VCBS - Spain - Adult (Promo),312581,Walker Texas Ranger (Promo) (ES)
ES,0,1207841,VCBS - Spain - Adult (Promo),313486,We Speak Music (Promo) (ES)
ES,0,1207841,VCBS - Spain - Adult (Promo),269001,Yu Gi Oh! (Promo) (ES)
ES,0,1207841,VCBS - Spain - Adult (Promo),273165,Zoey 101 (Promo) (ES)
ES,1,1209278,VCBS - Spain - Kids (Promo),269013,Anima - Kids (Promo) (ES)
ES,1,1209278,VCBS - Spain - Kids (Promo),351622,Barbapapa - Kids (Promo) (ES)
ES,1,1209278,VCBS - Spain - Kids (Promo),347970,Ben & Holly - Kids (Promo) (ES)
ES,1,1209278,VCBS - Spain - Kids (Promo),317540,Beyblade - Kids (Promo) (ES)
ES,1,1209278,VCBS - Spain - Kids (Promo),269012,Big Time Rush - Kids (Promo) (ES)
ES,1,1209278,VCBS - Spain - Kids (Promo),269014,Bob Esponja - Kids (Promo) (ES)
ES,1,1209278,VCBS - Spain - Kids (Promo),269018,Bossy Bear - Kids (Promo) (ES)
ES,1,1209278,VCBS - Spain - Kids (Promo),269019,Canales Infantiles - Kids (Promo) (ES)
ES,1,1209278,VCBS - Spain - Kids (Promo),351747,Casagrandes - Kids (Promo) (ES)
ES,1,1209278,VCBS - Spain - Kids (Promo),321949,Comedy Central - Kids (Promo) ES)
ES,1,1209278,VCBS - Spain - Kids (Promo),347448,Deer Squad - Kids (Promo) (ES)
ES,1,1209278,VCBS - Spain - Kids (Promo),334220,Detectives Animales - Kids (Promo) (ES)
ES,1,1209278,VCBS - Spain - Kids (Promo),309259,Dora - Kids (Promo) (ES)
ES,1,1209278,VCBS - Spain - Kids (Promo),269016,Dora La Exploradora - Kids (Promo) (ES)
ES,1,1209278,VCBS - Spain - Kids (Promo),309296,Dora TV - Kids (Promo) (ES)
ES,1,1209278,VCBS - Spain - Kids (Promo),333122,Dora en Busca del Sol Dorado - Kids (Promo) (ES)
ES,1,1209278,VCBS - Spain - Kids (Promo),330793,El Gran Show de Baby Shark - Kids (Promo) (ES)
ES,1,1209278,VCBS - Spain - Kids (Promo),330314,El Reino Infantil - Kids (Promo) (ES)
ES,1,1209278,VCBS - Spain - Kids (Promo),330319,Erase Una Vez - Kids (Promo) (ES)
ES,1,1209278,VCBS - Spain - Kids (Promo),325104,Generacion Danger - Kids (Promo) (ES)
ES,1,1209278,VCBS - Spain - Kids (Promo),330312,Heidi y Marco - Kids (Promo) (ES)
ES,1,1209278,VCBS - Spain - Kids (Promo),334219,Henry Danger - Kids (Promo) (ES)
ES,1,1209278,VCBS - Spain - Kids (Promo),324871,Henry Danger: La Película - Kids (Promo) (ES)
ES,1,1209278,VCBS - Spain - Kids (Promo),317539,Historias de las Tortugas Ninja - Kids (Promo) (ES)
ES,1,1209278,VCBS - Spain - Kids (Promo),319257,Hámsters de Hamsterdale - Kids (Promo) (ES)
ES,1,1209278,VCBS - Spain - Kids (Promo),351395,Kamp Koral - Kids (Promo) (ES)
ES,1,1209278,VCBS - Spain - Kids (Promo),316096,Kampamento Koral - Kids (Promo) (ES)
ES,1,1209278,VCBS - Spain - Kids (Promo),314049,Kids' Choice Awards - Kids (Promo) (ES)
ES,1,1209278,VCBS - Spain - Kids (Promo),341609,La Abeja Maya (Promo) (ES)
ES,1,1209278,VCBS - Spain - Kids (Promo),332501,La Gran Fiesta de Dora - Kids (Promo) (ES)
ES,1,1209278,VCBS - Spain - Kids (Promo),274815,La Patrulla Canina - Kids (Promo) (ES)
ES,1,1209278,VCBS - Spain - Kids (Promo),310520,La gran película de Baby Shark - Kids (Promo) (ES)
ES,1,1209278,VCBS - Spain - Kids (Promo),312351,Las Tortugas Ninja - Kids (Promo) (ES)
ES,1,1209278,VCBS - Spain - Kids (Promo),344575,Los Marsupilamis - Kids (Promo) (ES)
ES,1,1209278,VCBS - Spain - Kids (Promo),271035,Los Padrinos Magicos - Kids (Promo) (ES)
ES,1,1209278,VCBS - Spain - Kids (Promo),330838,Los Padrinos Magicos: Un Nuevo Deseo - Kids (Promo) (ES)
ES,1,1209278,VCBS - Spain - Kids (Promo),327530,Los Thunderman: Infiltrados - Kids (Promo) (ES)
ES,1,1209278,VCBS - Spain - Kids (Promo),336899,Los Wylde Pak - Kids (Promo) (ES)
ES,1,1209278,VCBS - Spain - Kids (Promo),311429,Monster High 2 - Kids (Promo) (ES)
ES,1,1209278,VCBS - Spain - Kids (Promo),344662,Mr. Crocodile - Kids (Promo) (ES)
ES,1,1209278,VCBS - Spain - Kids (Promo),271036,Nick - Kids (Promo) (ES)
ES,1,1209278,VCBS - Spain - Kids (Promo),343393,Nick All Stars Maratón - Kids (Promo) (ES)
ES,1,1209278,VCBS - Spain - Kids (Promo),276244,Nick Jr. - Kids (Promo) (ES)
ES,1,1209278,VCBS - Spain - Kids (Promo),269020,Noggin - Kids (Promo) (ES)
ES,1,1209278,VCBS - Spain - Kids (Promo),334680,PSA Promos - Kids (Promo) (ES)
ES,1,1209278,VCBS - Spain - Kids (Promo),329512,Patricio Es La Estrella - Kids (Promo) (ES)
ES,1,1209278,VCBS - Spain - Kids (Promo),341535,Patrulla En Navidad (Promo) (ES)
ES,1,1209278,VCBS - Spain - Kids (Promo),277428,Paw Patrol - Kids (Promo) (ES)
ES,1,1209278,VCBS - Spain - Kids (Promo),343778,Peppa Pig - Kids (Promo) (ES)
ES,1,1209278,VCBS - Spain - Kids (Promo),307544,"Piedra, Papel, Tijera - Kids (Promo) (ES)"
ES,1,1209278,VCBS - Spain - Kids (Promo),331020,Pluto TV - Kids (Promo) (ES)
ES,1,1209278,VCBS - Spain - Kids (Promo),309424,Pluto TV Junior - Kids (Promo) (ES)
ES,1,1209278,VCBS - Spain - Kids (Promo),276083,Pluto TV Kids Navidad - Kids (Promo) (ES)
ES,1,1209278,VCBS - Spain - Kids (Promo),306575,Pluto TV Teen - Kids (Promo) (ES)
ES,1,1209278,VCBS - Spain - Kids (Promo),351762,Purple & Brown - Kids (Promo) (ES)
ES,1,1209278,VCBS - Spain - Kids (Promo),277430,Rubble & Crew - Kids (Promo) (ES)
ES,1,1209278,VCBS - Spain - Kids (Promo),269015,Rugrats - Kids (Promo) (ES)
ES,1,1209278,VCBS - Spain - Kids (Promo),313185,Sin Tiempo Para Espiar: Una Peli De Una Casa De Locos - Kids (Promo) (ES)
ES,1,1209278,VCBS - Spain - Kids (Promo),350687,Sonic Prime - Kids (Promo) (ES)
ES,1,1209278,VCBS - Spain - Kids (Promo),343911,Spongebob - Kids (Promo) (ES)
ES,1,1209278,VCBS - Spain - Kids (Promo),333120,Super Liga Bunny - Kids (Promo) (ES)
ES,1,1209278,VCBS - Spain - Kids (Promo),307825,Super Patrulla Canina Y Adelanto Dora - Kids (Promo) (ES)
ES,1,1209278,VCBS - Spain - Kids (Promo),317275,Tales of the TMNT - Kids (Promo) (ES)
ES,1,1209278,VCBS - Spain - Kids (Promo),347432,That Girl Lay Lay - Kids (Promo) (ES)
ES,1,1209278,VCBS - Spain - Kids (Promo),324872,The Loud House - Kids (Promo) (ES)
ES,1,1209278,VCBS - Spain - Kids (Promo),317276,The Patrick Star Show - Kids (Promo) (ES)
ES,1,1209278,VCBS - Spain - Kids (Promo),351472,The Really Loud House - Kids (Promo) (ES)
ES,1,1209278,VCBS - Spain - Kids (Promo),333489,The Smurfs - Kids (Promo) (ES)
ES,1,1209278,VCBS - Spain - Kids (Promo),327551,The Thundermans - Kids (Promo) (ES)
ES,1,1209278,VCBS - Spain - Kids (Promo),309214,The Thundermans Return - Kids (Promo) (ES)
ES,1,1209278,VCBS - Spain - Kids (Promo),334218,The Thundermans Undercover - Kids (Promo) (ES)
ES,1,1209278,VCBS - Spain - Kids (Promo),316101,Tibucán - Kids (Promo) (ES)
ES,1,1209278,VCBS - Spain - Kids (Promo),336898,Tim Rex en el Espacio - Kids (Promo) (ES)
ES,1,1209278,VCBS - Spain - Kids (Promo),324873,Transformers: Earthspark - Kids (Promo) (ES)
ES,1,1209278,VCBS - Spain - Kids (Promo),343595,Una Casa De Locos New Eps - Kids (Promo) (ES)
ES,1,1209278,VCBS - Spain - Kids (Promo),275678,Una Verdadera Casa de Locos - Kids (Promo) (ES)
ES,1,1209278,VCBS - Spain - Kids (Promo),319260,Una Verdadera Casa de Locos Encantada - Kids (Promo) (ES)
ES,1,1209278,VCBS - Spain - Kids (Promo),314217,Veranoches Animadas - Kids (Promo) (ES)
ES,1,1209278,VCBS - Spain - Kids (Promo),273168,Victorious - Kids (Promo) (ES)
ES,1,1209278,VCBS - Spain - Kids (Promo),273167,Zoey 101 - Kids (Promo) (ES)
ES,1,1209278,VCBS - Spain - Kids (Promo),311019,Zokie de Planeta Ruby - Kids (Promo) (ES)
FI,0,1207840,VCBS - Finland - Adult (Promo),307591,48 Hours (Promo) (FI)
FI,0,1207840,VCBS - Finland - Adult (Promo),331259,Aku Ankka (Promo) (FI)
FI,0,1207840,VCBS - Finland - Adult (Promo),269025,Are You The One? (Promo) (FI)
FI,0,1207840,VCBS - Finland - Adult (Promo),269026,Awkward (Promo) (FI)
FI,0,1207840,VCBS - Finland - Adult (Promo),269027,Beverly Hills 90210 (Promo) (FI)
FI,0,1207840,VCBS - Finland - Adult (Promo),351238,Billie Eilish Hit Me Hard And Soft: The Tour (Promo) (FI)
FI,0,1207840,VCBS - Finland - Adult (Promo),269037,CSI: Miami (Promo) (FI)
FI,0,1207840,VCBS - Finland - Adult (Promo),269028,Catfish (Promo) (FI)
FI,0,1207840,VCBS - Finland - Adult (Promo),272279,Codename Annika (Promo) (FI)
FI,0,1207840,VCBS - Finland - Adult (Promo),311494,ET - Lehti Esa & Seppo (Promo) (FI)
FI,0,1207840,VCBS - Finland - Adult (Promo),269029,Ex on the Beach (Promo) (FI)
FI,0,1207840,VCBS - Finland - Adult (Promo),269038,Frasier (Promo) (FI)
FI,0,1207840,VCBS - Finland - Adult (Promo),335919,Gasellit Imus (Promo) (FI)
FI,0,1207840,VCBS - Finland - Adult (Promo),323543,Gloria (Promo) (FI)
FI,0,1207840,VCBS - Finland - Adult (Promo),311484,Glorian - Koti (Promo) (FI)
FI,0,1207840,VCBS - Finland - Adult (Promo),311486,Glorian - Ruoka & Viini (Promo) (FI)
FI,0,1207840,VCBS - Finland - Adult (Promo),269030,Kellarin Kunkku (Promo) (FI)
FI,0,1207840,VCBS - Finland - Adult (Promo),331255,Kodin Kuvalehti (Promo) (FI)
FI,0,1207840,VCBS - Finland - Adult (Promo),327318,Me Naiset (Promo) (FI)
FI,0,1207840,VCBS - Finland - Adult (Promo),269031,Melrose Place (Promo) (FI)
FI,0,1207840,VCBS - Finland - Adult (Promo),335081,Mission Impossible: The Final Reckoning (Promo) (FR)
FI,0,1207840,VCBS - Finland - Adult (Promo),307592,My Life of Crime (Promo) (FI)
FI,0,1207840,VCBS - Finland - Adult (Promo),269040,NCIS (Promo) (FI)
FI,0,1207840,VCBS - Finland - Adult (Promo),337639,Naked Gun (Promo) (FI)
FI,0,1207840,VCBS - Finland - Adult (Promo),351877,Passenger (Promo) (FI)
FI,0,1207840,VCBS - Finland - Adult (Promo),269039,Pluto TV (Promo) (FI)
FI,0,1207840,VCBS - Finland - Adult (Promo),269704,Pluto TV Leffat (Promo) (FI)
FI,0,1207840,VCBS - Finland - Adult (Promo),345404,Primate (Promo) (FI)
FI,0,1207840,VCBS - Finland - Adult (Promo),342054,Regretting You (Promo) (FI)
FI,0,1207840,VCBS - Finland - Adult (Promo),269032,Ridiculousness (Promo) (FI)
FI,0,1207840,VCBS - Finland - Adult (Promo),269024,Ruutu (Promo) (FI)
FI,0,1207840,VCBS - Finland - Adult (Promo),352836,Scary Movie (Promo) (FI)
FI,0,1207840,VCBS - Finland - Adult (Promo),269041,Scorpion (Promo) (FI)
FI,0,1207840,VCBS - Finland - Adult (Promo),336084,Smurfs (Promo) (FI)
FI,0,1207840,VCBS - Finland - Adult (Promo),269033,South Park (Promo) (FI)
FI,0,1207840,VCBS - Finland - Adult (Promo),272242,Special Ops: Lioness (Promo) (FI)
FI,0,1207840,VCBS - Finland - Adult (Promo),269042,Spin City (Promo) (FI)
FI,0,1207840,VCBS - Finland - Adult (Promo),269034,Star Trek: The Next Generation (Promo) (FI)
FI,0,1207840,VCBS - Finland - Adult (Promo),269035,The Hills (Promo) (FI)
FI,0,1207840,VCBS - Finland - Adult (Promo),343118,The Running Man (Promo) (FI)
FI,0,1207840,VCBS - Finland - Adult (Promo),269036,Walker Texas Ranger (Promo) (FI)
FI,1,1209280,VCBS - Finland - Kids (Promo),269044,Aku Ankka - Kids (Promo) (FI)
FI,1,1209280,VCBS - Finland - Kids (Promo),351625,Barbapapa - Kids (Promo) (FI)
FI,1,1209280,VCBS - Finland - Kids (Promo),269046,Blaze Ja Monsterikoneet - Kids (Promo) (FI)
FI,1,1209280,VCBS - Finland - Kids (Promo),351753,Casagrandes - Kids (Promo) (FI)
FI,1,1209280,VCBS - Finland - Kids (Promo),309150,Dora - Kids (Promo) (FI)
FI,1,1209280,VCBS - Finland - Kids (Promo),269045,HS Lasten Uutiset - Kids (Promo) (FI)
FI,1,1209280,VCBS - Finland - Kids (Promo),351394,Kamp Koral - Kids (Promo) (FI)
FI,1,1209280,VCBS - Finland - Kids (Promo),323706,Loud House - Kids (Promo) (FI)
FI,1,1209280,VCBS - Finland - Kids (Promo),351406,Nick - Kids (Promo) (FI)
FI,1,1209280,VCBS - Finland - Kids (Promo),269048,Paavo Pesusieni - Kids (Promo) (FI)
FI,1,1209280,VCBS - Finland - Kids (Promo),269047,Paw Patrol - Kids (Promo) (FI)
FI,1,1209280,VCBS - Finland - Kids (Promo),351766,Purple & Brown - Kids (Promo) (FI)
FI,1,1209280,VCBS - Finland - Kids (Promo),351603,Rubble & Crew - Kids (Promo) (FI)
FI,1,1209280,VCBS - Finland - Kids (Promo),336085,Smurfs - Kids (Promo) (FI)
FI,1,1209280,VCBS - Finland - Kids (Promo),344416,SpongeBob - Kids (Promo) (FI)
FI,1,1209280,VCBS - Finland - Kids (Promo),269049,TMNT: Mutant Mayhem - Kids (Promo) (FI)
FI,1,1209280,VCBS - Finland - Kids (Promo),351390,Tales of the Teenage Mutant Ninja Turtles - Kids - (Promo) (FI)
FI,1,1209280,VCBS - Finland - Kids (Promo),351469,The Really Loud House - Kids (Promo) (FI)
FR,0,1207833,VCBS - France - Adult (Promo),351577,100 Nights of Hero (Promo) (FR)
FR,0,1207833,VCBS - France - Adult (Promo),310517,17 Ans Et Maman: Nouveau Chapitre (Promo) (FR)
FR,0,1207833,VCBS - France - Adult (Promo),338517,1923 (Promo) (FR)
FR,0,1207833,VCBS - France - Adult (Promo),308978,20 Piges (Promo) (FR)
FR,0,1207833,VCBS - France - Adult (Promo),341290,A Quiet Place: Day One (Promo) (FR)
FR,0,1207833,VCBS - France - Adult (Promo),313788,Abîmes (Promo) (FR)
FR,0,1207833,VCBS - France - Adult (Promo),274817,"Adjugé, Vendu! (Promo) (FR)"
FR,0,1207833,VCBS - France - Adult (Promo),269181,Alerte Cobra (Promo) (FR)
FR,0,1207833,VCBS - France - Adult (Promo),332615,Alerte a Malibu (Promo) (FR)
FR,0,1207833,VCBS - France - Adult (Promo),341056,All The Devils Are Here (Promo) (FR)
FR,0,1207833,VCBS - France - Adult (Promo),339516,Alma and the Wolf (Promo) (FR)
FR,0,1207833,VCBS - France - Adult (Promo),345846,American Sweatshop (Promo) (FR)
FR,0,1207833,VCBS - France - Adult (Promo),350594,Among Us (Promo) (FR)
FR,0,1207833,VCBS - France - Adult (Promo),269165,Anime All Day (Promo) (FR)
FR,0,1207833,VCBS - France - Adult (Promo),269168,Are You The One? (Promo) (FR)
FR,0,1207833,VCBS - France - Adult (Promo),313698,Asie Insolite (Promo) (FR)
FR,0,1207833,VCBS - France - Adult (Promo),332484,Aussie Shore (Promo) (FR)
FR,0,1207833,VCBS - France - Adult (Promo),352733,Avatar Aang: The Last Airbender (Promo) (FR)
FR,0,1207833,VCBS - France - Adult (Promo),316535,Average Joe (Promo) (FR)
FR,0,1207833,VCBS - France - Adult (Promo),269164,Awkward (Promo) (FR)
FR,0,1207833,VCBS - France - Adult (Promo),347418,BBC Series (Promo) (FR)
FR,0,1207833,VCBS - France - Adult (Promo),269177,BET (Promo) (FR)
FR,0,1207833,VCBS - France - Adult (Promo),313489,BET Awards (Promo) (FR)
FR,0,1207833,VCBS - France - Adult (Promo),272969,BET Soul Train Awards (Promo) (FR)
FR,0,1207833,VCBS - France - Adult (Promo),310506,BET: Love & Hip Hop Atlanta (Promo) (FR)
FR,0,1207833,VCBS - France - Adult (Promo),307550,Being Mary Jane (Promo) (FR)
FR,0,1207833,VCBS - France - Adult (Promo),349460,Best of Actors (Promo) (FR)
FR,0,1207833,VCBS - France - Adult (Promo),351096,Better Man (Promo) (FR)
FR,0,1207833,VCBS - France - Adult (Promo),317091,Beyblade (Promo) (FR)
FR,0,1207833,VCBS - France - Adult (Promo),351806,Billie Eilish Hit Me Hard And Soft: The Tour (Promo) (FR)
FR,0,1207833,VCBS - France - Adult (Promo),319165,Black Hamptons (Promo) (FR)
FR,0,1207833,VCBS - France - Adult (Promo),323812,Blue Bloods (Promo) (FR)
FR,0,1207833,VCBS - France - Adult (Promo),327108,Blue Lock (Promo) (FR)
FR,0,1207833,VCBS - France - Adult (Promo),311943,Boruto (Promo) (FR)
FR,0,1207833,VCBS - France - Adult (Promo),340233,Brigade Criminelle (Promo) (FR)
FR,0,1207833,VCBS - France - Adult (Promo),308251,Broad City (Promo) (FR)
FR,0,1207833,VCBS - France - Adult (Promo),269188,Brooklyn Nine Nine (Promo) (FR)
FR,0,1207833,VCBS - France - Adult (Promo),272278,C'est pas sorcier (Promo) (FR)
FR,0,1207833,VCBS - France - Adult (Promo),344241,Canada Shore (Promo) (FR)
FR,0,1207833,VCBS - France - Adult (Promo),316121,Captain Sakura (Promo) (FR)
FR,0,1207833,VCBS - France - Adult (Promo),272634,Catfish (Promo) (FR)
FR,0,1207833,VCBS - France - Adult (Promo),308690,Caught In The Act: Unfaithful (Promo) (FR)
FR,0,1207833,VCBS - France - Adult (Promo),352440,Celebrity Ex on the Beach (Promo) (FR)
FR,0,1207833,VCBS - France - Adult (Promo),308256,Celebrity True Crime Story (Promo) (FR)
FR,0,1207833,VCBS - France - Adult (Promo),324804,Chainsaw Man (Promo) (FR)
FR,0,1207833,VCBS - France - Adult (Promo),333436,Chanel West Coast: 100% Moi (Promo) (FR)
FR,0,1207833,VCBS - France - Adult (Promo),334726,Cheers (Promo) (FR)
FR,0,1207833,VCBS - France - Adult (Promo),353012,Cine Charme (Promo) (FR)
FR,0,1207833,VCBS - France - Adult (Promo),271016,Cine D'Asie (Promo) (FR)
FR,0,1207833,VCBS - France - Adult (Promo),350636,Cine Horreur (Promo) (FR)
FR,0,1207833,VCBS - France - Adult (Promo),325749,Cine Romance (Promo) (FR)
FR,0,1207833,VCBS - France - Adult (Promo),345853,Cine au Femini by Pluto TV (Promo) (FR)
FR,0,1207833,VCBS - France - Adult (Promo),336822,Ciné 666 by Pluto TV (Promo) (FR)
FR,0,1207833,VCBS - France - Adult (Promo),314075,Ciné Action (Promo) (FR)
FR,0,1207833,VCBS - France - Adult (Promo),338128,Ciné Gore & Slasher (Promo) (FR)
FR,0,1207833,VCBS - France - Adult (Promo),339206,Ciné Sci-Fi by Pluto TV (Promo) (FR)
FR,0,1207833,VCBS - France - Adult (Promo),342110,Ciné Thrillers (Promo) (FR)
FR,0,1207833,VCBS - France - Adult (Promo),338136,Ciné Zombies by Pluto TV (Promo) (FR)
FR,0,1207833,VCBS - France - Adult (Promo),350633,Ciné by Pluto (Promo) (FR)
FR,0,1207833,VCBS - France - Adult (Promo),324925,Classroom Of The Elite (Promo) (FR)
FR,0,1207833,VCBS - France - Adult (Promo),314270,Combo Shore (Promo) (FR)
FR,0,1207833,VCBS - France - Adult (Promo),269189,Comedy Central (Promo) (FR)
FR,0,1207833,VCBS - France - Adult (Promo),269176,Cribs (Promo) (FR)
FR,0,1207833,VCBS - France - Adult (Promo),349157,Crimes Sur Le Vif (Promo) (FR)
FR,0,1207833,VCBS - France - Adult (Promo),339216,Crutch (Promo) (FR)
FR,0,1207833,VCBS - France - Adult (Promo),337630,Dan da Dan (Promo) (FR)
FR,0,1207833,VCBS - France - Adult (Promo),315225,Daria (Promo) (FR)
FR,0,1207833,VCBS - France - Adult (Promo),317989,Daryl Dixon (Promo) (FR)
FR,0,1207833,VCBS - France - Adult (Promo),339975,Dating Naked UK (Promo) (FR)
FR,0,1207833,VCBS - France - Adult (Promo),347422,Dawson (Promo) (FR)
FR,0,1207833,VCBS - France - Adult (Promo),269182,Detective Conan (Promo) (FR)
FR,0,1207833,VCBS - France - Adult (Promo),338847,Dexter: Original Sin (Promo) (FR)
FR,0,1207833,VCBS - France - Adult (Promo),347545,Dexter: Resurrection (Promo) (FR)
FR,0,1207833,VCBS - France - Adult (Promo),323383,Diane Femme Flick (Promo) (FR)
FR,0,1207833,VCBS - France - Adult (Promo),269184,Doctor Who (Promo) (FR)
FR,0,1207833,VCBS - France - Adult (Promo),322439,Dr. Stone (Promo) (FR)
FR,0,1207833,VCBS - France - Adult (Promo),329140,Drunk History US (Promo) (FR)
FR,0,1207833,VCBS - France - Adult (Promo),346859,Dutton Ranch (Promo) (FR)
FR,0,1207833,VCBS - France - Adult (Promo),309498,"Désolé, pas désolé (Promo) (FR)"
FR,0,1207833,VCBS - France - Adult (Promo),319172,EMA's (Promo) (FR)
FR,0,1207833,VCBS - France - Adult (Promo),269167,EuroNews (Promo) (FR)
FR,0,1207833,VCBS - France - Adult (Promo),327320,Ex On The Beach France (Promo) (FR)
FR,0,1207833,VCBS - France - Adult (Promo),321642,FIFA+ (Promo) (FR)
FR,0,1207833,VCBS - France - Adult (Promo),269175,FailArmy (Promo) (FR)
FR,0,1207833,VCBS - France - Adult (Promo),335901,Fairy Tail: 100 Years Quest (Promo) (FR)
FR,0,1207833,VCBS - France - Adult (Promo),307212,Fairy Tales & Fruits Basket (Promo) (FR)
FR,0,1207833,VCBS - France - Adult (Promo),318394,Faites Entrer L'Accusé (Promo) (FR)
FR,0,1207833,VCBS - France - Adult (Promo),343481,Fear Below (Promo) (FR)
FR,0,1207833,VCBS - France - Adult (Promo),345117,Fire Country (Promo) (FR)
FR,0,1207833,VCBS - France - Adult (Promo),330974,Flashpoint (Promo) (FR)
FR,0,1207833,VCBS - France - Adult (Promo),274818,Frenchie Shore (Promo) (FR)
FR,0,1207833,VCBS - France - Adult (Promo),309501,Frieren: Beyond Journey's End (Promo) (FR)
FR,0,1207833,VCBS - France - Adult (Promo),347550,From (Promo) (FR)
FR,0,1207833,VCBS - France - Adult (Promo),323726,Fruit Baskets (Promo) (FR)
FR,0,1207833,VCBS - France - Adult (Promo),269190,Game One (Promo) (FR)
FR,0,1207833,VCBS - France - Adult (Promo),269161,Gaming TV (Promo) (FR)
FR,0,1207833,VCBS - France - Adult (Promo),307096,Geordie Shore (Promo) (FR)
FR,0,1207833,VCBS - France - Adult (Promo),343068,Girl Taken (Promo) (FR)
FR,0,1207833,VCBS - France - Adult (Promo),316540,Girls Band Cry (Promo) (FR)
FR,0,1207833,VCBS - France - Adult (Promo),347479,Gladiator II (Promo) (FR)
FR,0,1207833,VCBS - France - Adult (Promo),332667,Guerre & Histoire (Promo) (FR)
FR,0,1207833,VCBS - France - Adult (Promo),338833,Happy Face (Promo) (FR)
FR,0,1207833,VCBS - France - Adult (Promo),344928,Heart Eyes (Promo) (FR)
FR,0,1207833,VCBS - France - Adult (Promo),340590,Highway to Heaven (Promo) (FR)
FR,0,1207833,VCBS - France - Adult (Promo),275881,Inazuma Eleven (Promo) (FR)
FR,0,1207833,VCBS - France - Adult (Promo),277891,Ink Master (Promo) (FR)
FR,0,1207833,VCBS - France - Adult (Promo),326781,Iron Man (Promo) (FR)
FR,0,1207833,VCBS - France - Adult (Promo),314009,Isle of MTV Malta (Promo) (FR)
FR,0,1207833,VCBS - France - Adult (Promo),317485,JAG (Promo) (FR)
FR,0,1207833,VCBS - France - Adult (Promo),312658,Jellyfish Can't Swim In The Night (Promo) (FR)
FR,0,1207833,VCBS - France - Adult (Promo),309901,Jersey Shore: Family Vacation (Promo) (FR)
FR,0,1207833,VCBS - France - Adult (Promo),272277,Jone: Eden's Zero (Promo) (FR)
FR,0,1207833,VCBS - France - Adult (Promo),269178,Just Tattoo of Us (Promo) (FR)
FR,0,1207833,VCBS - France - Adult (Promo),325134,K 2000 (Promo) (FR)
FR,0,1207833,VCBS - France - Adult (Promo),326783,Kingdom (Promo) (FR)
FR,0,1207833,VCBS - France - Adult (Promo),269187,Klutch Academy (Promo) (FR)
FR,0,1207833,VCBS - France - Adult (Promo),277410,La Croisiere S'amuse (Promo) (FR)
FR,0,1207833,VCBS - France - Adult (Promo),350634,La Moderna (Promo) (FR)
FR,0,1207833,VCBS - France - Adult (Promo),338982,Landman (Promo) (FR)
FR,0,1207833,VCBS - France - Adult (Promo),323276,Les Anges (Promo) (FR)
FR,0,1207833,VCBS - France - Adult (Promo),331904,Les Carnets De L'apothicaire (Promo) (FR)
FR,0,1207833,VCBS - France - Adult (Promo),350635,Les Vacances de l'Amour (Promo) (FR)
FR,0,1207833,VCBS - France - Adult (Promo),352837,Lioness (Promo) (FR)
FR,0,1207833,VCBS - France - Adult (Promo),349541,M.I.A. (Promo) (FR)
FR,0,1207833,VCBS - France - Adult (Promo),309500,MTV Brand (Promo) (FR)
FR,0,1207833,VCBS - France - Adult (Promo),269170,MTV Classics (Promo) (FR)
FR,0,1207833,VCBS - France - Adult (Promo),307879,MTV HITS - Toutes Femmes des Francos (Promo) (FR)
FR,0,1207833,VCBS - France - Adult (Promo),275415,MTV Hits (Promo) (FR)
FR,0,1207833,VCBS - France - Adult (Promo),269172,MacGyver (Promo) (FR)
FR,0,1207833,VCBS - France - Adult (Promo),269162,Made TV (Promo) (FR)
FR,0,1207833,VCBS - France - Adult (Promo),322622,Mardi WIll Ferrell (Promo) (FR)
FR,0,1207833,VCBS - France - Adult (Promo),272632,Mariés Deux Enfants (Promo) (FR)
FR,0,1207833,VCBS - France - Adult (Promo),344080,Marshals (Promo) (FR)
FR,0,1207833,VCBS - France - Adult (Promo),331050,Mashle (Promo) (FR)
FR,0,1207833,VCBS - France - Adult (Promo),338781,Mayor of Kingstown (Promo) (FR)
FR,0,1207833,VCBS - France - Adult (Promo),269171,Melrose Place (Promo) (FR)
FR,0,1207833,VCBS - France - Adult (Promo),311636,Mental Health (Promo) (FR)
FR,0,1207833,VCBS - France - Adult (Promo),345122,Mike Judge's Beavis & Butt-Head (Promo) (FR)
FR,0,1207833,VCBS - France - Adult (Promo),328190,Mission Impossible (Promo) (FR)
FR,0,1207833,VCBS - France - Adult (Promo),331576,MobLand (Promo) (FR)
FR,0,1207833,VCBS - France - Adult (Promo),327544,Most Haunted (Promo) (FR)
FR,0,1207833,VCBS - France - Adult (Promo),306824,Mother! (Promo) (FR)
FR,0,1207833,VCBS - France - Adult (Promo),310813,My Hero Academia (Promo) (FR)
FR,0,1207833,VCBS - France - Adult (Promo),324810,My True Crime Story (Promo) (FR)
FR,0,1207833,VCBS - France - Adult (Promo),325884,NAACP Image Awards (Promo) (FR)
FR,0,1207833,VCBS - France - Adult (Promo),340281,NCIS: Sydney (Promo) (FR)
FR,0,1207833,VCBS - France - Adult (Promo),349098,NCIS: Tony & Ziva (Promo) (FR)
FR,0,1207833,VCBS - France - Adult (Promo),313239,Naruto Shippuden (Promo) (FR)
FR,0,1207833,VCBS - France - Adult (Promo),317184,Olive & Tom (Promo) (FR)
FR,0,1207833,VCBS - France - Adult (Promo),269183,One Piece (Promo) (FR)
FR,0,1207833,VCBS - France - Adult (Promo),307843,Oscar Special Week (Promo) (FR)
FR,0,1207833,VCBS - France - Adult (Promo),338850,Ozzy: No Escape From Now (Promo) (FR)
FR,0,1207833,VCBS - France - Adult (Promo),351312,PJ (Promo) (FR)
FR,0,1207833,VCBS - France - Adult (Promo),330358,PSA Promos (Promo) (FR)
FR,0,1207833,VCBS - France - Adult (Promo),313244,Pacific Blue (Promo) (FR)
FR,0,1207833,VCBS - France - Adult (Promo),316543,Paramount Channel (Promo) (FR)
FR,0,1207833,VCBS - France - Adult (Promo),310505,Paramount Channel - Soiree Bastion à l'ancienne - (Promo) (FR)
FR,0,1207833,VCBS - France - Adult (Promo),309275,Paramount Channel - Soiree de la page à l'écran - (Promo) (FR)
FR,0,1207833,VCBS - France - Adult (Promo),312668,Paramount Channel - Un Soir à New York (Promo) (FR)
FR,0,1207833,VCBS - France - Adult (Promo),325051,Paramount Network (Promo) (FR)
FR,0,1207833,VCBS - France - Adult (Promo),318834,Paramount+ (Promo) (FR)
FR,0,1207833,VCBS - France - Adult (Promo),345584,Paw Patrol (Promo) (FR)
FR,0,1207833,VCBS - France - Adult (Promo),332403,Peche a Haut Risque (Promo) (FR)
FR,0,1207833,VCBS - France - Adult (Promo),315218,Plus Belle La Vie (Promo) (FR)
FR,0,1207833,VCBS - France - Adult (Promo),269185,Pluto TV (Promo) (FR)
FR,0,1207833,VCBS - France - Adult (Promo),321644,Pluto TV 90s Classics (Promo) (FR)
FR,0,1207833,VCBS - France - Adult (Promo),309893,Pluto TV Aventure (Promo) (FR)
FR,0,1207833,VCBS - France - Adult (Promo),313767,Pluto TV Brand (Promo) (FR)
FR,0,1207833,VCBS - France - Adult (Promo),326040,Pluto TV Catastrophe (Promo) (FR)
FR,0,1207833,VCBS - France - Adult (Promo),327395,Pluto TV Cine (Promo) (FR)
FR,0,1207833,VCBS - France - Adult (Promo),272631,Pluto TV Ciné Rétro (Promo) (FR)
FR,0,1207833,VCBS - France - Adult (Promo),269159,Pluto TV Comédie (Promo) (FR)
FR,0,1207833,VCBS - France - Adult (Promo),328823,Pluto TV Comédies Cultes (Promo) (FR)
FR,0,1207833,VCBS - France - Adult (Promo),309297,Pluto TV Crime (Promo) (FR)
FR,0,1207833,VCBS - France - Adult (Promo),269160,Pluto TV Extreme (Promo) (FR)
FR,0,1207833,VCBS - France - Adult (Promo),318390,Pluto TV Horreur (Promo) (FR)
FR,0,1207833,VCBS - France - Adult (Promo),306724,Pluto TV Love (Promo) (FR)
FR,0,1207833,VCBS - France - Adult (Promo),322057,Pluto TV Polar (Promo) (FR)
FR,0,1207833,VCBS - France - Adult (Promo),350608,Pluto TV Pride (Promo) (FR)
FR,0,1207833,VCBS - France - Adult (Promo),277445,Pluto TV Reality (Promo) (FR)
FR,0,1207833,VCBS - France - Adult (Promo),311125,Pluto TV Sci-Fi (Promo) (FR)
FR,0,1207833,VCBS - France - Adult (Promo),308747,Pluto TV Sitcom (Promo) (FR)
FR,0,1207833,VCBS - France - Adult (Promo),351829,Pluto TV Super Kids (Promo) (FR)
FR,0,1207833,VCBS - France - Adult (Promo),329324,Pluto TV Séries Fantastiques (Promo) (FR)
FR,0,1207833,VCBS - France - Adult (Promo),326486,Pluto TV Telenovelas (Promo) (FR)
FR,0,1207833,VCBS - France - Adult (Promo),272276,Pluto TV Voyage (Promo) (FR)
FR,0,1207833,VCBS - France - Adult (Promo),310521,Pluto TV Western (Promo) (FR)
FR,0,1207833,VCBS - France - Adult (Promo),349462,Police Judiciaire (Promo) (FR)
FR,0,1207833,VCBS - France - Adult (Promo),340776,Predators (Promo) (FR)
FR,0,1207833,VCBS - France - Adult (Promo),346152,Primate (Promo) (FR)
FR,0,1207833,VCBS - France - Adult (Promo),342306,Regretting You (Promo) (FR)
FR,0,1207833,VCBS - France - Adult (Promo),347414,Rex Chien Flic (Promo) (FR)
FR,0,1207833,VCBS - France - Adult (Promo),338773,School Spirits (Promo) (FR)
FR,0,1207833,VCBS - France - Adult (Promo),272968,Scream (Promo) (FR)
FR,0,1207833,VCBS - France - Adult (Promo),347554,Scream 7 (Promo) (FR)
FR,0,1207833,VCBS - France - Adult (Promo),352007,September 5 (Promo) (FR)
FR,0,1207833,VCBS - France - Adult (Promo),345852,Series Girls Club by Pluto TV (Promo) (FR)
FR,0,1207833,VCBS - France - Adult (Promo),345851,Series by Pluto TV (Promo) (FR)
FR,0,1207833,VCBS - France - Adult (Promo),308974,Shangri-La Frontier (Promo) (FR)
FR,0,1207833,VCBS - France - Adult (Promo),352222,Si Près De Chez Vous (Promo) (FR)
FR,0,1207833,VCBS - France - Adult (Promo),306647,Sistas (Promo) (FR)
FR,0,1207833,VCBS - France - Adult (Promo),313498,"Sister, Sister (Promo) (FR)"
FR,0,1207833,VCBS - France - Adult (Promo),349885,SkyMed (Promo) (FR)
FR,0,1207833,VCBS - France - Adult (Promo),346216,Smile 2 (Promo) (FR)
FR,0,1207833,VCBS - France - Adult (Promo),336726,Smurfs (Promo) (FR)
FR,0,1207833,VCBS - France - Adult (Promo),335288,Snake Eyes: G.I. Joe Origins (Promo) (FR)
FR,0,1207833,VCBS - France - Adult (Promo),318194,Soiree Pop Francaise (Promo) (FR)
FR,0,1207833,VCBS - France - Adult (Promo),333968,Sonic (Promo) (FR)
FR,0,1207833,VCBS - France - Adult (Promo),269169,South Park (Promo) (FR)
FR,0,1207833,VCBS - France - Adult (Promo),349456,Sports Anime (Promo) (FR)
FR,0,1207833,VCBS - France - Adult (Promo),310807,Star Trek (Promo) (FR)
FR,0,1207833,VCBS - France - Adult (Promo),343712,Star Trek: Starfleet Academy (Promo) (FR)
FR,0,1207833,VCBS - France - Adult (Promo),338364,Star Trek: Strange New Worlds (Promo) (FR)
FR,0,1207833,VCBS - France - Adult (Promo),333970,Star Trek: The Original Series (Promo) (FR)
FR,0,1207833,VCBS - France - Adult (Promo),269179,Starsky & Hutch (Promo) (FR)
FR,0,1207833,VCBS - France - Adult (Promo),338779,Sweetpea (Promo) (FR)
FR,0,1207833,VCBS - France - Adult (Promo),269163,Takeshi's Castle (Promo) (FR)
FR,0,1207833,VCBS - France - Adult (Promo),269173,Teen Mom (Promo) (FR)
FR,0,1207833,VCBS - France - Adult (Promo),323209,Telefilm De Noel (Promo) (FR)
FR,0,1207833,VCBS - France - Adult (Promo),317994,That Time I Got Reincarnated as a Slime (Promo) (FR)
FR,0,1207833,VCBS - France - Adult (Promo),338828,The Agency (Promo) (FR)
FR,0,1207833,VCBS - France - Adult (Promo),343714,The Astronaut (Promo) (FR)
FR,0,1207833,VCBS - France - Adult (Promo),274819,The Challenge (Promo) (FR)
FR,0,1207833,VCBS - France - Adult (Promo),352059,The Internship (Promo) (FR)
FR,0,1207833,VCBS - France - Adult (Promo),349298,The Last Gunfight (Promo) (FR)
FR,0,1207833,VCBS - France - Adult (Promo),347417,The Musketeers (Promo) (FR)
FR,0,1207833,VCBS - France - Adult (Promo),338133,The Naked Gun (Promo) (FR)
FR,0,1207833,VCBS - France - Adult (Promo),313488,The Oval (Promo) (FR)
FR,0,1207833,VCBS - France - Adult (Promo),320057,The Rising of the Shield Hero (Promo) FR
FR,0,1207833,VCBS - France - Adult (Promo),343605,The Running Man (Promo) (FR)
FR,0,1207833,VCBS - France - Adult (Promo),349585,The Stranger In My Home (Promo) (FR)
FR,0,1207833,VCBS - France - Adult (Promo),342121,The Walking Dead: Daryl Dixon (Promo) (FR)
FR,0,1207833,VCBS - France - Adult (Promo),275416,Top Gear (Promo) (FR)
FR,0,1207833,VCBS - France - Adult (Promo),269174,Tortues Ninja (Promo) (FR)
FR,0,1207833,VCBS - France - Adult (Promo),333969,Tout Le Monde Deteste Chris (Promo) (FR)
FR,0,1207833,VCBS - France - Adult (Promo),319157,Trigun Stampede (Promo) (FR)
FR,0,1207833,VCBS - France - Adult (Promo),346989,Trust (Promo) (FR)
FR,0,1207833,VCBS - France - Adult (Promo),316875,Tulsa King (Promo) (FR)
FR,0,1207833,VCBS - France - Adult (Promo),275883,Téléfilms de Noël (Promo) (FR)
FR,0,1207833,VCBS - France - Adult (Promo),313305,Têtu TV (Promo) (FR)
FR,0,1207833,VCBS - France - Adult (Promo),269180,"Un Gars, Une Fille (Promo) (FR)"
FR,0,1207833,VCBS - France - Adult (Promo),333483,Un Si Grand Soleil (Promo) (FR)
FR,0,1207833,VCBS - France - Adult (Promo),352381,Untitled Home Invasion Romance (Promo) (FR)
FR,0,1207833,VCBS - France - Adult (Promo),316105,VMA's (Promo) (FR)
FR,0,1207833,VCBS - France - Adult (Promo),269166,Walker Texas Ranger (Promo) (FR)
FR,0,1207833,VCBS - France - Adult (Promo),340106,Watson (Promo) (FR)
FR,0,1207833,VCBS - France - Adult (Promo),313710,We Speak Music (Promo) (FR)
FR,0,1207833,VCBS - France - Adult (Promo),269186,Wild 'n Out (Promo) (FR)
FR,0,1207833,VCBS - France - Adult (Promo),351181,Wild Cherry (Promo) (FR)
FR,0,1207833,VCBS - France - Adult (Promo),327560,Workaholics (Promo) (FR)
FR,0,1207833,VCBS - France - Adult (Promo),343258,Yellowjackets (Promo) (FR)
FR,0,1207833,VCBS - France - Adult (Promo),338358,Yellowstone (Promo) (FR)
FR,0,1207833,VCBS - France - Adult (Promo),309905,Yu-Gi-Oh! (Promo) (FR)
FR,0,1207833,VCBS - France - Adult (Promo),318836,Z Nation (Promo) (FR)
FR,0,1207833,VCBS - France - Adult (Promo),336959,Zatima (Promo) (FR)
FR,0,1207833,VCBS - France - Adult (Promo),316698,Zorro (Promo) (FR)
FR,1,1209281,VCBS - France - Kids (Promo),269202,Avatar - Kids (Promo) (FR)
FR,1,1209281,VCBS - France - Kids (Promo),352734,Avatar Aang: The Last Airbender - Kids (Promo) (FR)
FR,1,1209281,VCBS - France - Kids (Promo),275878,Baby Shark - Kids (Promo) (FR)
FR,1,1209281,VCBS - France - Kids (Promo),350989,Barbapapa - Kids (Promo) (FR)
FR,1,1209281,VCBS - France - Kids (Promo),325241,Bella and the Bulldogs - Kids (Promo) (FR)
FR,1,1209281,VCBS - France - Kids (Promo),349429,Ben & Holly's Little Kingdom - Kids (Promo) (FR)
FR,1,1209281,VCBS - France - Kids (Promo),312915,Bienvenue chez les Loud - Kids (Promo) (FR)
FR,1,1209281,VCBS - France - Kids (Promo),270999,Blaze and the Monster Machines - Kids (Promo) (FR)
FR,1,1209281,VCBS - France - Kids (Promo),269204,Bob L'eponge - Kids (Promo) (FR)
FR,1,1209281,VCBS - France - Kids (Promo),351752,Casagrandes - Kids (Promo) (FR)
FR,1,1209281,VCBS - France - Kids (Promo),334733,Creature Cases - Kids (Promo) (FR)
FR,1,1209281,VCBS - France - Kids (Promo),269200,Danny Phantom - Kids (Promo) (FR)
FR,1,1209281,VCBS - France - Kids (Promo),340762,Detective Conan - Kids (Promo) (FR)
FR,1,1209281,VCBS - France - Kids (Promo),316862,Dora - Kids (Promo) (FR)
FR,1,1209281,VCBS - France - Kids (Promo),332672,Dora A La Recherche Du Sol Dorado - Kids (Promo) (FR)
FR,1,1209281,VCBS - France - Kids (Promo),269198,Dora TV - Kids (Promo) (FR)
FR,1,1209281,VCBS - France - Kids (Promo),327968,Every Witch Way - Kids (Promo) (FR)
FR,1,1209281,VCBS - France - Kids (Promo),330356,Fairly Odd Parents - Kids (Promo) (FR)
FR,1,1209281,VCBS - France - Kids (Promo),307209,Fairy Tail + Fruits Basket - Kids (Promo) (FR)
FR,1,1209281,VCBS - France - Kids (Promo),319158,Hamsters of Hamsterdale - Kids (Promo) (FR)
FR,1,1209281,VCBS - France - Kids (Promo),325481,Henry Danger Le Film - Kids (Promo) (FR)
FR,1,1209281,VCBS - France - Kids (Promo),339980,Kamp Koral - Kids (Promo) (FR)
FR,1,1209281,VCBS - France - Kids (Promo),314073,Kids' Choice Awards - Kids (Promo) (FR)
FR,1,1209281,VCBS - France - Kids (Promo),326805,Kiri & Lou - Kids (Promo) (FR)
FR,1,1209281,VCBS - France - Kids (Promo),332723,La Ligue Des Super Lapins - Kids (Promo) (FR)
FR,1,1209281,VCBS - France - Kids (Promo),270997,Loud House - Kids (Promo) (FR)
FR,1,1209281,VCBS - France - Kids (Promo),318859,Max & les Mi-Chevaliers - Kids (Promo) (FR)
FR,1,1209281,VCBS - France - Kids (Promo),309897,Monster High - Kids (Promo) (FR)
FR,1,1209281,VCBS - France - Kids (Promo),269199,Monsters Et Robots - Kids (Promo) (FR)
FR,1,1209281,VCBS - France - Kids (Promo),323216,Nick - Kids (Promo) (FR)
FR,1,1209281,VCBS - France - Kids (Promo),324122,Nick Jr. - Kids (Promo) (FR)
FR,1,1209281,VCBS - France - Kids (Promo),332955,Nick Toons - Kids (Promo) (FR)
FR,1,1209281,VCBS - France - Kids (Promo),317183,Olive & Tom - Kids (Promo) (FR)
FR,1,1209281,VCBS - France - Kids (Promo),352090,PAW Patrol: Fire Rescue - Kids (Promo) (FR)
FR,1,1209281,VCBS - France - Kids (Promo),334728,PSA Promos - Kids (Promo) (FR)
FR,1,1209281,VCBS - France - Kids (Promo),270998,Paw Patrol - Kids (Promo) (FR)
FR,1,1209281,VCBS - France - Kids (Promo),347106,Paw Patrol: Air Rescue - Kids (Promo) (FR)
FR,1,1209281,VCBS - France - Kids (Promo),350974,Peppa Pig - Kids (Promo) (FR)
FR,1,1209281,VCBS - France - Kids (Promo),339077,Pluto Kids Club - Kids (Promo) (FR)
FR,1,1209281,VCBS - France - Kids (Promo),269196,Pluto TV - Kids (Promo) (FR)
FR,1,1209281,VCBS - France - Kids (Promo),269195,Pluto TV Junior - Kids (Promo) (FR)
FR,1,1209281,VCBS - France - Kids (Promo),270993,Pluto TV Kids Séries - Kids (Promo) (FR)
FR,1,1209281,VCBS - France - Kids (Promo),351765,Purple & Brown - Kids (Promo) (FR)
FR,1,1209281,VCBS - France - Kids (Promo),275870,Rock Island - Kids (Promo) (FR)
FR,1,1209281,VCBS - France - Kids (Promo),307377,Rock Paper Scissors - Kids (Promo) (FR)
FR,1,1209281,VCBS - France - Kids (Promo),353010,Rocky's Cat-astrophe - Kids (Promo) (FR)
FR,1,1209281,VCBS - France - Kids (Promo),323144,Rubble & Crew - Kids (Promo) (FR)
FR,1,1209281,VCBS - France - Kids (Promo),309906,Ruben & Cie - Kids (Promo) (FR)
FR,1,1209281,VCBS - France - Kids (Promo),269201,Rugrats Les Razmoket - Kids (Promo) (FR)
FR,1,1209281,VCBS - France - Kids (Promo),272963,Santiago of the Seas (Promo) (FR)
FR,1,1209281,VCBS - France - Kids (Promo),336727,Smurfs - Kids (Promo) (FR)
FR,1,1209281,VCBS - France - Kids (Promo),333966,Sonic - Kids (Promo) (FR)
FR,1,1209281,VCBS - France - Kids (Promo),313783,Spongebob - Kids (Promo) (FR)
FR,1,1209281,VCBS - France - Kids (Promo),338685,Super Kids - Kids (Promo) (FR)
FR,1,1209281,VCBS - France - Kids (Promo),316865,Tales of the Teenage Mutant Ninja Turtles - Kids (Promo) (FR)
FR,1,1209281,VCBS - France - Kids (Promo),347619,That Girl Lay Lay - Kids  (Promo) (FR)
FR,1,1209281,VCBS - France - Kids (Promo),338374,The Loud House - Kids (Promo) (FR)
FR,1,1209281,VCBS - France - Kids (Promo),348521,The Loud House: European Adventure - Kids (Promo) (FR)
FR,1,1209281,VCBS - France - Kids (Promo),272964,The Patrick Star Show - Kids (Promo) (FR)
FR,1,1209281,VCBS - France - Kids (Promo),322621,The Really Loud House - Kids (Promo) (FR)
FR,1,1209281,VCBS - France - Kids (Promo),333717,The Smurfs - Kids (Promo) (FR)
FR,1,1209281,VCBS - France - Kids (Promo),327326,The Thundermans - Kids (Promo) (FR)
FR,1,1209281,VCBS - France - Kids (Promo),308895,The Thundermans Return - Kids (Promo) (FR)
FR,1,1209281,VCBS - France - Kids (Promo),327763,The Thundermans: Undercover - Kids (Promo) (FR)
FR,1,1209281,VCBS - France - Kids (Promo),328899,The Tiny Chef Show - Kids (Promo) (FR)
FR,1,1209281,VCBS - France - Kids (Promo),335915,Tim Rex in Space - Kids (Promo) (FR)
FR,1,1209281,VCBS - France - Kids (Promo),269197,Tortues Ninja - Kids (Promo) (FR)
FR,1,1209281,VCBS - France - Kids (Promo),324564,Transformers: EarthSpark - Kids (Promo) (FR)
FR,1,1209281,VCBS - France - Kids (Promo),269203,Victorious - Kids (Promo) (FR)
FR,1,1209281,VCBS - France - Kids (Promo),335923,Wylde Pak - Kids (Promo) (FR)
FR,1,1209281,VCBS - France - Kids (Promo),272635,Zoey 101 - Kids (Promo) (FR)
FR,1,1209281,VCBS - France - Kids (Promo),311133,Zokie de la Planète Ruby - Kids (Promo) (FR)
FR,1,1209281,VCBS - France - Kids (Promo),269194,iCarly - Kids (Promo) (FR)
GSA,0,1207845,VCBS - GSA - Adult (Promo),326602,1923 (Promo) (GSA)
GSA,0,1207845,VCBS - GSA - Adult (Promo),351602,3Ice Hockey (Promo) (GSA)
GSA,0,1207845,VCBS - GSA - Adult (Promo),307566,48 Hours (Promo) (GSA)
GSA,0,1207845,VCBS - GSA - Adult (Promo),312843,90210 (Promo) (GSA)
GSA,0,1207845,VCBS - GSA - Adult (Promo),311090,A Gentleman In Moscow (Promo) (GSA)
GSA,0,1207845,VCBS - GSA - Adult (Promo),331915,A Quiet Place: Day One (Promo) (GSA)
GSA,0,1207845,VCBS - GSA - Adult (Promo),330143,Abbott Elementary (Promo) (GSA)
GSA,0,1207845,VCBS - GSA - Adult (Promo),348648,All the Devils Are Here (Promo) (GSA)
GSA,0,1207845,VCBS - GSA - Adult (Promo),268156,Alle Hassen Chris (Promo) (GSA)
GSA,0,1207845,VCBS - GSA - Adult (Promo),339523,Alma and the Wolf (Promo) (GSA)
GSA,0,1207845,VCBS - GSA - Adult (Promo),320047,American Dad (Promo) (GSA)
GSA,0,1207845,VCBS - GSA - Adult (Promo),350393,Among Us (Promo) (GSA)
GSA,0,1207845,VCBS - GSA - Adult (Promo),311799,Anger Management (Promo) (GSA)
GSA,0,1207845,VCBS - GSA - Adult (Promo),330857,Ani-Mai (Promo) (GSA)
GSA,0,1207845,VCBS - GSA - Adult (Promo),268147,Animals (Promo) (GSA)
GSA,0,1207845,VCBS - GSA - Adult (Promo),318187,Apartment 7A (Promo) (GSA)
GSA,0,1207845,VCBS - GSA - Adult (Promo),268148,Are You The One? (Promo) (GSA)
GSA,0,1207845,VCBS - GSA - Adult (Promo),268149,Auction Hunters (Promo) (GSA)
GSA,0,1207845,VCBS - GSA - Adult (Promo),268150,Auf Achse (Promo) (GSA)
GSA,0,1207845,VCBS - GSA - Adult (Promo),325750,Aussie Shore (Promo) (GSA)
GSA,0,1207845,VCBS - GSA - Adult (Promo),268151,Avatar (Promo) (GSA)
GSA,0,1207845,VCBS - GSA - Adult (Promo),352707,Avatar Aang: The Last Airbender (Promo) (GSA)
GSA,0,1207845,VCBS - GSA - Adult (Promo),268152,Awkward (Promo) (GSA)
GSA,0,1207845,VCBS - GSA - Adult (Promo),344302,Ax Men - Die Holzfäller (Promo) (GSA)
GSA,0,1207845,VCBS - GSA - Adult (Promo),334489,Bark - Nichts Bleibt Verborgen (Promo) (GSA)
GSA,0,1207845,VCBS - GSA - Adult (Promo),308639,Baywatch (Promo) (GSA)
GSA,0,1207845,VCBS - GSA - Adult (Promo),268154,Becker (Promo) (GSA)
GSA,0,1207845,VCBS - GSA - Adult (Promo),268155,Bellator MMA (Promo) (GSA)
GSA,0,1207845,VCBS - GSA - Adult (Promo),268157,Beverly Hills 90210 (Promo) (GSA)
GSA,0,1207845,VCBS - GSA - Adult (Promo),351076,Billie Eilish Hit Me Hard And Soft: The Tour (Promo) (GSA)
GSA,0,1207845,VCBS - GSA - Adult (Promo),315718,Bob Marley: One Love (Promo) (GSA)
GSA,0,1207845,VCBS - GSA - Adult (Promo),333171,Bob's Burgers (Promo) (GSA)
GSA,0,1207845,VCBS - GSA - Adult (Promo),272741,CBS News (Promo) (GSA)
GSA,0,1207845,VCBS - GSA - Adult (Promo),319715,CSI: Cyber (Promo) (GSA)
GSA,0,1207845,VCBS - GSA - Adult (Promo),343596,Canada Shore (Promo) (GSA)
GSA,0,1207845,VCBS - GSA - Adult (Promo),336827,Celebrity Ex on the Beach (Promo) (GSA)
GSA,0,1207845,VCBS - GSA - Adult (Promo),268144,Chaos City (Promo) (GSA)
GSA,0,1207845,VCBS - GSA - Adult (Promo),349545,Chaos Couple (Promo) (GSA)
GSA,0,1207845,VCBS - GSA - Adult (Promo),268143,Cheers (Promo) (GSA)
GSA,0,1207845,VCBS - GSA - Adult (Promo),268142,Clarissa Explains It All (Promo) (GSA)
GSA,0,1207845,VCBS - GSA - Adult (Promo),334320,Cold Meat (Promo) (GSA)
GSA,0,1207845,VCBS - GSA - Adult (Promo),268145,Comedy Central (Promo) (GSA)
GSA,0,1207845,VCBS - GSA - Adult (Promo),349447,Crime She Committed (Promo) (GSA)
GSA,0,1207845,VCBS - GSA - Adult (Promo),339215,Crutch (Promo) (GSA)
GSA,0,1207845,VCBS - GSA - Adult (Promo),268270,DAZN Darts (Promo) (GSA)
GSA,0,1207845,VCBS - GSA - Adult (Promo),349457,DAZN Darts + Snooker 900 (Promo) (GSA)
GSA,0,1207845,VCBS - GSA - Adult (Promo),319716,DAZN Handball (Promo) (GSA)
GSA,0,1207845,VCBS - GSA - Adult (Promo),268271,DAZN Int-Football (Promo) (GSA)
GSA,0,1207845,VCBS - GSA - Adult (Promo),340597,DYN Sports (Promo) (GSA)
GSA,0,1207845,VCBS - GSA - Adult (Promo),351243,Dann passiert das Leben (Promo) (GSA)
GSA,0,1207845,VCBS - GSA - Adult (Promo),268140,Das Haus am Eaton Place (Promo) (GSA)
GSA,0,1207845,VCBS - GSA - Adult (Promo),339981,Dating Naked UK (Promo) (GSA)
GSA,0,1207845,VCBS - GSA - Adult (Promo),340582,Der Chef (Promo) (GSA)
GSA,0,1207845,VCBS - GSA - Adult (Promo),268139,Der Denver-Clan (Promo) (GSA)
GSA,0,1207845,VCBS - GSA - Adult (Promo),268138,Der Hundetrainer (Promo) (GSA)
GSA,0,1207845,VCBS - GSA - Adult (Promo),307549,Der Sentinel (Promo) (GSA)
GSA,0,1207845,VCBS - GSA - Adult (Promo),268237,Deutsches Kino (Promo) (GSA)
GSA,0,1207845,VCBS - GSA - Adult (Promo),323405,Dexter: Original Sin (Promo) (GSA)
GSA,0,1207845,VCBS - GSA - Adult (Promo),333487,Dexter: Wiedererwachen (Promo) (GSA)
GSA,0,1207845,VCBS - GSA - Adult (Promo),340495,Die Sieben Millionen Dollar Frau (Promo) (GSA)
GSA,0,1207845,VCBS - GSA - Adult (Promo),268137,Dittsche (Promo) (GSA)
GSA,0,1207845,VCBS - GSA - Adult (Promo),352612,Do Not Enter (Promo) (GSA)
GSA,0,1207845,VCBS - GSA - Adult (Promo),346855,Dutton Ranch (Promo) (GSA)
GSA,0,1207845,VCBS - GSA - Adult (Promo),268135,Ein Engel Auf Erden (Promo) (GSA)
GSA,0,1207845,VCBS - GSA - Adult (Promo),273129,Eine Billion Dollar (Promo) (GSA)
GSA,0,1207845,VCBS - GSA - Adult (Promo),341673,Epic Xmas (Promo) (GSA)
GSA,0,1207845,VCBS - GSA - Adult (Promo),313128,Euro Shore (Promo) (GSA)
GSA,0,1207845,VCBS - GSA - Adult (Promo),326648,Euronews Election (Promo) (GSA)
GSA,0,1207845,VCBS - GSA - Adult (Promo),328835,Ex on the Beach (Promo) (GSA)
GSA,0,1207845,VCBS - GSA - Adult (Promo),306710,FBI (Promo) (GSA)
GSA,0,1207845,VCBS - GSA - Adult (Promo),268136,FailArmy (Promo) (GSA)
GSA,0,1207845,VCBS - GSA - Adult (Promo),268134,Familienbande (Promo) (GSA)
GSA,0,1207845,VCBS - GSA - Adult (Promo),327976,Family Legacy (Promo) (GSA)
GSA,0,1207845,VCBS - GSA - Adult (Promo),342763,Ferne Galaxien (Promo) (GSA)
GSA,0,1207845,VCBS - GSA - Adult (Promo),319658,Fifa + (Promo) (GSA)
GSA,0,1207845,VCBS - GSA - Adult (Promo),314631,Film Fieber (Promo) (GSA)
GSA,0,1207845,VCBS - GSA - Adult (Promo),269329,Filmgold (Promo) (GSA)
GSA,0,1207845,VCBS - GSA - Adult (Promo),349513,Fire Country (Promo) (GSA)
GSA,0,1207845,VCBS - GSA - Adult (Promo),340483,Fireflies (Promo) (GSA)
GSA,0,1207845,VCBS - GSA - Adult (Promo),342764,Flipper (Promo) (GSA)
GSA,0,1207845,VCBS - GSA - Adult (Promo),268132,Fluss-Monster (Promo) (GSA)
GSA,0,1207845,VCBS - GSA - Adult (Promo),268131,Frasier (Promo) (GSA)
GSA,0,1207845,VCBS - GSA - Adult (Promo),272218,Freitag Nacht News (Promo) (GSA)
GSA,0,1207845,VCBS - GSA - Adult (Promo),312209,Frenchie Shore (Promo) (GSA)
GSA,0,1207845,VCBS - GSA - Adult (Promo),268146,Friends (Promo) (GSA)
GSA,0,1207845,VCBS - GSA - Adult (Promo),331919,From (Promo) (GSA)
GSA,0,1207845,VCBS - GSA - Adult (Promo),272219,Fugget About It (Promo) (GSA)
GSA,0,1207845,VCBS - GSA - Adult (Promo),268130,Fury (Promo) (GSA)
GSA,0,1207845,VCBS - GSA - Adult (Promo),320146,Futurama (Promo) (GSA)
GSA,0,1207845,VCBS - GSA - Adult (Promo),347057,Geordie Shore (Promo) (GSA)
GSA,0,1207845,VCBS - GSA - Adult (Promo),344577,Geordie Stories: Charlotte Mam of Two (Promo) (GSA)
GSA,0,1207845,VCBS - GSA - Adult (Promo),334552,Geordie Stories: Sophies Kinderwunsch (Promo) (GSA)
GSA,0,1207845,VCBS - GSA - Adult (Promo),321941,Germany Shore (Promo) (GSA)
GSA,0,1207845,VCBS - GSA - Adult (Promo),268129,Germany Shore OG (Promo) (GSA)
GSA,0,1207845,VCBS - GSA - Adult (Promo),343468,Ghosts (Promo) (GSA)
GSA,0,1207845,VCBS - GSA - Adult (Promo),343906,Gigolos (Promo) (GSA)
GSA,0,1207845,VCBS - GSA - Adult (Promo),342694,Girl Taken (Promo) (GSA)
GSA,0,1207845,VCBS - GSA - Adult (Promo),272220,Halloween (Promo) (GSA)
GSA,0,1207845,VCBS - GSA - Adult (Promo),306941,Halo (Promo) (GSA)
GSA,0,1207845,VCBS - GSA - Adult (Promo),332049,Happy Face (Promo) (GSA)
GSA,0,1207845,VCBS - GSA - Adult (Promo),268128,Hausmeister Krause (Promo) (GSA)
GSA,0,1207845,VCBS - GSA - Adult (Promo),268127,Hawaii Fünf-Null (Promo) (GSA)
GSA,0,1207845,VCBS - GSA - Adult (Promo),341608,Heart Eyes - Der Pärchen-Killer (Promo) (GSA)
GSA,0,1207845,VCBS - GSA - Adult (Promo),334544,Heartland (Promo) (GSA)
GSA,0,1207845,VCBS - GSA - Adult (Promo),268126,Heisse Nächte (Promo) (GSA)
GSA,0,1207845,VCBS - GSA - Adult (Promo),268125,Hell's Kitchen (Promo) (GSA)
GSA,0,1207845,VCBS - GSA - Adult (Promo),334121,Hip Hop Was Born Here (Promo) (GSA)
GSA,0,1207845,VCBS - GSA - Adult (Promo),306703,Hot Ones (Promo) (GSA)
GSA,0,1207845,VCBS - GSA - Adult (Promo),338034,House of Horror (Promo) (GSA)
GSA,0,1207845,VCBS - GSA - Adult (Promo),317166,ICON League (Promo) (GSA)
GSA,0,1207845,VCBS - GSA - Adult (Promo),322111,IF (Promo) (GSA)
GSA,0,1207845,VCBS - GSA - Adult (Promo),268123,IGN (Promo) (GSA)
GSA,0,1207845,VCBS - GSA - Adult (Promo),268124,Ice Pilots (Promo) (GSA)
GSA,0,1207845,VCBS - GSA - Adult (Promo),308804,Ink Master (Promo) (GSA)
GSA,0,1207845,VCBS - GSA - Adult (Promo),268122,Instant Mom (Promo) (GSA)
GSA,0,1207845,VCBS - GSA - Adult (Promo),314007,Isle of MTV Malta (Promo) (GSA)
GSA,0,1207845,VCBS - GSA - Adult (Promo),312854,Italia Shore (Promo) (GSA)
GSA,0,1207845,VCBS - GSA - Adult (Promo),268121,Just.fishing (Promo) (GSA)
GSA,0,1207845,VCBS - GSA - Adult (Promo),347394,Kars & Stars (Promo) (GSA)
GSA,0,1207845,VCBS - GSA - Adult (Promo),314120,Kids Choice Awards (Promo) (GSA)
GSA,0,1207845,VCBS - GSA - Adult (Promo),346987,King & Conqueror (Promo) (GSA)
GSA,0,1207845,VCBS - GSA - Adult (Promo),310518,Knuckles (Promo) (GSA)
GSA,0,1207845,VCBS - GSA - Adult (Promo),353074,Kommissar Rex (Promo) (GSA)
GSA,0,1207845,VCBS - GSA - Adult (Promo),268120,KultKrimi (Promo) (GSA)
GSA,0,1207845,VCBS - GSA - Adult (Promo),322133,Landman (Promo) (GSA)
GSA,0,1207845,VCBS - GSA - Adult (Promo),311078,Last Man Standing (Promo) (GSA)
GSA,0,1207845,VCBS - GSA - Adult (Promo),272157,Lawmen: Bass Reeves (Promo) (GSA)
GSA,0,1207845,VCBS - GSA - Adult (Promo),343903,Liebe Sünde (Promo) (GSA)
GSA,0,1207845,VCBS - GSA - Adult (Promo),319710,Lioness (Promo) (GSA)
GSA,0,1207845,VCBS - GSA - Adult (Promo),341049,Little Disasters (Promo) (GSA)
GSA,0,1207845,VCBS - GSA - Adult (Promo),345790,Long Gone Heroes (Promo) (GSA)
GSA,0,1207845,VCBS - GSA - Adult (Promo),343907,Love after Lock Up (Promo) (GSA)
GSA,0,1207845,VCBS - GSA - Adult (Promo),349367,M.I.A. (Promo) (GSA)
GSA,0,1207845,VCBS - GSA - Adult (Promo),324920,MTV (Promo) (GSA)
GSA,0,1207845,VCBS - GSA - Adult (Promo),343472,MTV - Reality Sucks (Promo) (GSA)
GSA,0,1207845,VCBS - GSA - Adult (Promo),316042,MTV Amour (Promo) (GSA)
GSA,0,1207845,VCBS - GSA - Adult (Promo),316361,MTV Biggest Pop (Promo) (GSA)
GSA,0,1207845,VCBS - GSA - Adult (Promo),268117,MTV Catfish (Promo) (GSA)
GSA,0,1207845,VCBS - GSA - Adult (Promo),324910,MTV Chart Flashback (Promo) (GSA)
GSA,0,1207845,VCBS - GSA - Adult (Promo),268115,MTV Cribs (Promo) (GSA)
GSA,0,1207845,VCBS - GSA - Adult (Promo),268114,MTV Dating (Promo) (GSA)
GSA,0,1207845,VCBS - GSA - Adult (Promo),321837,MTV Europe Music Awards (Promo) (GSA)
GSA,0,1207845,VCBS - GSA - Adult (Promo),268113,MTV Love Music (Promo) (GSA)
GSA,0,1207845,VCBS - GSA - Adult (Promo),324926,MTV Most Wanted (Promo) (GSA)
GSA,0,1207845,VCBS - GSA - Adult (Promo),268111,MTV Party (Promo) (GSA)
GSA,0,1207845,VCBS - GSA - Adult (Promo),268104,MTV Pimp My Ride (Promo) (GSA)
GSA,0,1207845,VCBS - GSA - Adult (Promo),268116,MTV Pluto TV (Promo) (GSA)
GSA,0,1207845,VCBS - GSA - Adult (Promo),269327,MTV Raps (Promo) (GSA)
GSA,0,1207845,VCBS - GSA - Adult (Promo),268112,MTV Ridiculousness (Promo) (GSA)
GSA,0,1207845,VCBS - GSA - Adult (Promo),268110,MTV Serie (Promo) (GSA)
GSA,0,1207845,VCBS - GSA - Adult (Promo),268109,MTV Teen Mom (Promo) (GSA)
GSA,0,1207845,VCBS - GSA - Adult (Promo),317398,MTV The Challenge (Promo) (GSA)
GSA,0,1207845,VCBS - GSA - Adult (Promo),268108,MTV The Hills (Promo) (GSA)
GSA,0,1207845,VCBS - GSA - Adult (Promo),268107,MTV The Shores (Promo) (GSA)
GSA,0,1207845,VCBS - GSA - Adult (Promo),268106,MTV True Life (Promo) (GSA)
GSA,0,1207845,VCBS - GSA - Adult (Promo),268105,MTV Unplugged (Promo) (GSA)
GSA,0,1207845,VCBS - GSA - Adult (Promo),277758,MacGyver (Promo) (GSA)
GSA,0,1207845,VCBS - GSA - Adult (Promo),342765,Magische Geschichten (Promo) (GSA)
GSA,0,1207845,VCBS - GSA - Adult (Promo),323210,Malcolm in the Middle (Promo) (GSA)
GSA,0,1207845,VCBS - GSA - Adult (Promo),330842,Married With Children (Promo) (GSA)
GSA,0,1207845,VCBS - GSA - Adult (Promo),344081,Marshals (Promo) (GSA)
GSA,0,1207845,VCBS - GSA - Adult (Promo),338504,Mayor of Kingstown (Promo) (GSA)
GSA,0,1207845,VCBS - GSA - Adult (Promo),349845,Mazatlan Shore (Promo) (GSA)
GSA,0,1207845,VCBS - GSA - Adult (Promo),314644,Mean Girls (Promo) (GSA)
GSA,0,1207845,VCBS - GSA - Adult (Promo),343899,Merhaba Türkische Serien (Promo) (GSA)
GSA,0,1207845,VCBS - GSA - Adult (Promo),268714,Mike Judge's Beavis & Butthead (Promo) (GSA)
GSA,0,1207845,VCBS - GSA - Adult (Promo),306974,Mission Impossible Dead Reckoning - (Promo) (GSA)
GSA,0,1207845,VCBS - GSA - Adult (Promo),342208,Mission Impossible: The Final Reckoning (Promo) (GSA)
GSA,0,1207845,VCBS - GSA - Adult (Promo),268119,Mission: Impossible (Promo) (GSA)
GSA,0,1207845,VCBS - GSA - Adult (Promo),331931,Mobland (Promo) (GSA)
GSA,0,1207845,VCBS - GSA - Adult (Promo),343338,Modern Family (Promo) (GSA)
GSA,0,1207845,VCBS - GSA - Adult (Promo),268118,Mork vom Ork (Promo) (GSA)
GSA,0,1207845,VCBS - GSA - Adult (Promo),314648,Moviepilot TV mit Pluto TV (Promo) (GSA)
GSA,0,1207845,VCBS - GSA - Adult (Promo),336819,Mr. No Pain (Promo) (GSA)
GSA,0,1207845,VCBS - GSA - Adult (Promo),307567,My Life of Crime (Promo) (GSA)
GSA,0,1207845,VCBS - GSA - Adult (Promo),268103,Myspass TV Total Classics (Promo) (GSA)
GSA,0,1207845,VCBS - GSA - Adult (Promo),351693,NCIS: New Orleans (Promo) (GSA)
GSA,0,1207845,VCBS - GSA - Adult (Promo),340287,NCIS: Sydney (Promo) (GSA)
GSA,0,1207845,VCBS - GSA - Adult (Promo),335658,NCIS: Tony & Ziva (Promo) (GSA)
GSA,0,1207845,VCBS - GSA - Adult (Promo),337633,Naked Gun (Promo) (GSA)
GSA,0,1207845,VCBS - GSA - Adult (Promo),336776,Naruto (Promo) (GSA)
GSA,0,1207845,VCBS - GSA - Adult (Promo),324094,Nick (Promo) (GSA)
GSA,0,1207845,VCBS - GSA - Adult (Promo),310579,Nurse Jackie (Promo) (GSA)
GSA,0,1207845,VCBS - GSA - Adult (Promo),352126,Off the Grid (Promo) (GSA)
GSA,0,1207845,VCBS - GSA - Adult (Promo),353016,One Mile (Promo) (GSA)
GSA,0,1207845,VCBS - GSA - Adult (Promo),338352,Ozzy: No Escape From Now (Promo) (GSA)
GSA,0,1207845,VCBS - GSA - Adult (Promo),330904,PSA Promos (Promo) (GSA)
GSA,0,1207845,VCBS - GSA - Adult (Promo),276329,Paramount + (Promo) (GSA)
GSA,0,1207845,VCBS - GSA - Adult (Promo),352014,Passenger (Promo) (GSA)
GSA,0,1207845,VCBS - GSA - Adult (Promo),344412,Pastewka (Promo) (GSA)
GSA,0,1207845,VCBS - GSA - Adult (Promo),339917,Paw Patrol (Promo) (GSA)
GSA,0,1207845,VCBS - GSA - Adult (Promo),340592,Pluto Reportagen (Promo) (GSA)
GSA,0,1207845,VCBS - GSA - Adult (Promo),268153,Pluto TV Anime (Promo) (GSA)
GSA,0,1207845,VCBS - GSA - Adult (Promo),274694,Pluto TV Brand (Promo) (GSA)
GSA,0,1207845,VCBS - GSA - Adult (Promo),330596,Pluto TV Darts (Promo) (GSA)
GSA,0,1207845,VCBS - GSA - Adult (Promo),344091,Pluto TV Emmanuelle Filme (Promo) (GSA)
GSA,0,1207845,VCBS - GSA - Adult (Promo),272221,Pluto TV Explore (Promo) (GSA)
GSA,0,1207845,VCBS - GSA - Adult (Promo),268243,Pluto TV Food (Promo) (GSA)
GSA,0,1207845,VCBS - GSA - Adult (Promo),268242,Pluto TV History (Promo) (GSA)
GSA,0,1207845,VCBS - GSA - Adult (Promo),272222,Pluto TV Horror 2023 (Promo) (GSA)
GSA,0,1207845,VCBS - GSA - Adult (Promo),268240,Pluto TV Kino Filme (Promo) (GSA)
GSA,0,1207845,VCBS - GSA - Adult (Promo),351822,Pluto TV Laughs in Spanish (Promo) (GSA)
GSA,0,1207845,VCBS - GSA - Adult (Promo),268239,Pluto TV Movies (Promo) (GSA)
GSA,0,1207845,VCBS - GSA - Adult (Promo),268238,Pluto TV Paranormal (Promo) (GSA)
GSA,0,1207845,VCBS - GSA - Adult (Promo),268256,Pluto TV Romance (Promo) (GSA)
GSA,0,1207845,VCBS - GSA - Adult (Promo),268255,Pluto TV Sci-Fi (Promo) (GSA)
GSA,0,1207845,VCBS - GSA - Adult (Promo),268273,Pluto TV Serie (Promo) (GSA)
GSA,0,1207845,VCBS - GSA - Adult (Promo),272225,Pluto TV Sitcoms (Promo) (GSA)
GSA,0,1207845,VCBS - GSA - Adult (Promo),330845,Pluto TV Slasher Horror (Promo) (GSA)
GSA,0,1207845,VCBS - GSA - Adult (Promo),268254,Pluto TV Sports (Promo) (GSA)
GSA,0,1207845,VCBS - GSA - Adult (Promo),268253,Pluto TV Star Trek (Promo) (GSA)
GSA,0,1207845,VCBS - GSA - Adult (Promo),268252,Pluto TV Surf (Promo) (GSA)
GSA,0,1207845,VCBS - GSA - Adult (Promo),344089,Pluto TV Weddings (Promo) (GSA)
GSA,0,1207845,VCBS - GSA - Adult (Promo),269328,Pluto TV Weihnachten im Sommer (Promo) (GSA)
GSA,0,1207845,VCBS - GSA - Adult (Promo),268251,Pluto TV Western (Promo) (GSA)
GSA,0,1207845,VCBS - GSA - Adult (Promo),268257,Praxis Bülowbogen (Promo) (GSA)
GSA,0,1207845,VCBS - GSA - Adult (Promo),340773,Predators (Promo) (GSA)
GSA,0,1207845,VCBS - GSA - Adult (Promo),352554,Preschool (Promo) (GSA)
GSA,0,1207845,VCBS - GSA - Adult (Promo),312860,PrideTV (Promo) (GSA)
GSA,0,1207845,VCBS - GSA - Adult (Promo),345527,Primate (Promo) (GSA)
GSA,0,1207845,VCBS - GSA - Adult (Promo),351832,Prisoner of War (Promo) (GSA)
GSA,0,1207845,VCBS - GSA - Adult (Promo),269326,Rawhide (Promo) (GSA)
GSA,0,1207845,VCBS - GSA - Adult (Promo),268250,Red Shoe Diaries (Promo) (GSA)
GSA,0,1207845,VCBS - GSA - Adult (Promo),353245,Redux Redux (Promo) (GSA)
GSA,0,1207845,VCBS - GSA - Adult (Promo),268713,Reno 911! (Promo) (GSA)
GSA,0,1207845,VCBS - GSA - Adult (Promo),272766,Republic of Doyle (Promo) (GSA)
GSA,0,1207845,VCBS - GSA - Adult (Promo),272223,Retro Toons (Promo) (GSA)
GSA,0,1207845,VCBS - GSA - Adult (Promo),320149,Rick & Morty (Promo) (GSA)
GSA,0,1207845,VCBS - GSA - Adult (Promo),338298,Rick and Morty (Promo) (GSA)
GSA,0,1207845,VCBS - GSA - Adult (Promo),309417,Roast (Promo)(GSA)
GSA,0,1207845,VCBS - GSA - Adult (Promo),334165,Rookie Blue (Promo) (GSA)
GSA,0,1207845,VCBS - GSA - Adult (Promo),317399,RuPauls Drag Race (Promo) (GSA)
GSA,0,1207845,VCBS - GSA - Adult (Promo),272224,Rules of Engagement (Promo) (GSA)
GSA,0,1207845,VCBS - GSA - Adult (Promo),309506,Rückkehr der Thundermans (Promo)(GSA)
GSA,0,1207845,VCBS - GSA - Adult (Promo),329582,Sabrina - Total Verhext (Promo) (GSA)
GSA,0,1207845,VCBS - GSA - Adult (Promo),268249,Sam & Cat (Promo) (GSA)
GSA,0,1207845,VCBS - GSA - Adult (Promo),330843,Sanfte Berührungen (Promo) (GSA)
GSA,0,1207845,VCBS - GSA - Adult (Promo),352556,Saving Hope (Promo) (GSA)
GSA,0,1207845,VCBS - GSA - Adult (Promo),352267,Scary Movie (Promo) (GSA)
GSA,0,1207845,VCBS - GSA - Adult (Promo),313249,Schitts Creek (Promo) (GSA)
GSA,0,1207845,VCBS - GSA - Adult (Promo),329146,School Spirits (Promo) (GSA)
GSA,0,1207845,VCBS - GSA - Adult (Promo),345667,Scorpion (Promo) (GSA)
GSA,0,1207845,VCBS - GSA - Adult (Promo),347357,Scream 7 - (Promo) (GSA)
GSA,0,1207845,VCBS - GSA - Adult (Promo),343902,Sea Patrol (Promo) (GSA)
GSA,0,1207845,VCBS - GSA - Adult (Promo),324997,Section 31 (Promo) (GSA)
GSA,0,1207845,VCBS - GSA - Adult (Promo),268258,See Dad Run (Promo) (GSA)
GSA,0,1207845,VCBS - GSA - Adult (Promo),277716,Sexy Beast (Promo) (GSA)
GSA,0,1207845,VCBS - GSA - Adult (Promo),349290,SkyMed (Promo) (GSA)
GSA,0,1207845,VCBS - GSA - Adult (Promo),338686,Snooker 900 (Promo) (GSA)
GSA,0,1207845,VCBS - GSA - Adult (Promo),309414,Solar Opposites (Promo) (GSA)
GSA,0,1207845,VCBS - GSA - Adult (Promo),334834,Sonic the Hedgehog 3 (Promo) (GSA)
GSA,0,1207845,VCBS - GSA - Adult (Promo),268141,South Park (Promo) (GSA)
GSA,0,1207845,VCBS - GSA - Adult (Promo),332037,South Park: The End of the Obesity (Promo) (GSA)
GSA,0,1207845,VCBS - GSA - Adult (Promo),268260,Space Time (Promo) (GSA)
GSA,0,1207845,VCBS - GSA - Adult (Promo),314633,SpongeBob (Promo) (GSA)
GSA,0,1207845,VCBS - GSA - Adult (Promo),351605,Stand Your Ground (Promo) (GSA)
GSA,0,1207845,VCBS - GSA - Adult (Promo),335688,Stans (Promo) (GSA)
GSA,0,1207845,VCBS - GSA - Adult (Promo),345896,Star Trek Animation (Promo) (GSA)
GSA,0,1207845,VCBS - GSA - Adult (Promo),309550,Star Trek: Discovery (Promo) (GSA)
GSA,0,1207845,VCBS - GSA - Adult (Promo),307057,Star Trek: Enterprise (Promo) (GSA)
GSA,0,1207845,VCBS - GSA - Adult (Promo),309413,Star Trek: Lower Decks (Promo) (GSA)
GSA,0,1207845,VCBS - GSA - Adult (Promo),343065,Star Trek: Starfleet Academy (Promo) (GSA)
GSA,0,1207845,VCBS - GSA - Adult (Promo),333660,Star Trek: Strange New Worlds (Promo) (GSA)
GSA,0,1207845,VCBS - GSA - Adult (Promo),345912,Star Trek: The Next Generation (Promo) (GSA)
GSA,0,1207845,VCBS - GSA - Adult (Promo),345913,Star Trek: The Original Series (Promo) (GSA)
GSA,0,1207845,VCBS - GSA - Adult (Promo),352459,StarTrek60PopUp (Promo) (GSA)
GSA,0,1207845,VCBS - GSA - Adult (Promo),315656,Starfleet (Promo) (GSA)
GSA,0,1207845,VCBS - GSA - Adult (Promo),343913,Stargate Atlantis (Promo) (GSA)
GSA,0,1207845,VCBS - GSA - Adult (Promo),340767,Stromberg (Promo) (GSA)
GSA,0,1207845,VCBS - GSA - Adult (Promo),343900,Swamp People (Promo) (GSA)
GSA,0,1207845,VCBS - GSA - Adult (Promo),268261,Takeshi's Castle (Promo) (GSA)
GSA,0,1207845,VCBS - GSA - Adult (Promo),317289,Tales of the Teenage Mutant Ninja Turtles (Promo) (GSA)
GSA,0,1207845,VCBS - GSA - Adult (Promo),336777,Teen Mom UK: Next Generation (Promo) (GSA)
GSA,0,1207845,VCBS - GSA - Adult (Promo),314957,Teenage Mutant Ninja Turtles (Promo) (GSA)
GSA,0,1207845,VCBS - GSA - Adult (Promo),340595,Tennis Channel (Promo) (GSA)
GSA,0,1207845,VCBS - GSA - Adult (Promo),339764,Terrifier 3 (Promo) (GSA)
GSA,0,1207845,VCBS - GSA - Adult (Promo),322670,The Agency (Promo) (GSA)
GSA,0,1207845,VCBS - GSA - Adult (Promo),268262,The Asylum Channel (Promo) (GSA)
GSA,0,1207845,VCBS - GSA - Adult (Promo),352914,The Challenge (Promo) (GSA)
GSA,0,1207845,VCBS - GSA - Adult (Promo),312590,The Challenge: All Stars (Promo) (GSA)
GSA,0,1207845,VCBS - GSA - Adult (Promo),272839,The Curse (Promo) (GSA)
GSA,0,1207845,VCBS - GSA - Adult (Promo),309416,The Daily Show (Promo) (GSA)
GSA,0,1207845,VCBS - GSA - Adult (Promo),268263,The Good Fight (Promo) (GSA)
GSA,0,1207845,VCBS - GSA - Adult (Promo),338892,The Grand Sumo Tournament (Promo) (GSA)
GSA,0,1207845,VCBS - GSA - Adult (Promo),325976,The Honey Trap (Promo) (GSA)
GSA,0,1207845,VCBS - GSA - Adult (Promo),348953,The Last Flight (Promo) (GSA)
GSA,0,1207845,VCBS - GSA - Adult (Promo),346673,The Lost Symbol (Promo) (GSA)
GSA,0,1207845,VCBS - GSA - Adult (Promo),308587,The Love Boat (Promo) (GSA)
GSA,0,1207845,VCBS - GSA - Adult (Promo),345903,The Madison (Promo) (GSA)
GSA,0,1207845,VCBS - GSA - Adult (Promo),353018,The Man In The White Van (Promo) (GSA)
GSA,0,1207845,VCBS - GSA - Adult (Promo),272837,The Outpost (Promo) (GSA)
GSA,0,1207845,VCBS - GSA - Adult (Promo),340498,The Real Housewives (Promo) (GSA)
GSA,0,1207845,VCBS - GSA - Adult (Promo),342686,The Running Man (Promo) (GSA)
GSA,0,1207845,VCBS - GSA - Adult (Promo),335921,The Smurfs (Promo) (GSA)
GSA,0,1207845,VCBS - GSA - Adult (Promo),342687,The Substance (Promo) (GSA)
GSA,0,1207845,VCBS - GSA - Adult (Promo),318094,The Surreal Life: Villa of Secrets (Promo) (GSA)
GSA,0,1207845,VCBS - GSA - Adult (Promo),344238,The Ugly Stepsister (Promo) (GSA)
GSA,0,1207845,VCBS - GSA - Adult (Promo),274695,The Whale (Promo) (GSA)
GSA,0,1207845,VCBS - GSA - Adult (Promo),277686,The Woman in the Wall (Promo) (GSA)
GSA,0,1207845,VCBS - GSA - Adult (Promo),340527,Top Chef (Promo) (GSA)
GSA,0,1207845,VCBS - GSA - Adult (Promo),272838,Top Gear (Promo) (GSA)
GSA,0,1207845,VCBS - GSA - Adult (Promo),348694,Top Gun: Maverick (Promo) (GSA)
GSA,0,1207845,VCBS - GSA - Adult (Promo),268269,Totally Turtles (Promo) (GSA)
GSA,0,1207845,VCBS - GSA - Adult (Promo),349445,Trip Tank (Promo) (GSA)
GSA,0,1207845,VCBS - GSA - Adult (Promo),316214,Tulsa King (Promo) (GSA)
GSA,0,1207845,VCBS - GSA - Adult (Promo),272226,Täterjagd (Promo) (GSA)
GSA,0,1207845,VCBS - GSA - Adult (Promo),317807,Uncharted (Promo) (GSA)
GSA,0,1207845,VCBS - GSA - Adult (Promo),268264,Unfabulous (Promo) (GSA)
GSA,0,1207845,VCBS - GSA - Adult (Promo),276331,Union Berlin TV (Promo) (GSA)
GSA,0,1207845,VCBS - GSA - Adult (Promo),316359,VMAs (Promo) (GSA)
GSA,0,1207845,VCBS - GSA - Adult (Promo),340469,Vicious (Promo) (GSA)
GSA,0,1207845,VCBS - GSA - Adult (Promo),268265,Victorious (Promo) (GSA)
GSA,0,1207845,VCBS - GSA - Adult (Promo),268267,"Voll daneben, voll im Leben (Promo) (GSA)"
GSA,0,1207845,VCBS - GSA - Adult (Promo),343921,Volle Pulle Liebe (Promo) (GSA)
GSA,0,1207845,VCBS - GSA - Adult (Promo),345673,Walker (Promo) (GSA)
GSA,0,1207845,VCBS - GSA - Adult (Promo),351163,Wild Cherry (Promo) (GSA)
GSA,0,1207845,VCBS - GSA - Adult (Promo),312315,Wings (Promo) (GSA)
GSA,0,1207845,VCBS - GSA - Adult (Promo),268268,World Poker Tour (Promo) (GSA)
GSA,0,1207845,VCBS - GSA - Adult (Promo),339950,Xena (Promo) (GSA)
GSA,0,1207845,VCBS - GSA - Adult (Promo),352048,Yellow Couch (Promo) (GSA)
GSA,0,1207845,VCBS - GSA - Adult (Promo),326045,Yellowjackets (Promo) (GSA)
GSA,0,1207845,VCBS - GSA - Adult (Promo),340232,Yellowstone (Promo) (GSA)
GSA,0,1207845,VCBS - GSA - Adult (Promo),272156,Zoey 102 (Promo) (GSA)
GSA,0,1207845,VCBS - GSA - Adult (Promo),268272,iCarly (Promo) (GSA)
GSA,0,1207845,VCBS - GSA - Adult (Promo),319331,¡Casa Bonita Mi Amor! (Promo) (GSA)
GSA,1,1209283,VCBS - GSA - Kids (Promo),330859,Ani-Mai - Kids (Promo) (GSA)
GSA,1,1209283,VCBS - GSA - Kids (Promo),344916,Avatar - Kids (Promo) (GSA)
GSA,1,1209283,VCBS - GSA - Kids (Promo),352712,Avatar Aang: The Last Airbender - Kids (Promo) (GSA)
GSA,1,1209283,VCBS - GSA - Kids (Promo),350981,Baby Shark - Kids (Promo) (GSA)
GSA,1,1209283,VCBS - GSA - Kids (Promo),350991,Barbapapa - Kids (Promo) (GSA)
GSA,1,1209283,VCBS - GSA - Kids (Promo),268218,Beyblade Burst - Kids (Promo) (GSA)
GSA,1,1209283,VCBS - GSA - Kids (Promo),350984,Blaze and the Monster Machines - Kids (Promo) (GSA)
GSA,1,1209283,VCBS - GSA - Kids (Promo),268219,Blaze und die Monstermaschinen - Kids (Promo) (GSA)
GSA,1,1209283,VCBS - GSA - Kids (Promo),351751,Casagrandes - Kids (Promo) (GSA)
GSA,1,1209283,VCBS - GSA - Kids (Promo),340777,DAZN Handball - Kids (Promo) (GSA)
GSA,1,1209283,VCBS - GSA - Kids (Promo),272271,Die Thundermans - Kids (Promo) (GSA)
GSA,1,1209283,VCBS - GSA - Kids (Promo),329960,Die Thundermans Undercover - Kids (Promo) (GSA)
GSA,1,1209283,VCBS - GSA - Kids (Promo),308771,Dora (2024) - Kids (Promo) (GSA)
GSA,1,1209283,VCBS - GSA - Kids (Promo),351534,Dora - Kids (Promo) (GSA)
GSA,1,1209283,VCBS - GSA - Kids (Promo),268221,Dora TV - Kids (Promo) (GSA)
GSA,1,1209283,VCBS - GSA - Kids (Promo),335028,Dora and the Search for Sol Dorado - Kids (Promo) (GSA)
GSA,1,1209283,VCBS - GSA - Kids (Promo),341933,Dora und Diego: Die Regenwaldrettung (Promo) (GSA)
GSA,1,1209283,VCBS - GSA - Kids (Promo),342112,Ein Weihnachtsfest für Teddy - Kids (Promo) (GSA)
GSA,1,1209283,VCBS - GSA - Kids (Promo),268222,"Emma, einfach magisch! - Kids (Promo) (GSA)"
GSA,1,1209283,VCBS - GSA - Kids (Promo),341674,Epic Xmas - Kids (Promo) (GSA)
GSA,1,1209283,VCBS - GSA - Kids (Promo),319659,Fifa + - Kids (Promo) (GSA)
GSA,1,1209283,VCBS - GSA - Kids (Promo),327680,Film Fieber - Kids (Promo) (GSA)
GSA,1,1209283,VCBS - GSA - Kids (Promo),322121,IF - Kids (Promo) (GSA)
GSA,1,1209283,VCBS - GSA - Kids (Promo),351392,Kamp Koral - Kids (Promo) (GSA)
GSA,1,1209283,VCBS - GSA - Kids (Promo),313358,Kids Choice Awards - Kids (Promo) (GSA)
GSA,1,1209283,VCBS - GSA - Kids (Promo),310512,Knuckles - Kids (Promo) (GSA)
GSA,1,1209283,VCBS - GSA - Kids (Promo),268225,Lucky Fred - Kids (Promo) (GSA)
GSA,1,1209283,VCBS - GSA - Kids (Promo),311016,Monster High - Kids (Promo) (GSA)
GSA,1,1209283,VCBS - GSA - Kids (Promo),336814,Naruto - Kids (Promo) (GSA)
GSA,1,1209283,VCBS - GSA - Kids (Promo),268216,Nick - Kids (Promo) (GSA)
GSA,1,1209283,VCBS - GSA - Kids (Promo),268224,Nick Space - Kids (Promo) (GSA)
GSA,1,1209283,VCBS - GSA - Kids (Promo),272272,Nick Spuktober 2023 - Kids (Promo) (GSA)
GSA,1,1209283,VCBS - GSA - Kids (Promo),268229,Nick Spyders - Kids (Promo) (GSA)
GSA,1,1209283,VCBS - GSA - Kids (Promo),277629,Nick Winter Wonderland - Kids (Promo) (GSA)
GSA,1,1209283,VCBS - GSA - Kids (Promo),275209,Nickelodeon Advent Calendar 2023 - Kids (Promo) (GSA)
GSA,1,1209283,VCBS - GSA - Kids (Promo),275705,Nickelodeon Goldener Spatz - Kids (Promo) (GSA)
GSA,1,1209283,VCBS - GSA - Kids (Promo),308369,Nickelodeon Paw Patrol - Kids (Promo) (GSA)
GSA,1,1209283,VCBS - GSA - Kids (Promo),330905,PSA Promos - Kids (Promo) (GSA)
GSA,1,1209283,VCBS - GSA - Kids (Promo),269531,Paw Patrol - Kids (Promo) (GSA)
GSA,1,1209283,VCBS - GSA - Kids (Promo),342685,Paw Patrol: Big Truck Pups - Kids (Promo) (GSA)
GSA,1,1209283,VCBS - GSA - Kids (Promo),345462,Paw Patrol: Rescue Wheels - Kids (Promo) (GSA)
GSA,1,1209283,VCBS - GSA - Kids (Promo),332052,Paw Patrol: The Aqua Pups - Kids (Promo) (GSA)
GSA,1,1209283,VCBS - GSA - Kids (Promo),335978,Paw Patrol: The Movie - Kids (Promo) (GSA)
GSA,1,1209283,VCBS - GSA - Kids (Promo),350940,Peppa Pig (Promo) (GSA)
GSA,1,1209283,VCBS - GSA - Kids (Promo),268226,Planet Max - Kids (Promo) (GSA)
GSA,1,1209283,VCBS - GSA - Kids (Promo),323285,Pluto TV Brand - Kids (Promo) (GSA)
GSA,1,1209283,VCBS - GSA - Kids (Promo),330645,Pluto TV Darts - Kids (Promo) (GSA)
GSA,1,1209283,VCBS - GSA - Kids (Promo),351764,Purple & Brown - Kids (Promo) (GSA)
GSA,1,1209283,VCBS - GSA - Kids (Promo),332781,Red Bull TV - Kids (Promo) (GSA)
GSA,1,1209283,VCBS - GSA - Kids (Promo),349584,Rocky's Cat-Astrophe - Kids (Promo) (GSA)
GSA,1,1209283,VCBS - GSA - Kids (Promo),321583,Rubble & Crew - Kids (Promo) (GSA)
GSA,1,1209283,VCBS - GSA - Kids (Promo),309510,Rückkehr der Thundermans - Kids (Promo)(GSA)
GSA,1,1209283,VCBS - GSA - Kids (Promo),268235,Sabrina - Total Verhext! - Kids (Promo) (GSA)
GSA,1,1209283,VCBS - GSA - Kids (Promo),329145,School Spirits - Kids (Promo) (GSA)
GSA,1,1209283,VCBS - GSA - Kids (Promo),343590,Smurfs - Kids (Promo) (GSA)
GSA,1,1209283,VCBS - GSA - Kids (Promo),334817,Sonic the Hedgehog 3 - Kids (Promo) (GSA)
GSA,1,1209283,VCBS - GSA - Kids (Promo),314271,SpongeBob - Kids (Promo) (GSA)
GSA,1,1209283,VCBS - GSA - Kids (Promo),268228,SpongeBob Schwammkopf - Kids (Promo) (GSA)
GSA,1,1209283,VCBS - GSA - Kids (Promo),309845,SpongeBob Schwammstunde - Kids (Promo) (GSA)
GSA,1,1209283,VCBS - GSA - Kids (Promo),341940,Spongebob Movie - Kids (Promo) (GSA)
GSA,1,1209283,VCBS - GSA - Kids (Promo),352461,Star Trek - Kids (Promo) (GSA)
GSA,1,1209283,VCBS - GSA - Kids (Promo),326556,Star Trek: Enterprise - Kids (Promo) (GSA)
GSA,1,1209283,VCBS - GSA - Kids (Promo),325624,Star Trek: Lower Decks - Kids (Promo) (GSA)
GSA,1,1209283,VCBS - GSA - Kids (Promo),311794,TMNT - Boti - Kids (Promo) (GSA)
GSA,1,1209283,VCBS - GSA - Kids (Promo),339345,TMNT - Kids (Promo) (GSA)
GSA,1,1209283,VCBS - GSA - Kids (Promo),316932,Tales of the Teenage Mutant Ninja Turtles - Kids (Promo) (GSA)
GSA,1,1209283,VCBS - GSA - Kids (Promo),347174,The Loud House - Kids (Promo) (GSA)
GSA,1,1209283,VCBS - GSA - Kids (Promo),348518,The Loud House: European Adventure - Kids (Promo) (GSA)
GSA,1,1209283,VCBS - GSA - Kids (Promo),269330,The Patrick Star Show - Kids (Promo) (GSA)
GSA,1,1209283,VCBS - GSA - Kids (Promo),351466,The Really Loud House - Kids (Promo) (GSA)
GSA,1,1209283,VCBS - GSA - Kids (Promo),333718,The Smurfs - Kids (Promo) (GSA)
GSA,1,1209283,VCBS - GSA - Kids (Promo),351241,The SpongeBob Movie: Search for Squarepants - Kids (Promo) (GSA)
GSA,1,1209283,VCBS - GSA - Kids (Promo),337110,Tim Rex in Space - Kids (Promo) (GSA)
GSA,1,1209283,VCBS - GSA - Kids (Promo),268227,Toon Marty - Kids (Promo) (GSA)
GSA,1,1209283,VCBS - GSA - Kids (Promo),268230,Totally Turtles - Kids (Promo) (GSA)
GSA,1,1209283,VCBS - GSA - Kids (Promo),342127,Transformers Earthspark: Hometown Heroes - Kids (Promo) (GSA)
GSA,1,1209283,VCBS - GSA - Kids (Promo),331932,Transformers One - Kids (Promo) (GSA)
GSA,1,1209283,VCBS - GSA - Kids (Promo),268231,Transformers TV - Kids (Promo) (GSA)
GSA,1,1209283,VCBS - GSA - Kids (Promo),268232,Voll Vergeistert - Kids (Promo) (GSA)
GSA,1,1209283,VCBS - GSA - Kids (Promo),268234,Willkommen bei den Louds - Kids (Promo) (GSA)
GSA,1,1209283,VCBS - GSA - Kids (Promo),343473,Wylde Pak - Kids (Promo) (GSA)
GSA,1,1209283,VCBS - GSA - Kids (Promo),339955,Xena - Kids (Promo) (GSA)
GSA,1,1209283,VCBS - GSA - Kids (Promo),268217,Zoey 101 - Kids (Promo) (GSA)
GSA,1,1209283,VCBS - GSA - Kids (Promo),322725,Zuckersüßer Adventskalender - Kids (Promo) (GSA)
GSA,1,1209283,VCBS - GSA - Kids (Promo),268223,iCarly - Kids (Promo) (GSA)
IE,0,1371480,VCBS - Ireland - Adult (Promo),329609,1923 (Promo) (IE)
IE,0,1371480,VCBS - Ireland - Adult (Promo),350400,Among Us (Promo) (IE)
IE,0,1371480,VCBS - Ireland - Adult (Promo),336786,Aussie Shore (Promo) (IE)
IE,0,1371480,VCBS - Ireland - Adult (Promo),352511,Avatar Aang: The Last Airbender (Promo) (IE)
IE,0,1371480,VCBS - Ireland - Adult (Promo),353066,Average Joe (Promo) (IE)
IE,0,1371480,VCBS - Ireland - Adult (Promo),349011,BET Brand (Promo) (IE)
IE,0,1371480,VCBS - Ireland - Adult (Promo),344624,Canada Shore (Promo) (IE)
IE,0,1371480,VCBS - Ireland - Adult (Promo),346222,Catfish (Promo) (IE)
IE,0,1371480,VCBS - Ireland - Adult (Promo),344849,Celebrity Ex on the Beach (Promo) (IE)
IE,0,1371480,VCBS - Ireland - Adult (Promo),332515,Confessions of a Parent Killer (Promo) (IE)
IE,0,1371480,VCBS - Ireland - Adult (Promo),352285,Cross (Promo) (IE)
IE,0,1371480,VCBS - Ireland - Adult (Promo),334596,Dating Naked UK (Promo) (IE)
IE,0,1371480,VCBS - Ireland - Adult (Promo),340101,Dear Santa (Promo) (IE)
IE,0,1371480,VCBS - Ireland - Adult (Promo),333442,Dexter Universe (Promo) (IE)
IE,0,1371480,VCBS - Ireland - Adult (Promo),329616,Dexter: New Blood (Promo) (IE)
IE,0,1371480,VCBS - Ireland - Adult (Promo),331032,Dexter: Resurrection (Promo) (IE)
IE,0,1371480,VCBS - Ireland - Adult (Promo),346775,Dutton Ranch (Promo) (IE)
IE,0,1371480,VCBS - Ireland - Adult (Promo),329613,Geordie Shore (Promo) (IE)
IE,0,1371480,VCBS - Ireland - Adult (Promo),339287,Geordie Stories: Charlotte Mam of Two (Promo) (IE)
IE,0,1371480,VCBS - Ireland - Adult (Promo),329617,Geordie Stories: Charlotte's New Baby (Promo) (IE)
IE,0,1371480,VCBS - Ireland - Adult (Promo),332133,Geordie Stories: Sophie's Fertility Journey (Promo) (IE)
IE,0,1371480,VCBS - Ireland - Adult (Promo),342285,Girl Taken (Promo) (IE)
IE,0,1371480,VCBS - Ireland - Adult (Promo),330325,Gladiator II (Promo) (IE)
IE,0,1371480,VCBS - Ireland - Adult (Promo),329610,Happy Face (Promo) (IE)
IE,0,1371480,VCBS - Ireland - Adult (Promo),331537,Hysteria! (Promo) (IE)
IE,0,1371480,VCBS - Ireland - Adult (Promo),346131,Ink Master (Promo) (IE)
IE,0,1371480,VCBS - Ireland - Adult (Promo),351308,Jackass (Promo) (IE)
IE,0,1371480,VCBS - Ireland - Adult (Promo),349432,Jersey Shore (Promo) (IE)
IE,0,1371480,VCBS - Ireland - Adult (Promo),338044,Jimmy Carr's Am I The Ahole? (Promo) (IE)
IE,0,1371480,VCBS - Ireland - Adult (Promo),346127,Just Tattoo Of Us (Promo) (IE)
IE,0,1371480,VCBS - Ireland - Adult (Promo),336082,Landman (Promo) (IE)
IE,0,1371480,VCBS - Ireland - Adult (Promo),345982,Lioness (Promo) (IE)
IE,0,1371480,VCBS - Ireland - Adult (Promo),330022,Little Disasters (Promo) (IE)
IE,0,1371480,VCBS - Ireland - Adult (Promo),348637,M.I.A. (Promo) (IE)
IE,0,1371480,VCBS - Ireland - Adult (Promo),343339,Marshals (Promo) (IE)
IE,0,1371480,VCBS - Ireland - Adult (Promo),336908,Mayor of Kingstown (Promo) (IE)
IE,0,1371480,VCBS - Ireland - Adult (Promo),346129,Mike Judge's Beavis & Butt-Head (Promo) (IE)
IE,0,1371480,VCBS - Ireland - Adult (Promo),329737,Mission: Impossible (Promo) (IE)
IE,0,1371480,VCBS - Ireland - Adult (Promo),344164,Mission: Impossible - The Final Reckoning (Promo) (IE)
IE,0,1371480,VCBS - Ireland - Adult (Promo),329608,MobLand (Promo) (IE)
IE,0,1371480,VCBS - Ireland - Adult (Promo),329611,NCIS: Origins (Promo) (IE)
IE,0,1371480,VCBS - Ireland - Adult (Promo),329605,NCIS: Sydney (Promo) (IE)
IE,0,1371480,VCBS - Ireland - Adult (Promo),334831,NCIS: Tony & Ziva (Promo) (IE)
IE,0,1371480,VCBS - Ireland - Adult (Promo),338368,Ozzy: No Escape From Now (Promo) (IE)
IE,0,1371480,VCBS - Ireland - Adult (Promo),329602,Paramount + (Promo) (IE)
IE,0,1371480,VCBS - Ireland - Adult (Promo),352209,Primate (Promo) (IE)
IE,0,1371480,VCBS - Ireland - Adult (Promo),346923,Regretting You (Promo) (IE)
IE,0,1371480,VCBS - Ireland - Adult (Promo),347223,Roofman (Promo) (IE)
IE,0,1371480,VCBS - Ireland - Adult (Promo),329618,School Spirits (Promo) (IE)
IE,0,1371480,VCBS - Ireland - Adult (Promo),352781,Scream 7 (Promo) (IE)
IE,0,1371480,VCBS - Ireland - Adult (Promo),352892,Shooter (Promo) (IE)
IE,0,1371480,VCBS - Ireland - Adult (Promo),333805,Sight Unseen (Promo) (IE)
IE,0,1371480,VCBS - Ireland - Adult (Promo),331538,SkyMed (Promo) (IE)
IE,0,1371480,VCBS - Ireland - Adult (Promo),329621,Smile 2 (Promo) (IE)
IE,0,1371480,VCBS - Ireland - Adult (Promo),351310,Sonic Universe (Promo) (IE)
IE,0,1371480,VCBS - Ireland - Adult (Promo),351174,Sonic Universe (Promo) (UK)
IE,0,1371480,VCBS - Ireland - Adult (Promo),332551,Sonic the Hedgehog 3 (Promo) (IE)
IE,0,1371480,VCBS - Ireland - Adult (Promo),329620,South Park (Promo) (IE)
IE,0,1371480,VCBS - Ireland - Adult (Promo),345248,Spongebob Squarepants (Promo) (IE)
IE,0,1371480,VCBS - Ireland - Adult (Promo),342223,Star Trek: Starfleet Academy (Promo) (IE)
IE,0,1371480,VCBS - Ireland - Adult (Promo),331930,Star Trek: Strange New Worlds (Promo) (IE)
IE,0,1371480,VCBS - Ireland - Adult (Promo),329793,Teacup (Promo) (IE)
IE,0,1371480,VCBS - Ireland - Adult (Promo),329612,Teen Mom (Promo) (IE)
IE,0,1371480,VCBS - Ireland - Adult (Promo),331056,Teen Mom UK (Promo) (IE)
IE,0,1371480,VCBS - Ireland - Adult (Promo),332595,Teen Mom UK: Next Generation (Promo) (IE)
IE,0,1371480,VCBS - Ireland - Adult (Promo),330073,Terrifier 3 (Promo) (IE)
IE,0,1371480,VCBS - Ireland - Adult (Promo),345383,The Agency (Promo) (IE)
IE,0,1371480,VCBS - Ireland - Adult (Promo),352913,The Challenge (Promo) (IE)
IE,0,1371480,VCBS - Ireland - Adult (Promo),346035,The Crow Girl (Promo) (IE)
IE,0,1371480,VCBS - Ireland - Adult (Promo),329615,The Ex-Wife (Promo) (IE)
IE,0,1371480,VCBS - Ireland - Adult (Promo),334323,The Hunger Games (Promo) (IE)
IE,0,1371480,VCBS - Ireland - Adult (Promo),343479,The Madison (Promo) (IE)
IE,0,1371480,VCBS - Ireland - Adult (Promo),346048,The Naked Gun (Promo) (IE)
IE,0,1371480,VCBS - Ireland - Adult (Promo),341369,The Revenge Club (Promo) (IE)
IE,0,1371480,VCBS - Ireland - Adult (Promo),346924,The Running Man (Promo) (IE)
IE,0,1371480,VCBS - Ireland - Adult (Promo),350411,The Spongebob Movie: Search for Squarepants (Promo) (IE)
IE,0,1371480,VCBS - Ireland - Adult (Promo),344626,Thirst Trap (Promo) (IE)
IE,0,1371480,VCBS - Ireland - Adult (Promo),331089,Transformers One (Promo) (IE)
IE,0,1371480,VCBS - Ireland - Adult (Promo),334986,Tulsa King (Promo) (IE)
IE,0,1371480,VCBS - Ireland - Adult (Promo),333961,Twisted Metal (Promo) (IE)
IE,0,1371480,VCBS - Ireland - Adult (Promo),351099,Walker (Promo) (IE)
IE,0,1371480,VCBS - Ireland - Adult (Promo),332481,Wild Cards (Promo) (IE)
IE,0,1371480,VCBS - Ireland - Adult (Promo),329619,Yellowjackets (Promo) (IE)
IE,0,1371480,VCBS - Ireland - Adult (Promo),329614,Yellowstone (Promo) (IE)
IE,0,1371480,VCBS - Ireland - Adult (Promo),351204,Yellowstone to Yosemite (Promo) (IE)
IE,1,1371481,VCBS - Ireland - Kids (Promo),341679,A Loud House Christmas Movie: Naughty or Nice - Kids (Promo) (IE)
IE,1,1371481,VCBS - Ireland - Kids (Promo),341827,A Paw Patrol Christmas - Kids (Promo) (IE)
IE,1,1371481,VCBS - Ireland - Kids (Promo),352513,Avatar Aang: The Last Airbender - Kids (Promo) (IE)
IE,1,1371481,VCBS - Ireland - Kids (Promo),350790,Bedtime Stories with Ryan - Kids (Promo) (IE)
IE,1,1371481,VCBS - Ireland - Kids (Promo),350294,Ben & Holly's Little Kingdom - Kids (Promo) (IE)
IE,1,1371481,VCBS - Ireland - Kids (Promo),331029,Blaze and the Monster Machines - Kids (Promo) (IE)
IE,1,1371481,VCBS - Ireland - Kids (Promo),353020,Clash of the Thundermans - Kids (Promo) (IE)
IE,1,1371481,VCBS - Ireland - Kids (Promo),343901,Deer Squad - Kids (Promo) (IE)
IE,1,1371481,VCBS - Ireland - Kids (Promo),329597,Dora - Kids (Promo) (IE)
IE,1,1371481,VCBS - Ireland - Kids (Promo),333965,Dora and the Search for Sol Dorado - Kids (Promo) (IE)
IE,1,1371481,VCBS - Ireland - Kids (Promo),329592,Henry Danger - Kids (Promo) (IE)
IE,1,1371481,VCBS - Ireland - Kids (Promo),332563,Kamp Koral - Kids (Promo) (IE)
IE,1,1371481,VCBS - Ireland - Kids (Promo),329599,Paramount + - Kids (Promo) (IE)
IE,1,1371481,VCBS - Ireland - Kids (Promo),329596,Paw Patrol - Kids (Promo) (IE)
IE,1,1371481,VCBS - Ireland - Kids (Promo),329598,Peppa Pig - Kids (Promo) (IE)
IE,1,1371481,VCBS - Ireland - Kids (Promo),343856,Rock Paper Scissors - Kids (Promo) (IE)
IE,1,1371481,VCBS - Ireland - Kids (Promo),346330,Rocky's Cat-astrophe (Promo) (IE)
IE,1,1371481,VCBS - Ireland - Kids (Promo),331028,Rubble & Crew - Kids (Promo) (IE)
IE,1,1371481,VCBS - Ireland - Kids (Promo),343336,Smurfs - Kids (Promo) (IE)
IE,1,1371481,VCBS - Ireland - Kids (Promo),332558,Sonic the Hedgehog 3 - Kids (Promo) (IE)
IE,1,1371481,VCBS - Ireland - Kids (Promo),329593,Spongebob - Kids (Promo) (IE)
IE,1,1371481,VCBS - Ireland - Kids (Promo),329595,Tales of the TMNT - Kids (Promo) (IE)
IE,1,1371481,VCBS - Ireland - Kids (Promo),329594,The Adventures of Paddington - Kids (Promo) (IE)
IE,1,1371481,VCBS - Ireland - Kids (Promo),332562,The Loud House - Kids (Promo) (IE)
IE,1,1371481,VCBS - Ireland - Kids (Promo),336731,The Patrick Star Show - Kids (Promo) (IE)
IE,1,1371481,VCBS - Ireland - Kids (Promo),333491,The Smurfs - Kids (Promo) (IE)
IE,1,1371481,VCBS - Ireland - Kids (Promo),350412,The Spongebob Movie: Search for Squarepants - Kids (Promo) (IE)
IE,1,1371481,VCBS - Ireland - Kids (Promo),329591,The Thundermans - Kids (Promo) (IE)
IE,1,1371481,VCBS - Ireland - Kids (Promo),336149,Tim Rex In Space - Kids (Promo) (IE)
IE,1,1371481,VCBS - Ireland - Kids (Promo),331092,Transformers One - Kids (Promo) (IE)
IE,1,1371481,VCBS - Ireland - Kids (Promo),337844,Valiente: A Tracker Story (Promo) (IE)
IE,1,1371481,VCBS - Ireland - Kids (Promo),338028,Wylde Pak - Kids (Promo) (IE)
IT,0,1207839,VCBS - Italy - Adult (Promo),335459,1923 (Promo) (IT)
IT,0,1207839,VCBS - Italy - Adult (Promo),276630,Affare Fatto (Promo) (IT)
IT,0,1207839,VCBS - Italy - Adult (Promo),312575,Alberto Sordi (Promo) (IT)
IT,0,1207839,VCBS - Italy - Adult (Promo),324851,Alice Nevers (Promo) (IT)
IT,0,1207839,VCBS - Italy - Adult (Promo),313645,Alieni (Promo) (IT)
IT,0,1207839,VCBS - Italy - Adult (Promo),339520,Alma & The Wolf (Promo) (IT)
IT,0,1207839,VCBS - Italy - Adult (Promo),344875,Amici Comuni (Promo) (IT)
IT,0,1207839,VCBS - Italy - Adult (Promo),350554,Among Us (Promo) (IT)
IT,0,1207839,VCBS - Italy - Adult (Promo),272959,Are You The One? (Promo) (IT)
IT,0,1207839,VCBS - Italy - Adult (Promo),350454,Automoto (Promo) (IT)
IT,0,1207839,VCBS - Italy - Adult (Promo),274820,Avatar (Promo) (IT)
IT,0,1207839,VCBS - Italy - Adult (Promo),352677,Avatar Aang: The Last Airbender (Promo) (IT)
IT,0,1207839,VCBS - Italy - Adult (Promo),347490,Azione Cult (Promo) (IT)
IT,0,1207839,VCBS - Italy - Adult (Promo),335455,BFF: Best Friends Forever (Promo) (IT)
IT,0,1207839,VCBS - Italy - Adult (Promo),325345,Baci & Battute (Promo) (IT)
IT,0,1207839,VCBS - Italy - Adult (Promo),313822,Baywatch (Promo) (IT)
IT,0,1207839,VCBS - Italy - Adult (Promo),351236,Billie Eilish Hit Me Hard And Soft: The Tour (Promo) (IT)
IT,0,1207839,VCBS - Italy - Adult (Promo),344174,Canada Shore (Promo) (IT)
IT,0,1207839,VCBS - Italy - Adult (Promo),317538,Carabinieri (Promo) (IT)
IT,0,1207839,VCBS - Italy - Adult (Promo),269145,Case Pazzesche (Promo) (IT)
IT,0,1207839,VCBS - Italy - Adult (Promo),352391,Celebrity Ex on the Beach (Promo) (IT)
IT,0,1207839,VCBS - Italy - Adult (Promo),323442,Cherif (Promo) (IT)
IT,0,1207839,VCBS - Italy - Adult (Promo),315290,Cin Cin (Promo) (IT)
IT,0,1207839,VCBS - Italy - Adult (Promo),347491,Cinema Italiano (Promo) (IT)
IT,0,1207839,VCBS - Italy - Adult (Promo),324809,Cinema Poliziottesco (Promo) (IT)
IT,0,1207839,VCBS - Italy - Adult (Promo),349094,Comandante (Promo) (IT)
IT,0,1207839,VCBS - Italy - Adult (Promo),276626,Comedy Central (Promo) (IT)
IT,0,1207839,VCBS - Italy - Adult (Promo),311415,Comedy Central Presents (Promo) (IT)
IT,0,1207839,VCBS - Italy - Adult (Promo),339219,Crutch (Promo) (IT)
IT,0,1207839,VCBS - Italy - Adult (Promo),339976,Dating Naked UK (Promo) (IT)
IT,0,1207839,VCBS - Italy - Adult (Promo),335637,Dexter: Original Sin (Promo) (IT)
IT,0,1207839,VCBS - Italy - Adult (Promo),337193,Dexter: Resurrection (Promo) (IT)
IT,0,1207839,VCBS - Italy - Adult (Promo),311772,Diari (Promo) (IT)
IT,0,1207839,VCBS - Italy - Adult (Promo),336088,Dive Italiane (Promo) (IT)
IT,0,1207839,VCBS - Italy - Adult (Promo),345888,Donne Protagoniste (Promo) (IT)
IT,0,1207839,VCBS - Italy - Adult (Promo),329066,Drunk History (Promo) (IT)
IT,0,1207839,VCBS - Italy - Adult (Promo),269133,Due Fantagenitori (Promo) (IT)
IT,0,1207839,VCBS - Italy - Adult (Promo),346917,Dutton Ranch (Promo) (IT)
IT,0,1207839,VCBS - Italy - Adult (Promo),313240,Dynasty (Promo) (IT)
IT,0,1207839,VCBS - Italy - Adult (Promo),276627,Epifania con Battistology (Promo) (IT)
IT,0,1207839,VCBS - Italy - Adult (Promo),350159,Ex on the Beach Brazil: The Elite (Promo) (IT)
IT,0,1207839,VCBS - Italy - Adult (Promo),345844,Ex on the Beach Italia (Promo) (IT)
IT,0,1207839,VCBS - Italy - Adult (Promo),319885,Extreme Home Makeover (Promo) (IT)
IT,0,1207839,VCBS - Italy - Adult (Promo),318616,FIFA+ (Promo) (IT)
IT,0,1207839,VCBS - Italy - Adult (Promo),306579,Fear The Walking Dead (Promo) (IT)
IT,0,1207839,VCBS - Italy - Adult (Promo),351828,Film Azione (Promo) (IT)
IT,0,1207839,VCBS - Italy - Adult (Promo),336815,Film Storici (Promo) (IT)
IT,0,1207839,VCBS - Italy - Adult (Promo),329773,Flashpoint (Promo) (IT)
IT,0,1207839,VCBS - Italy - Adult (Promo),272216,Forensic Files (Promo) (IT)
IT,0,1207839,VCBS - Italy - Adult (Promo),348920,Friendship (Promo) (IT)
IT,0,1207839,VCBS - Italy - Adult (Promo),347558,From (Promo) (IT)
IT,0,1207839,VCBS - Italy - Adult (Promo),350453,Gambero Rosso (Promo) (IT)
IT,0,1207839,VCBS - Italy - Adult (Promo),274821,Geordie Shore (Promo) (IT)
IT,0,1207839,VCBS - Italy - Adult (Promo),335530,Germany Shore (Promo) (IT)
IT,0,1207839,VCBS - Italy - Adult (Promo),343067,Girl Taken (Promo) (IT)
IT,0,1207839,VCBS - Italy - Adult (Promo),335542,Happy Face (Promo) (IT)
IT,0,1207839,VCBS - Italy - Adult (Promo),323468,Hell's Kitchen (Promo) (IT)
IT,0,1207839,VCBS - Italy - Adult (Promo),347484,I Jefferson (Promo) (IT)
IT,0,1207839,VCBS - Italy - Adult (Promo),341582,Il Banco Dei Pugni (Promo) (IT)
IT,0,1207839,VCBS - Italy - Adult (Promo),269135,Il Mio Amico Arnold (Promo) (IT)
IT,0,1207839,VCBS - Italy - Adult (Promo),350448,Il Sole 24 Ore TV (Promo) (IT)
IT,0,1207839,VCBS - Italy - Adult (Promo),269139,Il Testimone (Promo) (IT)
IT,0,1207839,VCBS - Italy - Adult (Promo),341988,Incanto (Promo) (IT)
IT,0,1207839,VCBS - Italy - Adult (Promo),339597,Ink Master (Promo) (IT)
IT,0,1207839,VCBS - Italy - Adult (Promo),350442,Inter 24/7 (Promo) (IT)
IT,0,1207839,VCBS - Italy - Adult (Promo),315534,Isle of MTV Malta (Promo) (IT)
IT,0,1207839,VCBS - Italy - Adult (Promo),307120,Italia Shore (Promo) (IT)
IT,0,1207839,VCBS - Italy - Adult (Promo),269140,Jersey Shore (Promo) (IT)
IT,0,1207839,VCBS - Italy - Adult (Promo),334312,Jersey Shore Family Vacation (Promo) (IT)
IT,0,1207839,VCBS - Italy - Adult (Promo),274823,Just Tattoo Of Us (Promo) (IT)
IT,0,1207839,VCBS - Italy - Adult (Promo),275186,La Pubblicità Più Pazza Del Mondo (Promo) (IT)
IT,0,1207839,VCBS - Italy - Adult (Promo),347102,"Laghat, Un Sogno Impossible (Promo) (IT)"
IT,0,1207839,VCBS - Italy - Adult (Promo),335621,Landman (Promo) (IT)
IT,0,1207839,VCBS - Italy - Adult (Promo),352785,Lioness (Promo) (IT)
IT,0,1207839,VCBS - Italy - Adult (Promo),341053,Little Disasters (Promo) (IT)
IT,0,1207839,VCBS - Italy - Adult (Promo),275948,Lo Schiaccianoci (Promo) (IT)
IT,0,1207839,VCBS - Italy - Adult (Promo),313176,Love Boat (Promo) (IT)
IT,0,1207839,VCBS - Italy - Adult (Promo),349529,M.I.A. (Promo) (IT)
IT,0,1207839,VCBS - Italy - Adult (Promo),310633,MTV Cribs Italia (Promo) (IT)
IT,0,1207839,VCBS - Italy - Adult (Promo),318076,MTV EMA (Promo) (IT)
IT,0,1207839,VCBS - Italy - Adult (Promo),313235,MTV Shores (Promo) (IT)
IT,0,1207839,VCBS - Italy - Adult (Promo),274824,MacGyver (Promo) (IT)
IT,0,1207839,VCBS - Italy - Adult (Promo),272962,Made (Promo) (IT)
IT,0,1207839,VCBS - Italy - Adult (Promo),337876,Mani Nude (Promo) (IT)
IT,0,1207839,VCBS - Italy - Adult (Promo),344083,Marshals (Promo) (IT)
IT,0,1207839,VCBS - Italy - Adult (Promo),337082,Matlock (Promo) (IT)
IT,0,1207839,VCBS - Italy - Adult (Promo),338042,Maurizio Battista (Promo) (IT)
IT,0,1207839,VCBS - Italy - Adult (Promo),335477,Mayor of Kingstown (Promo) (IT)
IT,0,1207839,VCBS - Italy - Adult (Promo),310161,Medium (Promo) (IT)
IT,0,1207839,VCBS - Italy - Adult (Promo),311559,Mental Health (Promo) (IT)
IT,0,1207839,VCBS - Italy - Adult (Promo),345119,Mike Judge's Beavis & Butt-Head (Promo) (IT)
IT,0,1207839,VCBS - Italy - Adult (Promo),314211,Mission Impossible (Promo) (IT)
IT,0,1207839,VCBS - Italy - Adult (Promo),344358,Mission: Impossible - The Final Reckoning (Promo) (IT)
IT,0,1207839,VCBS - Italy - Adult (Promo),331598,Mobland (Promo) (IT)
IT,0,1207839,VCBS - Italy - Adult (Promo),272215,Most Ridiculous (Promo) (IT)
IT,0,1207839,VCBS - Italy - Adult (Promo),335544,NCIS: Sydney (Promo) (IT)
IT,0,1207839,VCBS - Italy - Adult (Promo),337101,NCIS: Tony & Ziva (Promo) (IT)
IT,0,1207839,VCBS - Italy - Adult (Promo),352514,New Tricks (Promo) (IT)
IT,0,1207839,VCBS - Italy - Adult (Promo),334684,Nick Jr (Promo) (IT)
IT,0,1207839,VCBS - Italy - Adult (Promo),345909,Nina (Promo) (IT)
IT,0,1207839,VCBS - Italy - Adult (Promo),345910,Notti Di (Promo) (IT)
IT,0,1207839,VCBS - Italy - Adult (Promo),338603,Novocaine (Promo) (IT)
IT,0,1207839,VCBS - Italy - Adult (Promo),309254,Numb3rs (Promo) (IT)
IT,0,1207839,VCBS - Italy - Adult (Promo),352976,One Mile (Promo) (IT)
IT,0,1207839,VCBS - Italy - Adult (Promo),349454,One Piece (Promo) (IT)
IT,0,1207839,VCBS - Italy - Adult (Promo),339069,Ozzy: No Escape From Now (Promo) (IT)
IT,0,1207839,VCBS - Italy - Adult (Promo),330738,PSA Promos (Promo) (IT)
IT,0,1207839,VCBS - Italy - Adult (Promo),318685,Paramount + Brand (Promo) (IT)
IT,0,1207839,VCBS - Italy - Adult (Promo),352137,Passenger (Promo) (IT)
IT,0,1207839,VCBS - Italy - Adult (Promo),269144,Pimp My Ride (Promo) (IT)
IT,0,1207839,VCBS - Italy - Adult (Promo),269137,Pluto Animazione (Promo) (IT)
IT,0,1207839,VCBS - Italy - Adult (Promo),336074,Pluto Halloween (Promo) (IT)
IT,0,1207839,VCBS - Italy - Adult (Promo),271128,Pluto TV (Promo) (IT)
IT,0,1207839,VCBS - Italy - Adult (Promo),316644,Pluto TV ASMR (Promo) (IT)
IT,0,1207839,VCBS - Italy - Adult (Promo),348997,Pluto TV Acción (Promo) (IT)
IT,0,1207839,VCBS - Italy - Adult (Promo),275188,Pluto TV Christmas (Promo) (IT)
IT,0,1207839,VCBS - Italy - Adult (Promo),327755,Pluto TV Cinema Orientale (Promo) (IT)
IT,0,1207839,VCBS - Italy - Adult (Promo),315211,Pluto TV Eros (Promo) (IT)
IT,0,1207839,VCBS - Italy - Adult (Promo),328345,Pluto TV Film (Promo) (IT)
IT,0,1207839,VCBS - Italy - Adult (Promo),350457,Pluto TV Film - IT (Promo) (IT)
IT,0,1207839,VCBS - Italy - Adult (Promo),349440,Pluto TV Film Ancora Più Romantici (Promo) (IT)
IT,0,1207839,VCBS - Italy - Adult (Promo),353075,Pluto TV Film Commedia (Promo) (IT)
IT,0,1207839,VCBS - Italy - Adult (Promo),353077,Pluto TV Film Romantici (Promo) (IT)
IT,0,1207839,VCBS - Italy - Adult (Promo),350440,Pluto TV Film Thriller (Promo) (IT)
IT,0,1207839,VCBS - Italy - Adult (Promo),353076,Pluto TV Horror (Promo) (IT)
IT,0,1207839,VCBS - Italy - Adult (Promo),327767,Pluto TV Italia Bella (Promo) (IT)
IT,0,1207839,VCBS - Italy - Adult (Promo),322311,Pluto TV Paranormal (Promo) (IT)
IT,0,1207839,VCBS - Italy - Adult (Promo),338186,Pluto TV Psycho (Promo) (IT)
IT,0,1207839,VCBS - Italy - Adult (Promo),332606,Pluto TV Reality (Promo) (IT)
IT,0,1207839,VCBS - Italy - Adult (Promo),347483,Pluto TV Sci-Fi (Promo) (IT)
IT,0,1207839,VCBS - Italy - Adult (Promo),328275,Pluto TV Serie Classiche (Promo) (IT)
IT,0,1207839,VCBS - Italy - Adult (Promo),332956,Pluto TV Serie Sci-Fi (Promo) (IT)
IT,0,1207839,VCBS - Italy - Adult (Promo),312574,Pluto TV Series (Promo) IT
IT,0,1207839,VCBS - Italy - Adult (Promo),332345,Pluto TV Shore (Promo) (IT)
IT,0,1207839,VCBS - Italy - Adult (Promo),275189,Pluto TV Toto (Promo) (IT)
IT,0,1207839,VCBS - Italy - Adult (Promo),321710,Pluto TV True Crime (Promo) (IT)
IT,0,1207839,VCBS - Italy - Adult (Promo),275949,Pluto TV: Storia (Promo) (IT)
IT,0,1207839,VCBS - Italy - Adult (Promo),340782,Predators (Promo) (IT)
IT,0,1207839,VCBS - Italy - Adult (Promo),345735,Primate (Promo) (IT)
IT,0,1207839,VCBS - Italy - Adult (Promo),323809,Qualcosa Non Mi Quadra (Promo) (IT)
IT,0,1207839,VCBS - Italy - Adult (Promo),341864,Regretting You (Promo) (IT)
IT,0,1207839,VCBS - Italy - Adult (Promo),330497,Relic Hunter (Promo) (IT)
IT,0,1207839,VCBS - Italy - Adult (Promo),272153,Riccanza (Promo) (IT)
IT,0,1207839,VCBS - Italy - Adult (Promo),329604,Rookie Blue (Promo) (IT)
IT,0,1207839,VCBS - Italy - Adult (Promo),330582,Sala Cinema (Promo) (IT)
IT,0,1207839,VCBS - Italy - Adult (Promo),352665,Scary Movie (Promo) (IT)
IT,0,1207839,VCBS - Italy - Adult (Promo),274822,Scherzi e Risate (Promo) (IT)
IT,0,1207839,VCBS - Italy - Adult (Promo),335640,School Spirits (Promo) (IT)
IT,0,1207839,VCBS - Italy - Adult (Promo),311020,Scorpion (Promo) (IT)
IT,0,1207839,VCBS - Italy - Adult (Promo),347093,Scream 7 (Promo) (IT)
IT,0,1207839,VCBS - Italy - Adult (Promo),347161,Scuola di Seduzione (Promo) (IT)
IT,0,1207839,VCBS - Italy - Adult (Promo),338777,September 5 (Promo) (IT)
IT,0,1207839,VCBS - Italy - Adult (Promo),274825,Settimo Cielo (Promo) (IT)
IT,0,1207839,VCBS - Italy - Adult (Promo),333767,Shark Attack (Promo) (IT)
IT,0,1207839,VCBS - Italy - Adult (Promo),349886,SkyMed (Promo) (IT)
IT,0,1207839,VCBS - Italy - Adult (Promo),336122,Smurfs (Promo) (IT)
IT,0,1207839,VCBS - Italy - Adult (Promo),335520,Sonic 3 (Promo) (IT)
IT,0,1207839,VCBS - Italy - Adult (Promo),274826,South Park (Promo) (IT)
IT,0,1207839,VCBS - Italy - Adult (Promo),341998,Squadra Speciale Cobra 11 (Promo) (IT)
IT,0,1207839,VCBS - Italy - Adult (Promo),316874,Stand-Up Comedy (Promo) (IT)
IT,0,1207839,VCBS - Italy - Adult (Promo),309268,Star Trek - The Original Series (Promo) (IT)
IT,0,1207839,VCBS - Italy - Adult (Promo),315398,Star Trek: Deep Space Nine (Promo) (IT)
IT,0,1207839,VCBS - Italy - Adult (Promo),343673,Star Trek: Starfleet Academy (Promo) (IT)
IT,0,1207839,VCBS - Italy - Adult (Promo),335545,Star Trek: Strange New Worlds (Promo) (IT)
IT,0,1207839,VCBS - Italy - Adult (Promo),311194,Star Trek: The Next Generation (Promo) (IT)
IT,0,1207839,VCBS - Italy - Adult (Promo),310219,Star Trek: Voyager (Promo) (IT)
IT,0,1207839,VCBS - Italy - Adult (Promo),325753,Sulle Tracce Del Crimine (Promo) (IT)
IT,0,1207839,VCBS - Italy - Adult (Promo),269132,Super! Gaming (Promo) (IT)
IT,0,1207839,VCBS - Italy - Adult (Promo),311013,Super! Magia (Promo) (IT)
IT,0,1207839,VCBS - Italy - Adult (Promo),269131,Super! Spongebob (Promo) (IT)
IT,0,1207839,VCBS - Italy - Adult (Promo),269134,Super! Star (Promo) (IT)
IT,0,1207839,VCBS - Italy - Adult (Promo),324803,Tandem (Promo) (IT)
IT,0,1207839,VCBS - Italy - Adult (Promo),335541,The Agency (Promo) (IT)
IT,0,1207839,VCBS - Italy - Adult (Promo),269141,The Hills (Promo) (IT)
IT,0,1207839,VCBS - Italy - Adult (Promo),347858,The Intern (Promo) (IT)
IT,0,1207839,VCBS - Italy - Adult (Promo),346019,The Madison (Promo) (IT)
IT,0,1207839,VCBS - Italy - Adult (Promo),345891,The Musketeers (Promo) (IT)
IT,0,1207839,VCBS - Italy - Adult (Promo),337637,The Naked Gun (Promo) (IT)
IT,0,1207839,VCBS - Italy - Adult (Promo),343114,The Running Man (Promo) (IT)
IT,0,1207839,VCBS - Italy - Adult (Promo),335518,The Substance (Promo) (IT)
IT,0,1207839,VCBS - Italy - Adult (Promo),325408,The Tales of Teenage Mutant Ninja Turtles (Promo) (IT)
IT,0,1207839,VCBS - Italy - Adult (Promo),349101,Top Gun: Maverick (Promo) (IT)
IT,0,1207839,VCBS - Italy - Adult (Promo),316819,Tulsa King (Promo) (IT)
IT,0,1207839,VCBS - Italy - Adult (Promo),309842,Twin Peaks (Promo) (IT)
IT,0,1207839,VCBS - Italy - Adult (Promo),275950,VH1 (Promo) (IT)
IT,0,1207839,VCBS - Italy - Adult (Promo),273075,VH1 Best of Classic Hits (Promo) (IT)
IT,0,1207839,VCBS - Italy - Adult (Promo),269143,VH1 Canzoni (Promo) (IT)
IT,0,1207839,VCBS - Italy - Adult (Promo),269142,VH1 Halloween (Promo) (IT)
IT,0,1207839,VCBS - Italy - Adult (Promo),269136,VH1 Hip Hop & Rap (Promo) (IT)
IT,0,1207839,VCBS - Italy - Adult (Promo),276631,VH1+ Back to the 90's (Promo) (IT)
IT,0,1207839,VCBS - Italy - Adult (Promo),272159,VH1+ Christmas (Promo) (IT)
IT,0,1207839,VCBS - Italy - Adult (Promo),311246,VH1+ Dance (Promo) (IT)
IT,0,1207839,VCBS - Italy - Adult (Promo),308481,VH1+ Girl Power (Promo) (IT)
IT,0,1207839,VCBS - Italy - Adult (Promo),338187,VH1+ Halloween (Promo) (IT)
IT,0,1207839,VCBS - Italy - Adult (Promo),277928,VH1+ Love Music (Promo) (IT)
IT,0,1207839,VCBS - Italy - Adult (Promo),313364,VH1+ Summer Vibes (Promo) (IT)
IT,0,1207839,VCBS - Italy - Adult (Promo),316626,VMA's (Promo) (IT)
IT,0,1207839,VCBS - Italy - Adult (Promo),340497,Vicious (Promo) (IT)
IT,0,1207839,VCBS - Italy - Adult (Promo),335538,Vita da Carlo (Promo) (IT)
IT,0,1207839,VCBS - Italy - Adult (Promo),330494,Wicked Tuna (Promo) (IT)
IT,0,1207839,VCBS - Italy - Adult (Promo),351182,Wild Cherry (Promo) (IT)
IT,0,1207839,VCBS - Italy - Adult (Promo),335654,Yellowjackets (Promo) (IT)
IT,0,1207839,VCBS - Italy - Adult (Promo),349303,Yoko Yamada (Promo) (IT)
IT,0,1207839,VCBS - Italy - Adult (Promo),269138,Yu-Gi-Oh! (Promo) (IT)
IT,1,1209284,VCBS - Italy - Kids (Promo),342413,A PAW Patrol Christmas - Kids (Promo) (IT)
IT,1,1209284,VCBS - Italy - Kids (Promo),308334,A Tutto Ritmo - Kids (Promo) (IT)
IT,1,1209284,VCBS - Italy - Kids (Promo),350555,Among Us - Kids (Promo) (IT)
IT,1,1209284,VCBS - Italy - Kids (Promo),274827,Avatar - Kids (Promo) (IT)
IT,1,1209284,VCBS - Italy - Kids (Promo),352748,Avatar Aang: The Last Airbender - Kids (Promo) (IT)
IT,1,1209284,VCBS - Italy - Kids (Promo),310726,Baby Shark's Big Movie - Kids (Promo) (IT)
IT,1,1209284,VCBS - Italy - Kids (Promo),350987,Barbapapa - Kids (Promo) (IT)
IT,1,1209284,VCBS - Italy - Kids (Promo),345840,Barbie & Friends - Kids (Promo) (IT)
IT,1,1209284,VCBS - Italy - Kids (Promo),350938,Blaze and the Monster Machines - Kids (Promo) (IT)
IT,1,1209284,VCBS - Italy - Kids (Promo),351750,Casagrandes - Kids (Promo) (IT)
IT,1,1209284,VCBS - Italy - Kids (Promo),272017,Danger Force - Kids (Promo) (IT)
IT,1,1209284,VCBS - Italy - Kids (Promo),311086,Diari - Kids (Promo) (IT)
IT,1,1209284,VCBS - Italy - Kids (Promo),309103,Dora - Kids (Promo) (IT)
IT,1,1209284,VCBS - Italy - Kids (Promo),332884,Dora alla Ricerca di Sol Dorado - Kids (Promo) (IT)
IT,1,1209284,VCBS - Italy - Kids (Promo),342775,Dora and Diego: Rainforest Rescues - Kids (Promo) (IT)
IT,1,1209284,VCBS - Italy - Kids (Promo),272382,Due Fantagenitori - Kids (Promo) (IT)
IT,1,1209284,VCBS - Italy - Kids (Promo),335460,Flow - Kids (Promo) (IT)
IT,1,1209284,VCBS - Italy - Kids (Promo),318677,Gormiti - Kids (Promo) (IT)
IT,1,1209284,VCBS - Italy - Kids (Promo),325309,Henry Danger: The Movie - Kids (Promo) (IT)
IT,1,1209284,VCBS - Italy - Kids (Promo),313047,Il Temp Delle Spie - Il Film Di A Casa Dei Loud - Kids (Promo) (IT)
IT,1,1209284,VCBS - Italy - Kids (Promo),341945,Incanto - Kids (Promo) (IT)
IT,1,1209284,VCBS - Italy - Kids (Promo),351401,Kamp Koral - Kids (Promo) (IT)
IT,1,1209284,VCBS - Italy - Kids (Promo),332400,Kids' Choice Awards - Kids (Promo) (IT)
IT,1,1209284,VCBS - Italy - Kids (Promo),326927,Kit & Sam: Misteri del Regno Animale - Kids (Promo) IT
IT,1,1209284,VCBS - Italy - Kids (Promo),275947,Lo Schiaccianoci - Kids (Promo) (IT)
IT,1,1209284,VCBS - Italy - Kids (Promo),275180,Loud House - Kids (Promo) (IT)
IT,1,1209284,VCBS - Italy - Kids (Promo),345892,Mattel Junior - Kids (Promo) (IT)
IT,1,1209284,VCBS - Italy - Kids (Promo),327695,Merenda - Kids (Promo) (IT)
IT,1,1209284,VCBS - Italy - Kids (Promo),277385,Miraculous - Kids (Promo) (IT)
IT,1,1209284,VCBS - Italy - Kids (Promo),275945,Nick - Kids (Promo) (IT)
IT,1,1209284,VCBS - Italy - Kids (Promo),331253,Nick Jr. - Kids (Promo) (IT)
IT,1,1209284,VCBS - Italy - Kids (Promo),334685,PSA Promos - Kids (Promo) (IT)
IT,1,1209284,VCBS - Italy - Kids (Promo),275179,Paw Patrol - Kids (Promo) (IT)
IT,1,1209284,VCBS - Italy - Kids (Promo),352086,Paw Patrol: Fire Rescue - Kids (Promo) (IT)
IT,1,1209284,VCBS - Italy - Kids (Promo),307129,Paw Patrol: Mighty Pups - Kids (Promo) (IT)
IT,1,1209284,VCBS - Italy - Kids (Promo),341934,Paw Patrol: Valiente: A Tracker Story (Promo) (IT)
IT,1,1209284,VCBS - Italy - Kids (Promo),350939,Peppa Pig - Kids (Promo) (IT)
IT,1,1209284,VCBS - Italy - Kids (Promo),269151,Pluto Animazione - Kids (Promo) (IT)
IT,1,1209284,VCBS - Italy - Kids (Promo),338202,Pluto TV Brand - Kids (Promo) (IT)
IT,1,1209284,VCBS - Italy - Kids (Promo),321641,Pluto TV Christmas - Kids (Promo) (IT)
IT,1,1209284,VCBS - Italy - Kids (Promo),351757,Purple & Brown - Kids (Promo) (IT)
IT,1,1209284,VCBS - Italy - Kids (Promo),328269,Rock Island Mysteries - Kids (Promo) (IT)
IT,1,1209284,VCBS - Italy - Kids (Promo),307126,Rock Paper Scissors - Kids (Promo) (IT)
IT,1,1209284,VCBS - Italy - Kids (Promo),349582,Rocky's Cat-Astrophe - Kids (Promo) (IT)
IT,1,1209284,VCBS - Italy - Kids (Promo),272961,Rubble & Crew - Kids (Promo) (IT)
IT,1,1209284,VCBS - Italy - Kids (Promo),335466,Sonic 3 - Kids (Promo) (IT)
IT,1,1209284,VCBS - Italy - Kids (Promo),313659,Spongebob - Kids (Promo) (IT)
IT,1,1209284,VCBS - Italy - Kids (Promo),318474,Super! A Casa Dei Loud - Kids (Promo) (IT)
IT,1,1209284,VCBS - Italy - Kids (Promo),316528,Super! Big Time Rush - Kids (Promo) (IT)
IT,1,1209284,VCBS - Italy - Kids (Promo),331727,Super! Boog & Elliot - Kids (Promo) (IT)
IT,1,1209284,VCBS - Italy - Kids (Promo),334010,Super! Brand - Kids (Promo) (IT)
IT,1,1209284,VCBS - Italy - Kids (Promo),272303,Super! Gaming - Kids (Promo) (IT)
IT,1,1209284,VCBS - Italy - Kids (Promo),269149,Super! Girl Power (Promo) (IT)
IT,1,1209284,VCBS - Italy - Kids (Promo),269154,Super! Halloween - Kids (Promo) (IT)
IT,1,1209284,VCBS - Italy - Kids (Promo),339767,Super! Henry Danger - Kids (Promo) (IT)
IT,1,1209284,VCBS - Italy - Kids (Promo),335397,Super! I Thunderman in Missione - Kids (Promo) (IT)
IT,1,1209284,VCBS - Italy - Kids (Promo),269152,Super! Instant Mom - Kids (Promo) (IT)
IT,1,1209284,VCBS - Italy - Kids (Promo),277002,Super! K.C. Agente Segreto - Kids (Promo) (IT)
IT,1,1209284,VCBS - Italy - Kids (Promo),275216,Super! La Vera Casa Dei Loud - Kids (Promo) (IT)
IT,1,1209284,VCBS - Italy - Kids (Promo),311014,Super! Magia - Kids (Promo) (IT)
IT,1,1209284,VCBS - Italy - Kids (Promo),272018,Super! Natale - Kids (Promo) (IT)
IT,1,1209284,VCBS - Italy - Kids (Promo),269148,Super! Pop - Kids (Promo) (IT)
IT,1,1209284,VCBS - Italy - Kids (Promo),269153,Super! Risate - Kids (Promo) (IT)
IT,1,1209284,VCBS - Italy - Kids (Promo),272392,Super! Rugrats - Kids (Promo) (IT)
IT,1,1209284,VCBS - Italy - Kids (Promo),323460,Super! Sonic - Kids (Promo) (IT)
IT,1,1209284,VCBS - Italy - Kids (Promo),272304,Super! Spongebob - Kids (Promo) (IT)
IT,1,1209284,VCBS - Italy - Kids (Promo),276632,Super! Spyders - Kids (Promo) (IT)
IT,1,1209284,VCBS - Italy - Kids (Promo),272383,Super! Star - Kids (Promo) (IT)
IT,1,1209284,VCBS - Italy - Kids (Promo),272160,Super! Zoey 101 - Kids (Promo) (IT)
IT,1,1209284,VCBS - Italy - Kids (Promo),274829,TMNT - Kids (Promo) (IT)
IT,1,1209284,VCBS - Italy - Kids (Promo),316818,Tales of the TMNT - Kids (Promo) (IT)
IT,1,1209284,VCBS - Italy - Kids (Promo),348520,The Loud House: European Adventure - Kids (Promo) (IT)
IT,1,1209284,VCBS - Italy - Kids (Promo),351477,The Really Loud House - Kids (Promo) (IT)
IT,1,1209284,VCBS - Italy - Kids (Promo),328911,The Smurfs - Kids (Promo) (IT)
IT,1,1209284,VCBS - Italy - Kids (Promo),351461,The SpongeBob Movie: Search for Squarepants - Kids (Promo) (IT)
IT,1,1209284,VCBS - Italy - Kids (Promo),325741,The Thundermans - Kids (Promo) (IT)
IT,1,1209284,VCBS - Italy - Kids (Promo),307533,The Thundermans Return - Kids (Promo) (IT)
IT,1,1209284,VCBS - Italy - Kids (Promo),326929,The Thundermans: Undercover - Kids (Promo) IT
IT,1,1209284,VCBS - Italy - Kids (Promo),337100,Tim Rex in Space - Kids (Promo) (IT)
IT,1,1209284,VCBS - Italy - Kids (Promo),342134,Transformers Earthspark: Hometown Heroes - Kids (Promo) (IT)
IT,1,1209284,VCBS - Italy - Kids (Promo),335464,Transformers One - Kids (Promo) (IT)
IT,1,1209284,VCBS - Italy - Kids (Promo),312295,Transformers: Earthspark - Kids (Promo) (IT)
IT,1,1209284,VCBS - Italy - Kids (Promo),274828,Victorious - Kids (Promo) (IT)
IT,1,1209284,VCBS - Italy - Kids (Promo),331922,Winx Club - Kids (Promo) (IT)
IT,1,1209284,VCBS - Italy - Kids (Promo),318418,Wizards of Waverly Place - Kids (Promo) (IT)
IT,1,1209284,VCBS - Italy - Kids (Promo),314940,Young Dylan - Kids (Promo) (IT)
IT,1,1209284,VCBS - Italy - Kids (Promo),269150,Yu-Gi-Oh! - Kids (Promo) (IT)
IT,1,1209284,VCBS - Italy - Kids (Promo),311089,Zokie of Planet Ruby - Kids (Promo) (IT)
IT,1,1209284,VCBS - Italy - Kids (Promo),339501,i Puffi - Kids (Promo) (IT)
LATAM,0,1207826,VCBS - LATAM - Adult (Promo),307418,100 Days to Indy (Promo) (LATAM)
LATAM,0,1207826,VCBS - LATAM - Adult (Promo),326098,1923 (Promo) (LATAM)
LATAM,0,1207826,VCBS - LATAM - Adult (Promo),311311,A Gentleman in Moscow (Promo) (LATAM)
LATAM,0,1207826,VCBS - LATAM - Adult (Promo),310641,ARK: The Animated Series (Promo) (LATAM)
LATAM,0,1207826,VCBS - LATAM - Adult (Promo),331830,Accused (Promo) (LATAM)
LATAM,0,1207826,VCBS - LATAM - Adult (Promo),350618,Among Us (Promo) (LATAM)
LATAM,0,1207826,VCBS - LATAM - Adult (Promo),270735,Animales (Promo) (LATAM)
LATAM,0,1207826,VCBS - LATAM - Adult (Promo),270906,Anime Accion (Promo) (LATAM)
LATAM,0,1207826,VCBS - LATAM - Adult (Promo),274883,Archivos Extraterrestres (Promo) (LATAM)
LATAM,0,1207826,VCBS - LATAM - Adult (Promo),271083,Archivos Forenses (Promo) (LATAM)
LATAM,0,1207826,VCBS - LATAM - Adult (Promo),352669,Asiamania (Promo) (LATAM)
LATAM,0,1207826,VCBS - LATAM - Adult (Promo),331982,Atrápame Si Puedes (Promo) (LATAM)
LATAM,0,1207826,VCBS - LATAM - Adult (Promo),307306,Avatar (Promo) (LATAM)
LATAM,0,1207826,VCBS - LATAM - Adult (Promo),352743,Avatar Aang: The Last Airbender (Promo) (LATAM)
LATAM,0,1207826,VCBS - LATAM - Adult (Promo),270908,BOOM (Promo) (LATAM)
LATAM,0,1207826,VCBS - LATAM - Adult (Promo),274893,Back Door (Promo) (LATAM)
LATAM,0,1207826,VCBS - LATAM - Adult (Promo),331663,Bargain (Promo) (LATAM)
LATAM,0,1207826,VCBS - LATAM - Adult (Promo),273470,Bass Reeves (Promo) (LATAM)
LATAM,0,1207826,VCBS - LATAM - Adult (Promo),317097,Baywatch (Promo) (LATAM)
LATAM,0,1207826,VCBS - LATAM - Adult (Promo),345126,Beavis & Butt-Head (Promo) (LATAM)
LATAM,0,1207826,VCBS - LATAM - Adult (Promo),274887,Beverly Hills 90210 (Promo) (LATAM)
LATAM,0,1207826,VCBS - LATAM - Adult (Promo),351170,Billie Eilish Hit Me Hard And Soft: The Tour (Promo) (LATAM)
LATAM,0,1207826,VCBS - LATAM - Adult (Promo),332029,Billions (Promo) (LATAM)
LATAM,0,1207826,VCBS - LATAM - Adult (Promo),353112,Blue Bloods (Promo) (LATAM)
LATAM,0,1207826,VCBS - LATAM - Adult (Promo),353111,Blue Ridge (Promo) (LATAM)
LATAM,0,1207826,VCBS - LATAM - Adult (Promo),313658,Bob Esponja (Promo) (LATAM)
LATAM,0,1207826,VCBS - LATAM - Adult (Promo),315461,Bob Marley: One Love (Promo) (LATAM)
LATAM,0,1207826,VCBS - LATAM - Adult (Promo),307779,Boruto (Promo) (LATAM)
LATAM,0,1207826,VCBS - LATAM - Adult (Promo),272739,CBS News (Promo) (LATAM)
LATAM,0,1207826,VCBS - LATAM - Adult (Promo),274891,COPS (Promo) (LATAM)
LATAM,0,1207826,VCBS - LATAM - Adult (Promo),274888,CSI: Miami (Promo) (LATAM)
LATAM,0,1207826,VCBS - LATAM - Adult (Promo),344243,Canada Shore (Promo) (LATAM)
LATAM,0,1207826,VCBS - LATAM - Adult (Promo),277150,Cartelera en tu casa (Promo) (LATAM)
LATAM,0,1207826,VCBS - LATAM - Adult (Promo),347494,Celebrity Ex on the Beach (Promo) (LATAM)
LATAM,0,1207826,VCBS - LATAM - Adult (Promo),337792,Charmed (Promo) (LATAM)
LATAM,0,1207826,VCBS - LATAM - Adult (Promo),270911,Cine Acción (Promo) (LATAM)
LATAM,0,1207826,VCBS - LATAM - Adult (Promo),270912,Cine Clásico (Promo) (LATAM)
LATAM,0,1207826,VCBS - LATAM - Adult (Promo),270914,Cine Comedia (Promo) (LATAM)
LATAM,0,1207826,VCBS - LATAM - Adult (Promo),308255,Cine Crimen (Promo) (LATAM)
LATAM,0,1207826,VCBS - LATAM - Adult (Promo),270915,Cine Drama (Promo) (LATAM)
LATAM,0,1207826,VCBS - LATAM - Adult (Promo),270946,Cine Estelar (Promo) (LATAM)
LATAM,0,1207826,VCBS - LATAM - Adult (Promo),271081,Cine Familia (Promo) (LATAM)
LATAM,0,1207826,VCBS - LATAM - Adult (Promo),341986,Cine Navidad (Promo) (LATAM)
LATAM,0,1207826,VCBS - LATAM - Adult (Promo),270948,Cine Romance (Promo) (LATAM)
LATAM,0,1207826,VCBS - LATAM - Adult (Promo),270949,Cine Suspenso (Promo) (LATAM)
LATAM,0,1207826,VCBS - LATAM - Adult (Promo),314190,Claro Sports (Promo) (LATAM)
LATAM,0,1207826,VCBS - LATAM - Adult (Promo),337453,Clueless (Promo) (LATAM)
LATAM,0,1207826,VCBS - LATAM - Adult (Promo),270951,Cocina (Promo) (LATAM)
LATAM,0,1207826,VCBS - LATAM - Adult (Promo),270958,Comedy Central (Promo) (LATAM)
LATAM,0,1207826,VCBS - LATAM - Adult (Promo),338767,Criaturas Malditas (Promo) (LATAM)
LATAM,0,1207826,VCBS - LATAM - Adult (Promo),339274,Crutch (Promo) (LATAM)
LATAM,0,1207826,VCBS - LATAM - Adult (Promo),340019,Dating Naked UK (Promo) (LATAM)
LATAM,0,1207826,VCBS - LATAM - Adult (Promo),350070,De Ferias Com o Ex: Diretoria (Promo) (LATAM)
LATAM,0,1207826,VCBS - LATAM - Adult (Promo),273003,De la calle (Promo) (LATAM)
LATAM,0,1207826,VCBS - LATAM - Adult (Promo),274878,Defasios Super Humanos (Promo) (LATAM)
LATAM,0,1207826,VCBS - LATAM - Adult (Promo),331831,Despedida de Soltero (Promo) (LATAM)
LATAM,0,1207826,VCBS - LATAM - Adult (Promo),341474,Dexter (Promo) (LATAM)
LATAM,0,1207826,VCBS - LATAM - Adult (Promo),326093,Dexter: Pecado Original (Promo) (LATAM)
LATAM,0,1207826,VCBS - LATAM - Adult (Promo),333008,Dexter: Resurrection (Promo) (LATAM)
LATAM,0,1207826,VCBS - LATAM - Adult (Promo),270964,Dog el cazarrecompensas (Promo) (LATAM)
LATAM,0,1207826,VCBS - LATAM - Adult (Promo),331828,"Dongjae, entre el bien y el mal (Promo) (LATAM)"
LATAM,0,1207826,VCBS - LATAM - Adult (Promo),333612,Dora (Promo) (LATAM)
LATAM,0,1207826,VCBS - LATAM - Adult (Promo),308175,Dora: Say Hola to Adventure (Promo) (LATAM)
LATAM,0,1207826,VCBS - LATAM - Adult (Promo),308335,Dramas Coreanos (Promo) (LATAM)
LATAM,0,1207826,VCBS - LATAM - Adult (Promo),335182,Dramas Coreanos Teen (Promo) (LATAM)
LATAM,0,1207826,VCBS - LATAM - Adult (Promo),346857,Dutton Ranch (Promo) (LATAM)
LATAM,0,1207826,VCBS - LATAM - Adult (Promo),270968,ESR 24/7 (Promo) (LATAM)
LATAM,0,1207826,VCBS - LATAM - Adult (Promo),275268,Eine Billion Dollar (Promo) (LATAM)
LATAM,0,1207826,VCBS - LATAM - Adult (Promo),272067,El Rapto (Promo) (LATAM)
LATAM,0,1207826,VCBS - LATAM - Adult (Promo),331836,Emilia Pérez (Promo) (LATAM)
LATAM,0,1207826,VCBS - LATAM - Adult (Promo),315662,Emily in Paris x Undercover (Promo) (LATAM)
LATAM,0,1207826,VCBS - LATAM - Adult (Promo),326101,Espíritus En La Escuela (Promo) (LATAM)
LATAM,0,1207826,VCBS - LATAM - Adult (Promo),270947,Estrellas de Accion (Promo) (LATAM)
LATAM,0,1207826,VCBS - LATAM - Adult (Promo),270969,Fail Army (Promo) (LATAM)
LATAM,0,1207826,VCBS - LATAM - Adult (Promo),346840,Freediver (Promo) (LATAM)
LATAM,0,1207826,VCBS - LATAM - Adult (Promo),333708,Frida (Promo) (LATAM)
LATAM,0,1207826,VCBS - LATAM - Adult (Promo),346055,Friday the 13th  - (Promo) (LATAM)
LATAM,0,1207826,VCBS - LATAM - Adult (Promo),349013,Geordie Shore (Promo) (LATAM)
LATAM,0,1207826,VCBS - LATAM - Adult (Promo),343784,Girl Taken (Promo) (LATAM)
LATAM,0,1207826,VCBS - LATAM - Adult (Promo),318000,Gladiator (Promo) (LATAM)
LATAM,0,1207826,VCBS - LATAM - Adult (Promo),326299,Gladiator II (Promo) (LATAM)
LATAM,0,1207826,VCBS - LATAM - Adult (Promo),274814,Gran Hermano Chile (Promo) (LATAM)
LATAM,0,1207826,VCBS - LATAM - Adult (Promo),331989,Guerra Mundial Z (Promo) (LATAM)
LATAM,0,1207826,VCBS - LATAM - Adult (Promo),272314,Halloween Campaign (Promo) (LATAM)
LATAM,0,1207826,VCBS - LATAM - Adult (Promo),306871,Halo (Promo) (LATAM)
LATAM,0,1207826,VCBS - LATAM - Adult (Promo),328636,Handmaid's Tale (Promo) (LATAM)
LATAM,0,1207826,VCBS - LATAM - Adult (Promo),328630,Happy Face (Promo) (LATAM)
LATAM,0,1207826,VCBS - LATAM - Adult (Promo),326651,Henry Danger: The Movie (Promo) (LATAM)
LATAM,0,1207826,VCBS - LATAM - Adult (Promo),350688,Hermanos A La Obra (Promo) (LATAM)
LATAM,0,1207826,VCBS - LATAM - Adult (Promo),323124,Hey Arnold (Promo) (LATAM)
LATAM,0,1207826,VCBS - LATAM - Adult (Promo),341820,High Ground (Promo) (LATAM)
LATAM,0,1207826,VCBS - LATAM - Adult (Promo),270973,Historias De Ultratumba (Promo) (LATAM)
LATAM,0,1207826,VCBS - LATAM - Adult (Promo),349306,House of horror (Promo) (LATAM)
LATAM,0,1207826,VCBS - LATAM - Adult (Promo),334720,I'm Still Here (Promo) (LATAM)
LATAM,0,1207826,VCBS - LATAM - Adult (Promo),322768,IF (Promo) (LATAM)
LATAM,0,1207826,VCBS - LATAM - Adult (Promo),274892,ITV Deportes (Promo) (LATAM)
LATAM,0,1207826,VCBS - LATAM - Adult (Promo),339596,Ink Master (Promo) (LATAM)
LATAM,0,1207826,VCBS - LATAM - Adult (Promo),331829,Insomnia (Promo) (LATAM)
LATAM,0,1207826,VCBS - LATAM - Adult (Promo),331835,Jack Reacher (Promo) (LATAM)
LATAM,0,1207826,VCBS - LATAM - Adult (Promo),335351,Jane the Virgin (Promo) (LATAM)
LATAM,0,1207826,VCBS - LATAM - Adult (Promo),323808,John Wick (Promo) (LATAM)
LATAM,0,1207826,VCBS - LATAM - Adult (Promo),327316,Joystickeros (Promo) (LATAM)
LATAM,0,1207826,VCBS - LATAM - Adult (Promo),322767,Karime Pindter: De La Mano Del Señor (Promo) (LATAM)
LATAM,0,1207826,VCBS - LATAM - Adult (Promo),319191,Kid's Choice Awards Mexico (Promo) (LATAM)
LATAM,0,1207826,VCBS - LATAM - Adult (Promo),314191,LA Academia (Promo) (LATAM)
LATAM,0,1207826,VCBS - LATAM - Adult (Promo),327404,La Venganza De Los Ex VIP (Promo) (LATAM)
LATAM,0,1207826,VCBS - LATAM - Adult (Promo),322763,Landman (Promo) (LATAM)
LATAM,0,1207826,VCBS - LATAM - Adult (Promo),331614,Lawmen: Bass Reeves (Promo) (LATAM)
LATAM,0,1207826,VCBS - LATAM - Adult (Promo),272512,Liga Premier (Promo) (LATAM)
LATAM,0,1207826,VCBS - LATAM - Adult (Promo),321519,Lioness (Promo) (LATAM)
LATAM,0,1207826,VCBS - LATAM - Adult (Promo),340781,Little Disasters (Promo) (LATAM)
LATAM,0,1207826,VCBS - LATAM - Adult (Promo),311554,Little Wing (Promo) (LATAM)
LATAM,0,1207826,VCBS - LATAM - Adult (Promo),274882,Los Angeles de Charlie (Promo) (LATAM)
LATAM,0,1207826,VCBS - LATAM - Adult (Promo),275279,Los Enviados Estreno (Promo) (LATAM)
LATAM,0,1207826,VCBS - LATAM - Adult (Promo),270985,Los archivos del FBI (Promo) (LATAM)
LATAM,0,1207826,VCBS - LATAM - Adult (Promo),268917,Love in Taipei (Promo) (LATAM)
LATAM,0,1207826,VCBS - LATAM - Adult (Promo),270986,Lucha Libre​ AAA (Promo) (LATAM)
LATAM,0,1207826,VCBS - LATAM - Adult (Promo),349442,M.I.A. (Promo) (LATAM)
LATAM,0,1207826,VCBS - LATAM - Adult (Promo),274894,MTV Con Mi Ex (Promo) (LATAM)
LATAM,0,1207826,VCBS - LATAM - Adult (Promo),274884,MTV Drag (Promo) (LATAM)
LATAM,0,1207826,VCBS - LATAM - Adult (Promo),319795,MTV EMAs (Promo) (LATAM)
LATAM,0,1207826,VCBS - LATAM - Adult (Promo),327406,MTV La Venganza De Los Ex (Promo) (LATAM)
LATAM,0,1207826,VCBS - LATAM - Adult (Promo),313297,MTV Miaw (Promo) (LATAM)
LATAM,0,1207826,VCBS - LATAM - Adult (Promo),327954,MTV On Tour! (Promo) (LATAM)
LATAM,0,1207826,VCBS - LATAM - Adult (Promo),322257,MTV Pluto TV (Promo) (LATAM)
LATAM,0,1207826,VCBS - LATAM - Adult (Promo),313972,MTV Shore (Promo) (LATAM)
LATAM,0,1207826,VCBS - LATAM - Adult (Promo),274885,MacGyver (Promo) (LATAM)
LATAM,0,1207826,VCBS - LATAM - Adult (Promo),274880,Mad About You (Promo) (LATAM)
LATAM,0,1207826,VCBS - LATAM - Adult (Promo),331987,Madame Secretary (Promo) (LATAM)
LATAM,0,1207826,VCBS - LATAM - Adult (Promo),353119,Madre (Promo) (LATAM)
LATAM,0,1207826,VCBS - LATAM - Adult (Promo),342143,Marley & Me (Promo) (LATAM)
LATAM,0,1207826,VCBS - LATAM - Adult (Promo),343785,Marshals (Promo) (LATAM)
LATAM,0,1207826,VCBS - LATAM - Adult (Promo),271084,Masterchef (Promo) (LATAM)
LATAM,0,1207826,VCBS - LATAM - Adult (Promo),335990,Masterchef: Mexico (Promo) (LATAM)
LATAM,0,1207826,VCBS - LATAM - Adult (Promo),331588,Mayor of Kingstown (Promo) (LATAM)
LATAM,0,1207826,VCBS - LATAM - Adult (Promo),349017,Mazatlan Shore (Promo) (LATAM)
LATAM,0,1207826,VCBS - LATAM - Adult (Promo),314205,Mean Girls (Promo) (LATAM)
LATAM,0,1207826,VCBS - LATAM - Adult (Promo),312066,Mean Girls: The Musical (Promo) (LATAM)
LATAM,0,1207826,VCBS - LATAM - Adult (Promo),311374,Mental Health (Promo) (LATAM)
LATAM,0,1207826,VCBS - LATAM - Adult (Promo),340104,Mes Del K Drama (Promo) (LATAM)
LATAM,0,1207826,VCBS - LATAM - Adult (Promo),335984,Mexican Power (Promo) (LATAM)
LATAM,0,1207826,VCBS - LATAM - Adult (Promo),343986,Mi Bella Genio (Promo) (LATAM)
LATAM,0,1207826,VCBS - LATAM - Adult (Promo),325984,Midsomer Murders (Promo) (LATAM)
LATAM,0,1207826,VCBS - LATAM - Adult (Promo),270990,Minuto Para Ganar (Promo) (LATAM)
LATAM,0,1207826,VCBS - LATAM - Adult (Promo),331590,Mission Impossible (Promo) (LATAM)
LATAM,0,1207826,VCBS - LATAM - Adult (Promo),341825,Mission Impossible: The Final Reckoning (Promo) (LATAM)
LATAM,0,1207826,VCBS - LATAM - Adult (Promo),270995,Misterios sin Resolver (Promo) (LATAM)
LATAM,0,1207826,VCBS - LATAM - Adult (Promo),328727,Miśion: Imposible - Sentencia Mortal (Promo) (LATAM)
LATAM,0,1207826,VCBS - LATAM - Adult (Promo),333710,MobLand (Promo) (LATAM)
LATAM,0,1207826,VCBS - LATAM - Adult (Promo),353116,Mr Bean (Promo) (LATAM)
LATAM,0,1207826,VCBS - LATAM - Adult (Promo),274857,Mães do Funk (Promo) (LATAM)
LATAM,0,1207826,VCBS - LATAM - Adult (Promo),274886,NCIS (Promo) (LATAM)
LATAM,0,1207826,VCBS - LATAM - Adult (Promo),335646,NCIS: Tony & Ziva (Promo) (LATAM)
LATAM,0,1207826,VCBS - LATAM - Adult (Promo),271007,Naruto (Promo) (LATAM)
LATAM,0,1207826,VCBS - LATAM - Adult (Promo),321552,Nick (Promo) (LATAM)
LATAM,0,1207826,VCBS - LATAM - Adult (Promo),334569,Nick Clasico (Promo) (LATAM)
LATAM,0,1207826,VCBS - LATAM - Adult (Promo),321551,Nick Teen (Promo) (LATAM)
LATAM,0,1207826,VCBS - LATAM - Adult (Promo),319187,Nominados KCA Mexico (Promo) (LATAM)
LATAM,0,1207826,VCBS - LATAM - Adult (Promo),339292,Novelas de Otros Continentes (Promo) (LATAM)
LATAM,0,1207826,VCBS - LATAM - Adult (Promo),271013,One Piece (Promo) (LATAM)
LATAM,0,1207826,VCBS - LATAM - Adult (Promo),339072,Ozzy: No Escape From Now (Promo) (LATAM)
LATAM,0,1207826,VCBS - LATAM - Adult (Promo),268923,Paisajes Por Stingray (Promo) (LATAM)
LATAM,0,1207826,VCBS - LATAM - Adult (Promo),308138,Paramount + Brand (Promo) (LATAM)
LATAM,0,1207826,VCBS - LATAM - Adult (Promo),271014,Paramount+ Presenta (Promo) (LATAM)
LATAM,0,1207826,VCBS - LATAM - Adult (Promo),351678,Passenger (Promo) (LATAM)
LATAM,0,1207826,VCBS - LATAM - Adult (Promo),340594,Plato del Dia by El Gourmet (Promo) (LATAM)
LATAM,0,1207826,VCBS - LATAM - Adult (Promo),352470,PlayCity (Promo) (LATAM)
LATAM,0,1207826,VCBS - LATAM - Adult (Promo),270967,Pluto Deportes (Promo) (LATAM)
LATAM,0,1207826,VCBS - LATAM - Adult (Promo),276181,Pluto Natale (Promo) (LATAM)
LATAM,0,1207826,VCBS - LATAM - Adult (Promo),268919,Pluto TV (Promo) (LATAM)
LATAM,0,1207826,VCBS - LATAM - Adult (Promo),271080,Pluto TV Anime (Promo) (LATAM)
LATAM,0,1207826,VCBS - LATAM - Adult (Promo),270907,Pluto TV Aventura (Promo) (LATAM)
LATAM,0,1207826,VCBS - LATAM - Adult (Promo),270910,Pluto TV Ciencia (Promo) (LATAM)
LATAM,0,1207826,VCBS - LATAM - Adult (Promo),270950,Pluto TV Cine Terror (Promo) (LATAM)
LATAM,0,1207826,VCBS - LATAM - Adult (Promo),271082,Pluto TV Competencias (Promo) (LATAM)
LATAM,0,1207826,VCBS - LATAM - Adult (Promo),270960,Pluto TV Conciertos por Stingray (Promo) (LATAM)
LATAM,0,1207826,VCBS - LATAM - Adult (Promo),270962,Pluto TV Deportes (Promo) (LATAM)
LATAM,0,1207826,VCBS - LATAM - Adult (Promo),344024,Pluto TV Documentales (Promo) (LATAM)
LATAM,0,1207826,VCBS - LATAM - Adult (Promo),270974,Pluto TV Hogar​ (Promo) (LATAM)
LATAM,0,1207826,VCBS - LATAM - Adult (Promo),270982,Pluto TV Investiga (Promo) (LATAM)
LATAM,0,1207826,VCBS - LATAM - Adult (Promo),270984,Pluto TV Karaoke by Stingray (Promo) (LATAM)
LATAM,0,1207826,VCBS - LATAM - Adult (Promo),270991,Pluto TV Misterios (Promo) (LATAM)
LATAM,0,1207826,VCBS - LATAM - Adult (Promo),270994,Pluto TV Misterios Medicos (Promo) (LATAM)
LATAM,0,1207826,VCBS - LATAM - Adult (Promo),271008,Pluto TV Naturaleza (Promo) (LATAM)
LATAM,0,1207826,VCBS - LATAM - Adult (Promo),271012,Pluto TV Novelas (Promo) (LATAM)
LATAM,0,1207826,VCBS - LATAM - Adult (Promo),268922,Pluto TV Nuestro Cine (Promo) (LATAM)
LATAM,0,1207826,VCBS - LATAM - Adult (Promo),268924,Pluto TV Peleas (Promo) (LATAM)
LATAM,0,1207826,VCBS - LATAM - Adult (Promo),271015,Pluto TV Reality (Promo) (LATAM)
LATAM,0,1207826,VCBS - LATAM - Adult (Promo),271017,Pluto TV Recetas (Promo) (LATAM)
LATAM,0,1207826,VCBS - LATAM - Adult (Promo),268960,Pluto TV Sci-Fi (Promo) (LATAM)
LATAM,0,1207826,VCBS - LATAM - Adult (Promo),271086,Pluto TV Series (Promo) (LATAM)
LATAM,0,1207826,VCBS - LATAM - Adult (Promo),271019,Pluto TV Series Latinas (Promo) (LATAM)
LATAM,0,1207826,VCBS - LATAM - Adult (Promo),271020,Pluto TV Series Retro (Promo) (LATAM)
LATAM,0,1207826,VCBS - LATAM - Adult (Promo),335991,Pluto TV Star Trek (Promo) (LATAM)
LATAM,0,1207826,VCBS - LATAM - Adult (Promo),268921,Pluto TV Teen (Promo) (LATAM)
LATAM,0,1207826,VCBS - LATAM - Adult (Promo),271029,Pluto TV Viajes (Promo) (LATAM)
LATAM,0,1207826,VCBS - LATAM - Adult (Promo),271078,Pluto TV Vida Real (Promo) (LATAM)
LATAM,0,1207826,VCBS - LATAM - Adult (Promo),270971,Pluto Tv Filmstream (Promo) (LATAM)
LATAM,0,1207826,VCBS - LATAM - Adult (Promo),270972,Pluto Tv Historia (Promo) (LATAM)
LATAM,0,1207826,VCBS - LATAM - Adult (Promo),270979,Pluto Tv Humor (Promo) (LATAM)
LATAM,0,1207826,VCBS - LATAM - Adult (Promo),271028,Pluto Tv Velocidad (Promo) (LATAM)
LATAM,0,1207826,VCBS - LATAM - Adult (Promo),340485,Pokemon (Promo) (LATAM)
LATAM,0,1207826,VCBS - LATAM - Adult (Promo),353114,Pre Navidad (Promo) (LATAM)
LATAM,0,1207826,VCBS - LATAM - Adult (Promo),340783,Predators (Promo) (LATAM)
LATAM,0,1207826,VCBS - LATAM - Adult (Promo),344670,Primate (Promo) (LATAM)
LATAM,0,1207826,VCBS - LATAM - Adult (Promo),274805,Promo 50% (Promo) (LATAM)
LATAM,0,1207826,VCBS - LATAM - Adult (Promo),275952,Promo Festive (Promo) (LATAM)
LATAM,0,1207826,VCBS - LATAM - Adult (Promo),331815,Ray Donovan (Promo) (LATAM)
LATAM,0,1207826,VCBS - LATAM - Adult (Promo),341930,Regretting You (Promo) (LATAM)
LATAM,0,1207826,VCBS - LATAM - Adult (Promo),318309,Resident Evil (Promo) (LATAM)
LATAM,0,1207826,VCBS - LATAM - Adult (Promo),271018,Retro Cartoons (Promo) (LATAM)
LATAM,0,1207826,VCBS - LATAM - Adult (Promo),344306,Revive Gran Hermano (Promo) (LATAM)
LATAM,0,1207826,VCBS - LATAM - Adult (Promo),344179,Risque (Promo) (LATAM)
LATAM,0,1207826,VCBS - LATAM - Adult (Promo),331602,RuPaul's Drag Race: All Stars (Promo) (LATAM)
LATAM,0,1207826,VCBS - LATAM - Adult (Promo),274895,Run:Time (Promo) (LATAM)
LATAM,0,1207826,VCBS - LATAM - Adult (Promo),336888,STANS (Promo) (LATAM)
LATAM,0,1207826,VCBS - LATAM - Adult (Promo),333433,Scary Movie (Promo) (LATAM)
LATAM,0,1207826,VCBS - LATAM - Adult (Promo),331540,School Spirits (Promo) (LATAM)
LATAM,0,1207826,VCBS - LATAM - Adult (Promo),268918,Scream (Promo) (LATAM)
LATAM,0,1207826,VCBS - LATAM - Adult (Promo),347096,Scream 7 (Promo) (LATAM)
LATAM,0,1207826,VCBS - LATAM - Adult (Promo),331986,Seal Team (Promo) (LATAM)
LATAM,0,1207826,VCBS - LATAM - Adult (Promo),334066,September 5 (Promo) (LATAM)
LATAM,0,1207826,VCBS - LATAM - Adult (Promo),317113,Shark Tank Mexico (Promo) (LATAM)
LATAM,0,1207826,VCBS - LATAM - Adult (Promo),343663,Shores Franchise (Promo) (LATAM)
LATAM,0,1207826,VCBS - LATAM - Adult (Promo),334114,Significant Other (Promo) (LATAM)
LATAM,0,1207826,VCBS - LATAM - Adult (Promo),271021,Sin Tetas no hay paraíso (Promo) (LATAM)
LATAM,0,1207826,VCBS - LATAM - Adult (Promo),331825,SkyMed (Promo) (LATAM)
LATAM,0,1207826,VCBS - LATAM - Adult (Promo),317998,Smile (Promo) (LATAM)
LATAM,0,1207826,VCBS - LATAM - Adult (Promo),326323,Smile 2 (Promo) (LATAM)
LATAM,0,1207826,VCBS - LATAM - Adult (Promo),318014,Sonic 3 (Promo) (LATAM)
LATAM,0,1207826,VCBS - LATAM - Adult (Promo),328640,Sonic the Hedgehog (Promo) (LATAM)
LATAM,0,1207826,VCBS - LATAM - Adult (Promo),335032,Sony One Competencias (Promo) (LATAM)
LATAM,0,1207826,VCBS - LATAM - Adult (Promo),273002,South Park (Promo) (LATAM)
LATAM,0,1207826,VCBS - LATAM - Adult (Promo),274577,Spider (Promo) (LATAM)
LATAM,0,1207826,VCBS - LATAM - Adult (Promo),332005,Spin the Bottle (Promo) (LATAM)
LATAM,0,1207826,VCBS - LATAM - Adult (Promo),331599,Star Trek: Discovery (Promo) (LATAM)
LATAM,0,1207826,VCBS - LATAM - Adult (Promo),331593,Star Trek: Lower Decks (Promo) (LATAM)
LATAM,0,1207826,VCBS - LATAM - Adult (Promo),331572,Star Trek: Section 31 (Promo) (LATAM)
LATAM,0,1207826,VCBS - LATAM - Adult (Promo),343664,Star Trek: Starfleet Academy (Promo) (LATAM)
LATAM,0,1207826,VCBS - LATAM - Adult (Promo),334116,Star Trek: Strange New Worlds (Promo) (LATAM)
LATAM,0,1207826,VCBS - LATAM - Adult (Promo),274881,Starsky & Hutch (Promo) (LATAM)
LATAM,0,1207826,VCBS - LATAM - Adult (Promo),331981,TMNT: Mutant Mayhem (Promo) (LATAM)
LATAM,0,1207826,VCBS - LATAM - Adult (Promo),307811,TV Azteca (Promo) (LATAM)
LATAM,0,1207826,VCBS - LATAM - Adult (Promo),314847,TV Azteca Deportes (Promo) (LATAM)
LATAM,0,1207826,VCBS - LATAM - Adult (Promo),271022,TasteMade (Promo) (LATAM)
LATAM,0,1207826,VCBS - LATAM - Adult (Promo),274879,Teatrix (Promo) (LATAM)
LATAM,0,1207826,VCBS - LATAM - Adult (Promo),271023,Telefe Noticias (Promo) (LATAM)
LATAM,0,1207826,VCBS - LATAM - Adult (Promo),274890,Teleformula (Promo) (LATAM)
LATAM,0,1207826,VCBS - LATAM - Adult (Promo),331582,The Agency (Promo) (LATAM)
LATAM,0,1207826,VCBS - LATAM - Adult (Promo),341596,The Amazing Spider-Man (Promo) (LATAM)
LATAM,0,1207826,VCBS - LATAM - Adult (Promo),352941,The Challenge (Promo) (LATAM)
LATAM,0,1207826,VCBS - LATAM - Adult (Promo),310706,The Challenge: All Stars (Promo) (LATAM)
LATAM,0,1207826,VCBS - LATAM - Adult (Promo),275270,The Curse (Promo) (LATAM)
LATAM,0,1207826,VCBS - LATAM - Adult (Promo),353115,The Dead Zone (Promo) (LATAM)
LATAM,0,1207826,VCBS - LATAM - Adult (Promo),313378,The Godfather (Promo) (LATAM)
LATAM,0,1207826,VCBS - LATAM - Adult (Promo),350776,The Internship (Promo) (LATAM)
LATAM,0,1207826,VCBS - LATAM - Adult (Promo),344087,The Madison (Promo) (LATAM)
LATAM,0,1207826,VCBS - LATAM - Adult (Promo),337116,The Naked Gun (Promo) (LATAM)
LATAM,0,1207826,VCBS - LATAM - Adult (Promo),334158,The Neighborhood (Promo) (LATAM)
LATAM,0,1207826,VCBS - LATAM - Adult (Promo),271024,The New Detectives (Promo) (LATAM)
LATAM,0,1207826,VCBS - LATAM - Adult (Promo),313379,The Offer (Promo) (LATAM)
LATAM,0,1207826,VCBS - LATAM - Adult (Promo),271025,The Pet Collective (Promo) (LATAM)
LATAM,0,1207826,VCBS - LATAM - Adult (Promo),342593,The Running Man (Promo) (LATAM)
LATAM,0,1207826,VCBS - LATAM - Adult (Promo),335909,The Smurfs (Promo) (LATAM)
LATAM,0,1207826,VCBS - LATAM - Adult (Promo),344161,The Spongebob (Promo) (LATAM)
LATAM,0,1207826,VCBS - LATAM - Adult (Promo),308344,The Thundermans Return (Promo) (LATAM)
LATAM,0,1207826,VCBS - LATAM - Adult (Promo),335183,The Walking Dead (Promo) (LATAM)
LATAM,0,1207826,VCBS - LATAM - Adult (Promo),328704,Tierra de Mafia (Promo) (LATAM)
LATAM,0,1207826,VCBS - LATAM - Adult (Promo),338782,Tom Cruise (Promo) (LATAM)
LATAM,0,1207826,VCBS - LATAM - Adult (Promo),332903,Tom Hanks (Promo) (LATAM)
LATAM,0,1207826,VCBS - LATAM - Adult (Promo),323131,Transformers (Promo) (LATAM)
LATAM,0,1207826,VCBS - LATAM - Adult (Promo),326310,Transformers: One (Promo) (LATAM)
LATAM,0,1207826,VCBS - LATAM - Adult (Promo),343489,Trust (Promo) (LATAM)
LATAM,0,1207826,VCBS - LATAM - Adult (Promo),317719,Tulsa King (Promo) (LATAM)
LATAM,0,1207826,VCBS - LATAM - Adult (Promo),349543,Tupuria Matador (Promo) (LATAM)
LATAM,0,1207826,VCBS - LATAM - Adult (Promo),331022,UFC (Promo) (LATAM)
LATAM,0,1207826,VCBS - LATAM - Adult (Promo),313247,UFO Festival (Promo) (LATAM)
LATAM,0,1207826,VCBS - LATAM - Adult (Promo),326158,Untold Stories of the ER (Promo) (LATAM)
LATAM,0,1207826,VCBS - LATAM - Adult (Promo),274607,UxE (Promo) (LATAM)
LATAM,0,1207826,VCBS - LATAM - Adult (Promo),334740,VMAs (Promo) (LATAM)
LATAM,0,1207826,VCBS - LATAM - Adult (Promo),340431,Vicious (Promo) (LATAM)
LATAM,0,1207826,VCBS - LATAM - Adult (Promo),311291,Vidcon (Promo) (LATAM)
LATAM,0,1207826,VCBS - LATAM - Adult (Promo),346053,Viernes 13 - (Promo) (LATAM)
LATAM,0,1207826,VCBS - LATAM - Adult (Promo),274889,Vive Kanal D Drama (Promo) (LATAM)
LATAM,0,1207826,VCBS - LATAM - Adult (Promo),275269,Waco: The Aftermath (Promo) (LATAM)
LATAM,0,1207826,VCBS - LATAM - Adult (Promo),351175,Wild Cherry (Promo) (LATAM)
LATAM,0,1207826,VCBS - LATAM - Adult (Promo),271079,Wipeout (Promo) (LATAM)
LATAM,0,1207826,VCBS - LATAM - Adult (Promo),350057,World Cup (Promo) (LATAM)
LATAM,0,1207826,VCBS - LATAM - Adult (Promo),326296,Yellowjackets (Promo) (LATAM)
LATAM,0,1207826,VCBS - LATAM - Adult (Promo),322764,Yellowstone (Promo) (LATAM)
LATAM,0,1207826,VCBS - LATAM - Adult (Promo),322134,Yellowstone (Promo) (MX)
LATAM,0,1207826,VCBS - LATAM - Adult (Promo),344684,Zuffa (Promo) (LATAM)
LATAM,1,1207827,VCBS - LATAM - Kids (Promo),342414,A PAW Patrol Christmas - Kids (Promo) (LATAM)
LATAM,1,1207827,VCBS - LATAM - Kids (Promo),310642,ARK: The Animated Series - Kids (Promo) (LATAM)
LATAM,1,1207827,VCBS - LATAM - Kids (Promo),309588,Abrilissimo - Kids (Promo) (LATAM)
LATAM,1,1207827,VCBS - LATAM - Kids (Promo),307307,Avatar - Kids (Promo) (LATAM)
LATAM,1,1207827,VCBS - LATAM - Kids (Promo),352741,Avatar Aang: The Last Airbender - Kids (Promo) (LATAM)
LATAM,1,1207827,VCBS - LATAM - Kids (Promo),269403,Babar - Kids (Promo) (LATAM)
LATAM,1,1207827,VCBS - LATAM - Kids (Promo),350979,Baby Shark - Kids (Promo) (LATAM)
LATAM,1,1207827,VCBS - LATAM - Kids (Promo),269404,Babyfirst - Kids (Promo) (LATAM)
LATAM,1,1207827,VCBS - LATAM - Kids (Promo),351624,Barbapapa - Kids (Promo) (LATAM)
LATAM,1,1207827,VCBS - LATAM - Kids (Promo),269405,Barney - Kids (Promo) (LATAM)
LATAM,1,1207827,VCBS - LATAM - Kids (Promo),339918,Blaze and the Monster Machines (Promo) (LATAM)
LATAM,1,1207827,VCBS - LATAM - Kids (Promo),268962,Bob Esponja - Kids (Promo) (LATAM)
LATAM,1,1207827,VCBS - LATAM - Kids (Promo),351749,Casagrandes - Kids (Promo) (LATAM)
LATAM,1,1207827,VCBS - LATAM - Kids (Promo),314215,Claro Sports - Kids (Promo) (LATAM)
LATAM,1,1207827,VCBS - LATAM - Kids (Promo),341944,Dora - Kids (Promo) (LATAM)
LATAM,1,1207827,VCBS - LATAM - Kids (Promo),269412,Dora La Exploradora - Kids (Promo) (LATAM)
LATAM,1,1207827,VCBS - LATAM - Kids (Promo),341882,Dora Y La Busqueda Del Sol Dorado - Kids (Promo) (LATAM)
LATAM,1,1207827,VCBS - LATAM - Kids (Promo),342777,Dora and Diego: Rainforest Rescues - Kids (Promo) (LATAM)
LATAM,1,1207827,VCBS - LATAM - Kids (Promo),344415,Dora: Magic Mermaid Adventures - Kids (Promo) (LATAM)
LATAM,1,1207827,VCBS - LATAM - Kids (Promo),308174,Dora: Say Hola to Adventure - Kids (Promo) (LATAM)
LATAM,1,1207827,VCBS - LATAM - Kids (Promo),269406,El Reino Infantil - Kids (Promo) (LATAM)
LATAM,1,1207827,VCBS - LATAM - Kids (Promo),326652,Henry Danger: The Movie - Kids (Promo) (LATAM)
LATAM,1,1207827,VCBS - LATAM - Kids (Promo),323126,Hey Arnold - Kids (Promo) (LATAM)
LATAM,1,1207827,VCBS - LATAM - Kids (Promo),322769,IF - Kids (Promo) (LATAM)
LATAM,1,1207827,VCBS - LATAM - Kids (Promo),351400,Kamp Koral - Kids (Promo) (LATAM)
LATAM,1,1207827,VCBS - LATAM - Kids (Promo),271095,Kenan y Kel - Kids (Promo) (LATAM)
LATAM,1,1207827,VCBS - LATAM - Kids (Promo),319190,Kid's Choice Awards Mexico - Kids (Promo) (LATAM)
LATAM,1,1207827,VCBS - LATAM - Kids (Promo),269409,Las Pistas De Blue - Kids (Promo) (LATAM)
LATAM,1,1207827,VCBS - LATAM - Kids (Promo),344627,Los Marsupilamis - Kids (Promo) (LATAM)
LATAM,1,1207827,VCBS - LATAM - Kids (Promo),274867,Masterchef Junior - Kids (Promo) (LATAM)
LATAM,1,1207827,VCBS - LATAM - Kids (Promo),318282,Mental Health - Kids (Promo) (LATAM)
LATAM,1,1207827,VCBS - LATAM - Kids (Promo),344656,Mr. Crocodile - Kids (Promo) (LATAM)
LATAM,1,1207827,VCBS - LATAM - Kids (Promo),274868,Nick - Kids (Promo) (LATAM)
LATAM,1,1207827,VCBS - LATAM - Kids (Promo),269410,Nick Clasico - Kids (Promo) (LATAM)
LATAM,1,1207827,VCBS - LATAM - Kids (Promo),269411,Nick Jr. Club - Kids (Promo) (LATAM)
LATAM,1,1207827,VCBS - LATAM - Kids (Promo),271096,Nick Teen - Kids (Promo) (LATAM)
LATAM,1,1207827,VCBS - LATAM - Kids (Promo),314851,Nickelodeon - Kids (Promo) (LATAM)
LATAM,1,1207827,VCBS - LATAM - Kids (Promo),319189,Nominados KCA Mexico - Kids (Promo) (LATAM)
LATAM,1,1207827,VCBS - LATAM - Kids (Promo),334497,PSA Promos - Kids (Promo) (LATAM)
LATAM,1,1207827,VCBS - LATAM - Kids (Promo),334381,Paramount+ Brand - Kids (Promo) (LATAM)
LATAM,1,1207827,VCBS - LATAM - Kids (Promo),274861,Paw Patrol - Kids (Promo) (LATAM)
LATAM,1,1207827,VCBS - LATAM - Kids (Promo),346992,Paw Patrol: The Dino Movie - Kids (Promo) (LATAM)
LATAM,1,1207827,VCBS - LATAM - Kids (Promo),268961,Pluto TV - Kids (Promo) (LATAM)
LATAM,1,1207827,VCBS - LATAM - Kids (Promo),318289,Pluto TV Deportes - Kids (Promo) (LATAM)
LATAM,1,1207827,VCBS - LATAM - Kids (Promo),269407,Pluto TV Junior - Kids (Promo) (LATAM)
LATAM,1,1207827,VCBS - LATAM - Kids (Promo),269408,Pluto TV Kids - Kids (Promo) (LATAM)
LATAM,1,1207827,VCBS - LATAM - Kids (Promo),340501,Pokemon - Kids (Promo) (LATAM)
LATAM,1,1207827,VCBS - LATAM - Kids (Promo),351759,Purple & Brown - Kids (Promo) (LATAM)
LATAM,1,1207827,VCBS - LATAM - Kids (Promo),274866,Rincon de Luz - Kids (Promo) (LATAM)
LATAM,1,1207827,VCBS - LATAM - Kids (Promo),274864,Rocket Power - Kids (Promo) (LATAM)
LATAM,1,1207827,VCBS - LATAM - Kids (Promo),347561,Rocky's Catastrophe - Kids (Promo) (LATAM)
LATAM,1,1207827,VCBS - LATAM - Kids (Promo),350986,Rubble & Crew - Kids (Promo) (LATAM)
LATAM,1,1207827,VCBS - LATAM - Kids (Promo),351818,Santiago of the Seas - Kids (Promo) (LATAM)
LATAM,1,1207827,VCBS - LATAM - Kids (Promo),318008,Sonic 3 - Kids (Promo) (LATAM)
LATAM,1,1207827,VCBS - LATAM - Kids (Promo),328641,Sonic the Hedgehog - Kids (Promo) (LATAM)
LATAM,1,1207827,VCBS - LATAM - Kids (Promo),324918,Sony One Competencias - Kids (Promo) (LATAM)
LATAM,1,1207827,VCBS - LATAM - Kids (Promo),313657,Spongebob - Kids (Promo) (LATAM)
LATAM,1,1207827,VCBS - LATAM - Kids (Promo),308203,TMNT: Mutant Mayhem - Kids (Promo) (LATAM)
LATAM,1,1207827,VCBS - LATAM - Kids (Promo),318290,TV Azteca Deportes - Kids (Promo) (LATAM)
LATAM,1,1207827,VCBS - LATAM - Kids (Promo),340480,Tales of Teenage Mutant Ninja Turtles - Kids (Promo) (LATAM)
LATAM,1,1207827,VCBS - LATAM - Kids (Promo),274865,Teenage Mutant Ninja Turtles - Kids (Promo) (LATAM)
LATAM,1,1207827,VCBS - LATAM - Kids (Promo),341605,The Amazing Spider-Man - Kids (Promo) (LATAM)
LATAM,1,1207827,VCBS - LATAM - Kids (Promo),335230,The Fairly OddParents: A New Wish - Kids (Promo) (LATAM)
LATAM,1,1207827,VCBS - LATAM - Kids (Promo),341932,The Loud House - Kids (Promo) (LATAM)
LATAM,1,1207827,VCBS - LATAM - Kids (Promo),348525,The Loud House: European Adventure - Kids (Promo) (LATAM)
LATAM,1,1207827,VCBS - LATAM - Kids (Promo),351476,The Really Loud House - Kids (Promo) (LATAM)
LATAM,1,1207827,VCBS - LATAM - Kids (Promo),333305,The Smurfs - Kids (Promo) (LATAM)
LATAM,1,1207827,VCBS - LATAM - Kids (Promo),308342,The Thundermans Return - Kids (Promo) (LATAM)
LATAM,1,1207827,VCBS - LATAM - Kids (Promo),327561,The Thundermans: Undercover - Kids (Promo) (LATAM)
LATAM,1,1207827,VCBS - LATAM - Kids (Promo),337112,Tim Rex in Space - Kids (Promo) (LATAM)
LATAM,1,1207827,VCBS - LATAM - Kids (Promo),331264,Transformers: Earthspark - Kids (Promo) (LATAM)
LATAM,1,1207827,VCBS - LATAM - Kids (Promo),331608,iCarly - Kids (Promo) (LATAM)
NO,0,1207838,VCBS - Norway - Adult (Promo),307530,48 Hours (Promo) (NO)
NO,0,1207838,VCBS - Norway - Adult (Promo),325890,All Star Shore (Promo) (NO)
NO,0,1207838,VCBS - Norway - Adult (Promo),270942,Are You the One (Promo) (NO)
NO,0,1207838,VCBS - Norway - Adult (Promo),271140,Avatar (Promo) (NO)
NO,0,1207838,VCBS - Norway - Adult (Promo),270943,BET (Promo) (NO)
NO,0,1207838,VCBS - Norway - Adult (Promo),271144,Barbie (Promo) (NO)
NO,0,1207838,VCBS - Norway - Adult (Promo),324612,Beverly Hills 90210 (Promo) (NO)
NO,0,1207838,VCBS - Norway - Adult (Promo),351237,Billie Eilish Hit Me Hard And Soft: The Tour (Promo) (NO)
NO,0,1207838,VCBS - Norway - Adult (Promo),325358,Borgs 24/7 (Promo) (NO)
NO,0,1207838,VCBS - Norway - Adult (Promo),269236,COPS (Promo) (NO)
NO,0,1207838,VCBS - Norway - Adult (Promo),271141,Caia MTV (Promo) (NO)
NO,0,1207838,VCBS - Norway - Adult (Promo),270243,Catfish (Promo) (NO)
NO,0,1207838,VCBS - Norway - Adult (Promo),325886,Caught in the Act: Unfaithful (Promo) (NO)
NO,0,1207838,VCBS - Norway - Adult (Promo),325618,Charmed (Promo) (NO)
NO,0,1207838,VCBS - Norway - Adult (Promo),325826,Cheers (Promo) (NO)
NO,0,1207838,VCBS - Norway - Adult (Promo),270242,Comedy Central (Promo) (NO)
NO,0,1207838,VCBS - Norway - Adult (Promo),269827,Crime (Promo) (NO)
NO,0,1207838,VCBS - Norway - Adult (Promo),325988,Dallas Cowboys Cheerleaders: Making The Team (Promo) (NO)
NO,0,1207838,VCBS - Norway - Adult (Promo),347689,Dating Naked (Promo) (NO)
NO,0,1207838,VCBS - Norway - Adult (Promo),270196,Dawsons Creek (Promo) (NO)
NO,0,1207838,VCBS - Norway - Adult (Promo),316489,Desi Play (Promo) (NO)
NO,0,1207838,VCBS - Norway - Adult (Promo),327423,Doctor Who (Promo) (NO)
NO,0,1207838,VCBS - Norway - Adult (Promo),343221,Dr. Quinn Medicine Woman (Promo) (NO)
NO,0,1207838,VCBS - Norway - Adult (Promo),269238,Ex on the Beach (Promo) (NO)
NO,0,1207838,VCBS - Norway - Adult (Promo),270219,Fangene på Fortet (Promo) (NO)
NO,0,1207838,VCBS - Norway - Adult (Promo),270241,Film (Promo) (NO)
NO,0,1207838,VCBS - Norway - Adult (Promo),270240,Forensic Files (Promo) (NO)
NO,0,1207838,VCBS - Norway - Adult (Promo),325877,Ice Road Truckers (Promo) (NO)
NO,0,1207838,VCBS - Norway - Adult (Promo),270030,Jackie Chan (Promo) (NO)
NO,0,1207838,VCBS - Norway - Adult (Promo),318402,Jersey Shore (Promo) (NO)
NO,0,1207838,VCBS - Norway - Adult (Promo),269239,Just Tattoo of Us (Promo) (NO)
NO,0,1207838,VCBS - Norway - Adult (Promo),269240,Love Island (Promo) (NO)
NO,0,1207838,VCBS - Norway - Adult (Promo),318389,Luksusfellen (Promo) (NO)
NO,0,1207838,VCBS - Norway - Adult (Promo),270031,MTV (Promo) (NO)
NO,0,1207838,VCBS - Norway - Adult (Promo),270227,MTV Unplugged (Promo) (NO)
NO,0,1207838,VCBS - Norway - Adult (Promo),326367,MacGyver (Promo) (NO)
NO,0,1207838,VCBS - Norway - Adult (Promo),343261,Man With A Plan (Promo) (NO)
NO,0,1207838,VCBS - Norway - Adult (Promo),270029,Melrose Place (Promo) (NO)
NO,0,1207838,VCBS - Norway - Adult (Promo),271142,Mission Impossible (Promo) (NO)
NO,0,1207838,VCBS - Norway - Adult (Promo),323664,Modus Super Series Darts (Promo) (NO)
NO,0,1207838,VCBS - Norway - Adult (Promo),307531,My Life of Crime (Promo) (NO)
NO,0,1207838,VCBS - Norway - Adult (Promo),270032,NCIS (Promo) (NO)
NO,0,1207838,VCBS - Norway - Adult (Promo),325836,Nathan 4 You (Promo) (NO)
NO,0,1207838,VCBS - Norway - Adult (Promo),327472,Numb3rs (Promo) (NO)
NO,0,1207838,VCBS - Norway - Adult (Promo),324621,Paradise Hotel (Promo) (NO)
NO,0,1207838,VCBS - Norway - Adult (Promo),270197,Party of Five (Promo) (NO)
NO,0,1207838,VCBS - Norway - Adult (Promo),351875,Passenger (Promo) (NO)
NO,0,1207838,VCBS - Norway - Adult (Promo),270194,Pimp my Ride (Promo) (NO)
NO,0,1207838,VCBS - Norway - Adult (Promo),269237,Pluto TV (Promo) (NO)
NO,0,1207838,VCBS - Norway - Adult (Promo),271139,Pluto TV Action (Promo) (NO)
NO,0,1207838,VCBS - Norway - Adult (Promo),345593,Primate (Promo) (NO)
NO,0,1207838,VCBS - Norway - Adult (Promo),270033,Reality (Promo) (NO)
NO,0,1207838,VCBS - Norway - Adult (Promo),342003,Regretting You (Promo) (NO)
NO,0,1207838,VCBS - Norway - Adult (Promo),270034,Ridiculousness (Promo) (NO)
NO,0,1207838,VCBS - Norway - Adult (Promo),270192,Rules of Engagement (Promo) (NO)
NO,0,1207838,VCBS - Norway - Adult (Promo),325819,Saturday Fight Fever (Promo) (NO)
NO,0,1207838,VCBS - Norway - Adult (Promo),352564,Scary Movie (Promo) (NO)
NO,0,1207838,VCBS - Norway - Adult (Promo),270226,Sci-Fi (Promo) (NO)
NO,0,1207838,VCBS - Norway - Adult (Promo),270225,Siesta Key (Promo) (NO)
NO,0,1207838,VCBS - Norway - Adult (Promo),270229,Smithsonian Channel Selects (Promo) (NO)
NO,0,1207838,VCBS - Norway - Adult (Promo),338687,Snooker 900 (Promo) (NO)
NO,0,1207838,VCBS - Norway - Adult (Promo),270224,South Park (Promo) (NO)
NO,0,1207838,VCBS - Norway - Adult (Promo),270198,Sport (Promo) (NO)
NO,0,1207838,VCBS - Norway - Adult (Promo),271143,Startrek (Promo) (NO)
NO,0,1207838,VCBS - Norway - Adult (Promo),318420,Svenska Fall (Promo) (NO)
NO,0,1207838,VCBS - Norway - Adult (Promo),270945,Teen Mom (Promo) (NO)
NO,0,1207838,VCBS - Norway - Adult (Promo),350301,Teen Wolf (Promo) (NO)
NO,0,1207838,VCBS - Norway - Adult (Promo),324734,The Daily Show (Promo) (NO)
NO,0,1207838,VCBS - Norway - Adult (Promo),272208,The Equalizer (Promo) (NO)
NO,0,1207838,VCBS - Norway - Adult (Promo),270223,The Hills (Promo) (NO)
NO,0,1207838,VCBS - Norway - Adult (Promo),337636,The Naked Gun (Promo) (NO)
NO,0,1207838,VCBS - Norway - Adult (Promo),343117,The Running Man (Promo) (NO)
NO,0,1207838,VCBS - Norway - Adult (Promo),270193,The Shores (Promo) (NO)
NO,0,1207838,VCBS - Norway - Adult (Promo),323720,Top Gear: Challenge (Promo) (NO)
NO,0,1207838,VCBS - Norway - Adult (Promo),324020,Top Gear: Road Trips (Promo) (NO)
NO,0,1207838,VCBS - Norway - Adult (Promo),323725,Victorious (Promo) (NO)
NO,0,1207838,VCBS - Norway - Adult (Promo),270195,Walker Texas Ranger (Promo) (NO)
NO,1,1209285,VCBS - Norway - Kids (Promo),351623,Barbapapa - Kids (Promo) (NO)
NO,1,1209285,VCBS - Norway - Kids (Promo),349010,Ben & Holly's Little Kingdom (Promo) (NO)
NO,1,1209285,VCBS - Norway - Kids (Promo),339968,Blaze And The Monster Machines - Kids (Promo) (NO)
NO,1,1209285,VCBS - Norway - Kids (Promo),271363,Blaze og Monstermaskinene! - Kids (Promo) (NO)
NO,1,1209285,VCBS - Norway - Kids (Promo),269241,Bulder Huset - Kids (Promo) (NO)
NO,1,1209285,VCBS - Norway - Kids (Promo),351748,Casagrandes - Kids (Promo) (NO)
NO,1,1209285,VCBS - Norway - Kids (Promo),271365,Danger i Swellview - Kids (Promo) (NO)
NO,1,1209285,VCBS - Norway - Kids (Promo),309160,Dora - Kids (Promo) (NO)
NO,1,1209285,VCBS - Norway - Kids (Promo),271362,Dora TV -Kids (Promo) (NO)
NO,1,1209285,VCBS - Norway - Kids (Promo),269243,Familien Thunderman - Kids (Promo) (NO)
NO,1,1209285,VCBS - Norway - Kids (Promo),351396,Kamp Koral - Kids (Promo) (NO)
NO,1,1209285,VCBS - Norway - Kids (Promo),344673,Marsupilamis - Kids (Promo) (NO)
NO,1,1209285,VCBS - Norway - Kids (Promo),344678,Mr. Crocodile - Kids (Promo) (NO)
NO,1,1209285,VCBS - Norway - Kids (Promo),338780,Nick Brand - Kids (Promo) (NO)
NO,1,1209285,VCBS - Norway - Kids (Promo),271368,Nick Ukraine - Kids (Promo) (NO)
NO,1,1209285,VCBS - Norway - Kids (Promo),269244,Paw Patrol - Kids (Promo) (NO)
NO,1,1209285,VCBS - Norway - Kids (Promo),271461,Paw Patrol Lookout Tower - Kids (Promo) (NO)
NO,1,1209285,VCBS - Norway - Kids (Promo),271364,Pluto TV Barn - Kids (Promo) (NO)
NO,1,1209285,VCBS - Norway - Kids (Promo),271361,Pluto TV For De Minste - Kids (Promo) (NO)
NO,1,1209285,VCBS - Norway - Kids (Promo),351761,Purple & Brown - Kids (Promo) (NO)
NO,1,1209285,VCBS - Norway - Kids (Promo),347502,Rocky’s Cat-astrophe  - Kids (Promo) (NO)
NO,1,1209285,VCBS - Norway - Kids (Promo),351616,Rubble & Crew - Kids (Promo) (NO)
NO,1,1209285,VCBS - Norway - Kids (Promo),313389,Spongebob - Kids (Promo) (NO)
NO,1,1209285,VCBS - Norway - Kids (Promo),269242,SvampeBob Firkant - Kids (Promo) (NO)
NO,1,1209285,VCBS - Norway - Kids (Promo),271462,TMNT Mutant Mayhem - Kids (Promo) (NO)
NO,1,1209285,VCBS - Norway - Kids (Promo),315845,Tales of the Teenage Mutant Ninja Turtles - Kids - (Promo) (NO)
NO,1,1209285,VCBS - Norway - Kids (Promo),347614,That Girl Lay Lay - Kids (Promo) (NO)
NO,1,1209285,VCBS - Norway - Kids (Promo),335250,The Fairly OddParents: A New Wish - Kids (Promo) (NO)
NO,1,1209285,VCBS - Norway - Kids (Promo),323708,The Loud House - Kids (Promo) (NO)
NO,1,1209285,VCBS - Norway - Kids (Promo),351474,The Really Loud House - Kids (Promo) (NO)
NO,1,1209285,VCBS - Norway - Kids (Promo),333504,The Smurfs - Kids (Promo) (NO)
NO,1,1209285,VCBS - Norway - Kids (Promo),337103,Tim Rex in Space - Kids (Promo) (NO)
NO,1,1209285,VCBS - Norway - Kids (Promo),271366,Totally Turtles - Kids (Promo) (NO)
NO,1,1209285,VCBS - Norway - Kids (Promo),271360,iCarly - Kids (Promo) (NO)
SE,0,1209286,VCBS - Sweden - Adult (Promo),328907,20 Dakika (Promo) (SE)
SE,0,1209286,VCBS - Sweden - Adult (Promo),345548,28 Years Later (Promo) (SE)
SE,0,1209286,VCBS - Sweden - Adult (Promo),328277,2900 Happiness (Promo) (SE)
SE,0,1209286,VCBS - Sweden - Adult (Promo),328891,3 Kurus (Promo) (SE)
SE,0,1209286,VCBS - Sweden - Adult (Promo),325687,4 Nations Face-Off (Promo) (SE)
SE,0,1209286,VCBS - Sweden - Adult (Promo),307564,48 Hours (Promo) (SE)
SE,0,1209286,VCBS - Sweden - Adult (Promo),331095,A Minecraft Movie (Promo) (SE)
SE,0,1209286,VCBS - Sweden - Adult (Promo),343397,Absolution (Promo) (SE)
SE,0,1209286,VCBS - Sweden - Adult (Promo),330828,Accused (Promo) (SE)
SE,0,1209286,VCBS - Sweden - Adult (Promo),333173,After Everything (Promo) (SE)
SE,0,1209286,VCBS - Sweden - Adult (Promo),330795,Alert: Missing Persons Unit (Promo) (SE)
SE,0,1209286,VCBS - Sweden - Adult (Promo),325891,All Star Shore (Promo) (SE)
SE,0,1209286,VCBS - Sweden - Adult (Promo),310618,Allt Och Eva (Promo) (SE)
SE,0,1209286,VCBS - Sweden - Adult (Promo),317461,Anyone But You (Promo) (SE)
SE,0,1209286,VCBS - Sweden - Adult (Promo),271654,Are You the One (Promo) (SE)
SE,0,1209286,VCBS - Sweden - Adult (Promo),271641,Avatar (Promo) (SE)
SE,0,1209286,VCBS - Sweden - Adult (Promo),347295,Avatar: Fire and Ash (Promo) (SE)
SE,0,1209286,VCBS - Sweden - Adult (Promo),271640,Awkward (Promo) (SE)
SE,0,1209286,VCBS - Sweden - Adult (Promo),271656,BET (Promo) (SE)
SE,0,1209286,VCBS - Sweden - Adult (Promo),341751,Babygirl (Promo) (SE)
SE,0,1209286,VCBS - Sweden - Adult (Promo),315601,Bad Boys: Ride or Die (Promo) (SE)
SE,0,1209286,VCBS - Sweden - Adult (Promo),271687,Barbie (Promo) (SE)
SE,0,1209286,VCBS - Sweden - Adult (Promo),317462,Barncancergalan (Promo) (SE)
SE,0,1209286,VCBS - Sweden - Adult (Promo),341734,Based on a True Story (Promo) (SE)
SE,0,1209286,VCBS - Sweden - Adult (Promo),326777,Battre Sex (Promo) (SE)
SE,0,1209286,VCBS - Sweden - Adult (Promo),328892,Bes Kardes (Promo) (SE)
SE,0,1209286,VCBS - Sweden - Adult (Promo),324614,Beverly Hills 90210 (Promo) (SE)
SE,0,1209286,VCBS - Sweden - Adult (Promo),351669,Billie Eilish Hit Me Hard And Soft: The Tour (Promo) (SE)
SE,0,1209286,VCBS - Sweden - Adult (Promo),325121,Borgs 24/7 (Promo) (SE)
SE,0,1209286,VCBS - Sweden - Adult (Promo),324188,Boy Kills World (Promo) (SE)
SE,0,1209286,VCBS - Sweden - Adult (Promo),331018,Bridget Jones Mad About The Boy (Promo) (SE)
SE,0,1209286,VCBS - Sweden - Adult (Promo),274712,Börje (Promo) (SE)
SE,0,1209286,VCBS - Sweden - Adult (Promo),269249,COPS (Promo) (SE)
SE,0,1209286,VCBS - Sweden - Adult (Promo),271686,Caia MTV (Promo) (SE)
SE,0,1209286,VCBS - Sweden - Adult (Promo),271655,Catfish (Promo) (SE)
SE,0,1209286,VCBS - Sweden - Adult (Promo),325882,Caught in the Act: Unfaithful (Promo) (SE)
SE,0,1209286,VCBS - Sweden - Adult (Promo),325616,Charmed (Promo) (SE)
SE,0,1209286,VCBS - Sweden - Adult (Promo),337176,Charterfeber (Promo) (SE)
SE,0,1209286,VCBS - Sweden - Adult (Promo),325828,Cheers (Promo) (SE)
SE,0,1209286,VCBS - Sweden - Adult (Promo),306937,Chicago Franchise (Fire) (Promo) (SE)
SE,0,1209286,VCBS - Sweden - Adult (Promo),338342,Chicago-serierna (Promo) (SE)
SE,0,1209286,VCBS - Sweden - Adult (Promo),271653,Comedy Central (Promo) (SE)
SE,0,1209286,VCBS - Sweden - Adult (Promo),271668,Crime from Viaplay (Promo) (SE)
SE,0,1209286,VCBS - Sweden - Adult (Promo),325990,Dallas Cowboys Cheerleaders: Making The Team (Promo) (SE)
SE,0,1209286,VCBS - Sweden - Adult (Promo),347690,Dating Naked (Promo) (SE)
SE,0,1209286,VCBS - Sweden - Adult (Promo),271495,Dawsons Creek (Promo) (SE)
SE,0,1209286,VCBS - Sweden - Adult (Promo),318293,Deadpool & Wolverine (Promo) (SE)
SE,0,1209286,VCBS - Sweden - Adult (Promo),338130,Den Ratte for Gunilla (Promo) (SE)
SE,0,1209286,VCBS - Sweden - Adult (Promo),312979,Den Sista Resan (Promo) (SE)
SE,0,1209286,VCBS - Sweden - Adult (Promo),316487,Desi Play (Promo) (SE)
SE,0,1209286,VCBS - Sweden - Adult (Promo),340428,Det ar nagot som inte stammer (Promo) (SE)
SE,0,1209286,VCBS - Sweden - Adult (Promo),352184,Disclosure Day (Promo) (SE)
SE,0,1209286,VCBS - Sweden - Adult (Promo),347299,Doc (Promo) (SE)
SE,0,1209286,VCBS - Sweden - Adult (Promo),327425,Doctor Who (Promo) (SE)
SE,0,1209286,VCBS - Sweden - Adult (Promo),339507,Downton Abbey: The Grand Finale (Promo) (SE)
SE,0,1209286,VCBS - Sweden - Adult (Promo),343215,"Dr. Quinn, Medicine Woman (Promo) (SE)"
SE,0,1209286,VCBS - Sweden - Adult (Promo),313689,Dumb Money (Promo) (SE)
SE,0,1209286,VCBS - Sweden - Adult (Promo),310223,Dune: Part Two (Promo) (SE)
SE,0,1209286,VCBS - Sweden - Adult (Promo),327407,Efterlyst (Promo) (SE)
SE,0,1209286,VCBS - Sweden - Adult (Promo),337180,Elevation (Promo) (SE)
SE,0,1209286,VCBS - Sweden - Adult (Promo),343398,End of Summer (Promo) (SE)
SE,0,1209286,VCBS - Sweden - Adult (Promo),269251,Ex on the Beach (Promo) (SE)
SE,0,1209286,VCBS - Sweden - Adult (Promo),350781,Exit  (Promo) (SE)
SE,0,1209286,VCBS - Sweden - Adult (Promo),345440,F1 (Promo) (SE)
SE,0,1209286,VCBS - Sweden - Adult (Promo),350871,FBI (Promo) (SE)
SE,0,1209286,VCBS - Sweden - Adult (Promo),325219,Fast X (Promo) (SE)
SE,0,1209286,VCBS - Sweden - Adult (Promo),315589,Force of Nature: The Dry 2 (Promo) (SE)
SE,0,1209286,VCBS - Sweden - Adult (Promo),271651,Forensic Files (Promo) (SE)
SE,0,1209286,VCBS - Sweden - Adult (Promo),351941,Fredagsfilmen (Promo) (SE)
SE,0,1209286,VCBS - Sweden - Adult (Promo),334378,Frusna Vagar (Promo) (SE)
SE,0,1209286,VCBS - Sweden - Adult (Promo),311958,Ghostbusters: Frozen Empire (Promo) (SE)
SE,0,1209286,VCBS - Sweden - Adult (Promo),349181,Ghosts (Promo) (SE)
SE,0,1209286,VCBS - Sweden - Adult (Promo),324808,Gladiator II (Promo) (SE)
SE,0,1209286,VCBS - Sweden - Adult (Promo),338920,Gruvan (Promo) (SE)
SE,0,1209286,VCBS - Sweden - Adult (Promo),309649,Hammarskjöld (Promo) (SE)
SE,0,1209286,VCBS - Sweden - Adult (Promo),342400,Handbolls-EM (Promo) (SE)
SE,0,1209286,VCBS - Sweden - Adult (Promo),349207,Hockey-VM Launch (promo) (SE)
SE,0,1209286,VCBS - Sweden - Adult (Promo),327474,Hogspanning (Promo) (SE)
SE,0,1209286,VCBS - Sweden - Adult (Promo),333898,How to Train a Dragon (Promo) (SE)
SE,0,1209286,VCBS - Sweden - Adult (Promo),310123,How to Use Pluto (Promo) (SE)
SE,0,1209286,VCBS - Sweden - Adult (Promo),307426,Hunger Games (Promo) (SE)
SE,0,1209286,VCBS - Sweden - Adult (Promo),348772,Husjakt i solen (Promo) SE
SE,0,1209286,VCBS - Sweden - Adult (Promo),325878,Ice Road Truckers (Promo) (SE)
SE,0,1209286,VCBS - Sweden - Adult (Promo),318974,It Ends With Us (Promo) (SE)
SE,0,1209286,VCBS - Sweden - Adult (Promo),271474,Jackie Chan (Promo) (SE)
SE,0,1209286,VCBS - Sweden - Adult (Promo),331041,James Bond 007 (Promo) (SE)
SE,0,1209286,VCBS - Sweden - Adult (Promo),318400,Jersey Shore (Promo) (SE)
SE,0,1209286,VCBS - Sweden - Adult (Promo),321578,John Wick: Chapter 4 (Promo) (SE)
SE,0,1209286,VCBS - Sweden - Adult (Promo),322762,Joker: Folie à Deux (Promo) (SE)
SE,0,1209286,VCBS - Sweden - Adult (Promo),275215,Julfimer (Promo) (SE)
SE,0,1209286,VCBS - Sweden - Adult (Promo),334934,Jurassic World Rebirth (Promo) (SE)
SE,0,1209286,VCBS - Sweden - Adult (Promo),271475,Just Tattoo of US (Promo) (SE)
SE,0,1209286,VCBS - Sweden - Adult (Promo),328906,Karadayi (Promo) (SE)
SE,0,1209286,VCBS - Sweden - Adult (Promo),344574,Karate Kid: Legends (Promo) (SE)
SE,0,1209286,VCBS - Sweden - Adult (Promo),271476,King of Queens (Promo) (SE)
SE,0,1209286,VCBS - Sweden - Adult (Promo),326038,Krimtorsdag (Promo) (SE)
SE,0,1209286,VCBS - Sweden - Adult (Promo),271477,Kult Filmer (Promo) (SE)
SE,0,1209286,VCBS - Sweden - Adult (Promo),271496,Love Island (Promo) (SE)
SE,0,1209286,VCBS - Sweden - Adult (Promo),271578,Lyxfällan (Promo) (SE)
SE,0,1209286,VCBS - Sweden - Adult (Promo),328822,Läckbergs (Promo) (SE)
SE,0,1209286,VCBS - Sweden - Adult (Promo),271489,MTV (Promo) (SE)
SE,0,1209286,VCBS - Sweden - Adult (Promo),271647,MTV Unplugged (Promo) (SE)
SE,0,1209286,VCBS - Sweden - Adult (Promo),326368,MacGyver (Promo) (SE)
SE,0,1209286,VCBS - Sweden - Adult (Promo),343274,Man With A Plan (Promo) (SE)
SE,0,1209286,VCBS - Sweden - Adult (Promo),271670,Married with Children (Promo) (SE)
SE,0,1209286,VCBS - Sweden - Adult (Promo),338922,Materialists (Promo) (SE)
SE,0,1209286,VCBS - Sweden - Adult (Promo),271484,Melrose Place (Promo) (SE)
SE,0,1209286,VCBS - Sweden - Adult (Promo),271488,Midsomer Murders (Promo) (SE)
SE,0,1209286,VCBS - Sweden - Adult (Promo),271663,Mission Impossible (Promo) (SE)
SE,0,1209286,VCBS - Sweden - Adult (Promo),271669,Mission Impossible Movie (Promo) (SE)
SE,0,1209286,VCBS - Sweden - Adult (Promo),334978,Mission: Impossible – The Final Reckoning (Promo) (SE)
SE,0,1209286,VCBS - Sweden - Adult (Promo),323667,Modus Super Series Darts (Promo) (SE)
SE,0,1209286,VCBS - Sweden - Adult (Promo),344294,Morden I Midsomer (Promo) (SE)
SE,0,1209286,VCBS - Sweden - Adult (Promo),307565,My Life of Crime (Promo) (SE)
SE,0,1209286,VCBS - Sweden - Adult (Promo),271580,NCIS (Promo) (SE)
SE,0,1209286,VCBS - Sweden - Adult (Promo),277137,Napoleon (Promo) (SE)
SE,0,1209286,VCBS - Sweden - Adult (Promo),325835,Nathan 4 You (Promo) (SE)
SE,0,1209286,VCBS - Sweden - Adult (Promo),346221,Now You See Me: Now You Don't (Promo) (SE)
SE,0,1209286,VCBS - Sweden - Adult (Promo),340333,One Battle After Another (Promo) (SE)
SE,0,1209286,VCBS - Sweden - Adult (Promo),274877,Oppenheimer (Promo) (SE)
SE,0,1209286,VCBS - Sweden - Adult (Promo),322752,Outlander (Promo) (SE)
SE,0,1209286,VCBS - Sweden - Adult (Promo),340046,Outlander: Blood of My Blood (Promo) (SE)
SE,0,1209286,VCBS - Sweden - Adult (Promo),349183,PGA Championship (Promo) (SE)
SE,0,1209286,VCBS - Sweden - Adult (Promo),345503,Pantbanken på turné (Promo) (SE)
SE,0,1209286,VCBS - Sweden - Adult (Promo),309919,Paradise (Promo) (SE)
SE,0,1209286,VCBS - Sweden - Adult (Promo),271582,Paradise Hotel (Promo) (SE)
SE,0,1209286,VCBS - Sweden - Adult (Promo),271583,Party of Five (Promo) (SE)
SE,0,1209286,VCBS - Sweden - Adult (Promo),351876,Passenger (Promo) (SE)
SE,0,1209286,VCBS - Sweden - Adult (Promo),306926,Peter Mangs (Promo) (SE)
SE,0,1209286,VCBS - Sweden - Adult (Promo),271645,Pimp my Ride (Promo) (SE)
SE,0,1209286,VCBS - Sweden - Adult (Promo),269250,Pluto TV (Promo) (SE)
SE,0,1209286,VCBS - Sweden - Adult (Promo),327476,Pluto TV AIK (Promo) (SE)
SE,0,1209286,VCBS - Sweden - Adult (Promo),271666,Pluto TV Action (Promo) (SE)
SE,0,1209286,VCBS - Sweden - Adult (Promo),271473,Pluto TV Crime (Promo) (SE)
SE,0,1209286,VCBS - Sweden - Adult (Promo),271652,Pluto TV Film (Promo) (SE)
SE,0,1209286,VCBS - Sweden - Adult (Promo),328904,Pluto TV Merhaba (Promo) (SE)
SE,0,1209286,VCBS - Sweden - Adult (Promo),271548,Pluto TV Reality (Promo) (SE)
SE,0,1209286,VCBS - Sweden - Adult (Promo),271646,Pluto TV Sci-Fi (Promo) (SE)
SE,0,1209286,VCBS - Sweden - Adult (Promo),345595,Primate (Promo) (SE)
SE,0,1209286,VCBS - Sweden - Adult (Promo),341730,Rebecca & Emelie Take USA (Promo) (SE)
SE,0,1209286,VCBS - Sweden - Adult (Promo),347306,Regnmannen (Promo) (SE)
SE,0,1209286,VCBS - Sweden - Adult (Promo),342401,Regretting You (Promo) (SE)
SE,0,1209286,VCBS - Sweden - Adult (Promo),271585,Rules of Engagement (Promo) (SE)
SE,0,1209286,VCBS - Sweden - Adult (Promo),312918,S.W.A.T. (Promo) (SE)
SE,0,1209286,VCBS - Sweden - Adult (Promo),349277,Sandokan Stream (Promo) (SE)
SE,0,1209286,VCBS - Sweden - Adult (Promo),325822,Saturday Fight Fever (Promo) (SE)
SE,0,1209286,VCBS - Sweden - Adult (Promo),352667,Scary Movie (Promo) (SE)
SE,0,1209286,VCBS - Sweden - Adult (Promo),349262,Secrets (Promo) (SE)
SE,0,1209286,VCBS - Sweden - Adult (Promo),342368,Sentimental Value (Promo) (SE)
SE,0,1209286,VCBS - Sweden - Adult (Promo),271644,Siesta Key (Promo) (SE)
SE,0,1209286,VCBS - Sweden - Adult (Promo),277387,SkyShowtime (Promo) (SE)
SE,0,1209286,VCBS - Sweden - Adult (Promo),310954,SkyShowtime Range Female (Promo) (SE)
SE,0,1209286,VCBS - Sweden - Adult (Promo),310984,SkyShowtime Range Male (Promo) (SE)
SE,0,1209286,VCBS - Sweden - Adult (Promo),271642,Smithsonian Channel Selects (Promo) (SE)
SE,0,1209286,VCBS - Sweden - Adult (Promo),336077,Smurfs (Promo) (SE)
SE,0,1209286,VCBS - Sweden - Adult (Promo),338693,Snooker 900 (Promo) (SE)
SE,0,1209286,VCBS - Sweden - Adult (Promo),321802,Sommartider (Promo) (SE)
SE,0,1209286,VCBS - Sweden - Adult (Promo),271586,South Park (Promo) (SE)
SE,0,1209286,VCBS - Sweden - Adult (Promo),271587,Sport (Promo) (SE)
SE,0,1209286,VCBS - Sweden - Adult (Promo),327612,St Gorans Sjukhus (Promo) (SE)
SE,0,1209286,VCBS - Sweden - Adult (Promo),271671,Startrek (Promo) (SE)
SE,0,1209286,VCBS - Sweden - Adult (Promo),312917,Strandhotellet (Promo) (SE)
SE,0,1209286,VCBS - Sweden - Adult (Promo),344384,Svenska Bönder (Promo) (SE)
SE,0,1209286,VCBS - Sweden - Adult (Promo),318419,Svenska Fall (Promo) (SE)
SE,0,1209286,VCBS - Sweden - Adult (Promo),271490,Svenska Hollywood Fruar (Promo) (SE)
SE,0,1209286,VCBS - Sweden - Adult (Promo),271494,Svenska Truckers (Promo) (SE)
SE,0,1209286,VCBS - Sweden - Adult (Promo),271588,Teen Mom (Promo) (SE)
SE,0,1209286,VCBS - Sweden - Adult (Promo),327400,Teen Mom UK (Promo) (SE)
SE,0,1209286,VCBS - Sweden - Adult (Promo),350302,Teen Wolf (Promo) (SE)
SE,0,1209286,VCBS - Sweden - Adult (Promo),324735,The Apprentice (Promo) (SE)
SE,0,1209286,VCBS - Sweden - Adult (Promo),350778,The Beach Hotel (Promo) (SE)
SE,0,1209286,VCBS - Sweden - Adult (Promo),324747,The Daily Show (Promo) (SE)
SE,0,1209286,VCBS - Sweden - Adult (Promo),350768,The Devil Wears Prada 2 (Promo) (SE)
SE,0,1209286,VCBS - Sweden - Adult (Promo),272207,The Equalizer (Promo) (SE)
SE,0,1209286,VCBS - Sweden - Adult (Promo),316299,The Fall Guy (Promo) (SE)
SE,0,1209286,VCBS - Sweden - Adult (Promo),309678,The Good Doctor (Promo) (SE)
SE,0,1209286,VCBS - Sweden - Adult (Promo),271643,The Hills (Promo) (SE)
SE,0,1209286,VCBS - Sweden - Adult (Promo),348773,The Housemaid (Promo) (SE)
SE,0,1209286,VCBS - Sweden - Adult (Promo),273127,The Irrational (Promo) (SE)
SE,0,1209286,VCBS - Sweden - Adult (Promo),352223,The Miniature Wife (Promo) (SE)
SE,0,1209286,VCBS - Sweden - Adult (Promo),337641,The Naked Gun (Promo) (SE)
SE,0,1209286,VCBS - Sweden - Adult (Promo),343115,The Running Man (Promo) (SE)
SE,0,1209286,VCBS - Sweden - Adult (Promo),271491,The Shores (Promo) (SE)
SE,0,1209286,VCBS - Sweden - Adult (Promo),330791,The Substance (Promo) (SE)
SE,0,1209286,VCBS - Sweden - Adult (Promo),334015,The Tomorrow War (Promo) (SE)
SE,0,1209286,VCBS - Sweden - Adult (Promo),338135,Those Who Kill (Promo) (SE)
SE,0,1209286,VCBS - Sweden - Adult (Promo),313693,Ticket to Paradise (Promo) (SE)
SE,0,1209286,VCBS - Sweden - Adult (Promo),324223,To Catch A Killer (Promo) (SE)
SE,0,1209286,VCBS - Sweden - Adult (Promo),324038,Top Gear: Challenge (Promo) (SE)
SE,0,1209286,VCBS - Sweden - Adult (Promo),324036,Top Gear: Road Trips (Promo) (SE)
SE,0,1209286,VCBS - Sweden - Adult (Promo),340084,Tron: Ares (Promo) (SE)
SE,0,1209286,VCBS - Sweden - Adult (Promo),333156,UEFA Fotbolls EM (Promo) (SE)
SE,0,1209286,VCBS - Sweden - Adult (Promo),271492,Undercover Boss (Promo) (SE)
SE,0,1209286,VCBS - Sweden - Adult (Promo),333172,Venom (Promo) (SE)
SE,0,1209286,VCBS - Sweden - Adult (Promo),323097,Viaplay (Promo) (SE)
SE,0,1209286,VCBS - Sweden - Adult (Promo),333238,Viaplay Sport (Promo) (SE)
SE,0,1209286,VCBS - Sweden - Adult (Promo),323731,Victorious (Promo) (SE)
SE,0,1209286,VCBS - Sweden - Adult (Promo),271493,Walker Texas Ranger (Promo) (SE)
SE,0,1209286,VCBS - Sweden - Adult (Promo),328718,Wicked (Promo) (SE)
SE,0,1209286,VCBS - Sweden - Adult (Promo),306942,Wonka (Promo) (SE)
SE,0,1209286,VCBS - Sweden - Adult (Promo),271667,Young Adults (Promo) (SE)
SE,0,1209286,VCBS - Sweden - Adult (Promo),343608,Zootropolis 2 (Promo) (SE)
SE,1,1209287,VCBS - Sweden - Kids (Promo),344668,Avatar - Kids (Promo) (SE)
SE,1,1209287,VCBS - Sweden - Kids (Promo),351621,Barbapapa - Kids (Promo) (SE)
SE,1,1209287,VCBS - Sweden - Kids (Promo),349427,Ben & Holly's Little Kingdom - Kids (Promo) (SE)
SE,1,1209287,VCBS - Sweden - Kids (Promo),271802,Blaze och monstermaskinerna - Kids (Promo) (SE)
SE,1,1209287,VCBS - Sweden - Kids (Promo),351746,Casagrandes - Kids (Promo) (SE)
SE,1,1209287,VCBS - Sweden - Kids (Promo),271803,Danger i Swellview - Kids (Promo) (SE)
SE,1,1209287,VCBS - Sweden - Kids (Promo),309149,Dora - Kids (Promo) (SE)
SE,1,1209287,VCBS - Sweden - Kids (Promo),271801,Dora TV - Kids (Promo) (SE)
SE,1,1209287,VCBS - Sweden - Kids (Promo),269246,Familien Thunderman - Kids (Promo) (SE)
SE,1,1209287,VCBS - Sweden - Kids (Promo),351393,Kamp Koral - Kids (Promo) (SE)
SE,1,1209287,VCBS - Sweden - Kids (Promo),333809,Lilo & Stitch - Kids (Promo) (SE)
SE,1,1209287,VCBS - Sweden - Kids (Promo),271805,Lugni Stormen - Kids (Promo) (SE)
SE,1,1209287,VCBS - Sweden - Kids (Promo),344679,Marsupilamis - Kids (Promo) (SE)
SE,1,1209287,VCBS - Sweden - Kids (Promo),344680,Mr. Crocodile - Kids (Promo) (SE)
SE,1,1209287,VCBS - Sweden - Kids (Promo),338769,Nick - Kids (Promo) (SE)
SE,1,1209287,VCBS - Sweden - Kids (Promo),271806,Nick Ukraine - Kids (Promo) (SE)
SE,1,1209287,VCBS - Sweden - Kids (Promo),269247,Paw Patrol - Kids (Promo) (SE)
SE,1,1209287,VCBS - Sweden - Kids (Promo),271815,Paw Patrol Lookout Tower - Kids (Promo) (SE)
SE,1,1209287,VCBS - Sweden - Kids (Promo),271804,Pluto TV Barn - Kids (Promo) (SE)
SE,1,1209287,VCBS - Sweden - Kids (Promo),271800,Pluto TV För de yngsta - Kids (Promo) (SE)
SE,1,1209287,VCBS - Sweden - Kids (Promo),351763,Purple & Brown - Kids (Promo) (SE)
SE,1,1209287,VCBS - Sweden - Kids (Promo),347495,Rocky's Catastrophe - Kids (Promo) (SE)
SE,1,1209287,VCBS - Sweden - Kids (Promo),351613,Rubble & Crew - Kids (Promo) (SE)
SE,1,1209287,VCBS - Sweden - Kids (Promo),275767,Spider-man - Kids (Promo) (SE)
SE,1,1209287,VCBS - Sweden - Kids (Promo),313388,Spongebob - Kids (Promo) (SE)
SE,1,1209287,VCBS - Sweden - Kids (Promo),324186,Super Mario - Kids (Promo) (SE)
SE,1,1209287,VCBS - Sweden - Kids (Promo),269245,SvampBob Fyrkant - Kids (Promo) (SE)
SE,1,1209287,VCBS - Sweden - Kids (Promo),271814,TMNT Mutant Mayhem - Kids (Promo) (SE)
SE,1,1209287,VCBS - Sweden - Kids (Promo),315846,Tales of the Teenage Mutant Ninja Turtles - Kids - (Promo) (SE)
SE,1,1209287,VCBS - Sweden - Kids (Promo),347617,That Girl Lay Lay - Kids (Promo) (SE)
SE,1,1209287,VCBS - Sweden - Kids (Promo),335249,The Fairly OddParents: A New Wish - Kids (Promo) (SE)
SE,1,1209287,VCBS - Sweden - Kids (Promo),323709,The Loud House - Kids (Promo) (SE)
SE,1,1209287,VCBS - Sweden - Kids (Promo),351467,The Really Loud House - Kids (Promo) (SE)
SE,1,1209287,VCBS - Sweden - Kids (Promo),333505,The Smurfs - Kids (Promo) (SE)
SE,1,1209287,VCBS - Sweden - Kids (Promo),335626,The Thundermans: Undercover - Kids (Promo) (SE)
SE,1,1209287,VCBS - Sweden - Kids (Promo),337105,Tim Rex in Space - Kids (Promo) (SE)
SE,1,1209287,VCBS - Sweden - Kids (Promo),271807,Totally Turtles - Kids (Promo) (SE)
SE,1,1209287,VCBS - Sweden - Kids (Promo),269248,iCarly - Kids (Promo) (SE)
UK,0,1207836,VCBS - United Kingdom - Adult (Promo),269227,16 and Pregnant (Promo) (UK)
UK,0,1207836,VCBS - United Kingdom - Adult (Promo),325096,1923 (Promo) (UK)
UK,0,1207836,VCBS - United Kingdom - Adult (Promo),325348,22 Kids & Counting (Promo) (UK)
UK,0,1207836,VCBS - United Kingdom - Adult (Promo),333848,22 Kids and Counting: Noel's Long Lost Mum (Promo) (UK)
UK,0,1207836,VCBS - United Kingdom - Adult (Promo),351453,3Ice Hockey World Cup 2026 (Promo) (UK)
UK,0,1207836,VCBS - United Kingdom - Adult (Promo),308069,48 Hours (Promo) (UK)
UK,0,1207836,VCBS - United Kingdom - Adult (Promo),307427,5 Cops (Promo) (UK)
UK,0,1207836,VCBS - United Kingdom - Adult (Promo),271679,5 Cops+ (Promo) (UK)
UK,0,1207836,VCBS - United Kingdom - Adult (Promo),339358,5 Days That Brought Down Prince Andrew (Promo) (UK)
UK,0,1207836,VCBS - United Kingdom - Adult (Promo),269218,5 Emergency Rescue (Promo) (UK)
UK,0,1207836,VCBS - United Kingdom - Adult (Promo),308254,5 Trucking Hell (Promo) (UK)
UK,0,1207836,VCBS - United Kingdom - Adult (Promo),337797,8 Out of 10 Cats (Promo) (UK)
UK,0,1207836,VCBS - United Kingdom - Adult (Promo),314076,90s Megamix (Promo) (UK)
UK,0,1207836,VCBS - United Kingdom - Adult (Promo),349430,999: Critical Condition (Promo) (UK)
UK,0,1207836,VCBS - United Kingdom - Adult (Promo),309455,A Gentleman In Moscow (Promo) (UK)
UK,0,1207836,VCBS - United Kingdom - Adult (Promo),351407,A Haunted House (Promo) (UK)
UK,0,1207836,VCBS - United Kingdom - Adult (Promo),310047,A Haunting (Promo) (UK)
UK,0,1207836,VCBS - United Kingdom - Adult (Promo),311481,A Killer Makes A Call (Promo) (UK)
UK,0,1207836,VCBS - United Kingdom - Adult (Promo),341376,A Loud House Christmas Movie: Naughty or Nice (Promo) (UK)
UK,0,1207836,VCBS - United Kingdom - Adult (Promo),341678,A PAW Patrol Christmas (Promo) (UK)
UK,0,1207836,VCBS - United Kingdom - Adult (Promo),341530,A Very Posh M&S Christmas (Promo) (UK)
UK,0,1207836,VCBS - United Kingdom - Adult (Promo),332504,AWSN (Promo) (UK)
UK,0,1207836,VCBS - United Kingdom - Adult (Promo),329821,Absentia (Promo) (UK)
UK,0,1207836,VCBS - United Kingdom - Adult (Promo),277165,Accused (Promo) (UK)
UK,0,1207836,VCBS - United Kingdom - Adult (Promo),347904,Accused: Guilty or Innocent? (Promo) (UK)
UK,0,1207836,VCBS - United Kingdom - Adult (Promo),351245,Aces of Tennis: The ATP No 1 Club (Promo) (UK)
UK,0,1207836,VCBS - United Kingdom - Adult (Promo),344727,Adventure Half Term (Promo) (UK)
UK,0,1207836,VCBS - United Kingdom - Adult (Promo),271674,Adventure SurvivorMan (Promo) (UK)
UK,0,1207836,VCBS - United Kingdom - Adult (Promo),269226,Aftershock (Promo) (UK)
UK,0,1207836,VCBS - United Kingdom - Adult (Promo),351295,Alexander Armstrong Across America (Promo) (UK)
UK,0,1207836,VCBS - United Kingdom - Adult (Promo),345546,Alexander Armstrong In India (Promo) (UK)
UK,0,1207836,VCBS - United Kingdom - Adult (Promo),344864,Alice Roberts: Our Hospital Through Time (Promo) (UK)
UK,0,1207836,VCBS - United Kingdom - Adult (Promo),316720,All Creatures Great and Small (Promo) (UK)
UK,0,1207836,VCBS - United Kingdom - Adult (Promo),351110,Ambulance: Code Red (Promo) (UK)
UK,0,1207836,VCBS - United Kingdom - Adult (Promo),334876,America's Next Top Model (Promo) (UK)
UK,0,1207836,VCBS - United Kingdom - Adult (Promo),350399,Among Us (Promo) (UK)
UK,0,1207836,VCBS - United Kingdom - Adult (Promo),342237,An Invitation to Murder: A Death in Cairo (Promo) (UK)
UK,0,1207836,VCBS - United Kingdom - Adult (Promo),334877,Andrew & Fergie: The Duke & Duchess of Excess (Promo) (UK)
UK,0,1207836,VCBS - United Kingdom - Adult (Promo),334368,Aneeshwar's Outdoor Adventures (Promo) (UK)
UK,0,1207836,VCBS - United Kingdom - Adult (Promo),349096,Angela Rippon's River Cruise (Promo) (UK)
UK,0,1207836,VCBS - United Kingdom - Adult (Promo),342295,Animal Care Club (Promo) (UK)
UK,0,1207836,VCBS - United Kingdom - Adult (Promo),271680,Animals+ (Promo) (UK)
UK,0,1207836,VCBS - United Kingdom - Adult (Promo),269233,Auction Hunters (Promo) (UK)
UK,0,1207836,VCBS - United Kingdom - Adult (Promo),317883,Aussie Shore (Promo) (UK)
UK,0,1207836,VCBS - United Kingdom - Adult (Promo),351456,Austin Powers (Promo) (UK)
UK,0,1207836,VCBS - United Kingdom - Adult (Promo),272211,Autumn Range Post (Promo) (UK)
UK,0,1207836,VCBS - United Kingdom - Adult (Promo),306862,Avatar (Promo) (UK)
UK,0,1207836,VCBS - United Kingdom - Adult (Promo),352510,Avatar Aang: The Last Airbender (Promo) (UK)
UK,0,1207836,VCBS - United Kingdom - Adult (Promo),325870,Average Joe (Promo) (UK)
UK,0,1207836,VCBS - United Kingdom - Adult (Promo),348963,BET Brand (Promo) (UK)
UK,0,1207836,VCBS - United Kingdom - Adult (Promo),339513,Banged Up Abroad (Promo) (UK)
UK,0,1207836,VCBS - United Kingdom - Adult (Promo),269220,Baywatch (Promo) (UK)
UK,0,1207836,VCBS - United Kingdom - Adult (Promo),325229,Beacon 23 (Promo) (UK)
UK,0,1207836,VCBS - United Kingdom - Adult (Promo),350056,Beauty and the Beast (Promo) (UK)
UK,0,1207836,VCBS - United Kingdom - Adult (Promo),325224,Ben Fogel: New Lives in the Wild (Promo) (UK)
UK,0,1207836,VCBS - United Kingdom - Adult (Promo),346970,Ben Fogle in China (Promo) (UK)
UK,0,1207836,VCBS - United Kingdom - Adult (Promo),352186,Benidorm is Murder (Promo) (UK)
UK,0,1207836,VCBS - United Kingdom - Adult (Promo),313717,Beverly Hills 90210 (Promo) (UK)
UK,0,1207836,VCBS - United Kingdom - Adult (Promo),277670,Beverly Hills Pawn (Promo) (UK)
UK,0,1207836,VCBS - United Kingdom - Adult (Promo),351679,Billie Eilish - Hit Me Hard And Soft: The Tour (Promo) (UK)
UK,0,1207836,VCBS - United Kingdom - Adult (Promo),313708,Billy On The Street (Promo) (UK)
UK,0,1207836,VCBS - United Kingdom - Adult (Promo),347219,Birding with Sam & Ade (Promo) (UK)
UK,0,1207836,VCBS - United Kingdom - Adult (Promo),269232,Bitten (Promo) (UK)
UK,0,1207836,VCBS - United Kingdom - Adult (Promo),325302,Blindspot (Promo) (UK)
UK,0,1207836,VCBS - United Kingdom - Adult (Promo),325296,Blue Bloods (Promo) (UK)
UK,0,1207836,VCBS - United Kingdom - Adult (Promo),277965,Bob Marley One Love (Promo) (UK)
UK,0,1207836,VCBS - United Kingdom - Adult (Promo),314428,Bondi Rescue (Promo) (UK)
UK,0,1207836,VCBS - United Kingdom - Adult (Promo),352107,Boris Johnson: Into Ukraine's Kill Zone (Promo) (UK)
UK,0,1207836,VCBS - United Kingdom - Adult (Promo),335985,Brand Meghan: Is She Worth It? (Promo) (UK)
UK,0,1207836,VCBS - United Kingdom - Adult (Promo),348573,Bull (Promo) (UK)
UK,0,1207836,VCBS - United Kingdom - Adult (Promo),337449,Buried Secrets: The Body in the Carpet (Promo) (UK)
UK,0,1207836,VCBS - United Kingdom - Adult (Promo),272743,CBS News (Promo) (UK)
UK,0,1207836,VCBS - United Kingdom - Adult (Promo),318482,CNN (Promo) (UK)
UK,0,1207836,VCBS - United Kingdom - Adult (Promo),336723,COPS (Promo) (UK)
UK,0,1207836,VCBS - United Kingdom - Adult (Promo),271483,CSI (Promo) (UK)
UK,0,1207836,VCBS - United Kingdom - Adult (Promo),275223,CSI: Miami (Promo) (UK)
UK,0,1207836,VCBS - United Kingdom - Adult (Promo),275224,CSI: New York (Promo) (UK)
UK,0,1207836,VCBS - United Kingdom - Adult (Promo),344617,Canada Shore (Promo) (UK)
UK,0,1207836,VCBS - United Kingdom - Adult (Promo),309904,Car Chase (Promo) (UK)
UK,0,1207836,VCBS - United Kingdom - Adult (Promo),347686,Castle (Promo) (UK)
UK,0,1207836,VCBS - United Kingdom - Adult (Promo),344736,Catching Up with the Royals (Promo) (UK)
UK,0,1207836,VCBS - United Kingdom - Adult (Promo),346219,Catfish (Promo) (UK)
UK,0,1207836,VCBS - United Kingdom - Adult (Promo),345521,Caught in the Act: Double Life (Promo) (UK)
UK,0,1207836,VCBS - United Kingdom - Adult (Promo),331097,Cause Of Death (Promo) (UK)
UK,0,1207836,VCBS - United Kingdom - Adult (Promo),308147,Celeb Ex On The Beach (Promo) (UK)
UK,0,1207836,VCBS - United Kingdom - Adult (Promo),329131,Celebrate the 70s (Promo) (UK)
UK,0,1207836,VCBS - United Kingdom - Adult (Promo),332896,Celebrity Puzzling (Promo) (UK)
UK,0,1207836,VCBS - United Kingdom - Adult (Promo),340359,Charles: The Comeback King (Promo) (UK)
UK,0,1207836,VCBS - United Kingdom - Adult (Promo),339893,Christmas Movies (Promo) (UK)
UK,0,1207836,VCBS - United Kingdom - Adult (Promo),342229,Christmas at Leeds Castle: A Winter Wonderland (Promo) (UK)
UK,0,1207836,VCBS - United Kingdom - Adult (Promo),343474,Claudia Winkleman: Behind the Fringe (Promo) (UK)
UK,0,1207836,VCBS - United Kingdom - Adult (Promo),336980,Coastguard SOS: Search & Rescue (Promo) (UK)
UK,0,1207836,VCBS - United Kingdom - Adult (Promo),348957,Cold Call (Promo) (UK)
UK,0,1207836,VCBS - United Kingdom - Adult (Promo),308535,Coma (Promo) (UK)
UK,0,1207836,VCBS - United Kingdom - Adult (Promo),313687,Comedy Central (Promo) (UK)
UK,0,1207836,VCBS - United Kingdom - Adult (Promo),352458,Commonwealth Games (Promo) (UK)
UK,0,1207836,VCBS - United Kingdom - Adult (Promo),332511,Confessions of a Parent Killer (Promo) (UK)
UK,0,1207836,VCBS - United Kingdom - Adult (Promo),271683,Conspiracy+ (Promo) (UK)
UK,0,1207836,VCBS - United Kingdom - Adult (Promo),327684,Cooking with the Gills (Promo) (UK)
UK,0,1207836,VCBS - United Kingdom - Adult (Promo),339912,Cooper & Fry (Promo) (UK)
UK,0,1207836,VCBS - United Kingdom - Adult (Promo),349965,Cornwall: A Year by the Sea (Promo) (UK)
UK,0,1207836,VCBS - United Kingdom - Adult (Promo),344602,Crime of Passion? The Trial of Jane Andrews (Promo) (UK)
UK,0,1207836,VCBS - United Kingdom - Adult (Promo),329368,Criminal Minds (Promo) (UK)
UK,0,1207836,VCBS - United Kingdom - Adult (Promo),352282,Cross (Promo) (UK)
UK,0,1207836,VCBS - United Kingdom - Adult (Promo),317884,Curfew (Promo) (UK)
UK,0,1207836,VCBS - United Kingdom - Adult (Promo),344698,Curzon Cinema (Promo) (UK)
UK,0,1207836,VCBS - United Kingdom - Adult (Promo),322243,Dalgliesh (Promo) (UK)
UK,0,1207836,VCBS - United Kingdom - Adult (Promo),330210,Dallas Cowboys Cheerleaders (Promo) (UK)
UK,0,1207836,VCBS - United Kingdom - Adult (Promo),340283,Dan Brown's The Lost Symbol (Promo) (UK)
UK,0,1207836,VCBS - United Kingdom - Adult (Promo),341813,Darcus Beese In His Own Words (Promo) (UK)
UK,0,1207836,VCBS - United Kingdom - Adult (Promo),322514,Dating Black (Promo) (UK)
UK,0,1207836,VCBS - United Kingdom - Adult (Promo),315485,Dating Naked UK (Promo) (UK)
UK,0,1207836,VCBS - United Kingdom - Adult (Promo),339904,Dating Naked US (Promo) (UK)
UK,0,1207836,VCBS - United Kingdom - Adult (Promo),342667,Dave Allen: In His Own Words (Promo) (UK)
UK,0,1207836,VCBS - United Kingdom - Adult (Promo),330309,Dead Man Walking: Dan Walker on Death Row (Promo) (UK)
UK,0,1207836,VCBS - United Kingdom - Adult (Promo),322738,Dear Santa (Promo) (UK)
UK,0,1207836,VCBS - United Kingdom - Adult (Promo),330589,Desperate Measures (Promo) (UK)
UK,0,1207836,VCBS - United Kingdom - Adult (Promo),324622,Dexter (Promo) (UK)
UK,0,1207836,VCBS - United Kingdom - Adult (Promo),333437,Dexter Universe (Promo) (UK)
UK,0,1207836,VCBS - United Kingdom - Adult (Promo),326472,Dexter: New Blood (Promo) (UK)
UK,0,1207836,VCBS - United Kingdom - Adult (Promo),323663,Dexter: Original Sin (Promo) (UK)
UK,0,1207836,VCBS - United Kingdom - Adult (Promo),331024,Dexter: Resurrection (Promo) (UK)
UK,0,1207836,VCBS - United Kingdom - Adult (Promo),342681,Diana: The Princess and the Bodyguard (Promo) (UK)
UK,0,1207836,VCBS - United Kingdom - Adult (Promo),338458,Dietland (Promo) (UK)
UK,0,1207836,VCBS - United Kingdom - Adult (Promo),269221,Dog the Bounty Hunter (Promo) (UK)
UK,0,1207836,VCBS - United Kingdom - Adult (Promo),325225,Dogs Behaving (Very) Badly (Promo) (UK)
UK,0,1207836,VCBS - United Kingdom - Adult (Promo),331096,Dora (Promo) (UK)
UK,0,1207836,VCBS - United Kingdom - Adult (Promo),332449,Dora and the Search for Sol Dorado (Promo) (UK)
UK,0,1207836,VCBS - United Kingdom - Adult (Promo),271682,Drama+ (Promo) (UK)
UK,0,1207836,VCBS - United Kingdom - Adult (Promo),351408,Drive (Promo) (UK)
UK,0,1207836,VCBS - United Kingdom - Adult (Promo),312515,Duck Dynasty (Promo) (UK)
UK,0,1207836,VCBS - United Kingdom - Adult (Promo),346772,Dutton Ranch (Promo) (UK)
UK,0,1207836,VCBS - United Kingdom - Adult (Promo),314238,Dynasty (Promo) (UK)
UK,0,1207836,VCBS - United Kingdom - Adult (Promo),347480,Egypt with Dan Snow (Promo) (UK)
UK,0,1207836,VCBS - United Kingdom - Adult (Promo),318079,Ellis (Promo) (UK)
UK,0,1207836,VCBS - United Kingdom - Adult (Promo),341276,Epic Christmas (Promo) (UK)
UK,0,1207836,VCBS - United Kingdom - Adult (Promo),345336,Erin & Aaron (Promo) (UK)
UK,0,1207836,VCBS - United Kingdom - Adult (Promo),312195,Evidence of Evil (Promo) (UK)
UK,0,1207836,VCBS - United Kingdom - Adult (Promo),326227,Expedition: Search for the Nile (Promo) (UK)
UK,0,1207836,VCBS - United Kingdom - Adult (Promo),308211,FBI Files (Promo) (UK)
UK,0,1207836,VCBS - United Kingdom - Adult (Promo),316811,FIFA (Promo) (UK)
UK,0,1207836,VCBS - United Kingdom - Adult (Promo),332355,FIFA Club World Cup (Promo) (UK)
UK,0,1207836,VCBS - United Kingdom - Adult (Promo),316812,FIFA+ (Promo) (UK)
UK,0,1207836,VCBS - United Kingdom - Adult (Promo),330744,Faking It (Promo) (UK)
UK,0,1207836,VCBS - United Kingdom - Adult (Promo),330798,Fare Dodgers: At War with the Law (Promo) (UK)
UK,0,1207836,VCBS - United Kingdom - Adult (Promo),343271,Fergie and the Fake Sheikh Scandal (Promo) (UK)
UK,0,1207836,VCBS - United Kingdom - Adult (Promo),334058,"Fergie, Andrew & the Scandal of SouthYork (Promo) (UK)"
UK,0,1207836,VCBS - United Kingdom - Adult (Promo),276915,Finders Keepers (Promo) (UK)
UK,0,1207836,VCBS - United Kingdom - Adult (Promo),339680,Fireman Sam (Promo) (UK)
UK,0,1207836,VCBS - United Kingdom - Adult (Promo),327194,Flashpoint (Promo) (UK)
UK,0,1207836,VCBS - United Kingdom - Adult (Promo),328967,Flowers in the Attic: The Origin (Promo) (UK)
UK,0,1207836,VCBS - United Kingdom - Adult (Promo),271681,Food+ (Promo) (UK)
UK,0,1207836,VCBS - United Kingdom - Adult (Promo),329789,For Her Sins (Promo) (UK)
UK,0,1207836,VCBS - United Kingdom - Adult (Promo),329829,Forensics: Crash Scene Investigation (Promo) (UK)
UK,0,1207836,VCBS - United Kingdom - Adult (Promo),333886,Forensics: Murder Case (Promo) (UK)
UK,0,1207836,VCBS - United Kingdom - Adult (Promo),272210,Frasier (Promo) (UK)
UK,0,1207836,VCBS - United Kingdom - Adult (Promo),335902,Freddie Mercury: A Secret Daughter? (Promo) (UK)
UK,0,1207836,VCBS - United Kingdom - Adult (Promo),311130,FunnyAF (Promo) (UK)
UK,0,1207836,VCBS - United Kingdom - Adult (Promo),307283,GARMS (Promo) (UK)
UK,0,1207836,VCBS - United Kingdom - Adult (Promo),328600,Gabby's Dollhouse (Promo) (UK)
UK,0,1207836,VCBS - United Kingdom - Adult (Promo),276216,Geordie Shore (Promo) (UK)
UK,0,1207836,VCBS - United Kingdom - Adult (Promo),339280,Geordie Stories: Charlotte Mam of Two (Promo) (UK)
UK,0,1207836,VCBS - United Kingdom - Adult (Promo),325993,Geordie Stories: Charlotte's New Baby (Promo) (UK)
UK,0,1207836,VCBS - United Kingdom - Adult (Promo),331985,Geordie Stories: Sophie's Fertility Journey (Promo) (UK)
UK,0,1207836,VCBS - United Kingdom - Adult (Promo),269231,Ghost Hunters (Promo) (UK)
UK,0,1207836,VCBS - United Kingdom - Adult (Promo),352545,Gilmore Girls (Promo) (UK)
UK,0,1207836,VCBS - United Kingdom - Adult (Promo),342057,Girl Taken (Promo) (UK)
UK,0,1207836,VCBS - United Kingdom - Adult (Promo),330315,Gladiator II (Promo) (UK)
UK,0,1207836,VCBS - United Kingdom - Adult (Promo),277613,Halo (Promo) (UK)
UK,0,1207836,VCBS - United Kingdom - Adult (Promo),344494,Hap & Leonard (Promo) (UK)
UK,0,1207836,VCBS - United Kingdom - Adult (Promo),327835,Happy Face (Promo) (UK)
UK,0,1207836,VCBS - United Kingdom - Adult (Promo),334790,Harlan Coben's Shelter (Promo) (UK)
UK,0,1207836,VCBS - United Kingdom - Adult (Promo),335140,Harry & Meghan: The Wedding That Split Two Families (Promo) (UK)
UK,0,1207836,VCBS - United Kingdom - Adult (Promo),325346,Henry Danger: The Movie (Promo) (UK)
UK,0,1207836,VCBS - United Kingdom - Adult (Promo),326289,Home & Away (Promo) (UK)
UK,0,1207836,VCBS - United Kingdom - Adult (Promo),350334,Home and Away (Promo) (UK)
UK,0,1207836,VCBS - United Kingdom - Adult (Promo),269222,Homicide Hunter (Promo) (UK)
UK,0,1207836,VCBS - United Kingdom - Adult (Promo),269225,Hot in Cleveland (Promo) (UK)
UK,0,1207836,VCBS - United Kingdom - Adult (Promo),338771,House of Horror (Promo) (UK)
UK,0,1207836,VCBS - United Kingdom - Adult (Promo),309176,Hunger Game - (Promo) (UK)
UK,0,1207836,VCBS - United Kingdom - Adult (Promo),331535,Hysteria! (Promo) (UK)
UK,0,1207836,VCBS - United Kingdom - Adult (Promo),352125,I Escaped a Murderer (Promo) (UK)
UK,0,1207836,VCBS - United Kingdom - Adult (Promo),323967,IF (Promo) (UK)
UK,0,1207836,VCBS - United Kingdom - Adult (Promo),334984,Iain Stirling's Roast The Internet (Promo) (UK)
UK,0,1207836,VCBS - United Kingdom - Adult (Promo),327196,Inheritance: Murder in the Family - The Thomas Kwan Affair (Promo) (UK)
UK,0,1207836,VCBS - United Kingdom - Adult (Promo),314224,Ink Master (Promo) (UK)
UK,0,1207836,VCBS - United Kingdom - Adult (Promo),307733,Inside Crime (Promo) (UK)
UK,0,1207836,VCBS - United Kingdom - Adult (Promo),341995,Inside The Four Seasons at Christmas (Promo) (UK)
UK,0,1207836,VCBS - United Kingdom - Adult (Promo),339136,Inside the Tower of London (Promo) (UK)
UK,0,1207836,VCBS - United Kingdom - Adult (Promo),271684,Inside+ (Promo) (UK)
UK,0,1207836,VCBS - United Kingdom - Adult (Promo),312028,Insomnia (Promo) (UK)
UK,0,1207836,VCBS - United Kingdom - Adult (Promo),343376,Instinct (Promo) (UK)
UK,0,1207836,VCBS - United Kingdom - Adult (Promo),333306,Isle of MTV Malta (Promo) (UK)
UK,0,1207836,VCBS - United Kingdom - Adult (Promo),351311,Jackass (Promo) (UK)
UK,0,1207836,VCBS - United Kingdom - Adult (Promo),326667,James May's Great Explorers (Promo) (UK)
UK,0,1207836,VCBS - United Kingdom - Adult (Promo),347171,Jane McDonald in Nashville (Promo) (UK)
UK,0,1207836,VCBS - United Kingdom - Adult (Promo),343109,Jane McDonald: From Pole to Pole (Promo) (UK)
UK,0,1207836,VCBS - United Kingdom - Adult (Promo),350297,Jeremy Bamber: Proof of Innocence (Promo) (UK)
UK,0,1207836,VCBS - United Kingdom - Adult (Promo),349431,Jersey Shore (Promo) (UK)
UK,0,1207836,VCBS - United Kingdom - Adult (Promo),337794,Jimmy Carr's Am I The A**hole? (Promo) (UK)
UK,0,1207836,VCBS - United Kingdom - Adult (Promo),338041,Jimmy Carr's Am I The Ahole? (Promo) (UK)
UK,0,1207836,VCBS - United Kingdom - Adult (Promo),308960,Johnny Depp Range - (Promo) (UK)
UK,0,1207836,VCBS - United Kingdom - Adult (Promo),273183,Judge Judy (Promo) (UK)
UK,0,1207836,VCBS - United Kingdom - Adult (Promo),346123,Just Tattoo Of Us (Promo) (UK)
UK,0,1207836,VCBS - United Kingdom - Adult (Promo),344313,Kate: A Life in 10 Dresses (Promo) (UK)
UK,0,1207836,VCBS - United Kingdom - Adult (Promo),337106,"Kate: Judge My Work, Not My Clothes (Promo) (UK)"
UK,0,1207836,VCBS - United Kingdom - Adult (Promo),335149,Katrina: The Hurricane That Drowned New Orleans (Promo) (UK)
UK,0,1207836,VCBS - United Kingdom - Adult (Promo),349736,Keeping Faith (Promo) (UK)
UK,0,1207836,VCBS - United Kingdom - Adult (Promo),344979,Killer on the Run (Promo) (UK)
UK,0,1207836,VCBS - United Kingdom - Adult (Promo),332904,Knight Rider (Promo) (UK)
UK,0,1207836,VCBS - United Kingdom - Adult (Promo),310461,Knuckles (Promo) (UK)
UK,0,1207836,VCBS - United Kingdom - Adult (Promo),326228,La Brea (Promo) (UK)
UK,0,1207836,VCBS - United Kingdom - Adult (Promo),351409,Labyrinth (Promo) (UK)
UK,0,1207836,VCBS - United Kingdom - Adult (Promo),322125,Landman (Promo) (UK)
UK,0,1207836,VCBS - United Kingdom - Adult (Promo),343172,Law & Order Toronto: Criminal Intent (Promo) (UK)
UK,0,1207836,VCBS - United Kingdom - Adult (Promo),342492,Law & Order: Criminal Intent (Promo) (UK)
UK,0,1207836,VCBS - United Kingdom - Adult (Promo),329436,Law & Order: Special Victims Unit (Promo) (UK)
UK,0,1207836,VCBS - United Kingdom - Adult (Promo),272480,Lawmen: Bass Reeves (Promo) (UK)
UK,0,1207836,VCBS - United Kingdom - Adult (Promo),351654,Lie With Me (Promo) (UK)
UK,0,1207836,VCBS - United Kingdom - Adult (Promo),319038,Lioness (Promo) (UK)
UK,0,1207836,VCBS - United Kingdom - Adult (Promo),330015,Little Disasters (Promo) (UK)
UK,0,1207836,VCBS - United Kingdom - Adult (Promo),307775,Live Championship Boxing: Eggington v Baraou (Promo) (UK)
UK,0,1207836,VCBS - United Kingdom - Adult (Promo),346384,Live Snooker: Tour Championship (Promo) (UK)
UK,0,1207836,VCBS - United Kingdom - Adult (Promo),334607,Lost in the Desert with Nick Knowles (Promo) (UK)
UK,0,1207836,VCBS - United Kingdom - Adult (Promo),308217,Love Rat (Promo) (UK)
UK,0,1207836,VCBS - United Kingdom - Adult (Promo),348635,M.I.A. (Promo) (UK)
UK,0,1207836,VCBS - United Kingdom - Adult (Promo),343796,MGM Movies (Promo) (UK)
UK,0,1207836,VCBS - United Kingdom - Adult (Promo),269230,MTV (Promo) (UK)
UK,0,1207836,VCBS - United Kingdom - Adult (Promo),316365,MTV Biggest Pop (Promo) (UK)
UK,0,1207836,VCBS - United Kingdom - Adult (Promo),316945,MTV EMA's (Promo) (UK)
UK,0,1207836,VCBS - United Kingdom - Adult (Promo),312788,MTV Pride (Promo) (UK)
UK,0,1207836,VCBS - United Kingdom - Adult (Promo),272212,MTV Reality (Promo) (UK)
UK,0,1207836,VCBS - United Kingdom - Adult (Promo),334213,MacGyver (Promo) (UK)
UK,0,1207836,VCBS - United Kingdom - Adult (Promo),353166,Madam Secretary (Promo) (UK)
UK,0,1207836,VCBS - United Kingdom - Adult (Promo),323389,Madame Blanc (Promo) (UK)
UK,0,1207836,VCBS - United Kingdom - Adult (Promo),349289,Major Crimes Unit (Promo) (UK)
UK,0,1207836,VCBS - United Kingdom - Adult (Promo),343333,Marshals (Promo) (UK)
UK,0,1207836,VCBS - United Kingdom - Adult (Promo),334379,Matlock (Promo) (UK)
UK,0,1207836,VCBS - United Kingdom - Adult (Promo),345848,Maxine (Promo) (UK)
UK,0,1207836,VCBS - United Kingdom - Adult (Promo),312153,Mayor of Kingstown (Promo) (UK)
UK,0,1207836,VCBS - United Kingdom - Adult (Promo),277485,Mean Girls (Promo) (UK)
UK,0,1207836,VCBS - United Kingdom - Adult (Promo),310026,Medical Detectives (Promo) (UK)
UK,0,1207836,VCBS - United Kingdom - Adult (Promo),307311,Medium (Promo) (UK)
UK,0,1207836,VCBS - United Kingdom - Adult (Promo),342770,Meghan (Promo) (UK)
UK,0,1207836,VCBS - United Kingdom - Adult (Promo),333486,Meghan: Duchess for Sale? (Promo) (UK)
UK,0,1207836,VCBS - United Kingdom - Adult (Promo),331748,Megxit: Inside the Sandringham Summit (Promo) (UK)
UK,0,1207836,VCBS - United Kingdom - Adult (Promo),314072,Melrose Place (Promo) (UK)
UK,0,1207836,VCBS - United Kingdom - Adult (Promo),311555,Mental Health (Promo) (UK)
UK,0,1207836,VCBS - United Kingdom - Adult (Promo),309469,Michael Palin In Nigeria (Promo) (UK)
UK,0,1207836,VCBS - United Kingdom - Adult (Promo),336076,Michael Palin in Venezuela (Promo) (UK)
UK,0,1207836,VCBS - United Kingdom - Adult (Promo),329606,Michael Portillo's Travel Diaries (Promo) (UK)
UK,0,1207836,VCBS - United Kingdom - Adult (Promo),346128,Mike Judge's Beavis & Butt-Head (Promo) (UK)
UK,0,1207836,VCBS - United Kingdom - Adult (Promo),328212,Milkshake (Promo) (UK)
UK,0,1207836,VCBS - United Kingdom - Adult (Promo),346971,Missed Call (Promo) (UK)
UK,0,1207836,VCBS - United Kingdom - Adult (Promo),343120,Mission Motherland (Promo) (UK)
UK,0,1207836,VCBS - United Kingdom - Adult (Promo),329733,Mission: Impossible (Promo) (UK)
UK,0,1207836,VCBS - United Kingdom - Adult (Promo),344165,Mission: Impossible - The Final Reckoning (Promo) (UK)
UK,0,1207836,VCBS - United Kingdom - Adult (Promo),307760,Mob Wives (Promo) (UK)
UK,0,1207836,VCBS - United Kingdom - Adult (Promo),328274,Mobland (Promo) (UK)
UK,0,1207836,VCBS - United Kingdom - Adult (Promo),323599,Modus Darts (Promo) (UK)
UK,0,1207836,VCBS - United Kingdom - Adult (Promo),332721,Modus Super Series (Promo) (UK)
UK,0,1207836,VCBS - United Kingdom - Adult (Promo),273157,Most Haunted (Promo) (UK)
UK,0,1207836,VCBS - United Kingdom - Adult (Promo),344235,Motorway Cops: Catching Britain's Speeders (Promo) (UK)
UK,0,1207836,VCBS - United Kingdom - Adult (Promo),271685,Movies+ (Promo) (UK)
UK,0,1207836,VCBS - United Kingdom - Adult (Promo),334730,Murder 360 (Promo) (UK)
UK,0,1207836,VCBS - United Kingdom - Adult (Promo),337518,Murder Before Evensong (Promo) (UK)
UK,0,1207836,VCBS - United Kingdom - Adult (Promo),331834,Murder Most Puzzling (Promo) (UK)
UK,0,1207836,VCBS - United Kingdom - Adult (Promo),328567,Murder Scene: The Incident Room (Promo) (UK)
UK,0,1207836,VCBS - United Kingdom - Adult (Promo),348701,Murder in Shetland: Trial By Jury (Promo) (UK)
UK,0,1207836,VCBS - United Kingdom - Adult (Promo),327692,Murder: Suspect No.1 (Promo) (UK)
UK,0,1207836,VCBS - United Kingdom - Adult (Promo),334874,Murdered At First Sight (Promo) (UK)
UK,0,1207836,VCBS - United Kingdom - Adult (Promo),335534,My Wife My Killer And The Secret Footage (Promo) (UK)
UK,0,1207836,VCBS - United Kingdom - Adult (Promo),325297,My5 Brand (Promo) (UK)
UK,0,1207836,VCBS - United Kingdom - Adult (Promo),308073,Mythbusters - (Promo) (UK)
UK,0,1207836,VCBS - United Kingdom - Adult (Promo),329423,NCIS: Hawai'i (Promo) (UK)
UK,0,1207836,VCBS - United Kingdom - Adult (Promo),344487,NCIS: Los Angeles (Promo) (UK)
UK,0,1207836,VCBS - United Kingdom - Adult (Promo),327623,NCIS: Origins (Promo) (UK)
UK,0,1207836,VCBS - United Kingdom - Adult (Promo),272158,NCIS: Sydney (Promo) (UK)
UK,0,1207836,VCBS - United Kingdom - Adult (Promo),334830,NCIS: Tony & Ziva (Promo) (UK)
UK,0,1207836,VCBS - United Kingdom - Adult (Promo),335639,NFL Big Game Night (Promo) (UK)
UK,0,1207836,VCBS - United Kingdom - Adult (Promo),325871,Nashville (Promo) (UK)
UK,0,1207836,VCBS - United Kingdom - Adult (Promo),346429,"National Treasure, National Disgrace (Promo) (UK)"
UK,0,1207836,VCBS - United Kingdom - Adult (Promo),341622,New Amsterdam (Promo) (UK)
UK,0,1207836,VCBS - United Kingdom - Adult (Promo),318634,Nick (Promo) (UK)
UK,0,1207836,VCBS - United Kingdom - Adult (Promo),333887,Nick Jr. (Promo) (UK)
UK,0,1207836,VCBS - United Kingdom - Adult (Promo),351458,Noah (Promo) (UK)
UK,0,1207836,VCBS - United Kingdom - Adult (Promo),309902,Nosey (Promo) (UK)
UK,0,1207836,VCBS - United Kingdom - Adult (Promo),328622,Now You Know (Promo) (UK)
UK,0,1207836,VCBS - United Kingdom - Adult (Promo),347053,Number One Fan (Promo) (UK)
UK,0,1207836,VCBS - United Kingdom - Adult (Promo),332567,Odo (Promo) (UK)
UK,0,1207836,VCBS - United Kingdom - Adult (Promo),309955,On The Case (Promo) (UK)
UK,0,1207836,VCBS - United Kingdom - Adult (Promo),322012,Our Big Day (Promo) (UK)
UK,0,1207836,VCBS - United Kingdom - Adult (Promo),338365,Ozzy: No Escape From Now (Promo) (UK)
UK,0,1207836,VCBS - United Kingdom - Adult (Promo),330003,PSA Promos (Promo) (UK)
UK,0,1207836,VCBS - United Kingdom - Adult (Promo),272406,PTV Food (Promo) (UK)
UK,0,1207836,VCBS - United Kingdom - Adult (Promo),275220,Paramount + (Promo) (UK)
UK,0,1207836,VCBS - United Kingdom - Adult (Promo),317354,Paranormal Range (Promo) (UK)
UK,0,1207836,VCBS - United Kingdom - Adult (Promo),271678,Paranormal+ (Promo) (UK)
UK,0,1207836,VCBS - United Kingdom - Adult (Promo),352106,Passenger (Promo) (UK)
UK,0,1207836,VCBS - United Kingdom - Adult (Promo),327887,Paw Patrol (Promo) (UK)
UK,0,1207836,VCBS - United Kingdom - Adult (Promo),327554,Peppa Pig (Promo) (UK)
UK,0,1207836,VCBS - United Kingdom - Adult (Promo),328683,Person of Interest (Promo) (UK)
UK,0,1207836,VCBS - United Kingdom - Adult (Promo),351683,Peter Crouch Podcast (Promo) (UK)
UK,0,1207836,VCBS - United Kingdom - Adult (Promo),346784,Phillip Schofield: Cast Away (Promo) (UK)
UK,0,1207836,VCBS - United Kingdom - Adult (Promo),338356,Piers Morgan: Uncensored (Promo) (UK)
UK,0,1207836,VCBS - United Kingdom - Adult (Promo),344234,Platoon 24/7: Preparing for War (Promo) (UK)
UK,0,1207836,VCBS - United Kingdom - Adult (Promo),337780,Play For Today (Promo) (UK)
UK,0,1207836,VCBS - United Kingdom - Adult (Promo),269229,Pluto TV (Promo) (UK)
UK,0,1207836,VCBS - United Kingdom - Adult (Promo),322242,Pluto TV Action (Promo) (UK)
UK,0,1207836,VCBS - United Kingdom - Adult (Promo),323380,Pluto TV Comedy Superstars (Promo) (UK)
UK,0,1207836,VCBS - United Kingdom - Adult (Promo),271482,Pluto TV Cops and Convicts (Promo) (UK)
UK,0,1207836,VCBS - United Kingdom - Adult (Promo),309337,Pluto TV Crime Drama (Promo) (UK)
UK,0,1207836,VCBS - United Kingdom - Adult (Promo),271346,Pluto TV Movie Aloha (Promo) (UK)
UK,0,1207836,VCBS - United Kingdom - Adult (Promo),271589,Pluto TV Movie Elektra (Promo) (UK)
UK,0,1207836,VCBS - United Kingdom - Adult (Promo),332618,Pluto TV Movie Mania (Promo) (UK)
UK,0,1207836,VCBS - United Kingdom - Adult (Promo),271590,Pluto TV Movie Street King (Promo) (UK)
UK,0,1207836,VCBS - United Kingdom - Adult (Promo),271591,Pluto TV Movie The Internship (Promo) (UK)
UK,0,1207836,VCBS - United Kingdom - Adult (Promo),307978,Pluto TV Movies (Promo) (UK)
UK,0,1207836,VCBS - United Kingdom - Adult (Promo),313789,Pluto TV Music (Promo) (UK)
UK,0,1207836,VCBS - United Kingdom - Adult (Promo),314789,Pluto TV Reality (Promo) (UK)
UK,0,1207836,VCBS - United Kingdom - Adult (Promo),308924,Pluto TV Sci-Fi (Promo) (UK)
UK,0,1207836,VCBS - United Kingdom - Adult (Promo),309457,PlutoTV Law & Order (Promo) (UK)
UK,0,1207836,VCBS - United Kingdom - Adult (Promo),272213,Pointless (Promo) (UK)
UK,0,1207836,VCBS - United Kingdom - Adult (Promo),337628,Police Interceptors (Promo) (UK)
UK,0,1207836,VCBS - United Kingdom - Adult (Promo),345106,Police Interceptors: Taking Down the Shoplifting Gangs (Promo) (UK)
UK,0,1207836,VCBS - United Kingdom - Adult (Promo),334317,Police: Night Shift 999 (Promo) (UK)
UK,0,1207836,VCBS - United Kingdom - Adult (Promo),327691,Police: Suspect No.1 (Promo) (UK)
UK,0,1207836,VCBS - United Kingdom - Adult (Promo),345669,Power: The Downfall of Huw Edwards (Promo) (UK)
UK,0,1207836,VCBS - United Kingdom - Adult (Promo),345917,Primate (Promo) (UK)
UK,0,1207836,VCBS - United Kingdom - Adult (Promo),349977,Prime Suspect No. 1 (Promo) (UK)
UK,0,1207836,VCBS - United Kingdom - Adult (Promo),326787,Prime Suspect: Hunting the Predators (Promo) (UK)
UK,0,1207836,VCBS - United Kingdom - Adult (Promo),335528,Prince Andrew: On Trial (Promo) (UK)
UK,0,1207836,VCBS - United Kingdom - Adult (Promo),334604,Prince Harry: My Terrible Year (Promo) (UK)
UK,0,1207836,VCBS - United Kingdom - Adult (Promo),332893,Quantico (Promo) (UK)
UK,0,1207836,VCBS - United Kingdom - Adult (Promo),326238,Quantum Leap (Promo) (UK)
UK,0,1207836,VCBS - United Kingdom - Adult (Promo),323340,Queens of Music (Promo) (UK)
UK,0,1207836,VCBS - United Kingdom - Adult (Promo),269219,Real Life Adventure (Promo) (UK)
UK,0,1207836,VCBS - United Kingdom - Adult (Promo),312200,RealMadrid TV (Promo) (UK)
UK,0,1207836,VCBS - United Kingdom - Adult (Promo),342235,Regretting You (Promo) (UK)
UK,0,1207836,VCBS - United Kingdom - Adult (Promo),342218,Reuben Owen: Christmas in the Dales (Promo) (UK)
UK,0,1207836,VCBS - United Kingdom - Adult (Promo),332113,Reuben Owen: Life In The Dales (Promo) (UK)
UK,0,1207836,VCBS - United Kingdom - Adult (Promo),276175,Revenge (Promo) (UK)
UK,0,1207836,VCBS - United Kingdom - Adult (Promo),321567,Rhod Gilbert's Growing Pains (Promo) (UK)
UK,0,1207836,VCBS - United Kingdom - Adult (Promo),334127,"Rich Holiday, Poor Holiday (Promo) (UK)"
UK,0,1207836,VCBS - United Kingdom - Adult (Promo),344418,"Rich House, Poor House (Promo) (UK)"
UK,0,1207836,VCBS - United Kingdom - Adult (Promo),348842,"Rich Wedding, Poor Wedding (Promo) (UK)"
UK,0,1207836,VCBS - United Kingdom - Adult (Promo),349741,Richard Madeley: Inside World's Mega Prison (Promo) (UK)
UK,0,1207836,VCBS - United Kingdom - Adult (Promo),351111,Riptide (Promo) (UK)
UK,0,1207836,VCBS - United Kingdom - Adult (Promo),346232,Rocky’s Cat-astrophe (Promo) (UK)
UK,0,1207836,VCBS - United Kingdom - Adult (Promo),341195,Roofman (Promo) (UK)
UK,0,1207836,VCBS - United Kingdom - Adult (Promo),339132,Rosemary's Baby (Promo) (UK)
UK,0,1207836,VCBS - United Kingdom - Adult (Promo),341280,Rosie Jones' Out of Order (Promo) (UK)
UK,0,1207836,VCBS - United Kingdom - Adult (Promo),338840,Royal Heirs and Spares: Rivalry & Resentment (Promo) (UK)
UK,0,1207836,VCBS - United Kingdom - Adult (Promo),332452,Rubble & Crew (Promo) (UK)
UK,0,1207836,VCBS - United Kingdom - Adult (Promo),276174,Running Wild With Bear Grylls (Promo) (UK)
UK,0,1207836,VCBS - United Kingdom - Adult (Promo),269223,Sanctuary (Promo) (UK)
UK,0,1207836,VCBS - United Kingdom - Adult (Promo),352894,Scary Movie (Promo) (UK)
UK,0,1207836,VCBS - United Kingdom - Adult (Promo),351371,Scene Lifts (Promo) (UK)
UK,0,1207836,VCBS - United Kingdom - Adult (Promo),325610,School Spirits (Promo) (UK)
UK,0,1207836,VCBS - United Kingdom - Adult (Promo),311073,Scorpion (Promo) (UK)
UK,0,1207836,VCBS - United Kingdom - Adult (Promo),347557,Scream 7 (Promo) (UK)
UK,0,1207836,VCBS - United Kingdom - Adult (Promo),322688,Scripted Drama (Promo) (UK)
UK,0,1207836,VCBS - United Kingdom - Adult (Promo),332897,Secrets of Diana's Wedding Dress (Promo) (UK)
UK,0,1207836,VCBS - United Kingdom - Adult (Promo),325242,Section 31 (Promo) (UK)
UK,0,1207836,VCBS - United Kingdom - Adult (Promo),277740,Sexy Beast (Promo) (UK)
UK,0,1207836,VCBS - United Kingdom - Adult (Promo),325295,Shooter (Promo) (UK)
UK,0,1207836,VCBS - United Kingdom - Adult (Promo),333803,Sight Unseen (Promo) (UK)
UK,0,1207836,VCBS - United Kingdom - Adult (Promo),331536,SkyMed (Promo) (UK)
UK,0,1207836,VCBS - United Kingdom - Adult (Promo),277261,Sleepy Hollow (Promo) (UK)
UK,0,1207836,VCBS - United Kingdom - Adult (Promo),333813,Sliders (Promo) (UK)
UK,0,1207836,VCBS - United Kingdom - Adult (Promo),329428,Smile 2 (Promo) (UK)
UK,0,1207836,VCBS - United Kingdom - Adult (Promo),340007,Snooker 900 (Promo) (UK)
UK,0,1207836,VCBS - United Kingdom - Adult (Promo),334364,Soldier: For King and Country (Promo) (UK)
UK,0,1207836,VCBS - United Kingdom - Adult (Promo),342305,Sonic Prime (Promo) (UK)
UK,0,1207836,VCBS - United Kingdom - Adult (Promo),332548,Sonic the Hedgehog 3 (Promo) (UK)
UK,0,1207836,VCBS - United Kingdom - Adult (Promo),272822,South Park (Promo) (UK)
UK,0,1207836,VCBS - United Kingdom - Adult (Promo),342766,Spain with Michael Portillo (Promo) (UK)
UK,0,1207836,VCBS - United Kingdom - Adult (Promo),340587,Spartacus (Promo) (UK)
UK,0,1207836,VCBS - United Kingdom - Adult (Promo),336725,Spin City (Promo) (UK)
UK,0,1207836,VCBS - United Kingdom - Adult (Promo),330147,Spongebob (Promo) (UK)
UK,0,1207836,VCBS - United Kingdom - Adult (Promo),315597,Stags (Promo) (UK)
UK,0,1207836,VCBS - United Kingdom - Adult (Promo),339130,Stan & Gran (Promo) (UK)
UK,0,1207836,VCBS - United Kingdom - Adult (Promo),309656,Star Trek: Discovery (Promo) (UK)
UK,0,1207836,VCBS - United Kingdom - Adult (Promo),342217,Star Trek: Starfleet Academy (Promo) (UK)
UK,0,1207836,VCBS - United Kingdom - Adult (Promo),327696,Star Trek: Strange New Worlds (Promo) (UK)
UK,0,1207836,VCBS - United Kingdom - Adult (Promo),311990,Stormy (Promo) (UK)
UK,0,1207836,VCBS - United Kingdom - Adult (Promo),335529,Street Cops: Catching The Yobs (Promo) (UK)
UK,0,1207836,VCBS - United Kingdom - Adult (Promo),334011,Stupid Central (Promo) (UK)
UK,0,1207836,VCBS - United Kingdom - Adult (Promo),311254,Sue Perkins: Lost in Thailand (Promo) (UK)
UK,0,1207836,VCBS - United Kingdom - Adult (Promo),334159,Super Duper Bunny League (Promo) (UK)
UK,0,1207836,VCBS - United Kingdom - Adult (Promo),311706,Supernatural Range (Promo) (UK)
UK,0,1207836,VCBS - United Kingdom - Adult (Promo),325293,Surgeons: a Matter of Life and Death (Promo) (UK)
UK,0,1207836,VCBS - United Kingdom - Adult (Promo),275824,Survivorman (Promo) (UK)
UK,0,1207836,VCBS - United Kingdom - Adult (Promo),338129,Susan Calman's Grand Day Out (Promo) (UK)
UK,0,1207836,VCBS - United Kingdom - Adult (Promo),342754,Suspect No. 1 (Promo) (UK)
UK,0,1207836,VCBS - United Kingdom - Adult (Promo),336891,Sweet Home Alabama (Promo) (UK)
UK,0,1207836,VCBS - United Kingdom - Adult (Promo),277986,TMNT: Mutant Mayhem - UK (Promo) (UK)
UK,0,1207836,VCBS - United Kingdom - Adult (Promo),338195,Taggart (Promo) (UK)
UK,0,1207836,VCBS - United Kingdom - Adult (Promo),334741,Taxi (Promo) (UK)
UK,0,1207836,VCBS - United Kingdom - Adult (Promo),329786,Teacup (Promo) (UK)
UK,0,1207836,VCBS - United Kingdom - Adult (Promo),269228,Teen Mom (Promo) (UK)
UK,0,1207836,VCBS - United Kingdom - Adult (Promo),317999,Teen Mom UK (Promo) (UK)
UK,0,1207836,VCBS - United Kingdom - Adult (Promo),332570,Teen Mom UK: Next Generation (Promo) (UK)
UK,0,1207836,VCBS - United Kingdom - Adult (Promo),330071,Terrifier 3 (Promo) (UK)
UK,0,1207836,VCBS - United Kingdom - Adult (Promo),322493,The Agency (Promo) (UK)
UK,0,1207836,VCBS - United Kingdom - Adult (Promo),326676,The Au Pair (Promo) (UK)
UK,0,1207836,VCBS - United Kingdom - Adult (Promo),329065,The Basement: A Vanishing in Apple Valley (Promo) (UK)
UK,0,1207836,VCBS - United Kingdom - Adult (Promo),343846,The Beckham Feud: Truth & Lies (Promo) (UK)
UK,0,1207836,VCBS - United Kingdom - Adult (Promo),350210,The Beckhams' Billions: How Did They Get So Rich (Promo) (UK)
UK,0,1207836,VCBS - United Kingdom - Adult (Promo),348700,The Betrayal of Anne Boleyn: Inside The Tower of London Special (Promo) (UK)
UK,0,1207836,VCBS - United Kingdom - Adult (Promo),330054,The Block (Promo) (UK)
UK,0,1207836,VCBS - United Kingdom - Adult (Promo),272415,The Burning Girls (Promo) (UK)
UK,0,1207836,VCBS - United Kingdom - Adult (Promo),275967,The Castaways (Promo) (UK)
UK,0,1207836,VCBS - United Kingdom - Adult (Promo),330373,The Catch (Promo) (UK)
UK,0,1207836,VCBS - United Kingdom - Adult (Promo),352912,The Challenge (Promo) (UK)
UK,0,1207836,VCBS - United Kingdom - Adult (Promo),334211,The Child Snatcher 3: Who Took Lynda & Dawn? (Promo) (UK)
UK,0,1207836,VCBS - United Kingdom - Adult (Promo),345850,The Creature Cases (Promo) (UK)
UK,0,1207836,VCBS - United Kingdom - Adult (Promo),323875,The Crow Girl (Promo) (UK)
UK,0,1207836,VCBS - United Kingdom - Adult (Promo),337959,The Cruise: Fun-Loving Brits at Sea (Promo) (UK)
UK,0,1207836,VCBS - United Kingdom - Adult (Promo),309458,The Cuckoo (Promo) (UK)
UK,0,1207836,VCBS - United Kingdom - Adult (Promo),344549,The Curfew (Promo) (UK)
UK,0,1207836,VCBS - United Kingdom - Adult (Promo),275222,The Doll Factory (Promo) (UK)
UK,0,1207836,VCBS - United Kingdom - Adult (Promo),330067,The Dollanganger Saga (Promo) (UK)
UK,0,1207836,VCBS - United Kingdom - Adult (Promo),272402,The Drew Barrymore Show (Promo) (UK)
UK,0,1207836,VCBS - United Kingdom - Adult (Promo),329630,The Drowning (Promo) (UK)
UK,0,1207836,VCBS - United Kingdom - Adult (Promo),329907,The Drowning of Paula Leeson (Promo) (UK)
UK,0,1207836,VCBS - United Kingdom - Adult (Promo),327264,The Ex-Wife (Promo) (UK)
UK,0,1207836,VCBS - United Kingdom - Adult (Promo),306646,The Expendables (Promo) (UK)
UK,0,1207836,VCBS - United Kingdom - Adult (Promo),330059,The Fairly Odd Parents: A New Wish (Promo) (UK)
UK,0,1207836,VCBS - United Kingdom - Adult (Promo),327557,The Feud (Promo) (UK)
UK,0,1207836,VCBS - United Kingdom - Adult (Promo),319788,The Flatshare (Promo) (UK)
UK,0,1207836,VCBS - United Kingdom - Adult (Promo),325349,The Following (Promo) (UK)
UK,0,1207836,VCBS - United Kingdom - Adult (Promo),338284,The Forsytes (Promo) (UK)
UK,0,1207836,VCBS - United Kingdom - Adult (Promo),347553,The Fortune (Promo) (UK)
UK,0,1207836,VCBS - United Kingdom - Adult (Promo),329624,The Game (Promo) (UK)
UK,0,1207836,VCBS - United Kingdom - Adult (Promo),323394,The Good Ship Murder (Promo) (UK)
UK,0,1207836,VCBS - United Kingdom - Adult (Promo),326107,The Good Wife (Promo) (UK)
UK,0,1207836,VCBS - United Kingdom - Adult (Promo),338918,The Grand Sumo Tournament (Promo) (UK)
UK,0,1207836,VCBS - United Kingdom - Adult (Promo),333766,The Great Fire of London with Rob & Ruth (Promo) (UK)
UK,0,1207836,VCBS - United Kingdom - Adult (Promo),333431,The Great Plague with Rob R & Ruth G (Promo) (UK)
UK,0,1207836,VCBS - United Kingdom - Adult (Promo),317086,The Hardacres (Promo) (UK)
UK,0,1207836,VCBS - United Kingdom - Adult (Promo),329795,The Holiday (Promo) (UK)
UK,0,1207836,VCBS - United Kingdom - Adult (Promo),345118,The Hotel Inspector (Promo) (UK)
UK,0,1207836,VCBS - United Kingdom - Adult (Promo),334322,The Hunger Games (Promo) (UK)
UK,0,1207836,VCBS - United Kingdom - Adult (Promo),351685,The IT Crowd (Promo) (UK)
UK,0,1207836,VCBS - United Kingdom - Adult (Promo),341510,The Imposter (Promo) (UK)
UK,0,1207836,VCBS - United Kingdom - Adult (Promo),309547,The Intruder: He's Watching You From Within (Promo) (UK)
UK,0,1207836,VCBS - United Kingdom - Adult (Promo),339831,The Jobless Prince: What Will Harry Do Next (Promo) (UK)
UK,0,1207836,VCBS - United Kingdom - Adult (Promo),331739,The Lizzie Borden Chronicles (Promo) (UK)
UK,0,1207836,VCBS - United Kingdom - Adult (Promo),275959,The Madame Blanc Mysteries (Promo) (UK)
UK,0,1207836,VCBS - United Kingdom - Adult (Promo),343477,The Madison (Promo) (UK)
UK,0,1207836,VCBS - United Kingdom - Adult (Promo),345109,The Middletons: Should They Be Working Royals (Promo) (UK)
UK,0,1207836,VCBS - United Kingdom - Adult (Promo),333776,The Mushroom Murders: The Case That Gripped the World (Promo) (UK)
UK,0,1207836,VCBS - United Kingdom - Adult (Promo),337721,The Naked Gun (Promo) (UK)
UK,0,1207836,VCBS - United Kingdom - Adult (Promo),313248,The Night Caller (Promo) (UK)
UK,0,1207836,VCBS - United Kingdom - Adult (Promo),338193,The OJ Simpson Trial: 30 Years On (Promo) (UK)
UK,0,1207836,VCBS - United Kingdom - Adult (Promo),352194,The Odyssey with Dan Snow (Promo) (UK)
UK,0,1207836,VCBS - United Kingdom - Adult (Promo),335148,The Patrick Star Show (Promo) (UK)
UK,0,1207836,VCBS - United Kingdom - Adult (Promo),327772,The Pile Up: Death on the Motorway (Promo) (UK)
UK,0,1207836,VCBS - United Kingdom - Adult (Promo),329965,The Plot to Kill Holly Willoughby (Promo) (UK)
UK,0,1207836,VCBS - United Kingdom - Adult (Promo),327049,The Prodigal Son (Promo) (UK)
UK,0,1207836,VCBS - United Kingdom - Adult (Promo),333802,The Resident (Promo) (UK)
UK,0,1207836,VCBS - United Kingdom - Adult (Promo),341363,The Revenge Club (Promo) (UK)
UK,0,1207836,VCBS - United Kingdom - Adult (Promo),323889,The Road Trip (Promo) (UK)
UK,0,1207836,VCBS - United Kingdom - Adult (Promo),352955,The Romans with Rob R and Ruth G (Promo) (UK)
UK,0,1207836,VCBS - United Kingdom - Adult (Promo),335357,The Rumour (Promo) (UK)
UK,0,1207836,VCBS - United Kingdom - Adult (Promo),343174,The Running Man (Promo) (UK)
UK,0,1207836,VCBS - United Kingdom - Adult (Promo),275963,The Serial Killer's Wife (Promo) (UK)
UK,0,1207836,VCBS - United Kingdom - Adult (Promo),333243,The Smurfs (Promo) (UK)
UK,0,1207836,VCBS - United Kingdom - Adult (Promo),332409,The Son (Promo) (UK)
UK,0,1207836,VCBS - United Kingdom - Adult (Promo),350397,The SpongeBob Movie: Search for SquarePants (Promo) (UK)
UK,0,1207836,VCBS - United Kingdom - Adult (Promo),344860,The Surgeon (Promo) (UK)
UK,0,1207836,VCBS - United Kingdom - Adult (Promo),338196,The Taste Test Restaurant (Promo) (UK)
UK,0,1207836,VCBS - United Kingdom - Adult (Promo),315494,The Teacher (Promo) (UK)
UK,0,1207836,VCBS - United Kingdom - Adult (Promo),343218,The Terror (Promo) (UK)
UK,0,1207836,VCBS - United Kingdom - Adult (Promo),345544,The Three Kings of 1936 (Promo) (UK)
UK,0,1207836,VCBS - United Kingdom - Adult (Promo),325357,The Thundermans (Promo) (UK)
UK,0,1207836,VCBS - United Kingdom - Adult (Promo),325913,The Thundermans: Undercover (Promo) (UK)
UK,0,1207836,VCBS - United Kingdom - Adult (Promo),330453,The Trial (Promo) (UK)
UK,0,1207836,VCBS - United Kingdom - Adult (Promo),342769,The Trial of Michael Jackson (Promo) (UK)
UK,0,1207836,VCBS - United Kingdom - Adult (Promo),338139,The Trial of Paul Burrell (Promo) (UK)
UK,0,1207836,VCBS - United Kingdom - Adult (Promo),325680,The Vanishings (Promo) (UK)
UK,0,1207836,VCBS - United Kingdom - Adult (Promo),352910,The Victorians with Rob R and Ruth G (Promo) (UK)
UK,0,1207836,VCBS - United Kingdom - Adult (Promo),316183,The Wives (Promo) (UK)
UK,0,1207836,VCBS - United Kingdom - Adult (Promo),327907,The Woohoo's! (Promo) (UK)
UK,0,1207836,VCBS - United Kingdom - Adult (Promo),325228,The Wrong Man? 20 Years Behind Bars (Promo) (UK)
UK,0,1207836,VCBS - United Kingdom - Adult (Promo),345654,The X-Files (Promo) (UK)
UK,0,1207836,VCBS - United Kingdom - Adult (Promo),338360,The Yorkshire Vet (Promo) (UK)
UK,0,1207836,VCBS - United Kingdom - Adult (Promo),341922,The Yorkshire Vet: A Decade in the M & D (Promo) (UK)
UK,0,1207836,VCBS - United Kingdom - Adult (Promo),351682,Therapy Crouch (Promo) (UK)
UK,0,1207836,VCBS - United Kingdom - Adult (Promo),344613,Thirst Trap (Promo) (UK)
UK,0,1207836,VCBS - United Kingdom - Adult (Promo),330706,Thomas & Friends (Promo) (UK)
UK,0,1207836,VCBS - United Kingdom - Adult (Promo),328211,Tim Rex in Space (Promo) (UK)
UK,0,1207836,VCBS - United Kingdom - Adult (Promo),275413,Together TV (Promo) (UK)
UK,0,1207836,VCBS - United Kingdom - Adult (Promo),306725,Too Good To Be True (Promo) (UK)
UK,0,1207836,VCBS - United Kingdom - Adult (Promo),351378,Tour de France (Promo) (UK)
UK,0,1207836,VCBS - United Kingdom - Adult (Promo),349170,Trading Places (Promo) (UK)
UK,0,1207836,VCBS - United Kingdom - Adult (Promo),347177,Traffic Cops (Promo) (UK)
UK,0,1207836,VCBS - United Kingdom - Adult (Promo),341532,Traffic Cops: Over The Limit (Promo) (UK)
UK,0,1207836,VCBS - United Kingdom - Adult (Promo),336817,Traffic Cops: Pursuit Squad One (Promo) (UK)
UK,0,1207836,VCBS - United Kingdom - Adult (Promo),331083,Transformers One (Promo) (UK)
UK,0,1207836,VCBS - United Kingdom - Adult (Promo),275822,Transformers: Rise of the Beasts (Promo) (UK)
UK,0,1207836,VCBS - United Kingdom - Adult (Promo),331833,Treehouse (Promo) (UK)
UK,0,1207836,VCBS - United Kingdom - Adult (Promo),307284,Trucking Hell (Promo) (UK)
UK,0,1207836,VCBS - United Kingdom - Adult (Promo),275965,True Crime (Promo) (UK)
UK,0,1207836,VCBS - United Kingdom - Adult (Promo),316786,Tulsa King (Promo) (UK)
UK,0,1207836,VCBS - United Kingdom - Adult (Promo),321514,Twilight (Promo) (UK)
UK,0,1207836,VCBS - United Kingdom - Adult (Promo),309102,Twisted Metal (Promo) (UK)
UK,0,1207836,VCBS - United Kingdom - Adult (Promo),341880,Twisted Sisters: Madness & Manslaughter (Promo) (UK)
UK,0,1207836,VCBS - United Kingdom - Adult (Promo),314334,U & Laughs (Promo) (UK)
UK,0,1207836,VCBS - United Kingdom - Adult (Promo),306658,UEFA Women's Champions League (Promo) (UK)
UK,0,1207836,VCBS - United Kingdom - Adult (Promo),329957,UFC (Promo) (UK)
UK,0,1207836,VCBS - United Kingdom - Adult (Promo),276209,UKTV (Promo) (UK)
UK,0,1207836,VCBS - United Kingdom - Adult (Promo),310344,Uncensored (Promo) (UK)
UK,0,1207836,VCBS - United Kingdom - Adult (Promo),349699,Under Suspicion: Kate McCann (Promo) (UK)
UK,0,1207836,VCBS - United Kingdom - Adult (Promo),325294,Under the Dome (Promo) (UK)
UK,0,1207836,VCBS - United Kingdom - Adult (Promo),340238,Unwrapping King Tut: Secrets Of The Mummy (Promo) (UK)
UK,0,1207836,VCBS - United Kingdom - Adult (Promo),335456,VMAs (Promo) (UK)
UK,0,1207836,VCBS - United Kingdom - Adult (Promo),328961,Volcano with Dara Ó Briain (Promo) (UK)
UK,0,1207836,VCBS - United Kingdom - Adult (Promo),351101,Walker (Promo) (UK)
UK,0,1207836,VCBS - United Kingdom - Adult (Promo),276001,War of the Worlds (Promo) (UK)
UK,0,1207836,VCBS - United Kingdom - Adult (Promo),346991,Warship: Life in the Royal Navy (Promo) (UK)
UK,0,1207836,VCBS - United Kingdom - Adult (Promo),346444,Warship: Life on the Frontline (Promo) (UK)
UK,0,1207836,VCBS - United Kingdom - Adult (Promo),269428,What's Eating Gilbert Grape (Promo) (UK)
UK,0,1207836,VCBS - United Kingdom - Adult (Promo),321560,Whose Line Is It Anyway? (Promo) (UK)
UK,0,1207836,VCBS - United Kingdom - Adult (Promo),332454,Wild Cards (Promo) (UK)
UK,0,1207836,VCBS - United Kingdom - Adult (Promo),325728,William & Harry: Love & Betrayal (Promo) (UK)
UK,0,1207836,VCBS - United Kingdom - Adult (Promo),337574,"William & The King: Like Father, Like Son (Promo) (UK)"
UK,0,1207836,VCBS - United Kingdom - Adult (Promo),349467,Wolrd Championship Snooker900 (Promo) (UK)
UK,0,1207836,VCBS - United Kingdom - Adult (Promo),341536,World's Biggest Christmas Market (Promo) (UK)
UK,0,1207836,VCBS - United Kingdom - Adult (Promo),342608,World's Strongest Man (Promo) (UK)
UK,0,1207836,VCBS - United Kingdom - Adult (Promo),337108,Wylde Pak (Promo) (UK)
UK,0,1207836,VCBS - United Kingdom - Adult (Promo),340040,Yellow Couch (Promo) (UK)
UK,0,1207836,VCBS - United Kingdom - Adult (Promo),325539,Yellowjackets (Promo) (UK)
UK,0,1207836,VCBS - United Kingdom - Adult (Promo),317988,Yellowstone (Promo) (UK)
UK,0,1207836,VCBS - United Kingdom - Adult (Promo),351201,Yellowstone to Yosemite (Promo) (UK)
UK,0,1207836,VCBS - United Kingdom - Adult (Promo),346694,Yorkshire's Poshest Hotel: Grantley (Promo) (UK)
UK,0,1207836,VCBS - United Kingdom - Adult (Promo),330367,You Be The Judge: Crime & Punishment (Promo) (UK)
UK,0,1207836,VCBS - United Kingdom - Adult (Promo),351684,Z Nation (Promo) (UK)
UK,0,1207836,VCBS - United Kingdom - Adult (Promo),269224,Zeros and Ones (Promo) (UK)
UK,1,1209288,VCBS - United Kingdom - Kids (Promo),341178,A Loud House Christmas Movie: Naughty or Nice - Kids (Promo) (UK)
UK,1,1209288,VCBS - United Kingdom - Kids (Promo),341826,A Paw Patrol Christmas - Kids (Promo) (UK)
UK,1,1209288,VCBS - United Kingdom - Kids (Promo),344725,Adventure Half Term - Kids (Promo) (UK)
UK,1,1209288,VCBS - United Kingdom - Kids (Promo),344676,Animal Care Club - Kids (Promo) (UK
UK,1,1209288,VCBS - United Kingdom - Kids (Promo),323739,Arthur - Kids (Promo) (UK)
UK,1,1209288,VCBS - United Kingdom - Kids (Promo),352512,Avatar Aang: The Last Airbender - Kids (Promo) (UK)
UK,1,1209288,VCBS - United Kingdom - Kids (Promo),275464,Baby Shark - Kids (Promo) (UK)
UK,1,1209288,VCBS - United Kingdom - Kids (Promo),351620,Barbapapa - Kids (Promo) (UK)
UK,1,1209288,VCBS - United Kingdom - Kids (Promo),350789,Bedtime Stories with Ryan - Kids (Promo) (UK)
UK,1,1209288,VCBS - United Kingdom - Kids (Promo),350289,Ben & Holly's Little Kingdom - Kids (Promo) (UK)
UK,1,1209288,VCBS - United Kingdom - Kids (Promo),331025,Blaze and the Monster Machines - Kids (Promo) (UK)
UK,1,1209288,VCBS - United Kingdom - Kids (Promo),323721,Bob The Builder- Kids (Promo) (UK)
UK,1,1209288,VCBS - United Kingdom - Kids (Promo),351745,Casagrandes - Kids (Promo) (UK)
UK,1,1209288,VCBS - United Kingdom - Kids (Promo),353021,Clash of the Thundermans - Kids (Promo) (UK)
UK,1,1209288,VCBS - United Kingdom - Kids (Promo),269234,Cocomelon - Kids (Promo) (UK)
UK,1,1209288,VCBS - United Kingdom - Kids (Promo),276176,Danger Force - Kids (Promo) (UK)
UK,1,1209288,VCBS - United Kingdom - Kids (Promo),343603,Deer Squad - Kids (Promo) (UK)
UK,1,1209288,VCBS - United Kingdom - Kids (Promo),277701,Dora - Kids (Promo) (UK)
UK,1,1209288,VCBS - United Kingdom - Kids (Promo),332408,Dora and the Search for Sol Dorado - Kids (Promo) (UK)
UK,1,1209288,VCBS - United Kingdom - Kids (Promo),344576,Erin & Aaron - Kids (Promo) (UK)
UK,1,1209288,VCBS - United Kingdom - Kids (Promo),345077,Fireman Sam - Kids (Promo) (UK)
UK,1,1209288,VCBS - United Kingdom - Kids (Promo),323665,Gabby's Dollhouse - Kids (Promo) (UK)
UK,1,1209288,VCBS - United Kingdom - Kids (Promo),344535,Half Term Heroes - Kids (Promo) (UK)
UK,1,1209288,VCBS - United Kingdom - Kids (Promo),322751,Henry Danger - Kids (Promo) (UK)
UK,1,1209288,VCBS - United Kingdom - Kids (Promo),325311,Henry Danger: The Movie - Kids (Promo) (UK)
UK,1,1209288,VCBS - United Kingdom - Kids (Promo),310785,Kamp Koral - Kids (Promo) (UK)
UK,1,1209288,VCBS - United Kingdom - Kids (Promo),308766,Mecha Builders - Kids (Promo) (UK)
UK,1,1209288,VCBS - United Kingdom - Kids (Promo),275414,Milkshake - Kids (Promo) (UK)
UK,1,1209288,VCBS - United Kingdom - Kids (Promo),343671,Mona The Vampire - Kids (Promo) (UK)
UK,1,1209288,VCBS - United Kingdom - Kids (Promo),276264,Monster High - Kids (Promo) (UK)
UK,1,1209288,VCBS - United Kingdom - Kids (Promo),348903,Move It Milkshakers! - Kids (Promo) (UK)
UK,1,1209288,VCBS - United Kingdom - Kids (Promo),334014,Nick - Kids (Promo) (UK)
UK,1,1209288,VCBS - United Kingdom - Kids (Promo),277702,Nick Jr. - Kids (Promo) (UK)
UK,1,1209288,VCBS - United Kingdom - Kids (Promo),312580,No Time To Spy: A Loud House Movie - Kids (Promo) (UK)
UK,1,1209288,VCBS - United Kingdom - Kids (Promo),311793,Odo - Kids (Promo) (UK)
UK,1,1209288,VCBS - United Kingdom - Kids (Promo),311781,Paddington - Kids (Promo) (UK)
UK,1,1209288,VCBS - United Kingdom - Kids (Promo),310169,Paramount + Brand - Kids (Promo) (UK)
UK,1,1209288,VCBS - United Kingdom - Kids (Promo),321582,Paw Patrol - Kids (Promo) (UK)
UK,1,1209288,VCBS - United Kingdom - Kids (Promo),318784,Paw Patrol: Air Rescue - Kids (Promo) (UK)
UK,1,1209288,VCBS - United Kingdom - Kids (Promo),277700,Paw Patrol: Mighty Pups - Kids (Promo) (UK)
UK,1,1209288,VCBS - United Kingdom - Kids (Promo),311788,Paw Patrol: Rescue Wheels Adventure (Promo) (UK)
UK,1,1209288,VCBS - United Kingdom - Kids (Promo),338513,Paw Patrol: Search & Rescue - Kids (Promo) (UK)
UK,1,1209288,VCBS - United Kingdom - Kids (Promo),309461,Paw Patrol: The Mighty Movie - Kids (Promo) (UK)
UK,1,1209288,VCBS - United Kingdom - Kids (Promo),336897,Paw Patrol: Valiente a Tracker Story - Kids (Promo) (UK)
UK,1,1209288,VCBS - United Kingdom - Kids (Promo),311363,Peppa Pig - Kids (Promo) (UK)
UK,1,1209288,VCBS - United Kingdom - Kids (Promo),269235,Pluto TV - Kids (Promo) (UK)
UK,1,1209288,VCBS - United Kingdom - Kids (Promo),323129,Pokémon - Kids (Promo) (UK)
UK,1,1209288,VCBS - United Kingdom - Kids (Promo),351770,Purple & Brown - Kids (Promo) (UK)
UK,1,1209288,VCBS - United Kingdom - Kids (Promo),306721,Rock Paper Scissors - Kids (Promo) (UK)
UK,1,1209288,VCBS - United Kingdom - Kids (Promo),346102,Rocky's Cat-astrophe - Kids (Promo) (UK)
UK,1,1209288,VCBS - United Kingdom - Kids (Promo),315756,Rubble & Crew - Kids (Promo) (UK)
UK,1,1209288,VCBS - United Kingdom - Kids (Promo),275463,Rubble - Kids (Promo) (UK)
UK,1,1209288,VCBS - United Kingdom - Kids (Promo),343335,Smurfs - Kids (Promo) (UK)
UK,1,1209288,VCBS - United Kingdom - Kids (Promo),323881,Sonic Prime - Kids (Promo) (UK)
UK,1,1209288,VCBS - United Kingdom - Kids (Promo),327042,Sonic the Hedgehog 3 - Kids (Promo) (UK)
UK,1,1209288,VCBS - United Kingdom - Kids (Promo),332406,Spongebob & Patrick's Timeline Twist-Up - Kids (Promo) (UK)
UK,1,1209288,VCBS - United Kingdom - Kids (Promo),313711,Spongebob - Kids (Promo) (UK)
UK,1,1209288,VCBS - United Kingdom - Kids (Promo),344090,Spongeboss Square Baby - Kids (Promo) (UK)
UK,1,1209288,VCBS - United Kingdom - Kids (Promo),344683,Stan & Gran - Kids (Promo) (UK)
UK,1,1209288,VCBS - United Kingdom - Kids (Promo),334162,Super Duper Bunny League - Kids (Promo) (UK)
UK,1,1209288,VCBS - United Kingdom - Kids (Promo),306711,TMNT: Mutant Mayhem - Kids (Promo) (UK)
UK,1,1209288,VCBS - United Kingdom - Kids (Promo),315973,Tales of the Teenage Mutant Ninja Turtles - Kids (Promo) (UK)
UK,1,1209288,VCBS - United Kingdom - Kids (Promo),323716,Teletubbies- Kids (Promo) (UK)
UK,1,1209288,VCBS - United Kingdom - Kids (Promo),329518,The Creature Cases - Kids (Promo) (UK)
UK,1,1209288,VCBS - United Kingdom - Kids (Promo),330057,The Fairly Odd Parents: A New Wish - Kids (Promo) (UK)
UK,1,1209288,VCBS - United Kingdom - Kids (Promo),332559,The Loud House - Kids (Promo) (UK)
UK,1,1209288,VCBS - United Kingdom - Kids (Promo),352191,The Marsupilamis - Kids (Promo) (UK)
UK,1,1209288,VCBS - United Kingdom - Kids (Promo),311377,The Patrick Star Show - Kids (Promo) (UK)
UK,1,1209288,VCBS - United Kingdom - Kids (Promo),351465,The Really Loud House - Kids (Promo) (UK)
UK,1,1209288,VCBS - United Kingdom - Kids (Promo),326325,The Smurfs - Kids (Promo) (UK)
UK,1,1209288,VCBS - United Kingdom - Kids (Promo),350398,The Spongebob Movie: Search for Squarepants - Kids (Promo) (UK)
UK,1,1209288,VCBS - United Kingdom - Kids (Promo),325306,The Thundermans - Kids (Promo) (UK)
UK,1,1209288,VCBS - United Kingdom - Kids (Promo),326042,The Thundermans Undercover - Kids (Promo) (UK)
UK,1,1209288,VCBS - United Kingdom - Kids (Promo),344654,The Woohoo's! - Kids (Promo) (UK)
UK,1,1209288,VCBS - United Kingdom - Kids (Promo),310163,Thomas & Friends - Kids (Promo) (UK)
UK,1,1209288,VCBS - United Kingdom - Kids (Promo),307689,Thundermans Return - Kids (Promo) (UK)
UK,1,1209288,VCBS - United Kingdom - Kids (Promo),334930,Tim Rex in Space - Kids (Promo) (UK)
UK,1,1209288,VCBS - United Kingdom - Kids (Promo),331090,Transformers One - Kids (Promo) (UK)
UK,1,1209288,VCBS - United Kingdom - Kids (Promo),312208,Transformers: Earthspark - Kids (Promo) (UK)
UK,1,1209288,VCBS - United Kingdom - Kids (Promo),337188,Wylde Pak - Kids (Promo) (UK)
USA,0,1000520,VCBS English - USA - Adult (Promo),203414,00s Replay (Promo) (USA)
USA,0,1000520,VCBS English - USA - Adult (Promo),193947,"1,000 Years of Slavery (Promo) (USA)"
USA,0,1000520,VCBS English - USA - Adult (Promo),307031,100 Days to Indy (Promo) (USA)
USA,0,1000520,VCBS English - USA - Adult (Promo),235088,11 Minutes (Promo) (USA)
USA,0,1000520,VCBS English - USA - Adult (Promo),351462,12 Days of Christmas Eve (Promo) (USA)
USA,0,1000520,VCBS English - USA - Adult (Promo),243280,12th Victim (Promo) (USA)
USA,0,1000520,VCBS English - USA - Adult (Promo),188120,1883 (Promo) (USA)
USA,0,1000520,VCBS English - USA - Adult (Promo),238108,1923 (Promo) (USA)
USA,0,1000520,VCBS English - USA - Adult (Promo),341681,21 Jump Street  (Promo) (USA)
USA,0,1000520,VCBS English - USA - Adult (Promo),184682,26th Street Garage: The FBI's Untold Story of 9/11 (Promo) (USA)
USA,0,1000520,VCBS English - USA - Adult (Promo),332348,28 Days Later (Promo) (USA)
USA,0,1000520,VCBS English - USA - Adult (Promo),245957,2nd Chance (Promo) (USA)
USA,0,1000520,VCBS English - USA - Adult (Promo),256160,3ICE (Promo) (USA)
USA,0,1000520,VCBS English - USA - Adult (Promo),181606,48 Hours (Promo) (USA)
USA,0,1000520,VCBS English - USA - Adult (Promo),314468,4UV (Promo) (USA)
USA,0,1000520,VCBS English - USA - Adult (Promo),333446,50 Cent Action (Promo) (USA)
USA,0,1000520,VCBS English - USA - Adult (Promo),342070,50 First Dates (Promo) (USA)
USA,0,1000520,VCBS English - USA - Adult (Promo),180586,60 Minutes (Promo) (USA)
USA,0,1000520,VCBS English - USA - Adult (Promo),268914,72 Seconds In Rittenhouse Square (Promo) (USA)
USA,0,1000520,VCBS English - USA - Adult (Promo),239538,80 for Brady (Promo) (USA)
USA,0,1000520,VCBS English - USA - Adult (Promo),272107,90's Kids Channel (Promo) (USA)
USA,0,1000520,VCBS English - USA - Adult (Promo),237794,90210 (Promo) (USA)
USA,0,1000520,VCBS English - USA - Adult (Promo),275431,90s Throwback (Promo) (USA)
USA,0,1000520,VCBS English - USA - Adult (Promo),307222,A Bloody Lucky Day (Promo) (USA)
USA,0,1000520,VCBS English - USA - Adult (Promo),341136,A Christmas Karen (Promo) (USA)
USA,0,1000520,VCBS English - USA - Adult (Promo),321653,A Christmas Miracle (Promo) (USA)
USA,0,1000520,VCBS English - USA - Adult (Promo),342491,A Demon's Revenge (Promo) (USA)
USA,0,1000520,VCBS English - USA - Adult (Promo),330140,A Few Good Men (Promo) (USA)
USA,0,1000520,VCBS English - USA - Adult (Promo),346606,A Force of One (Promo) (USA)
USA,0,1000520,VCBS English - USA - Adult (Promo),306998,A Gentleman in Moscow (Promo) (USA)
USA,0,1000520,VCBS English - USA - Adult (Promo),342389,A Grammy Celebration of Latin Music (Promo) (USA)
USA,0,1000520,VCBS English - USA - Adult (Promo),274523,A Grammy Salute (Promo) (USA)
USA,0,1000520,VCBS English - USA - Adult (Promo),341108,A Holiday Chance (Promo) (USA)
USA,0,1000520,VCBS English - USA - Adult (Promo),322249,A League of Their Own (Promo) (USA)
USA,0,1000520,VCBS English - USA - Adult (Promo),307217,A Luv Tale (Promo) (USA)
USA,0,1000520,VCBS English - USA - Adult (Promo),198911,A Madea Family Funeral (Promo) (USA)
USA,0,1000520,VCBS English - USA - Adult (Promo),341098,A Miracle Before Christmas (Promo) (USA)
USA,0,1000520,VCBS English - USA - Adult (Promo),344623,A Night in Old Mexico (Promo) (USA)
USA,0,1000520,VCBS English - USA - Adult (Promo),339217,A PAW Patrol Christmas (Promo) (USA)
USA,0,1000520,VCBS English - USA - Adult (Promo),182531,A Quiet Place (Promo) (USA)
USA,0,1000520,VCBS English - USA - Adult (Promo),306984,A Quiet Place: Day One (Promo) (USA)
USA,0,1000520,VCBS English - USA - Adult (Promo),269719,A Really Haunted Loud House (Promo) (USA)
USA,0,1000520,VCBS English - USA - Adult (Promo),275829,A Rich Christmas (Promo) (USA)
USA,0,1000520,VCBS English - USA - Adult (Promo),275828,A Royal Christmas Surprise (Promo) (USA)
USA,0,1000520,VCBS English - USA - Adult (Promo),341192,A Series of Unfortunate Events (Promo) (USA)
USA,0,1000520,VCBS English - USA - Adult (Promo),342287,A Soulful Christmas (Promo) (USA)
USA,0,1000520,VCBS English - USA - Adult (Promo),341618,A Very Corgi Christmas (Promo) (USA)
USA,0,1000520,VCBS English - USA - Adult (Promo),341118,A Wesley Christmas (Promo) (USA)
USA,0,1000520,VCBS English - USA - Adult (Promo),272355,A Wesley Christmas Wedding (Promo) (USA)
USA,0,1000520,VCBS English - USA - Adult (Promo),322397,A Wesley South African Christmas (Promo) (USA)
USA,0,1000520,VCBS English - USA - Adult (Promo),344484,A.C.O.D.  (Promo) (USA)
USA,0,1000520,VCBS English - USA - Adult (Promo),347504,A.I. Artificial Intelligence (Promo) (USA)
USA,0,1000520,VCBS English - USA - Adult (Promo),181449,AAPI (Promo) (USA)
USA,0,1000520,VCBS English - USA - Adult (Promo),310331,AARP (Promo) (USA)
USA,0,1000520,VCBS English - USA - Adult (Promo),181460,AFV (Promo) (USA)
USA,0,1000520,VCBS English - USA - Adult (Promo),328879,ALLBLK Gems (Promo) (USA)
USA,0,1000522,VCBS Spanish - USA - Adult (Promo),240350,AMC - Spanish (Promo) (USA)
USA,0,1000520,VCBS English - USA - Adult (Promo),202489,AMOS Women's French Cup (Promo) (USA)
USA,0,1000520,VCBS English - USA - Adult (Promo),309054,ARK: The Animated Series (Promo) (USA)
USA,0,1000520,VCBS English - USA - Adult (Promo),273042,ATL Playboy (Promo) (USA)
USA,0,1000520,VCBS English - USA - Adult (Promo),332967,AWSN (Promo) (USA)
USA,0,1000522,VCBS Spanish - USA - Adult (Promo),195396,Acapulco Shore - Spanish (Promo) (USA)
USA,0,1000520,VCBS English - USA - Adult (Promo),334878,Ace Ventura (Promo) (USA)
USA,0,1000520,VCBS English - USA - Adult (Promo),188869,Adele One Night Only (Promo) (USA)
USA,0,1000520,VCBS English - USA - Adult (Promo),204358,After Happily Ever After (Promo) (USA)
USA,0,1000520,VCBS English - USA - Adult (Promo),276110,After Midnight (Promo) (USA)
USA,0,1000520,VCBS English - USA - Adult (Promo),256330,Aftersun (Promo) (USA)
USA,0,1000520,VCBS English - USA - Adult (Promo),194398,Air Disasters (Promo) (USA)
USA,0,1000520,VCBS English - USA - Adult (Promo),333318,Air Force One (Promo) (USA)
USA,0,1000520,VCBS English - USA - Adult (Promo),325736,Ali (Promo) (USA)
USA,0,1000520,VCBS English - USA - Adult (Promo),352563,Alias (Promo) (USA)
USA,0,1000520,VCBS English - USA - Adult (Promo),323547,Alien Nation (Promo) (USA)
USA,0,1000520,VCBS English - USA - Adult (Promo),318687,All Reality by WE tv (Promo) (USA)
USA,0,1000520,VCBS English - USA - Adult (Promo),180650,All Rise (Promo) (USA)
USA,0,1000520,VCBS English - USA - Adult (Promo),200244,All Star Shore (Promo) (USA)
USA,0,1000520,VCBS English - USA - Adult (Promo),266856,All Stars Project (Promo) (USA)
USA,0,1000520,VCBS English - USA - Adult (Promo),184861,All The Queen's Men (Promo) (USA)
USA,0,1000520,VCBS English - USA - Adult (Promo),308903,All The Way Black  (Promo) (USA)
USA,0,1000520,VCBS English - USA - Adult (Promo),266534,All Up in the Biz (Promo) (USA)
USA,0,1000520,VCBS English - USA - Adult (Promo),350359,Alone (Promo) (USA)
USA,0,1000520,VCBS English - USA - Adult (Promo),247470,America Decides (Promo) (USA)
USA,0,1000520,VCBS English - USA - Adult (Promo),255462,America in Black (Promo) (USA)
USA,0,1000520,VCBS English - USA - Adult (Promo),343839,America's Culinary Cup (Promo) (USA)
USA,0,1000520,VCBS English - USA - Adult (Promo),341939,America's Funniest Home Videos (Promo) (USA)
USA,0,1000520,VCBS English - USA - Adult (Promo),190703,America's Test Kitchen (Promo) (USA)
USA,0,1000520,VCBS English - USA - Adult (Promo),182480,American Cornhole League (Promo) (USA)
USA,0,1000520,VCBS English - USA - Adult (Promo),348574,American Crimes (Promo) (USA)
USA,0,1000520,VCBS English - USA - Adult (Promo),196628,American Gangster: Trap Queens (Promo) (USA)
USA,0,1000520,VCBS English - USA - Adult (Promo),202279,American Gigolo (Promo) (USA)
USA,0,1000520,VCBS English - USA - Adult (Promo),340775,American Pickers (Promo) (USA)
USA,0,1000520,VCBS English - USA - Adult (Promo),341102,American Rodeo: A Cowboy Christmas (Promo) (USA)
USA,0,1000520,VCBS English - USA - Adult (Promo),184279,American Rust (Promo) (USA)
USA,0,1000520,VCBS English - USA - Adult (Promo),309754,American Skin (Promo) (USA)
USA,0,1000520,VCBS English - USA - Adult (Promo),350402,Among Us (Promo) (USA)
USA,0,1000520,VCBS English - USA - Adult (Promo),318190,An Oprah Special: The Presleys (Promo) (USA)
USA,0,1000520,VCBS English - USA - Adult (Promo),198258,Anchorman: The Legend of Ron Burgundy (Promo) (USA)
USA,0,1000520,VCBS English - USA - Adult (Promo),337063,Ancient Aliens (Promo) (USA)
USA,0,1000520,VCBS English - USA - Adult (Promo),236226,Andy Griffith (Promo) (USA)
USA,0,1000520,VCBS English - USA - Adult (Promo),243889,Angel (Promo) (USA)
USA,0,1000520,VCBS English - USA - Adult (Promo),343768,Angel Heart (Promo) (USA)
USA,0,1000520,VCBS English - USA - Adult (Promo),181462,Anime All Day (Promo) (USA)
USA,0,1000520,VCBS English - USA - Adult (Promo),329832,Anime x HiDive (Promo) (USA)
USA,0,1000520,VCBS English - USA - Adult (Promo),347505,Annihilation (Promo) (USA)
USA,0,1000520,VCBS English - USA - Adult (Promo),332496,Anthony Bourdain No Reservations (Promo) (USA)
USA,0,1000520,VCBS English - USA - Adult (Promo),202488,Antiques Road Trip (Promo) (USA)
USA,0,1000520,VCBS English - USA - Adult (Promo),181436,Antiques Roadshow (Promo) (USA)
USA,0,1000520,VCBS English - USA - Adult (Promo),348575,Antiviral (Promo) (USA)
USA,0,1000520,VCBS English - USA - Adult (Promo),316049,Apartment 7A (Promo) (USA)
USA,0,1000520,VCBS English - USA - Adult (Promo),348836,Are We There Yet? (Promo) (USA)
USA,0,1000520,VCBS English - USA - Adult (Promo),244844,Are You Smarter Than A 5th Grader? (Promo) (USA)
USA,0,1000520,VCBS English - USA - Adult (Promo),240436,Are You The One? (Promo) (USA)
USA,0,1000520,VCBS English - USA - Adult (Promo),314860,Arrival (Promo) (USA)
USA,0,1000520,VCBS English - USA - Adult (Promo),348644,Arrow (Promo) (USA)
USA,0,1000520,VCBS English - USA - Adult (Promo),307424,As We Speak: Rap Music on Trial (Promo) (USA)
USA,0,1000520,VCBS English - USA - Adult (Promo),322396,As1One (Promo) (USA)
USA,0,1000520,VCBS English - USA - Adult (Promo),191118,Ascension (Promo) (USA)
USA,0,1000520,VCBS English - USA - Adult (Promo),352067,Assassin Club (Promo) (USA)
USA,0,1000520,VCBS English - USA - Adult (Promo),204359,Assisted Living (Promo) (USA)
USA,0,1000520,VCBS English - USA - Adult (Promo),240811,At Midnight (Promo) (USA)
USA,0,1000520,VCBS English - USA - Adult (Promo),196702,Athletes Unlimited (Promo) (USA)
USA,0,1000520,VCBS English - USA - Adult (Promo),277429,Avatar: Braving the Elements (Promo) (USA)
USA,0,1000520,VCBS English - USA - Adult (Promo),307677,Avatar: The Last Airbender (Promo) (USA)
USA,0,1000520,VCBS English - USA - Adult (Promo),256841,Average Joe (Promo) (USA)
USA,0,1000520,VCBS English - USA - Adult (Promo),192166,AwesomenessTV's Next Influencer (Promo) (USA)
USA,0,1000520,VCBS English - USA - Adult (Promo),183966,Awkwafina (Promo) (USA)
USA,0,1000520,VCBS English - USA - Adult (Promo),350891,Ax Men (Promo) (USA)
USA,0,1000520,VCBS English - USA - Adult (Promo),180428,B Positive (Promo) (USA)
USA,0,1000520,VCBS English - USA - Adult (Promo),243893,B-Boy Blues (Promo) (USA)
USA,0,1000520,VCBS English - USA - Adult (Promo),181444,BBC (Promo) (USA)
USA,0,1000522,VCBS Spanish - USA - Adult (Promo),198579,BBC - Spanish (Promo) (USA)
USA,0,1000520,VCBS English - USA - Adult (Promo),323533,BBC Dinos 24/7 (Promo) (USA)
USA,0,1000520,VCBS English - USA - Adult (Promo),306759,BBC Earth (Promo) (USA)
USA,0,1000520,VCBS English - USA - Adult (Promo),201298,BBC Food (Promo) (USA)
USA,0,1000520,VCBS English - USA - Adult (Promo),201299,BBC Home and Garden (Promo) (USA)
USA,0,1000520,VCBS English - USA - Adult (Promo),197239,BBC Kids (Promo) (USA)
USA,0,1000520,VCBS English - USA - Adult (Promo),312447,BBC News (Promo) (USA)
USA,0,1000520,VCBS English - USA - Adult (Promo),181456,BET (Promo) (USA)
USA,0,1000520,VCBS English - USA - Adult (Promo),337699,BET 106 & Sports (Promo) (USA)
USA,0,1000520,VCBS English - USA - Adult (Promo),251984,BET Awards (Promo) (USA)
USA,0,1000520,VCBS English - USA - Adult (Promo),312591,BET Experience (Promo) (USA)
USA,0,1000520,VCBS English - USA - Adult (Promo),269296,BET Hip Hop Awards (Promo) (USA)
USA,0,1000520,VCBS English - USA - Adult (Promo),311260,BET News (Promo) (USA)
USA,0,1000520,VCBS English - USA - Adult (Promo),316442,BET Tyler Perry (Promo) (USA)
USA,0,1000520,VCBS English - USA - Adult (Promo),316448,BET x Tyler Perry Comedy (Promo) (USA)
USA,0,1000520,VCBS English - USA - Adult (Promo),316449,BET x Tyler Perry Drama (Promo) (USA)
USA,0,1000520,VCBS English - USA - Adult (Promo),255897,BIG3 (Promo) (USA)
USA,0,1000520,VCBS English - USA - Adult (Promo),181287,BPositive (Promo) (USA)
USA,0,1000520,VCBS English - USA - Adult (Promo),186892,Baby Shark (1000520) (Promo) (USA)
USA,0,1000520,VCBS English - USA - Adult (Promo),273532,Baby Shark's Big Movie (Promo) (USA)
USA,0,1000520,VCBS English - USA - Adult (Promo),239381,Babylon (Promo) (USA)
USA,0,1000520,VCBS English - USA - Adult (Promo),184683,Back to Life (Promo) (USA)
USA,0,1000520,VCBS English - USA - Adult (Promo),353240,Bad Apples (Promo) (USA)
USA,0,1000520,VCBS English - USA - Adult (Promo),307888,Bad Girls Club (Promo) (USA)
USA,0,1000520,VCBS English - USA - Adult (Promo),319321,Bad Santa (Promo) (USA)
USA,0,1000520,VCBS English - USA - Adult (Promo),181429,Bar Rescue (Promo) (USA)
USA,0,1000520,VCBS English - USA - Adult (Promo),181817,Bar Rescue-1000520 (Promo) (USA)
USA,0,1000520,VCBS English - USA - Adult (Promo),329835,Barbershop (Promo) (USA)
USA,0,1000520,VCBS English - USA - Adult (Promo),203344,Barclays Women's Super League (Promo) (USA)
USA,0,1000520,VCBS English - USA - Adult (Promo),267568,Bargain (Promo) (USA)
USA,0,1000520,VCBS English - USA - Adult (Promo),197735,Basketball Wives (Promo) (USA)
USA,0,1000520,VCBS English - USA - Adult (Promo),312595,Basketball Wives: LA (Promo) (USA)
USA,0,1000520,VCBS English - USA - Adult (Promo),269312,Basketball Wives: Orlando (Promo) (USA)
USA,0,1000520,VCBS English - USA - Adult (Promo),191497,Battle of the Decades (Promo) (USA)
USA,0,1000520,VCBS English - USA - Adult (Promo),350935,Battlestar Galactica (Promo) (USA)
USA,0,1000520,VCBS English - USA - Adult (Promo),347349,Bau Artist at War (Promo) (USA)
USA,0,1000520,VCBS English - USA - Adult (Promo),181443,Baywatch (Promo) (USA)
USA,0,1000520,VCBS English - USA - Adult (Promo),200109,Bboy Blues (Promo) (USA)
USA,0,1000520,VCBS English - USA - Adult (Promo),245837,Beach Boys Grammy Salute (Promo) (USA)
USA,0,1000520,VCBS English - USA - Adult (Promo),199958,Beavis and Butthead Do The Universe (Promo) (USA)
USA,0,1000522,VCBS Spanish - USA - Adult (Promo),181372,Bebecito Bum - Spanish (Promo) (USA)
USA,0,1000520,VCBS English - USA - Adult (Promo),330040,Beckham & Friends Live (Promo) (USA)
USA,0,1000520,VCBS English - USA - Adult (Promo),307226,Becoming King (Promo) (USA)
USA,0,1000520,VCBS English - USA - Adult (Promo),182086,Behind The Music (Promo) (USA)
USA,0,1000520,VCBS English - USA - Adult (Promo),349182,Being Mary Jane (Promo) (USA)
USA,0,1000520,VCBS English - USA - Adult (Promo),242797,Bellator MMA (Promo) (USA)
USA,0,1000522,VCBS Spanish - USA - Adult (Promo),242802,Bellator MMA - Spanish (Promo) (USA)
USA,0,1000520,VCBS English - USA - Adult (Promo),236976,Best of All the Smoke (Promo) (USA)
USA,0,1000520,VCBS English - USA - Adult (Promo),318497,Better Man (Promo) (USA)
USA,0,1000520,VCBS English - USA - Adult (Promo),328720,Beverly Hills Cop (Promo) (USA)
USA,0,1000520,VCBS English - USA - Adult (Promo),308447,Beyond The Aggressives: 25 Years Later (Promo) (USA)
USA,0,1000520,VCBS English - USA - Adult (Promo),193943,Beyond The Edge (Promo) (USA)
USA,0,1000520,VCBS English - USA - Adult (Promo),323862,Beyond the Gates (Promo) (USA)
USA,0,1000520,VCBS English - USA - Adult (Promo),202635,Bid For Love (Promo) (USA)
USA,0,1000520,VCBS English - USA - Adult (Promo),316385,Big 10 (Promo) (USA)
USA,0,1000520,VCBS English - USA - Adult (Promo),180598,Big Brother (Promo) (USA)
USA,0,1000520,VCBS English - USA - Adult (Promo),268684,Big Fifty (Promo) (USA)
USA,0,1000520,VCBS English - USA - Adult (Promo),194008,Big Nate (Promo) (USA)
USA,0,1000520,VCBS English - USA - Adult (Promo),317218,Big Ten (Promo) (USA)
USA,0,1000520,VCBS English - USA - Adult (Promo),192409,Bigger (Promo) (USA)
USA,0,1000520,VCBS English - USA - Adult (Promo),351095,Billie Eilish - Hit Me Hard And Soft: The Tour (Promo) (USA)
USA,0,1000520,VCBS English - USA - Adult (Promo),183835,Billions (Promo) (USA)
USA,0,1000520,VCBS English - USA - Adult (Promo),195548,Bionic Max (Promo) (USA)
USA,0,1000520,VCBS English - USA - Adult (Promo),324369,Black Box Diaries (Promo) (USA)
USA,0,1000520,VCBS English - USA - Adult (Promo),239529,Black Cinema (Promo) (USA)
USA,0,1000520,VCBS English - USA - Adult (Promo),312847,Black Collective (Promo) (USA)
USA,0,1000520,VCBS English - USA - Adult (Promo),203085,Black Hamptons (Promo) (USA)
USA,0,1000520,VCBS English - USA - Adult (Promo),185207,Black Ink Crew (Promo) (USA)
USA,0,1000520,VCBS English - USA - Adult (Promo),201583,Black Ink Crew: Chicago (Promo) (USA)
USA,0,1000520,VCBS English - USA - Adult (Promo),239887,Black Ink Crew: Los Angeles (Promo) (USA)
USA,0,1000520,VCBS English - USA - Adult (Promo),235361,Black Ink Crew: New York (Promo) (USA)
USA,0,1000520,VCBS English - USA - Adult (Promo),237198,Black Throwbacks (Promo) (USA)
USA,0,1000520,VCBS English - USA - Adult (Promo),314946,Black Visionaries (Promo) (USA)
USA,0,1000520,VCBS English - USA - Adult (Promo),306867,Black Voices (Promo) (USA)
USA,0,1000520,VCBS English - USA - Adult (Promo),341286,Blade (Promo) (USA)
USA,0,1000520,VCBS English - USA - Adult (Promo),328721,Blended (Promo) (USA)
USA,0,1000520,VCBS English - USA - Adult (Promo),341972,Blended Christmas (Promo) (USA)
USA,0,1000520,VCBS English - USA - Adult (Promo),201438,Blood & Treasure (Promo) (USA)
USA,0,1000520,VCBS English - USA - Adult (Promo),310382,Blood Is Thicker: The Hargan Family Killings (Promo) (USA)
USA,0,1000520,VCBS English - USA - Adult (Promo),246805,Blossom (Promo) (USA)
USA,0,1000520,VCBS English - USA - Adult (Promo),180633,Blue Bloods (Promo) (USA)
USA,0,1000520,VCBS English - USA - Adult (Promo),236084,Blue's Big City Adventure (Promo) (USA)
USA,0,1000520,VCBS English - USA - Adult (Promo),180642,Bob Hearts Abishola (Promo) (USA)
USA,0,1000520,VCBS English - USA - Adult (Promo),275690,Bob Marley: One Love (Promo) (USA)
USA,0,1000522,VCBS Spanish - USA - Adult (Promo),332508,Bodas + - Spanish (Promo) (USA)
USA,0,1000520,VCBS English - USA - Adult (Promo),245974,Bodies Bodies Bodies (Promo) (USA)
USA,0,1000520,VCBS English - USA - Adult (Promo),336151,Bodyguard of Lies (Promo) (USA)
USA,0,1000520,VCBS English - USA - Adult (Promo),181459,Bond (Promo) (USA)
USA,0,1000520,VCBS English - USA - Adult (Promo),184179,Bond 007 (Promo) (USA)
USA,0,1000520,VCBS English - USA - Adult (Promo),275564,Born in Synanon (Promo) (USA)
USA,0,1000520,VCBS English - USA - Adult (Promo),345114,Boruto: Naruto Next Generations (Promo) (USA)
USA,0,1000520,VCBS English - USA - Adult (Promo),329053,Boston Blue (Promo) (USA)
USA,0,1000520,VCBS English - USA - Adult (Promo),191124,Bounce XL Channel (Promo) (USA)
USA,0,1000520,VCBS English - USA - Adult (Promo),239292,Boys in Blue (Promo) (USA)
USA,0,1000520,VCBS English - USA - Adult (Promo),332066,Boyz n the Hood (Promo) (USA)
USA,0,1000520,VCBS English - USA - Adult (Promo),309348,Bracket Breakdown (Promo) (USA)
USA,0,1000520,VCBS English - USA - Adult (Promo),346438,Bram Stoker's Dracula (Promo) (USA)
USA,0,1000520,VCBS English - USA - Adult (Promo),202779,Brave Wilderness (Promo) (USA)
USA,0,1000520,VCBS English - USA - Adult (Promo),198257,Braveheart (Promo) (USA)
USA,0,1000520,VCBS English - USA - Adult (Promo),181610,Brazil Soccer League (Promo) (USA)
USA,0,1000520,VCBS English - USA - Adult (Promo),345919,Breakdown (Promo) (USA)
USA,0,1000520,VCBS English - USA - Adult (Promo),317899,Breathe (Promo) (USA)
USA,0,1000520,VCBS English - USA - Adult (Promo),191117,Bree Way (Promo) (USA)
USA,0,1000520,VCBS English - USA - Adult (Promo),322398,Brewsters Millions Christmas (Promo) (USA)
USA,0,1000520,VCBS English - USA - Adult (Promo),345113,Bring It! (Promo) (USA)
USA,0,1000520,VCBS English - USA - Adult (Promo),183596,Bring Your Own Brigade (Promo) (USA)
USA,0,1000520,VCBS English - USA - Adult (Promo),318839,BritBox Mysteries (Promo) (USA)
USA,0,1000520,VCBS English - USA - Adult (Promo),183826,Britbox (Promo) (USA)
USA,0,1000520,VCBS English - USA - Adult (Promo),275367,British Drama (Promo) (USA)
USA,0,1000520,VCBS English - USA - Adult (Promo),194105,Brooklyn Nine Nine (Promo) (USA)
USA,0,1000520,VCBS English - USA - Adult (Promo),192405,Bruh (Promo) (USA)
USA,0,1000520,VCBS English - USA - Adult (Promo),199764,Buckhead Shores (Promo) (USA)
USA,0,1000520,VCBS English - USA - Adult (Promo),266528,Buddy Games (Promo) (USA)
USA,0,1000520,VCBS English - USA - Adult (Promo),180634,Bull (Promo) (USA)
USA,0,1000520,VCBS English - USA - Adult (Promo),325634,Burden of Guilt (Promo) (USA)
USA,0,1000520,VCBS English - USA - Adult (Promo),186884,Buried (Promo) (USA)
USA,0,1000520,VCBS English - USA - Adult (Promo),352559,Burn Notice (Promo) (USA)
USA,0,1000520,VCBS English - USA - Adult (Promo),181474,Buzzr (Promo) (USA)
USA,0,1000520,VCBS English - USA - Adult (Promo),251928,CBS Baseball (Promo) (USA)
USA,0,1000520,VCBS English - USA - Adult (Promo),182436,CBS Basketball (Promo) (USA)
USA,0,1000520,VCBS English - USA - Adult (Promo),182020,CBS Generic (Promo) (USA)
USA,0,1000520,VCBS English - USA - Adult (Promo),181299,CBS Golf (Promo) (USA)
USA,0,1000520,VCBS English - USA - Adult (Promo),192563,CBS Hockey (Promo) (USA)
USA,0,1000520,VCBS English - USA - Adult (Promo),276488,CBS Holiday Specials (Promo) (USA)
USA,0,1000520,VCBS English - USA - Adult (Promo),196705,CBS Mornings (Promo) (USA)
USA,0,1000520,VCBS English - USA - Adult (Promo),180514,CBS News (Promo) (USA)
USA,0,1000520,VCBS English - USA - Adult (Promo),322383,CBS News - Atlanta (Promo) (USA)
USA,0,1000520,VCBS English - USA - Adult (Promo),276610,CBS News - Baltimore (Promo) (USA)
USA,0,1000520,VCBS English - USA - Adult (Promo),276622,CBS News - Bay Area (Promo) (USA)
USA,0,1000520,VCBS English - USA - Adult (Promo),276611,CBS News - Boston (Promo) (USA)
USA,0,1000520,VCBS English - USA - Adult (Promo),276624,CBS News - Chicago (Promo) (USA)
USA,0,1000520,VCBS English - USA - Adult (Promo),276612,CBS News - Detroit (Promo) (USA)
USA,0,1000520,VCBS English - USA - Adult (Promo),276609,CBS News - Los Angeles (Promo) (USA)
USA,0,1000520,VCBS English - USA - Adult (Promo),276621,CBS News - Philadelphia (Promo) (USA)
USA,0,1000520,VCBS English - USA - Adult (Promo),333495,CBS News - Sacramento (Promo) (USA)
USA,0,1000520,VCBS English - USA - Adult (Promo),315905,CBS News 24/7 (Promo) (USA)
USA,0,1000520,VCBS English - USA - Adult (Promo),275305,CBS News Colorado (Promo) (USA)
USA,0,1000520,VCBS English - USA - Adult (Promo),246223,CBS News Local (Promo) (USA)
USA,0,1000520,VCBS English - USA - Adult (Promo),276916,CBS News Miami (Promo) (USA)
USA,0,1000520,VCBS English - USA - Adult (Promo),275304,CBS News Minnesota (Promo) (USA)
USA,0,1000522,VCBS Spanish - USA - Adult (Promo),322620,CBS News Minnesota - Spanish (Promo) (USA)
USA,0,1000520,VCBS English - USA - Adult (Promo),276917,CBS News New York (Promo) (USA)
USA,0,1000520,VCBS English - USA - Adult (Promo),275303,CBS News Pittsburgh (Promo) (USA)
USA,0,1000520,VCBS English - USA - Adult (Promo),200016,CBS News Specials (Promo) (USA)
USA,0,1000520,VCBS English - USA - Adult (Promo),197756,CBS News Weather (Promo) (USA)
USA,0,1000520,VCBS English - USA - Adult (Promo),197472,CBS Reports (Promo) (USA)
USA,0,1000520,VCBS English - USA - Adult (Promo),181337,CBS Sports (Promo) (USA)
USA,0,1000522,VCBS Spanish - USA - Adult (Promo),181373,CBS Sports - Spanish (Promo) (USA)
USA,0,1000520,VCBS English - USA - Adult (Promo),191128,CBS Sports HQ (Promo) (USA)
USA,0,1000520,VCBS English - USA - Adult (Promo),189771,CBS Tennis (Promo) (USA)
USA,0,1000520,VCBS English - USA - Adult (Promo),181289,CBS This Morning (Promo) (USA)
USA,0,1000520,VCBS English - USA - Adult (Promo),181288,CBSN (Promo) (USA)
USA,0,1000522,VCBS Spanish - USA - Adult (Promo),181374,CBSN Spanish - Spanish (Promo) (USA)
USA,0,1000520,VCBS English - USA - Adult (Promo),200475,CBSSN Awards (Promo) (USA)
USA,0,1000520,VCBS English - USA - Adult (Promo),255229,CFL (Promo) (USA)
USA,0,1000520,VCBS English - USA - Adult (Promo),330692,CIA (Promo) (USA)
USA,0,1000520,VCBS English - USA - Adult (Promo),309276,CMT (Promo) (USA)
USA,0,1000520,VCBS English - USA - Adult (Promo),276680,CMT Campfire Sessions (Promo) (USA)
USA,0,1000520,VCBS English - USA - Adult (Promo),310098,CMT Equal Play (Promo) (USA)
USA,0,1000520,VCBS English - USA - Adult (Promo),181448,CMT Music Awards (Promo) (USA)
USA,0,1000520,VCBS English - USA - Adult (Promo),272481,CMT Smashing Glass (Promo) (USA)
USA,0,1000520,VCBS English - USA - Adult (Promo),256154,CMT Summer Sessions (Promo) (USA)
USA,0,1000520,VCBS English - USA - Adult (Promo),268526,CMT: Crossroads (Promo) (USA)
USA,0,1000520,VCBS English - USA - Adult (Promo),181435,CNN (Promo) (USA)
USA,0,1000522,VCBS Spanish - USA - Adult (Promo),333971,CNN Xpress - Spanish (Promo) (USA)
USA,0,1000520,VCBS English - USA - Adult (Promo),310809,COPS (Promo) (USA)
USA,0,1000520,VCBS English - USA - Adult (Promo),269870,CRUSH (Promo) (USA)
USA,0,1000520,VCBS English - USA - Adult (Promo),240437,CSI (Promo) (USA)
USA,0,1000522,VCBS Spanish - USA - Adult (Promo),237273,CSI - Spanish (Promo) (USA)
USA,0,1000522,VCBS Spanish - USA - Adult (Promo),236817,CSI: Miami - Spanish (Promo) (USA)
USA,0,1000522,VCBS Spanish - USA - Adult (Promo),236886,CSI: NY - Spanish (Promo) (USA)
USA,0,1000520,VCBS English - USA - Adult (Promo),182847,CSI: Vegas (Promo) (USA)
USA,0,1000520,VCBS English - USA - Adult (Promo),309913,CTRL + ALT+ DESIRE (Promo) (USA)
USA,0,1000520,VCBS English - USA - Adult (Promo),266996,Call Her King (Promo) (USA)
USA,0,1000520,VCBS English - USA - Adult (Promo),343848,Can You Keep a Secret? (Promo) (USA)
USA,0,1000522,VCBS Spanish - USA - Adult (Promo),347228,Cantinflas - Spanish (Promo) (USA)
USA,0,1000520,VCBS English - USA - Adult (Promo),274896,Car Chase (Promo) (USA)
USA,0,1000520,VCBS English - USA - Adult (Promo),313434,Caresha For Real (Promo) (USA)
USA,0,1000520,VCBS English - USA - Adult (Promo),335653,Caribbean Music Awards (Promo) (USA)
USA,0,1000520,VCBS English - USA - Adult (Promo),187645,Carol Burnett Show (Promo) (USA)
USA,0,1000520,VCBS English - USA - Adult (Promo),346607,Carrie (1976) (Promo) (USA)
USA,0,1000520,VCBS English - USA - Adult (Promo),346452,Carrie (2013) (Promo) (USA)
USA,0,1000520,VCBS English - USA - Adult (Promo),181447,Cartel Crew (Promo) (USA)
USA,0,1000520,VCBS English - USA - Adult (Promo),316455,Casa Bonita Mi Amor!: Documentary (Promo) (USA)
USA,0,1000522,VCBS Spanish - USA - Adult (Promo),244298,Casos De La Dra. Polo - Spanish (Promo) (USA)
USA,0,1000520,VCBS English - USA - Adult (Promo),245358,Catching Lightning (Promo) (USA)
USA,0,1000520,VCBS English - USA - Adult (Promo),193414,Catfish (Promo) (USA)
USA,0,1000520,VCBS English - USA - Adult (Promo),200624,Caught In The Act: Unfaithful (Promo) (USA)
USA,0,1000520,VCBS English - USA - Adult (Promo),267001,Caught Up (Promo) (USA)
USA,0,1000520,VCBS English - USA - Adult (Promo),330732,Caught in the Act: Double Life (Promo) (USA)
USA,0,1000520,VCBS English - USA - Adult (Promo),197291,Cecilia (Promo) (USA)
USA,0,1000522,VCBS Spanish - USA - Adult (Promo),197295,Cecilia - Spanish (Promo) (USA)
USA,0,1000520,VCBS English - USA - Adult (Promo),194067,Celebrity Big Brother (Promo) (USA)
USA,0,1000520,VCBS English - USA - Adult (Promo),182475,Celebrity Family Feud (Promo) (USA)
USA,0,1000520,VCBS English - USA - Adult (Promo),271911,Celebrity Squares (Promo) (USA)
USA,0,1000520,VCBS English - USA - Adult (Promo),239890,Celebrity True Crime Story (Promo) (USA)
USA,0,1000520,VCBS English - USA - Adult (Promo),245598,Charmed (Promo) (USA)
USA,0,1000520,VCBS English - USA - Adult (Promo),235925,Cheaters (Promo) (USA)
USA,0,1000522,VCBS Spanish - USA - Adult (Promo),337958,Cheaters - Spanish (Promo) (USA)
USA,0,1000520,VCBS English - USA - Adult (Promo),181479,Cheddar News (Promo) (USA)
USA,0,1000520,VCBS English - USA - Adult (Promo),255313,Cheers (Promo) (USA)
USA,0,1000520,VCBS English - USA - Adult (Promo),316885,Cheers + Frasier (Promo) (USA)
USA,0,1000520,VCBS English - USA - Adult (Promo),350366,Chicago (Promo) (USA)
USA,0,1000520,VCBS English - USA - Adult (Promo),341110,Chick Fight (Promo) (USA)
USA,0,1000520,VCBS English - USA - Adult (Promo),346387,Child's Play (Promo) (USA)
USA,0,1000520,VCBS English - USA - Adult (Promo),342980,Chip & Jo: Feels Like Home by Magnolia Network (Promo) (USA)
USA,0,1000520,VCBS English - USA - Adult (Promo),312663,Chopper Cops (Promo) (USA)
USA,0,1000520,VCBS English - USA - Adult (Promo),342381,Christina Aguilera: Christmas in Paris (Promo) (USA)
USA,0,1000520,VCBS English - USA - Adult (Promo),273146,Christmas Angel (Promo) (USA)
USA,0,1000520,VCBS English - USA - Adult (Promo),340675,Christmas By Design (Promo) (USA)
USA,0,1000520,VCBS English - USA - Adult (Promo),341122,Christmas Party Crashers (Promo) (USA)
USA,0,1000520,VCBS English - USA - Adult (Promo),307218,Churchy (Promo) (USA)
USA,0,1000522,VCBS Spanish - USA - Adult (Promo),268682,Cine Clasico - Spanish (Promo) (USA)
USA,0,1000522,VCBS Spanish - USA - Adult (Promo),275359,Cine Navideño - Spanish (Promo) (USA)
USA,0,1000520,VCBS English - USA - Adult (Promo),201383,City on a Hill (Promo) (USA)
USA,0,1000520,VCBS English - USA - Adult (Promo),351234,Civil War (Promo) (USA)
USA,0,1000520,VCBS English - USA - Adult (Promo),180595,Clarice (Promo) (USA)
USA,0,1000520,VCBS English - USA - Adult (Promo),245748,Classic TV Crime Drama (Promo) (USA)
USA,0,1000520,VCBS English - USA - Adult (Promo),276020,Classic TV Drama (Promo) (USA)
USA,0,1000520,VCBS English - USA - Adult (Promo),272703,Classic TV Variety (Promo) (USA)
USA,0,1000520,VCBS English - USA - Adult (Promo),187869,Classica (Promo) (USA)
USA,0,1000520,VCBS English - USA - Adult (Promo),187061,Clifford the Big Red Dog (Promo) (USA)
USA,0,1000520,VCBS English - USA - Adult (Promo),195895,Clive Davis: Most Iconic Performances (Promo) (USA)
USA,0,1000520,VCBS English - USA - Adult (Promo),343742,Cloverfield (Promo) (USA)
USA,0,1000520,VCBS English - USA - Adult (Promo),202939,Club Cumming Presents a Queer Comedy Extravaganza (Promo) (USA)
USA,0,1000520,VCBS English - USA - Adult (Promo),183894,Club Life (Promo) (USA)
USA,0,1000520,VCBS English - USA - Adult (Promo),332961,Clueless (Promo) (USA)
USA,0,1000520,VCBS English - USA - Adult (Promo),325491,Coach Carter (Promo) (USA)
USA,0,1000520,VCBS English - USA - Adult (Promo),191121,Coded (Promo) (USA)
USA,0,1000520,VCBS English - USA - Adult (Promo),337097,Cold Case Files by A&E (Promo) (USA)
USA,0,1000520,VCBS English - USA - Adult (Promo),342053,Coldwater (Promo) (USA)
USA,0,1000520,VCBS English - USA - Adult (Promo),271117,Colin from Accounts (Promo) (USA)
USA,0,1000520,VCBS English - USA - Adult (Promo),183965,College Football (Promo) (USA)
USA,0,1000520,VCBS English - USA - Adult (Promo),201385,College Hill (Promo) (USA)
USA,0,1000520,VCBS English - USA - Adult (Promo),312921,Collegiate Women Sports Awards (Promo) (USA)
USA,0,1000520,VCBS English - USA - Adult (Promo),191587,Come Dance with Me (Promo) (USA)
USA,0,1000520,VCBS English - USA - Adult (Promo),181472,Comedy Central (Promo) (USA)
USA,0,1000520,VCBS English - USA - Adult (Promo),308392,Comic View (Promo) (USA)
USA,0,1000520,VCBS English - USA - Adult (Promo),350929,Comic View: Rooftop Series (Promo) (USA)
USA,0,1000520,VCBS English - USA - Adult (Promo),268098,Comics Unleashed (Promo) (USA)
USA,0,1000520,VCBS English - USA - Adult (Promo),316304,Coming to America (Promo) (USA)
USA,0,1000520,VCBS English - USA - Adult (Promo),352345,Conan at Comic-Con (Promo) (USA)
USA,0,1000520,VCBS English - USA - Adult (Promo),187865,Concacaf (Promo) (USA)
USA,0,1000522,VCBS Spanish - USA - Adult (Promo),327492,Concacaf - Spanish (Promo) (USA)
USA,0,1000520,VCBS English - USA - Adult (Promo),313481,Coneheads (Promo) (USA)
USA,0,1000520,VCBS English - USA - Adult (Promo),314433,Confess by Nosey (Promo) (USA)
USA,0,1000520,VCBS English - USA - Adult (Promo),236974,"Confess, Fetch (Promo) (USA)"
USA,0,1000520,VCBS English - USA - Adult (Promo),311418,Congressional Black Caucus Town Hall (Promo) (USA)
USA,0,1000522,VCBS Spanish - USA - Adult (Promo),330456,Construcciones Asombrosas - Spanish (Promo) (USA)
USA,0,1000520,VCBS English - USA - Adult (Promo),343888,Continuum (Promo) (USA)
USA,0,1000520,VCBS English - USA - Adult (Promo),337194,Coraline (Promo) (USA)
USA,0,1000522,VCBS Spanish - USA - Adult (Promo),276606,Corazon Turco - Spanish (Promo) (USA)
USA,0,1000520,VCBS English - USA - Adult (Promo),343851,Cotton Comes To Harlem (Promo) (USA)
USA,0,1000520,VCBS English - USA - Adult (Promo),341101,Country Christmas Album (Promo) (USA)
USA,0,1000520,VCBS English - USA - Adult (Promo),199133,Couples Retreat (Promo) (USA)
USA,0,1000520,VCBS English - USA - Adult (Promo),245594,Couples Therapy (Promo) (USA)
USA,0,1000520,VCBS English - USA - Adult (Promo),193546,Course Record with Michael Breed (Promo) (USA)
USA,0,1000520,VCBS English - USA - Adult (Promo),181431,Court TV (Promo) (USA)
USA,0,1000520,VCBS English - USA - Adult (Promo),237271,Crackling Fireplace (Promo) (USA)
USA,0,1000522,VCBS Spanish - USA - Adult (Promo),238586,Crackling Fireplace - Spanish (Promo) (USA)
USA,0,1000520,VCBS English - USA - Adult (Promo),181453,Crank Yankers (Promo) (USA)
USA,0,1000520,VCBS English - USA - Adult (Promo),346331,Crawl (Promo) (USA)
USA,0,1000520,VCBS English - USA - Adult (Promo),325810,Creed (Promo) (USA)
USA,0,1000520,VCBS English - USA - Adult (Promo),240751,Crime 360 (Promo) (USA)
USA,0,1000520,VCBS English - USA - Adult (Promo),200848,Crime Without Punishment (Promo) (USA)
USA,0,1000522,VCBS Spanish - USA - Adult (Promo),330455,Crimen de WB TV (Promo) (USA)
USA,0,1000520,VCBS English - USA - Adult (Promo),308905,Criminal Minds (Promo) (USA)
USA,0,1000520,VCBS English - USA - Adult (Promo),237452,Criminal Minds: Evolution (Promo) (USA)
USA,0,1000520,VCBS English - USA - Adult (Promo),182846,Crossfit (Promo) (USA)
USA,0,1000520,VCBS English - USA - Adult (Promo),243831,Crown (Promo) (USA)
USA,0,1000520,VCBS English - USA - Adult (Promo),267002,Cruel Encounters (Promo) (USA)
USA,0,1000520,VCBS English - USA - Adult (Promo),309301,Crunchyroll (Promo) (USA)
USA,0,1000520,VCBS English - USA - Adult (Promo),338776,Crutch (Promo) (USA)
USA,0,1000522,VCBS Spanish - USA - Adult (Promo),351838,Crímenes imperfectos - Spanish (Promo) (USA)
USA,0,1000520,VCBS English - USA - Adult (Promo),348647,Cupertino (Promo) (USA)
USA,0,1000520,VCBS English - USA - Adult (Promo),235441,Cursed Friends (Promo) (USA)
USA,0,1000520,VCBS English - USA - Adult (Promo),277672,Cybersleuths: The Idaho Murders (Promo) (USA)
USA,0,1000520,VCBS English - USA - Adult (Promo),181473,DABL (Promo) (USA)
USA,0,1000520,VCBS English - USA - Adult (Promo),310950,DAZN Ringside (Promo) (USA)
USA,0,1000520,VCBS English - USA - Adult (Promo),331076,DMV (Promo) (USA)
USA,0,1000520,VCBS English - USA - Adult (Promo),340884,Daddy's Home 2 (Promo) (USA)
USA,0,1000520,VCBS English - USA - Adult (Promo),184387,Dallas Cowboy Cheerleaders (Promo) (USA)
USA,0,1000520,VCBS English - USA - Adult (Promo),316939,Dallas Cowboys Cheerleaders: Making The Team (Promo) (USA)
USA,0,1000520,VCBS English - USA - Adult (Promo),353287,Dalliance (Promo) (USA)
USA,0,1000520,VCBS English - USA - Adult (Promo),352736,Dana White's Contender Series (Promo) (USA)
USA,0,1000520,VCBS English - USA - Adult (Promo),246812,Dance For Me (Promo) (USA)
USA,0,1000520,VCBS English - USA - Adult (Promo),344862,Dance Moms (Promo) (USA)
USA,0,1000520,VCBS English - USA - Adult (Promo),344635,Dances With Wolves (Promo) (USA)
USA,0,1000520,VCBS English - USA - Adult (Promo),340599,Dateline (Promo) (USA)
USA,0,1000520,VCBS English - USA - Adult (Promo),243279,Dateline 24/7 (Promo) (USA)
USA,0,1000520,VCBS English - USA - Adult (Promo),277133,Dating Disasters (Promo) (USA)
USA,0,1000520,VCBS English - USA - Adult (Promo),270730,De La Calle (Promo) (USA)
USA,0,1000522,VCBS Spanish - USA - Adult (Promo),271536,De La Calle - Spanish (Promo) (USA)
USA,0,1000520,VCBS English - USA - Adult (Promo),267103,Deadlocked: How America Shaped the Supreme Court (Promo) (USA)
USA,0,1000520,VCBS English - USA - Adult (Promo),257009,Deadly Entanglement (Promo) (USA)
USA,0,1000520,VCBS English - USA - Adult (Promo),317652,Deadly Intentions (Promo) (USA)
USA,0,1000520,VCBS English - USA - Adult (Promo),270917,Dear Best Friend (Promo) (USA)
USA,0,1000520,VCBS English - USA - Adult (Promo),322065,Dear Santa (Promo) (USA)
USA,0,1000520,VCBS English - USA - Adult (Promo),197992,Defy Wrestling (Promo) (USA)
USA,0,1000520,VCBS English - USA - Adult (Promo),181442,Degrassi (Promo) (USA)
USA,0,1000520,VCBS English - USA - Adult (Promo),202325,Deliciousness (Promo) (USA)
USA,0,1000520,VCBS English - USA - Adult (Promo),340667,Departure (Promo) (USA)
USA,0,1000520,VCBS English - USA - Adult (Promo),318973,Depravity (Promo) (USA)
USA,0,1000520,VCBS English - USA - Adult (Promo),273173,Destination Miami (Promo) (USA)
USA,0,1000520,VCBS English - USA - Adult (Promo),203147,Destination Paris (Promo) (USA)
USA,0,1000520,VCBS English - USA - Adult (Promo),185336,Destination Porto: The Unimaginable Journey (Promo) (USA)
USA,0,1000520,VCBS English - USA - Adult (Promo),252023,Destination: European Nights (Promo) (USA)
USA,0,1000520,VCBS English - USA - Adult (Promo),333175,Devon (Promo) (USA)
USA,0,1000520,VCBS English - USA - Adult (Promo),239601,Devotion (Promo) (USA)
USA,0,1000520,VCBS English - USA - Adult (Promo),349624,Devotion: Obedience or Betrayal (Promo) (USA)
USA,0,1000520,VCBS English - USA - Adult (Promo),191242,Dew Tour (Promo) (USA)
USA,0,1000520,VCBS English - USA - Adult (Promo),186882,Dexter (Promo) (USA)
USA,0,1000520,VCBS English - USA - Adult (Promo),317169,Dexter: Original Sin (Promo) (USA)
USA,0,1000520,VCBS English - USA - Adult (Promo),329966,Dexter: Resurrection (Promo) (USA)
USA,0,1000520,VCBS English - USA - Adult (Promo),307220,Diarra (Promo) (USA)
USA,0,1000520,VCBS English - USA - Adult (Promo),351592,Diarra from Detroit (Promo) (USA)
USA,0,1000520,VCBS English - USA - Adult (Promo),202328,Diary of A Mad Black Woman (Promo) (USA)
USA,0,1000520,VCBS English - USA - Adult (Promo),192407,Diggstown (Promo) (USA)
USA,0,1000520,VCBS English - USA - Adult (Promo),244286,Digman (Promo) (USA)
USA,0,1000520,VCBS English - USA - Adult (Promo),313482,Dinner for Schmucks (Promo) (USA)
USA,0,1000520,VCBS English - USA - Adult (Promo),337115,Divergent (Promo) (USA)
USA,0,1000520,VCBS English - USA - Adult (Promo),331839,Divorced Sistas (Promo) (USA)
USA,0,1000520,VCBS English - USA - Adult (Promo),353053,Django Unchained (Promo) (USA)
USA,0,1000520,VCBS English - USA - Adult (Promo),181439,Doctor Who Classic (Promo) (USA)
USA,0,1000520,VCBS English - USA - Adult (Promo),317991,Dog Whisperer with Cesar Milan (Promo) (USA)
USA,0,1000520,VCBS English - USA - Adult (Promo),346437,Don't Be Afraid of the Dark (Promo) (USA)
USA,0,1000520,VCBS English - USA - Adult (Promo),339078,Don't Date Brandon (Promo) (USA)
USA,0,1000520,VCBS English - USA - Adult (Promo),243959,Don't Leave Me Behind: Ukraine Doc (Promo) (USA)
USA,0,1000520,VCBS English - USA - Adult (Promo),311326,Don't Tell Mom the Babysitter's Dead (Promo) (USA)
USA,0,1000520,VCBS English - USA - Adult (Promo),348650,Donnie Darko (Promo) (USA)
USA,0,1000520,VCBS English - USA - Adult (Promo),256999,Donnie Simpson's Video Soul (Promo) (USA)
USA,0,1000520,VCBS English - USA - Adult (Promo),309833,Dora (Promo) (USA)
USA,0,1000522,VCBS Spanish - USA - Adult (Promo),315967,Dora - Spanish (Promo) (USA)
USA,0,1000520,VCBS English - USA - Adult (Promo),184389,Double Shot at Love (Promo) (USA)
USA,0,1000520,VCBS English - USA - Adult (Promo),182662,Dr. Oz (Promo) (USA)
USA,0,1000520,VCBS English - USA - Adult (Promo),183375,Dr. Phil (Promo) (USA)
USA,0,1000520,VCBS English - USA - Adult (Promo),182291,Dragging The Classics (Promo) (USA)
USA,0,1000520,VCBS English - USA - Adult (Promo),183205,Dream Team: Birth of the Modern Athlete (Promo) (USA)
USA,0,1000520,VCBS English - USA - Adult (Promo),334059,Dreamgirls (Promo) (USA)
USA,0,1000520,VCBS English - USA - Adult (Promo),267104,Dreaming Whilst Black (Promo) (USA)
USA,0,1000520,VCBS English - USA - Adult (Promo),181300,Drew Barrymore (Promo) (USA)
USA,0,1000520,VCBS English - USA - Adult (Promo),312513,Drive (Promo) (USA)
USA,0,1000520,VCBS English - USA - Adult (Promo),322846,Dua Lipa Special (Promo) (USA)
USA,0,1000520,VCBS English - USA - Adult (Promo),349163,Duck Dynasty (Promo) (USA)
USA,0,1000520,VCBS English - USA - Adult (Promo),197526,Due Season (Promo) (USA)
USA,0,1000520,VCBS English - USA - Adult (Promo),245070,Dungeons & Dragons (Promo) (USA)
USA,0,1000520,VCBS English - USA - Adult (Promo),350234,Dungeons & Dragons: Honor Among Thieves (Promo) (USA)
USA,0,1000520,VCBS English - USA - Adult (Promo),277561,Dutch II: Angel's Revenge (Promo) (USA)
USA,0,1000520,VCBS English - USA - Adult (Promo),342476,Dutch III (Promo) (USA)
USA,0,1000520,VCBS English - USA - Adult (Promo),346378,Dutton Ranch (Promo) (USA)
USA,0,1000520,VCBS English - USA - Adult (Promo),317694,Dying To Be Famous (Promo) (USA)
USA,0,1000520,VCBS English - USA - Adult (Promo),269427,Dynasty (Promo) (USA)
USA,0,1000520,VCBS English - USA - Adult (Promo),277935,E1 Racing (Promo) (USA)
USA,0,1000520,VCBS English - USA - Adult (Promo),315404,EFL English Football League (Promo) (USA)
USA,0,1000520,VCBS English - USA - Adult (Promo),193417,ELR & KOQ (Promo) (USA)
USA,0,1000520,VCBS English - USA - Adult (Promo),181301,ET Live (Promo) (USA)
USA,0,1000520,VCBS English - USA - Adult (Promo),181475,ET Online (Promo) (USA)
USA,0,1000520,VCBS English - USA - Adult (Promo),192758,"ET Presents: Betty White, A Life Well Lived (Promo) (USA)"
USA,0,1000520,VCBS English - USA - Adult (Promo),240094,EXchange (Promo) (USA)
USA,0,1000520,VCBS English - USA - Adult (Promo),307086,EarthDay 365 (Promo) (USA)
USA,0,1000520,VCBS English - USA - Adult (Promo),199266,East New York (Promo) (USA)
USA,0,1000520,VCBS English - USA - Adult (Promo),315716,Ebony (Promo) (USA)
USA,0,1000520,VCBS English - USA - Adult (Promo),327258,Eddie Murphy (Promo) (USA)
USA,0,1000520,VCBS English - USA - Adult (Promo),345461,Eddie and the Cruisers (Promo) (USA)
USA,0,1000522,VCBS Spanish - USA - Adult (Promo),244843,El Domo Del Dinero - Spanish (Promo) (USA)
USA,0,1000522,VCBS Spanish - USA - Adult (Promo),347054,El Infierno - Spanish (Promo) (USA)
USA,0,1000520,VCBS English - USA - Adult (Promo),341829,El Rey Rebel (Promo) (USA)
USA,0,1000520,VCBS English - USA - Adult (Promo),251980,Elsbeth (Promo) (USA)
USA,0,1000520,VCBS English - USA - Adult (Promo),331101,Emeril Lagasse (Promo) (USA)
USA,0,1000520,VCBS English - USA - Adult (Promo),256624,Emily (Promo) (USA)
USA,0,1000520,VCBS English - USA - Adult (Promo),184738,Emmy's (Promo) (USA)
USA,0,1000522,VCBS Spanish - USA - Adult (Promo),195614,Entre Nosotras - Spanish (Promo) (USA)
USA,0,1000520,VCBS English - USA - Adult (Promo),180594,Equalizer (Promo) (USA)
USA,0,1000520,VCBS English - USA - Adult (Promo),348584,Equals (Promo) (USA)
USA,0,1000520,VCBS English - USA - Adult (Promo),325823,Eric Clapton: Unplugged...Over 30 Years Later (Promo) (USA)
USA,0,1000522,VCBS Spanish - USA - Adult (Promo),185173,Estrella TV - Spanish (Promo) (USA)
USA,0,1000520,VCBS English - USA - Adult (Promo),349569,Eternally Yours (Promo) (USA)
USA,0,1000520,VCBS English - USA - Adult (Promo),237197,Europe Music Awards (Promo) (USA)
USA,0,1000520,VCBS English - USA - Adult (Promo),333981,Eurotrip (Promo) (USA)
USA,0,1000520,VCBS English - USA - Adult (Promo),181290,Evening News (Promo) (USA)
USA,0,1000520,VCBS English - USA - Adult (Promo),350067,Everwood (Promo) (USA)
USA,0,1000520,VCBS English - USA - Adult (Promo),181814,Everybody Loves Raymond & King of Queens (Promo) (USA)
USA,0,1000520,VCBS English - USA - Adult (Promo),184173,Everybody Loves Raymond (Promo) (USA)
USA,0,1000520,VCBS English - USA - Adult (Promo),316454,Everybody Still Hates Chris (Promo) (USA)
USA,0,1000520,VCBS English - USA - Adult (Promo),237791,Everything Everywhere All At Once (Promo) (USA)
USA,0,1000520,VCBS English - USA - Adult (Promo),181013,Evil (Promo) (USA)
USA,0,1000520,VCBS English - USA - Adult (Promo),346521,Evil Dead (Promo) (USA)
USA,0,1000520,VCBS English - USA - Adult (Promo),238990,Ex Girlfriends' Club (Promo) (USA)
USA,0,1000520,VCBS English - USA - Adult (Promo),195341,Ex on the Beach (Promo) (USA)
USA,0,1000522,VCBS Spanish - USA - Adult (Promo),330496,Expedientes Sobrenaturales - Spanish (Promo) (USA)
USA,0,1000520,VCBS English - USA - Adult (Promo),195478,Eye on America (Promo) (USA)
USA,0,1000520,VCBS English - USA - Adult (Promo),320233,Ezra (Promo) (USA)
USA,0,1000520,VCBS English - USA - Adult (Promo),180638,FBI (Promo) (USA)
USA,0,1000520,VCBS English - USA - Adult (Promo),314942,FBI - Brand (Promo) (USA)
USA,0,1000520,VCBS English - USA - Adult (Promo),244098,FBI TRUE (Promo) (USA)
USA,0,1000520,VCBS English - USA - Adult (Promo),184238,FBI: International (Promo) (USA)
USA,0,1000520,VCBS English - USA - Adult (Promo),180639,FBI: Most Wanted (Promo) (USA)
USA,0,1000520,VCBS English - USA - Adult (Promo),257322,FIFA Women's World Cup (Promo) (USA)
USA,0,1000520,VCBS English - USA - Adult (Promo),181291,Face The Nation (Promo) (USA)
USA,0,1000520,VCBS English - USA - Adult (Promo),324565,Face/Off (Promo) (USA)
USA,0,1000520,VCBS English - USA - Adult (Promo),345381,Fact or Fiction (Promo) (USA)
USA,0,1000520,VCBS English - USA - Adult (Promo),199319,FailArmy (Promo) (USA)
USA,0,1000520,VCBS English - USA - Adult (Promo),195327,Fairly Odder Parents (Promo) (USA)
USA,0,1000520,VCBS English - USA - Adult (Promo),186306,Fairview (Promo) (USA)
USA,0,1000520,VCBS English - USA - Adult (Promo),183925,Families of the Mafia (Promo) (USA)
USA,0,1000520,VCBS English - USA - Adult (Promo),196492,Family Business (Promo) (USA)
USA,0,1000520,VCBS English - USA - Adult (Promo),253867,Family Feud (Promo) (USA)
USA,0,1000520,VCBS English - USA - Adult (Promo),245889,Family Legacy (Promo) (USA)
USA,0,1000520,VCBS English - USA - Adult (Promo),237206,Family Ties (Promo) (USA)
USA,0,1000520,VCBS English - USA - Adult (Promo),340427,FanDuel Sports Network (Promo) (USA)
USA,0,1000520,VCBS English - USA - Adult (Promo),311327,FanDuel TV Extra (Promo) (USA)
USA,0,1000520,VCBS English - USA - Adult (Promo),237038,Fantasy Football (Promo) (USA)
USA,0,1000520,VCBS English - USA - Adult (Promo),344400,Farscape (Promo) (USA)
USA,0,1000520,VCBS English - USA - Adult (Promo),347905,Fast Color (Promo) (USA)
USA,0,1000520,VCBS English - USA - Adult (Promo),244395,Fatal Attraction (Promo) (USA)
USA,0,1000520,VCBS English - USA - Adult (Promo),336844,Fatal Detour (Promo) (USA)
USA,0,1000520,VCBS English - USA - Adult (Promo),328118,Favorite Son (Promo) (USA)
USA,0,1000520,VCBS English - USA - Adult (Promo),275277,Favorite Son Christmas (Promo) (USA)
USA,0,1000520,VCBS English - USA - Adult (Promo),343897,Feast Of Love (Promo) (USA)
USA,0,1000520,VCBS English - USA - Adult (Promo),255525,Fellow Travelers (Promo) (USA)
USA,0,1000520,VCBS English - USA - Adult (Promo),312584,Ferris Bueller's Day Off (Promo) (USA)
USA,0,1000520,VCBS English - USA - Adult (Promo),275294,Festive Fireplace (Promo) (USA)
USA,0,1000522,VCBS Spanish - USA - Adult (Promo),275295,Festive Fireplace - Spanish (Promo) (USA)
USA,0,1000520,VCBS English - USA - Adult (Promo),276752,Field Hockey (Promo) (USA)
USA,0,1000520,VCBS English - USA - Adult (Promo),203912,Fight Channel (Promo) (USA)
USA,0,1000520,VCBS English - USA - Adult (Promo),325947,Fighting to be Me: Dwen Curry (Promo) (USA)
USA,0,1000520,VCBS English - USA - Adult (Promo),340787,FilmRise (Promo) (USA)
USA,0,1000520,VCBS English - USA - Adult (Promo),272354,Finestkind (Promo) (USA)
USA,0,1000520,VCBS English - USA - Adult (Promo),349665,Finnegan's Foursome (Promo) (USA)
USA,0,1000520,VCBS English - USA - Adult (Promo),199267,Fire Country (Promo) (USA)
USA,0,1000520,VCBS English - USA - Adult (Promo),270918,First Lady of BMF (Promo) (USA)
USA,0,1000520,VCBS English - USA - Adult (Promo),192248,First Wives Club (Promo) (USA)
USA,0,1000520,VCBS English - USA - Adult (Promo),238635,Fit for Christmas (Promo) (USA)
USA,0,1000520,VCBS English - USA - Adult (Promo),341277,Five Star (Promo) (USA)
USA,0,1000520,VCBS English - USA - Adult (Promo),181293,Flatbush Misdemeanors (Promo) (USA)
USA,0,1000520,VCBS English - USA - Adult (Promo),325553,Flight (Promo) (USA)
USA,0,1000520,VCBS English - USA - Adult (Promo),344925,Florence Foster Jenkins (Promo) (USA)
USA,0,1000520,VCBS English - USA - Adult (Promo),181437,Floribama Shore (Promo) (USA)
USA,0,1000520,VCBS English - USA - Adult (Promo),341120,"Floyd ""Money"" Mayweather (Promo) (USA)"
USA,0,1000520,VCBS English - USA - Adult (Promo),203723,FoodTV (Promo) (USA)
USA,0,1000522,VCBS Spanish - USA - Adult (Promo),204040,Foodies - Spanish (Promo) (USA)
USA,0,1000520,VCBS English - USA - Adult (Promo),267332,Football Must Go On (Promo) (USA)
USA,0,1000520,VCBS English - USA - Adult (Promo),349587,Footloose (Promo) (USA)
USA,0,1000520,VCBS English - USA - Adult (Promo),181723,For Heaven's Sake (Promo) (USA)
USA,0,1000520,VCBS English - USA - Adult (Promo),308395,For What It's Worth (Promo) (USA)
USA,0,1000520,VCBS English - USA - Adult (Promo),246811,Forbidden Fruit (Promo) (USA)
USA,0,1000520,VCBS English - USA - Adult (Promo),190536,Forensic Files (Promo) (USA)
USA,0,1000522,VCBS Spanish - USA - Adult (Promo),183111,Forensic Files - Spanish (Promo) (USA)
USA,0,1000520,VCBS English - USA - Adult (Promo),247476,Forever Kids (1000520) (Promo) (USA)
USA,0,1000520,VCBS English - USA - Adult (Promo),350732,Forged in Fire (Promo) (USA)
USA,0,1000520,VCBS English - USA - Adult (Promo),312063,Formula 1 Channel (Promo) (USA)
USA,0,1000520,VCBS English - USA - Adult (Promo),182304,Formula-E (Promo) (USA)
USA,0,1000520,VCBS English - USA - Adult (Promo),317794,Forrest Gump (Promo) (USA)
USA,0,1000520,VCBS English - USA - Adult (Promo),343855,Four Weddings And A Funeral (Promo) (USA)
USA,0,1000522,VCBS Spanish - USA - Adult (Promo),328183,Fox Deportes - Spanish (Promo) (USA)
USA,0,1000520,VCBS English - USA - Adult (Promo),313236,Fox Sports (Promo) (USA)
USA,0,1000520,VCBS English - USA - Adult (Promo),315765,Fox Weather (Promo) (USA)
USA,0,1000520,VCBS English - USA - Adult (Promo),345918,Frankie & Johnny (Promo) (USA)
USA,0,1000520,VCBS English - USA - Adult (Promo),255312,Frasier (Promo) (USA)
USA,0,1000520,VCBS English - USA - Adult (Promo),311136,French Girl (Promo) (USA)
USA,0,1000520,VCBS English - USA - Adult (Promo),347903,Friday (Promo) (USA)
USA,0,1000520,VCBS English - USA - Adult (Promo),350164,Friday Night Lights (Promo) (USA)
USA,0,1000520,VCBS English - USA - Adult (Promo),328562,Friday the 13th (Promo) (USA)
USA,0,1000520,VCBS English - USA - Adult (Promo),189013,Friends (Promo) (USA)
USA,0,1000520,VCBS English - USA - Adult (Promo),346371,Fringe (Promo) (USA)
USA,0,1000520,VCBS English - USA - Adult (Promo),180575,From Cradle to Stage (Promo) (USA)
USA,0,1000520,VCBS English - USA - Adult (Promo),343794,From Paris with Love (Promo) (USA)
USA,0,1000520,VCBS English - USA - Adult (Promo),238505,Frosty (Promo) (USA)
USA,0,1000520,VCBS English - USA - Adult (Promo),308394,Fruits of the Heart (Promo) (USA)
USA,0,1000520,VCBS English - USA - Adult (Promo),191127,Fuse Beat (Promo) (USA)
USA,0,1000520,VCBS English - USA - Adult (Promo),275387,Future Superstars (Promo) (USA)
USA,0,1000520,VCBS English - USA - Adult (Promo),195536,G4 Select (Promo) (USA)
USA,0,1000520,VCBS English - USA - Adult (Promo),256890,Gabrielle Union: My Journey to 50 (Promo) (USA)
USA,0,1000520,VCBS English - USA - Adult (Promo),181441,Game Show Central (Promo) (USA)
USA,0,1000520,VCBS English - USA - Adult (Promo),246807,Game of Deceit (Promo) (USA)
USA,0,1000520,VCBS English - USA - Adult (Promo),181427,GamePlay (Promo) (USA)
USA,0,1000520,VCBS English - USA - Adult (Promo),185759,Games People Play (Promo) (USA)
USA,0,1000520,VCBS English - USA - Adult (Promo),307994,Garfield and Friends (Promo) (USA)
USA,0,1000520,VCBS English - USA - Adult (Promo),272746,Geddy Lee Asks: Are Bass Players Human Too? (Promo) (USA)
USA,0,1000520,VCBS English - USA - Adult (Promo),237656,George & Tammy (Promo) (USA)
USA,0,1000520,VCBS English - USA - Adult (Promo),310946,Georgie & Mandy's First Marriage (Promo) (USA)
USA,0,1000520,VCBS English - USA - Adult (Promo),344932,Get Over It (Promo) (USA)
USA,0,1000520,VCBS English - USA - Adult (Promo),325492,Get Rich or Die Trying (Promo) (USA)
USA,0,1000520,VCBS English - USA - Adult (Promo),197236,Ghislaine: Partner in Crime (Promo) (USA)
USA,0,1000520,VCBS English - USA - Adult (Promo),325493,Ghost (Promo) (USA)
USA,0,1000520,VCBS English - USA - Adult (Promo),270172,Ghost Hunters (Promo) (USA)
USA,0,1000520,VCBS English - USA - Adult (Promo),201757,Ghost and the House of Truth (Promo) (USA)
USA,0,1000520,VCBS English - USA - Adult (Promo),183246,Ghosts (Promo) (USA)
USA,0,1000520,VCBS English - USA - Adult (Promo),274547,Ghosts UK (Promo) (USA)
USA,0,1000520,VCBS English - USA - Adult (Promo),246841,Ghosts of Beirut (Promo) (USA)
USA,0,1000520,VCBS English - USA - Adult (Promo),342292,Girl Taken (Promo) (USA)
USA,0,1000520,VCBS English - USA - Adult (Promo),313890,Gladiator (Promo) (USA)
USA,0,1000522,VCBS Spanish - USA - Adult (Promo),345604,Gladiator En Español - Spanish (Promo) (USA)
USA,0,1000520,VCBS English - USA - Adult (Promo),314109,Gladiator II (Promo) (USA)
USA,0,1000520,VCBS English - USA - Adult (Promo),187066,Glory Kickboxing (Promo) (USA)
USA,0,1000520,VCBS English - USA - Adult (Promo),328120,God's Grace: The Sheila Johnson Story (Promo) (USA)
USA,0,1000520,VCBS English - USA - Adult (Promo),271403,God's Grace: The Shelia Johnson Story (Promo) (USA)
USA,0,1000520,VCBS English - USA - Adult (Promo),256211,Godzilla (Promo) (USA)
USA,0,1000520,VCBS English - USA - Adult (Promo),246432,Golazo Network (Promo) (USA)
USA,0,1000522,VCBS Spanish - USA - Adult (Promo),251190,Golazo Network - Spanish (Promo) (USA)
USA,0,1000520,VCBS English - USA - Adult (Promo),353171,Golden Axe (Promo) (USA)
USA,0,1000520,VCBS English - USA - Adult (Promo),181816,Golden Girls (Promo) (USA)
USA,0,1000520,VCBS English - USA - Adult (Promo),351870,Golden Shoes (Promo) (USA)
USA,0,1000520,VCBS English - USA - Adult (Promo),308265,Golf Pass (Promo) (USA)
USA,0,1000520,VCBS English - USA - Adult (Promo),256377,Goliath (Promo) (USA)
USA,0,1000520,VCBS English - USA - Adult (Promo),268748,Good Burger (Promo) (USA)
USA,0,1000520,VCBS English - USA - Adult (Promo),276489,Good Burger 2 (Promo) (USA)
USA,0,1000520,VCBS English - USA - Adult (Promo),346448,Good Guys Wear Black (Promo) (USA)
USA,0,1000520,VCBS English - USA - Adult (Promo),189264,Good Sam (Promo) (USA)
USA,0,1000520,VCBS English - USA - Adult (Promo),326806,Good Will Hunting (Promo) (USA)
USA,0,1000520,VCBS English - USA - Adult (Promo),351455,Gravity (Promo) (USA)
USA,0,1000520,VCBS English - USA - Adult (Promo),325488,Grease (Promo) (USA)
USA,0,1000520,VCBS English - USA - Adult (Promo),240495,Grease: Rise of the Pink Ladies (Promo) (USA)
USA,0,1000520,VCBS English - USA - Adult (Promo),183754,Greatest @Home Videos (Promo) (USA)
USA,0,1000520,VCBS English - USA - Adult (Promo),251372,Greatest Rap Crew of All Time (Promo) (USA)
USA,0,1000520,VCBS English - USA - Adult (Promo),339276,Grown Ups (Promo) (USA)
USA,0,1000520,VCBS English - USA - Adult (Promo),345459,GrowthDay Network (Promo) (USA)
USA,0,1000520,VCBS English - USA - Adult (Promo),352108,Grumpier Old Men (Promo) (USA)
USA,0,1000520,VCBS English - USA - Adult (Promo),322258,Grumpy Old Men (Promo) (USA)
USA,0,1000522,VCBS Spanish - USA - Adult (Promo),346996,Guerra de Papás (Promo) (USA)
USA,0,1000520,VCBS English - USA - Adult (Promo),183109,Guilty Party (Promo) (USA)
USA,0,1000520,VCBS English - USA - Adult (Promo),187344,Gunsmoke (Promo) (USA)
USA,0,1000520,VCBS English - USA - Adult (Promo),202725,Gusto TV (Promo) (USA)
USA,0,1000520,VCBS English - USA - Adult (Promo),338911,HISTORY Channel (Promo) (USA)
USA,0,1000520,VCBS English - USA - Adult (Promo),243827,HSN (Promo) (USA)
USA,0,1000520,VCBS English - USA - Adult (Promo),338590,Hacked (Promo) (USA)
USA,0,1000520,VCBS English - USA - Adult (Promo),235090,Hallmark Movies & More (Promo) (USA)
USA,0,1000520,VCBS English - USA - Adult (Promo),338353,Halloween Hits (Promo) (USA)
USA,0,1000520,VCBS English - USA - Adult (Promo),189011,Halo (Promo) (USA)
USA,0,1000520,VCBS English - USA - Adult (Promo),196360,Halo: Declassified (Promo) (USA)
USA,0,1000520,VCBS English - USA - Adult (Promo),343222,Handsome Devil: Charming Killer (Promo) (USA)
USA,0,1000520,VCBS English - USA - Adult (Promo),237362,Happy Days (Promo) (USA)
USA,0,1000520,VCBS English - USA - Adult (Promo),325478,Happy Face (Promo) (USA)
USA,0,1000520,VCBS English - USA - Adult (Promo),342595,Harlan Coben's Final Twist (Promo) (USA)
USA,0,1000520,VCBS English - USA - Adult (Promo),316306,Harlem Nights (Promo) (USA)
USA,0,1000520,VCBS English - USA - Adult (Promo),182837,Harper House (Promo) (USA)
USA,0,1000520,VCBS English - USA - Adult (Promo),348765,Hart of Dixie (Promo) (USA)
USA,0,1000520,VCBS English - USA - Adult (Promo),272014,Haunted Trail (Promo) (USA)
USA,0,1000520,VCBS English - USA - Adult (Promo),202276,Haus of Viscious (Promo) (USA)
USA,0,1000520,VCBS English - USA - Adult (Promo),273147,Heart for the Holidays (Promo) (USA)
USA,0,1000520,VCBS English - USA - Adult (Promo),343918,Heartburn (Promo) (USA)
USA,0,1000520,VCBS English - USA - Adult (Promo),195342,Heartland (Promo) (USA)
USA,0,1000520,VCBS English - USA - Adult (Promo),318277,Heat (Promo) (USA)
USA,0,1000520,VCBS English - USA - Adult (Promo),268683,Heist 88 (Promo) (USA)
USA,0,1000520,VCBS English - USA - Adult (Promo),201536,Hell of a Week with Charlamagne (Promo) (USA)
USA,0,1000520,VCBS English - USA - Adult (Promo),253787,Hell's Kitchen (Promo) (USA)
USA,0,1000522,VCBS Spanish - USA - Adult (Promo),183110,Hell's Kitchen en Español - Spanish (Promo) (USA)
USA,0,1000520,VCBS English - USA - Adult (Promo),238991,Hellcats (Promo) (USA)
USA,0,1000520,VCBS English - USA - Adult (Promo),236439,Hello (Promo) (USA)
USA,0,1000520,VCBS English - USA - Adult (Promo),196491,Help! I'm In A Secret Relationship (Promo) (USA)
USA,0,1000520,VCBS English - USA - Adult (Promo),322597,Henry Danger: The Movie (Promo) (USA)
USA,0,1000520,VCBS English - USA - Adult (Promo),199713,Her Majesty the Queen (Promo) (USA)
USA,0,1000520,VCBS English - USA - Adult (Promo),317467,Here After (Promo) (USA)
USA,0,1000520,VCBS English - USA - Adult (Promo),327910,High Ground (Promo) (USA)
USA,0,1000520,VCBS English - USA - Adult (Promo),238993,High School Mystery Club (Promo) (USA)
USA,0,1000520,VCBS English - USA - Adult (Promo),329715,Highway to Heaven (Promo) (USA)
USA,0,1000520,VCBS English - USA - Adult (Promo),199374,Hip Hop My House (Promo) (USA)
USA,0,1000520,VCBS English - USA - Adult (Promo),333752,Hip Hop Was Born Here (Promo) (USA)
USA,0,1000520,VCBS English - USA - Adult (Promo),336976,Hitch (Promo) (USA)
USA,0,1000520,VCBS English - USA - Adult (Promo),334319,Hogan's Heroes (Promo) (USA)
USA,0,1000520,VCBS English - USA - Adult (Promo),341133,Holiday Hideaway (Promo) (USA)
USA,0,1000520,VCBS English - USA - Adult (Promo),238585,Holiday Lights (Promo) (USA)
USA,0,1000522,VCBS Spanish - USA - Adult (Promo),238587,Holiday Lights - Spanish (Promo) (USA)
USA,0,1000520,VCBS English - USA - Adult (Promo),239029,Holiday Movie Favorites (Promo) (USA)
USA,0,1000520,VCBS English - USA - Adult (Promo),321869,Holidayscapes (Promo) (USA)
USA,0,1000520,VCBS English - USA - Adult (Promo),189403,Hollidaze and Chill (Promo) (USA)
USA,0,1000520,VCBS English - USA - Adult (Promo),181469,Hollywood Hillbillies (Promo) (USA)
USA,0,1000520,VCBS English - USA - Adult (Promo),257377,Hollywood Squares (Promo) (USA)
USA,0,1000520,VCBS English - USA - Adult (Promo),336157,Holy Hustle (Promo) (USA)
USA,0,1000520,VCBS English - USA - Adult (Promo),272960,Home Court (Promo) (USA)
USA,0,1000520,VCBS English - USA - Adult (Promo),239667,Home for the Holidays (Promo) (USA)
USA,0,1000520,VCBS English - USA - Adult (Promo),202686,Home.Made.Nation (Promo) (USA)
USA,0,1000520,VCBS English - USA - Adult (Promo),342606,Homefront (Promo) (USA)
USA,0,1000520,VCBS English - USA - Adult (Promo),322527,Homeful (Promo) (USA)
USA,0,1000520,VCBS English - USA - Adult (Promo),239528,Homeward Bound: Paul Simon (Promo) (USA)
USA,0,1000520,VCBS English - USA - Adult (Promo),200312,Honda Inspiration Award (Promo) (USA)
USA,0,1000520,VCBS English - USA - Adult (Promo),200932,Honor Society (Promo) (USA)
USA,0,1000520,VCBS English - USA - Adult (Promo),351479,Hook (Promo) (USA)
USA,0,1000520,VCBS English - USA - Adult (Promo),246383,Hot Bench (Promo) (USA)
USA,0,1000520,VCBS English - USA - Adult (Promo),347909,Hot Tub Time Machine (Promo) (USA)
USA,0,1000520,VCBS English - USA - Adult (Promo),192082,Hot in Cleveland & Golden Girls (Promo) (USA)
USA,0,1000520,VCBS English - USA - Adult (Promo),183963,House of Payne (Promo) (USA)
USA,0,1000520,VCBS English - USA - Adult (Promo),331746,House on Fire (Promo) (USA)
USA,0,1000520,VCBS English - USA - Adult (Promo),240096,House on Wheels (Promo) (USA)
USA,0,1000520,VCBS English - USA - Adult (Promo),201758,How Did They Build That (Promo) (USA)
USA,0,1000520,VCBS English - USA - Adult (Promo),312124,How Music Got Free (Promo) (USA)
USA,0,1000520,VCBS English - USA - Adult (Promo),195027,How We Roll (Promo) (USA)
USA,0,1000520,VCBS English - USA - Adult (Promo),328723,How to Lose A Guy In 10 Days (Promo) (USA)
USA,0,1000520,VCBS English - USA - Adult (Promo),347976,Hunt for the Wilderpeople (Promo) (USA)
USA,0,1000520,VCBS English - USA - Adult (Promo),239948,I Got A Story to Tell (Promo) (USA)
USA,0,1000520,VCBS English - USA - Adult (Promo),346443,I Know What You Did Last Summer (Promo) (USA
USA,0,1000520,VCBS English - USA - Adult (Promo),243436,I Love Lucy (Promo) (USA)
USA,0,1000520,VCBS English - USA - Adult (Promo),198168,I Love That For You (Promo) (USA)
USA,0,1000520,VCBS English - USA - Adult (Promo),200108,I Love Us (Promo) (USA)
USA,0,1000520,VCBS English - USA - Adult (Promo),256191,I Wanna Rock: The 80's Metal Dream (Promo) (USA)
USA,0,1000520,VCBS English - USA - Adult (Promo),312552,I.S.S. (Promo) (USA)
USA,0,1000520,VCBS English - USA - Adult (Promo),276155,IF (Promo) (USA)
USA,0,1000520,VCBS English - USA - Adult (Promo),201634,IGN (Promo) (USA)
USA,0,1000520,VCBS English - USA - Adult (Promo),191663,Ice Airport Alaska (Promo) (USA)
USA,0,1000520,VCBS English - USA - Adult (Promo),337960,Ice Road Truckers (Promo) (USA)
USA,0,1000520,VCBS English - USA - Adult (Promo),246803,Imani (Promo) (USA)
USA,0,1000520,VCBS English - USA - Adult (Promo),349982,In & Out (Promo) (USA)
USA,0,1000520,VCBS English - USA - Adult (Promo),272016,In Love & Toxic: Blue Therapy (Promo) (USA)
USA,0,1000520,VCBS English - USA - Adult (Promo),312671,Incision (Promo) (USA)
USA,0,1000520,VCBS English - USA - Adult (Promo),332116,Indiana Jones (Promo) (USA)
USA,0,1000520,VCBS English - USA - Adult (Promo),351471,Indiana Jones and the Last Crusade (Promo) (USA)
USA,0,1000520,VCBS English - USA - Adult (Promo),330897,Indiana Jones and the Raiders of the Lost Ark (Promo) (USA)
USA,0,1000522,VCBS Spanish - USA - Adult (Promo),351575,Indiana Jones y la última cruzada - Spanish (Promo) (USA)
USA,0,1000520,VCBS English - USA - Adult (Promo),192294,Indivisible: Healing Hate (Promo) (USA)
USA,0,1000520,VCBS English - USA - Adult (Promo),246810,Infidelity (Promo) (USA)
USA,0,1000520,VCBS English - USA - Adult (Promo),181012,Infinite (Promo) (USA)
USA,0,1000520,VCBS English - USA - Adult (Promo),307216,Influence (Promo) (USA)
USA,0,1000520,VCBS English - USA - Adult (Promo),202864,Ink Masters (Promo) (USA)
USA,0,1000520,VCBS English - USA - Adult (Promo),236085,Inside Amy Schumer (Promo) (USA)
USA,0,1000520,VCBS English - USA - Adult (Promo),267486,Inside College Football (Promo) (USA)
USA,0,1000520,VCBS English - USA - Adult (Promo),236810,Inside Edition (Promo) (USA)
USA,0,1000520,VCBS English - USA - Adult (Promo),184745,Inside the NFL (Promo) (USA)
USA,0,1000520,VCBS English - USA - Adult (Promo),328278,Insidious (Promo) (USA)
USA,0,1000520,VCBS English - USA - Adult (Promo),349548,Instant Family  (Promo) (USA)
USA,0,1000520,VCBS English - USA - Adult (Promo),184750,International Swimming League (Promo) (USA)
USA,0,1000520,VCBS English - USA - Adult (Promo),329858,Interstellar (Promo) (USA)
USA,0,1000520,VCBS English - USA - Adult (Promo),344586,Intervention (Promo) (USA)
USA,0,1000522,VCBS Spanish - USA - Adult (Promo),341128,Ip Man - Spanish (Promo) (USA)
USA,0,1000520,VCBS English - USA - Adult (Promo),316050,Irena's Vow (Promo) (USA)
USA,0,1000520,VCBS English - USA - Adult (Promo),190376,Iron Chef (Promo) (USA)
USA,0,1000522,VCBS Spanish - USA - Adult (Promo),190702,Iron Chef - Spanish (Promo) (USA)
USA,0,1000520,VCBS English - USA - Adult (Promo),272505,JFK: What the Doctors Saw (Promo) (USA)
USA,0,1000520,VCBS English - USA - Adult (Promo),331991,Jack Reacher (Promo) (USA)
USA,0,1000520,VCBS English - USA - Adult (Promo),238588,Jack Ryan (Promo) (USA)
USA,0,1000520,VCBS English - USA - Adult (Promo),353247,Jack and Jill (Promo) (USA)
USA,0,1000520,VCBS English - USA - Adult (Promo),316371,Jackass (Promo) (USA)
USA,0,1000520,VCBS English - USA - Adult (Promo),196181,Jackass Forever (Promo) (USA)
USA,0,1000520,VCBS English - USA - Adult (Promo),347305,Jackass Present: Bad Grandpa (Promo) (USA)
USA,0,1000520,VCBS English - USA - Adult (Promo),353159,Jackass: Best And Last (Promo) (USA)
USA,0,1000520,VCBS English - USA - Adult (Promo),351889,Jackass: The Movie (Promo) (USA)
USA,0,1000520,VCBS English - USA - Adult (Promo),352615,Jane the Virgin (Promo) (USA)
USA,0,1000520,VCBS English - USA - Adult (Promo),343854,Jean of the Joneses (Promo) (USA)
USA,0,1000520,VCBS English - USA - Adult (Promo),277358,Jeff Dunham (Promo) (USA)
USA,0,1000520,VCBS English - USA - Adult (Promo),201802,Jeopardy (Promo) (USA)
USA,0,1000520,VCBS English - USA - Adult (Promo),266332,Jericho Ridge (Promo) (USA)
USA,0,1000520,VCBS English - USA - Adult (Promo),329856,Jerry Maguire (Promo) (USA)
USA,0,1000520,VCBS English - USA - Adult (Promo),199058,Jerry and Marge Go Large (Promo) (USA)
USA,0,1000520,VCBS English - USA - Adult (Promo),181428,Jersey Shore (Promo) (USA)
USA,0,1000520,VCBS English - USA - Adult (Promo),193427,Jersey Shore Family Vacation (Promo) (USA)
USA,0,1000520,VCBS English - USA - Adult (Promo),195029,Joe Pickett (Promo) (USA)
USA,0,1000520,VCBS English - USA - Adult (Promo),315095,John Wick (Promo) (USA)
USA,0,1000520,VCBS English - USA - Adult (Promo),181446,Johnny Carson (Promo) (USA)
USA,0,1000520,VCBS English - USA - Adult (Promo),311468,Jordan Klepper (Promo) (USA)
USA,0,1000520,VCBS English - USA - Adult (Promo),187382,Judge Judy (Promo) (USA)
USA,0,1000520,VCBS English - USA - Adult (Promo),181458,Jukin (Promo) (USA)
USA,0,1000520,VCBS English - USA - Adult (Promo),181773,Julia Child (Promo) (USA)
USA,0,1000520,VCBS English - USA - Adult (Promo),276913,June (Promo) (USA)
USA,0,1000520,VCBS English - USA - Adult (Promo),316133,Just Go With It (Promo) (USA)
USA,0,1000520,VCBS English - USA - Adult (Promo),191713,K-Content (Promo) (USA)
USA,0,1000520,VCBS English - USA - Adult (Promo),184646,Kacey Musgraves: Star Crossed (Promo) (USA)
USA,0,1000520,VCBS English - USA - Adult (Promo),180582,Kamp Koral (Promo) (USA)
USA,0,1000520,VCBS English - USA - Adult (Promo),182201,Karate Combat (Promo) (USA)
USA,0,1000520,VCBS English - USA - Adult (Promo),186806,Kartoon Channel (Promo) (USA)
USA,0,1000520,VCBS English - USA - Adult (Promo),307219,Kemba (Promo) (USA)
USA,0,1000520,VCBS English - USA - Adult (Promo),188485,Kevin Garnett: Anything is Possible (Promo) (USA)
USA,0,1000520,VCBS English - USA - Adult (Promo),330215,Key & Peele (Promo) (USA)
USA,0,1000520,VCBS English - USA - Adult (Promo),341114,Kickboxer (Promo) (USA)
USA,0,1000520,VCBS English - USA - Adult (Promo),351617,Kicking and Screaming  (Promo) (USA)
USA,0,1000520,VCBS English - USA - Adult (Promo),193563,Kid of The Year (Promo) (USA)
USA,0,1000520,VCBS English - USA - Adult (Promo),312673,Kid's Choice Awards (Promo) (USA)
USA,0,1000520,VCBS English - USA - Adult (Promo),239180,Kid's Movie Club (Promo) (USA)
USA,0,1000520,VCBS English - USA - Adult (Promo),180596,Kids Say the Darndest Things (Promo) (USA)
USA,0,1000520,VCBS English - USA - Adult (Promo),331021,Kids' Choice Awards (Promo) (USA)
USA,0,1000520,VCBS English - USA - Adult (Promo),337621,Kill Bill (Promo) (USA)
USA,0,1000520,VCBS English - USA - Adult (Promo),269514,Killers of the Flower Moon (Promo) (USA)
USA,0,1000520,VCBS English - USA - Adult (Promo),338466,Kim Kardashian West: Hollywood Royalty (Promo) (USA)
USA,0,1000520,VCBS English - USA - Adult (Promo),251176,King Charles: The Boy Who Walked Alone (Promo) (USA)
USA,0,1000520,VCBS English - USA - Adult (Promo),185748,King of Queens (Promo) (USA)
USA,0,1000520,VCBS English - USA - Adult (Promo),198978,Kingdom Business (Promo) (USA)
USA,0,1000520,VCBS English - USA - Adult (Promo),349985,Kinky Boots (Promo) (USA)
USA,0,1000520,VCBS English - USA - Adult (Promo),310278,Kiss the Future (Promo) (USA)
USA,0,1000520,VCBS English - USA - Adult (Promo),344726,Kiss the Girls  (Promo) (USA)
USA,0,1000520,VCBS English - USA - Adult (Promo),307063,Knuckles (Promo) (USA)
USA,0,1000520,VCBS English - USA - Adult (Promo),277881,Kokomo City (Promo) (USA)
USA,0,1000520,VCBS English - USA - Adult (Promo),191004,LEGO Kids TV (Promo) (USA)
USA,0,1000520,VCBS English - USA - Adult (Promo),181457,LOL Network (Promo) (USA)
USA,0,1000522,VCBS Spanish - USA - Adult (Promo),315297,La Academia - Spanish (Promo) (USA)
USA,0,1000522,VCBS Spanish - USA - Adult (Promo),346993,La Familia Addams - Spanish (Promo) (USA)
USA,0,1000522,VCBS Spanish - USA - Adult (Promo),318413,La Familia Del Barrio - Spanish (Promo) (USA)
USA,0,1000522,VCBS Spanish - USA - Adult (Promo),347227,La Isla Siniestra - Spanish (Promo) (USA)
USA,0,1000520,VCBS English - USA - Adult (Promo),350414,Labyrinth (Promo) (USA)
USA,0,1000520,VCBS English - USA - Adult (Promo),182791,Lacrosse (Promo) (USA)
USA,0,1000520,VCBS English - USA - Adult (Promo),341097,Lady Bloodfight (Promo) (USA)
USA,0,1000520,VCBS English - USA - Adult (Promo),308782,Land of Bad (Promo) (USA)
USA,0,1000520,VCBS English - USA - Adult (Promo),316682,Landman (Promo) (USA)
USA,0,1000522,VCBS Spanish - USA - Adult (Promo),341665,Landman - Spanish (Promo) (USA)
USA,0,1000520,VCBS English - USA - Adult (Promo),331647,Lara Croft: Tomb Raider (Promo) (USA)
USA,0,1000520,VCBS English - USA - Adult (Promo),321648,Larger Than Life: Reign of the Boybands (Promo) (USA)
USA,0,1000520,VCBS English - USA - Adult (Promo),239401,Last Flight Home (Promo) (USA)
USA,0,1000520,VCBS English - USA - Adult (Promo),321640,Last Holiday (Promo) (USA)
USA,0,1000520,VCBS English - USA - Adult (Promo),189016,Last Man Standing (Promo) (USA)
USA,0,1000520,VCBS English - USA - Adult (Promo),343877,Last Of The Red Hot Lovers (Promo) (USA)
USA,0,1000520,VCBS English - USA - Adult (Promo),244014,Lavell Crawford (Promo) (USA)
USA,0,1000520,VCBS English - USA - Adult (Promo),336774,Law & Order (Promo) (USA)
USA,0,1000520,VCBS English - USA - Adult (Promo),266701,Lawmen: Bass Reeves (Promo) (USA)
USA,0,1000520,VCBS English - USA - Adult (Promo),246809,Legacy (Promo) (USA)
USA,0,1000520,VCBS English - USA - Adult (Promo),349034,Legally Blonde (Promo) (USA)
USA,0,1000520,VCBS English - USA - Adult (Promo),346451,Lenny (Promo) (USA)
USA,0,1000520,VCBS English - USA - Adult (Promo),202280,Let The Right One In (Promo) (USA)
USA,0,1000520,VCBS English - USA - Adult (Promo),311488,Let the Canary Sing (Promo) (USA)
USA,0,1000520,VCBS English - USA - Adult (Promo),240095,Let's Eat 2 (Promo) (USA)
USA,0,1000520,VCBS English - USA - Adult (Promo),200402,Let's Make a Deal (Promo) (USA)
USA,0,1000520,VCBS English - USA - Adult (Promo),257007,Lethal Legacy (Promo) (USA)
USA,0,1000520,VCBS English - USA - Adult (Promo),343872,Life of a King (Promo) (USA)
USA,0,1000520,VCBS English - USA - Adult (Promo),353015,Lifehack (Promo) (USA)
USA,0,1000520,VCBS English - USA - Adult (Promo),271862,Lift (Promo) (USA)
USA,0,1000520,VCBS English - USA - Adult (Promo),327831,Lil Kev (Promo) (USA)
USA,0,1000520,VCBS English - USA - Adult (Promo),348583,Limitless (Promo) (USA)
USA,0,1000520,VCBS English - USA - Adult (Promo),239244,Lingo (Promo) (USA)
USA,0,1000520,VCBS English - USA - Adult (Promo),341669,Little Disasters (Promo) (USA)
USA,0,1000520,VCBS English - USA - Adult (Promo),308923,Little House on the Prairie (Promo) (USA)
USA,0,1000520,VCBS English - USA - Adult (Promo),237133,Little Stars Universe (Promo) (USA)
USA,0,1000520,VCBS English - USA - Adult (Promo),308697,Little Wing (Promo) (USA)
USA,0,1000520,VCBS English - USA - Adult (Promo),237657,Live Music (Promo) (USA)
USA,0,1000520,VCBS English - USA - Adult (Promo),337439,LivePD Presents (Promo) (USA)
USA,0,1000520,VCBS English - USA - Adult (Promo),181438,Lively Place (Promo) (USA)
USA,0,1000520,VCBS English - USA - Adult (Promo),266757,Lock In: A Litefeet Story (Promo) (USA)
USA,0,1000520,VCBS English - USA - Adult (Promo),311206,Lolla: The Story of Lollapalooza (Promo) (USA)
USA,0,1000520,VCBS English - USA - Adult (Promo),346447,Lone Wolf McQuade (Promo) (USA)
USA,0,1000520,VCBS English - USA - Adult (Promo),350872,Lot Patrol (Promo) (USA)
USA,0,1000520,VCBS English - USA - Adult (Promo),267476,Loteria Loca (Promo) (USA)
USA,0,1000522,VCBS Spanish - USA - Adult (Promo),269599,Loteria Loca - Spanish (Promo) (USA)
USA,0,1000520,VCBS English - USA - Adult (Promo),187933,Loud House (1000520) (Promo) (USA)
USA,0,1000520,VCBS English - USA - Adult (Promo),255461,Loudmouth (Promo) (USA)
USA,0,1000520,VCBS English - USA - Adult (Promo),185457,Loupe (Promo) (USA)
USA,0,1000520,VCBS English - USA - Adult (Promo),183924,Love & Hip Hop (Promo) (USA)
USA,0,1000520,VCBS English - USA - Adult (Promo),201530,Love & Hip Hop: Atlanta (Promo) (USA)
USA,0,1000520,VCBS English - USA - Adult (Promo),238038,Love & Hip Hop: Family Reunion (Promo) (USA)
USA,0,1000520,VCBS English - USA - Adult (Promo),201710,Love & Hip Hop: Miami (Promo) (USA)
USA,0,1000520,VCBS English - USA - Adult (Promo),269790,Love & Murder: ATL Playboy (Promo) (USA)
USA,0,1000520,VCBS English - USA - Adult (Promo),341685,Love After Holidays (Promo) (USA)
USA,0,1000520,VCBS English - USA - Adult (Promo),255018,Love Allways (Promo) (USA)
USA,0,1000520,VCBS English - USA - Adult (Promo),343853,Love And Death (Promo) (USA)
USA,0,1000520,VCBS English - USA - Adult (Promo),180597,Love Island (Promo) (USA)
USA,0,1000520,VCBS English - USA - Adult (Promo),257001,Love Marry Kill (Promo) (USA)
USA,0,1000520,VCBS English - USA - Adult (Promo),322534,Love Nature (Promo) (USA)
USA,0,1000520,VCBS English - USA - Adult (Promo),267836,Love You to Death (Promo) (USA)
USA,0,1000520,VCBS English - USA - Adult (Promo),328363,Love and Basketball (Promo) (USA)
USA,0,1000520,VCBS English - USA - Adult (Promo),204160,Love at First Lie (Promo) (USA)
USA,0,1000520,VCBS English - USA - Adult (Promo),257679,Love in Taipei (Promo) (USA)
USA,0,1000520,VCBS English - USA - Adult (Promo),193467,"Love, Tom (Promo) (USA)"
USA,0,1000520,VCBS English - USA - Adult (Promo),182468,Lucas Oil (Promo) (USA)
USA,0,1000522,VCBS Spanish - USA - Adult (Promo),185382,Lucha Libre - Spanish (Promo) (USA)
USA,0,1000520,VCBS English - USA - Adult (Promo),185381,Lupin the Third (Promo) (USA)
USA,0,1000520,VCBS English - USA - Adult (Promo),191119,Lynching Postcards (Promo) (USA)
USA,0,1000520,VCBS English - USA - Adult (Promo),184601,M*A*S*H (Promo) (USA)
USA,0,1000520,VCBS English - USA - Adult (Promo),181463,MLB (Promo) (USA)
USA,0,1000520,VCBS English - USA - Adult (Promo),344010,MLK Jr. Beloved Community Awards (Promo) (USA)
USA,0,1000520,VCBS English - USA - Adult (Promo),181440,MLS (Promo) (USA)
USA,0,1000522,VCBS Spanish - USA - Adult (Promo),200676,MLS - Spanish (Promo) (USA)
USA,0,1000520,VCBS English - USA - Adult (Promo),185766,MTV (Promo) (USA)
USA,0,1000520,VCBS English - USA - Adult (Promo),181454,MTV Awards (Promo) (USA)
USA,0,1000520,VCBS English - USA - Adult (Promo),256701,MTV Books (Promo) (USA)
USA,0,1000520,VCBS English - USA - Adult (Promo),183191,MTV Cribs (Promo) (USA)
USA,0,1000520,VCBS English - USA - Adult (Promo),180640,MacGyver (Promo) (USA)
USA,0,1000520,VCBS English - USA - Adult (Promo),185053,Madame X (Promo) (USA)
USA,0,1000520,VCBS English - USA - Adult (Promo),347056,Made for March (Promo) (USA)
USA,0,1000520,VCBS English - USA - Adult (Promo),202329,Madea's Witness Protection (Promo) (USA)
USA,0,1000522,VCBS Spanish - USA - Adult (Promo),310942,Madre - Spanish (Promo) (USA)
USA,0,1000520,VCBS English - USA - Adult (Promo),342983,Mafia (Promo) (USA)
USA,0,1000520,VCBS English - USA - Adult (Promo),313827,Mafia Spies (Promo) (USA)
USA,0,1000520,VCBS English - USA - Adult (Promo),195472,Maggie & Perloff (Promo) (USA)
USA,0,1000520,VCBS English - USA - Adult (Promo),180641,Magnum PI (Promo) (USA)
USA,0,1000520,VCBS English - USA - Adult (Promo),350148,Major Crimes (Promo) (USA)
USA,0,1000520,VCBS English - USA - Adult (Promo),335290,Major League Pickleball (Promo) (USA)
USA,0,1000520,VCBS English - USA - Adult (Promo),325552,Mama's Family (Promo) (USA)
USA,0,1000520,VCBS English - USA - Adult (Promo),244618,Marcel The Shell With Shoes On (Promo) (USA)
USA,0,1000520,VCBS English - USA - Adult (Promo),309349,March Madness 360 (Promo) (USA)
USA,0,1000520,VCBS English - USA - Adult (Promo),308324,March Madness Live (Promo) (USA)
USA,0,1000520,VCBS English - USA - Adult (Promo),343732,Margot At The Wedding (Promo) (USA)
USA,0,1000520,VCBS English - USA - Adult (Promo),238636,Mariah Carey Christmas (Promo) (USA)
USA,0,1000520,VCBS English - USA - Adult (Promo),346064,Married to the Mob (Promo) (USA)
USA,0,1000520,VCBS English - USA - Adult (Promo),353110,Mars Attacks! (Promo) (USA)
USA,0,1000520,VCBS English - USA - Adult (Promo),336895,Marshals (Promo) (USA)
USA,0,1000520,VCBS English - USA - Adult (Promo),200363,Martin (Promo) (USA)
USA,0,1000520,VCBS English - USA - Adult (Promo),349556,Marvin's Room (Promo) (USA)
USA,0,1000520,VCBS English - USA - Adult (Promo),196409,Masters on the Range (Promo) (USA)
USA,0,1000520,VCBS English - USA - Adult (Promo),337094,Matched Married Meet by Lifetime (Promo) (USA)
USA,0,1000520,VCBS English - USA - Adult (Promo),254921,Matlock (Promo) (USA)
USA,0,1000520,VCBS English - USA - Adult (Promo),188253,Matlock Channel (Promo) (USA)
USA,0,1000520,VCBS English - USA - Adult (Promo),238921,Matt Rogers: Have You Heard of Christmas? (Promo) (USA)
USA,0,1000520,VCBS English - USA - Adult (Promo),186921,MavTV (Promo) (USA)
USA,0,1000520,VCBS English - USA - Adult (Promo),181298,MaxPreps (Promo) (USA)
USA,0,1000520,VCBS English - USA - Adult (Promo),184914,Mayor of Kingstown (Promo) (USA)
USA,0,1000520,VCBS English - USA - Adult (Promo),202714,McEnroe (Promo) (USA)
USA,0,1000520,VCBS English - USA - Adult (Promo),198256,Mean Girls (Promo) (USA)
USA,0,1000520,VCBS English - USA - Adult (Promo),342599,Meatballs (Promo) (USA)
USA,0,1000520,VCBS English - USA - Adult (Promo),238508,Meet Me in the Bathroom (Promo) (USA)
USA,0,1000520,VCBS English - USA - Adult (Promo),330861,Meet the Patels (Promo) (USA)
USA,0,1000520,VCBS English - USA - Adult (Promo),313187,Melissa Etheridge: I'm Not Broken (Promo) (USA)
USA,0,1000520,VCBS English - USA - Adult (Promo),313894,Memory (Promo) (USA)
USA,0,1000520,VCBS English - USA - Adult (Promo),349844,Men in Black (Promo) (USA)
USA,0,1000520,VCBS English - USA - Adult (Promo),203779,Messyness (Promo) (USA)
USA,0,1000520,VCBS English - USA - Adult (Promo),238655,Metallica Presents: The Helping Hands Concert (Promo) (USA)
USA,0,1000520,VCBS English - USA - Adult (Promo),257681,Michael Blackson (Promo) (USA)
USA,0,1000520,VCBS English - USA - Adult (Promo),236218,Mighty Morphin Power Rangers (Promo) (USA)
USA,0,1000520,VCBS English - USA - Adult (Promo),181878,Mighty Trains (Promo) (USA)
USA,0,1000520,VCBS English - USA - Adult (Promo),186515,Mike & Molly (Promo) (USA)
USA,0,1000520,VCBS English - USA - Adult (Promo),201718,Mike Judge's Beavis and Butt-Head (Promo) (USA)
USA,0,1000520,VCBS English - USA - Adult (Promo),341109,Mike Tyson: Fists of Iron (Promo) (USA)
USA,0,1000520,VCBS English - USA - Adult (Promo),270103,Milli Vanilli (Promo) (USA)
USA,0,1000520,VCBS English - USA - Adult (Promo),310885,Million Dollar Listing Vault (Promo) (USA)
USA,0,1000522,VCBS Spanish - USA - Adult (Promo),347005,Mini espías - Spanish (Promo) (USA)
USA,0,1000522,VCBS Spanish - USA - Adult (Promo),347007,Mini espías En Español - Spanish (Promo) (USA)
USA,0,1000520,VCBS English - USA - Adult (Promo),341281,Miracle on 34th Street (Promo) (USA)
USA,0,1000520,VCBS English - USA - Adult (Promo),346445,Missing in Action (Promo) (USA)
USA,0,1000520,VCBS English - USA - Adult (Promo),317282,Mission Impossible (Promo) (USA)
USA,0,1000520,VCBS English - USA - Adult (Promo),251981,Mission Impossible: Dead Reckoning (Promo) (USA)
USA,0,1000520,VCBS English - USA - Adult (Promo),253847,Mission Impossible: Rogue Nation (Promo) (USA)
USA,0,1000520,VCBS English - USA - Adult (Promo),322041,Mission Impossible: The Final Reckoning (Promo) (USA)
USA,0,1000520,VCBS English - USA - Adult (Promo),343771,Mission: Impossible - Ghost Protocol (Promo) (USA)
USA,0,1000520,VCBS English - USA - Adult (Promo),312988,Mister Rogers' Neighborhood (Promo) (USA)
USA,0,1000522,VCBS Spanish - USA - Adult (Promo),183112,Misterios Sin Resolver - Spanish (Promo) (USA)
USA,0,1000520,VCBS English - USA - Adult (Promo),239036,Mixible (Promo) (USA)
USA,0,1000520,VCBS English - USA - Adult (Promo),257163,Mixtape (Promo) (USA)
USA,0,1000520,VCBS English - USA - Adult (Promo),327159,MobLand (Promo) (USA)
USA,0,1000520,VCBS English - USA - Adult (Promo),314131,Modern Marvels by HISTORY (Promo) (USA)
USA,0,1000520,VCBS English - USA - Adult (Promo),341885,Modus Super Series Darts (Promo) (USA)
USA,0,1000520,VCBS English - USA - Adult (Promo),180643,Mom (Promo) (USA)
USA,0,1000520,VCBS English - USA - Adult (Promo),351240,Money Moves with Jill Schlesinger (Promo) (USA)
USA,0,1000520,VCBS English - USA - Adult (Promo),332780,MoneyWatch (Promo) (USA)
USA,0,1000520,VCBS English - USA - Adult (Promo),201017,Monster High (Promo) (USA)
USA,0,1000520,VCBS English - USA - Adult (Promo),312380,Monster Jam (Promo) (USA)
USA,0,1000520,VCBS English - USA - Adult (Promo),193195,More TV Drama (Promo) (USA)
USA,0,1000520,VCBS English - USA - Adult (Promo),269788,More TV Game Shows (Promo) (USA)
USA,0,1000520,VCBS English - USA - Adult (Promo),329685,More True Crime (Promo) (USA)
USA,0,1000520,VCBS English - USA - Adult (Promo),238992,Moss (Promo) (USA)
USA,0,1000520,VCBS English - USA - Adult (Promo),350968,Mountain Men (Promo) (USA)
USA,0,1000520,VCBS English - USA - Adult (Promo),311261,Mourning in Lod (Promo) (USA)
USA,0,1000520,VCBS English - USA - Adult (Promo),240628,Movie Favorites By Lifetime (Promo) (USA)
USA,0,1000520,VCBS English - USA - Adult (Promo),267113,Moviesphere by Lionsgate (Promo) (USA)
USA,0,1000520,VCBS English - USA - Adult (Promo),337122,Mr Deeds (Promo) (USA)
USA,0,1000520,VCBS English - USA - Adult (Promo),339286,Mrs. Doubtfire (Promo) (USA)
USA,0,1000520,VCBS English - USA - Adult (Promo),269309,Ms Pat Settles It (Promo) (USA)
USA,0,1000520,VCBS English - USA - Adult (Promo),192408,Ms. Pat (Promo) (USA)
USA,0,1000520,VCBS English - USA - Adult (Promo),333899,Murder 360 (Promo) (USA)
USA,0,1000520,VCBS English - USA - Adult (Promo),201722,Murder Mystering Inc (Promo) (USA)
USA,0,1000520,VCBS English - USA - Adult (Promo),240698,Murder in Big Horn (Promo) (USA)
USA,0,1000520,VCBS English - USA - Adult (Promo),308337,"Murder, She Wrote (Promo) (USA)"
USA,0,1000520,VCBS English - USA - Adult (Promo),239236,Must Love Christmas (Promo) (USA)
USA,0,1000520,VCBS English - USA - Adult (Promo),193001,My Celebrity Dream Wedding (Promo) (USA)
USA,0,1000520,VCBS English - USA - Adult (Promo),203851,My Dream Quinceañera (Promo) (USA)
USA,0,1000522,VCBS Spanish - USA - Adult (Promo),203975,My Dream Quinceañera - Spanish (Promo) (USA)
USA,0,1000520,VCBS English - USA - Adult (Promo),347425,My Killer Father: The Green Hollow Murders (Promo) (USA)
USA,0,1000520,VCBS English - USA - Adult (Promo),339829,My Nightmare Stalker: The Eva LaRue Story (Promo) (USA)
USA,0,1000520,VCBS English - USA - Adult (Promo),202509,My True Crime Story (Promo) (USA)
USA,0,1000520,VCBS English - USA - Adult (Promo),246804,My Valentine Crush (Promo) (USA)
USA,0,1000520,VCBS English - USA - Adult (Promo),306576,My Valentine Wedding (Promo) (USA)
USA,0,1000520,VCBS English - USA - Adult (Promo),350235,My Wife and Kids (Promo) (USA)
USA,0,1000520,VCBS English - USA - Adult (Promo),185119,Mystery Science Theater (Promo) (USA)
USA,0,1000520,VCBS English - USA - Adult (Promo),332486,MythBusters (Promo) (USA)
USA,0,1000520,VCBS English - USA - Adult (Promo),243888,NAACP Image Awards (Promo) (USA)
USA,0,1000520,VCBS English - USA - Adult (Promo),181477,NBC News (Promo) (USA)
USA,0,1000520,VCBS English - USA - Adult (Promo),307964,NBC Sports (Promo) (USA)
USA,0,1000520,VCBS English - USA - Adult (Promo),180592,NCIS (Promo) (USA)
USA,0,1000522,VCBS Spanish - USA - Adult (Promo),266753,NCIS - Spanish (Promo) (USA)
USA,0,1000520,VCBS English - USA - Adult (Promo),180649,NCIS: Hawaii (Promo) (USA)
USA,0,1000520,VCBS English - USA - Adult (Promo),180647,NCIS: Los Angeles (Promo) (USA)
USA,0,1000520,VCBS English - USA - Adult (Promo),180648,NCIS: New Orleans (Promo) (USA)
USA,0,1000520,VCBS English - USA - Adult (Promo),347965,NCIS: New York (Promo) (USA)
USA,0,1000520,VCBS English - USA - Adult (Promo),310949,NCIS: Origins (Promo) (USA)
USA,0,1000520,VCBS English - USA - Adult (Promo),269322,NCIS: Sydney (Promo) (USA)
USA,0,1000520,VCBS English - USA - Adult (Promo),330504,NCIS: Tony & Ziva (Promo) (USA)
USA,0,1000520,VCBS English - USA - Adult (Promo),183444,NFL (Promo) (USA)
USA,0,1000522,VCBS Spanish - USA - Adult (Promo),315922,NFL - Spanish (Promo) (USA)
USA,0,1000520,VCBS English - USA - Adult (Promo),181476,NFL Channel (Promo) (USA)
USA,0,1000520,VCBS English - USA - Adult (Promo),185334,NFL Monday QB (Promo) (USA)
USA,0,1000520,VCBS English - USA - Adult (Promo),191705,NFL Slimetime (Promo) (USA)
USA,0,1000520,VCBS English - USA - Adult (Promo),277750,NFL Super Bowl Classics (Promo) (USA)
USA,0,1000520,VCBS English - USA - Adult (Promo),180577,NWSL (Promo) (USA)
USA,0,1000520,VCBS English - USA - Adult (Promo),201445,NYC Point Gods (Promo) (USA)
USA,0,1000520,VCBS English - USA - Adult (Promo),328966,Naked Gun (Promo) (USA)
USA,0,1000520,VCBS English - USA - Adult (Promo),350890,Naruto (Promo) (USA)
USA,0,1000520,VCBS English - USA - Adult (Promo),317980,Nash Bridges (Promo) (USA)
USA,0,1000520,VCBS English - USA - Adult (Promo),181464,Nashville (Promo) (USA)
USA,0,1000520,VCBS English - USA - Adult (Promo),322848,Nate Bargatze's Nashville Christmas (Promo) (USA)
USA,0,1000520,VCBS English - USA - Adult (Promo),310332,National Park Foundation (Promo) (USA)
USA,0,1000520,VCBS English - USA - Adult (Promo),189491,Naturescape (Promo) (USA)
USA,0,1000520,VCBS English - USA - Adult (Promo),275827,Never Alone For Christmas (Promo) (USA)
USA,0,1000520,VCBS English - USA - Adult (Promo),341937,Never Alone For Christmas: Memphis (Promo) (USA)
USA,0,1000520,VCBS English - USA - Adult (Promo),198438,Never Seen Again (Promo) (USA)
USA,0,1000520,VCBS English - USA - Adult (Promo),243894,Never and Again (Promo) (USA)
USA,0,1000520,VCBS English - USA - Adult (Promo),276499,New Year's Eve Live: Nashville's Big Bash (Promo) (USA)
USA,0,1000520,VCBS English - USA - Adult (Promo),350161,New York Minute (Promo) (USA)
USA,0,1000520,VCBS English - USA - Adult (Promo),196035,New York Undercover (Promo) (USA)
USA,0,1000520,VCBS English - USA - Adult (Promo),184913,News 12 New York (Promo) (USA)
USA,0,1000520,VCBS English - USA - Adult (Promo),181430,NewsMax (Promo) (USA)
USA,0,1000520,VCBS English - USA - Adult (Promo),186730,Newsey (Promo) (USA)
USA,0,1000520,VCBS English - USA - Adult (Promo),351463,Next Friday (Promo) (USA)
USA,0,1000520,VCBS English - USA - Adult (Promo),277386,Nick Jr Brand (Promo) - Adults (USA)
USA,0,1000520,VCBS English - USA - Adult (Promo),180632,Nickelodeon (Promo) (USA)
USA,0,1000522,VCBS Spanish - USA - Adult (Promo),196367,Ninos Por BBC - Spanish (Promo) (USA)
USA,0,1000520,VCBS English - USA - Adult (Promo),181303,No Activity P+ (Promo) (USA)
USA,0,1000520,VCBS English - USA - Adult (Promo),338591,No Escape (Promo) (USA)
USA,0,1000520,VCBS English - USA - Adult (Promo),331600,Noah's Arc (Promo) (USA)
USA,0,1000520,VCBS English - USA - Adult (Promo),180631,Noggin (Promo) (USA)
USA,0,1000520,VCBS English - USA - Adult (Promo),335248,Norbit (Promo) (USA)
USA,0,1000520,VCBS English - USA - Adult (Promo),307999,North of the 10 (Promo) (USA)
USA,0,1000520,VCBS English - USA - Adult (Promo),186731,Nosey (Promo) (USA)
USA,0,1000522,VCBS Spanish - USA - Adult (Promo),181375,Nosey Latino - Spanish (Promo) (USA)
USA,0,1000520,VCBS English - USA - Adult (Promo),204074,Nothing Compares (Promo) (USA)
USA,0,1000520,VCBS English - USA - Adult (Promo),243282,Nothing Lasts Forever (Promo) (USA)
USA,0,1000522,VCBS Spanish - USA - Adult (Promo),244297,Novelas Con La Abuela - Spanish (Promo) (USA)
USA,0,1000520,VCBS English - USA - Adult (Promo),323713,Novocaine (Promo) (USA)
USA,0,1000522,VCBS Spanish - USA - Adult (Promo),181370,Nuestra Vision - Spanish (Promo) (USA)
USA,0,1000520,VCBS English - USA - Adult (Promo),316039,Nöthin' But a Good Time: The Uncensored Story of '80s Hair Metal (Promo) (USA)
USA,0,1000520,VCBS English - USA - Adult (Promo),351296,OG Stories (Promo) (USA)
USA,0,1000520,VCBS English - USA - Adult (Promo),255719,OUTtv (Promo) (USA)
USA,0,1000520,VCBS English - USA - Adult (Promo),323120,Ocean's Collection (Promo) (USA)
USA,0,1000520,VCBS English - USA - Adult (Promo),267402,Office Race (Promo) (USA)
USA,0,1000520,VCBS English - USA - Adult (Promo),200748,On The Come Up (Promo) (USA)
USA,0,1000520,VCBS English - USA - Adult (Promo),317000,One Championship TV (Promo) (USA)
USA,0,1000520,VCBS English - USA - Adult (Promo),316047,One Life (Promo) (USA)
USA,0,1000520,VCBS English - USA - Adult (Promo),350683,One Night Out with Alan Cumming (Promo) (USA)
USA,0,1000520,VCBS English - USA - Adult (Promo),309752,One Night Stay (Promo) (USA)
USA,0,1000520,VCBS English - USA - Adult (Promo),245746,One Piece (Promo) (USA)
USA,0,1000520,VCBS English - USA - Adult (Promo),331730,Onyx (Promo) (USA)
USA,0,1000520,VCBS English - USA - Adult (Promo),344478,Orange County (Promo) (USA)
USA,0,1000520,VCBS English - USA - Adult (Promo),201726,Orphan First Kill (Promo) (USA)
USA,0,1000520,VCBS English - USA - Adult (Promo),313892,Out of Darkness (Promo) (USA)
USA,0,1000520,VCBS English - USA - Adult (Promo),203006,Out of Office (Promo) (USA)
USA,0,1000520,VCBS English - USA - Adult (Promo),344619,Out of Time (Promo) (USA)
USA,0,1000520,VCBS English - USA - Adult (Promo),313893,Outlaw Posse (Promo) (USA)
USA,0,1000520,VCBS English - USA - Adult (Promo),200105,Outsiders (Promo) (USA)
USA,0,1000520,VCBS English - USA - Adult (Promo),347911,Overlord (Promo) (USA)
USA,0,1000520,VCBS English - USA - Adult (Promo),342059,Oxygen True Crime Archives (Promo) (USA)
USA,0,1000520,VCBS English - USA - Adult (Promo),337884,Ozzy Osbourne: No Escape From Now (Promo) (USA)
USA,0,1000520,VCBS English - USA - Adult (Promo),346844,PAW Patrol: The Dino Movie (Promo) (USA)
USA,0,1000520,VCBS English - USA - Adult (Promo),255890,PBA Tour (Promo) (USA)
USA,0,1000520,VCBS English - USA - Adult (Promo),182688,PBR (Promo) (USA)
USA,0,1000522,VCBS Spanish - USA - Adult (Promo),182689,PBR - Spanish (Promo) (USA)
USA,0,1000520,VCBS English - USA - Adult (Promo),246682,PBS (Promo) (USA)
USA,0,1000520,VCBS English - USA - Adult (Promo),315002,PD TRUE (Promo) (USA)
USA,0,1000520,VCBS English - USA - Adult (Promo),182261,PGA (Promo) (USA)
USA,0,1000520,VCBS English - USA - Adult (Promo),311104,PGA Championship (Promo) (USA)
USA,0,1000520,VCBS English - USA - Adult (Promo),311546,PGA Championship Clubhouse Report (Promo) (USA)
USA,0,1000520,VCBS English - USA - Adult (Promo),198909,PGA Championship on the Range (Promo) (USA)
USA,0,1000520,VCBS English - USA - Adult (Promo),183003,PSA Promos (Promo) (USA)
USA,0,1000522,VCBS Spanish - USA - Adult (Promo),197237,PSA Promos - Spanish (Promo) (USA)
USA,0,1000520,VCBS English - USA - Adult (Promo),330145,Pain & Gain (Promo) (USA)
USA,0,1000520,VCBS English - USA - Adult (Promo),269528,Painkiller: The Tylenol Murders (Promo) (USA)
USA,0,1000520,VCBS English - USA - Adult (Promo),344988,Panic Room (Promo) (USA)
USA,0,1000520,VCBS English - USA - Adult (Promo),180515,Paramount  + (Promo) (USA)
USA,0,1000522,VCBS Spanish - USA - Adult (Promo),181371,Paramount +  - Spanish (Promo) (USA)
USA,0,1000520,VCBS English - USA - Adult (Promo),190706,Paramount + Specials (Promo) (USA)
USA,0,1000520,VCBS English - USA - Adult (Promo),314259,Paramount Ads Manager (Promo) (USA)
USA,0,1000520,VCBS English - USA - Adult (Promo),194847,Paramount Network (Promo) (USA)
USA,0,1000520,VCBS English - USA - Adult (Promo),184174,Paramount Network Movie Stunt (Promo) (USA)
USA,0,1000520,VCBS English - USA - Adult (Promo),329419,Paramount Shop (Promo) (USA)
USA,0,1000520,VCBS English - USA - Adult (Promo),185335,Paranormal Activity (Promo) (USA)
USA,0,1000520,VCBS English - USA - Adult (Promo),346386,Paranormal Activity: The Marked Ones (Promo) (USA)
USA,0,1000520,VCBS English - USA - Adult (Promo),181785,Paranormal TV (Promo) (USA)
USA,0,1000520,VCBS English - USA - Adult (Promo),351677,Passenger (Promo) (USA)
USA,0,1000520,VCBS English - USA - Adult (Promo),306813,Past Lives (Promo) (USA)
USA,0,1000520,VCBS English - USA - Adult (Promo),348835,Paul Blart: Mall Cop (Promo) (USA)
USA,0,1000520,VCBS English - USA - Adult (Promo),183449,Paw Patrol (Promo) (USA)
USA,0,1000520,VCBS English - USA - Adult (Promo),198987,Paw Patrol/Bubble Guppies (Promo) (USA)
USA,0,1000520,VCBS English - USA - Adult (Promo),201380,Paws of Fury (Promo) (USA)
USA,0,1000520,VCBS English - USA - Adult (Promo),251927,Pearl (Promo) (USA)
USA,0,1000520,VCBS English - USA - Adult (Promo),184991,People Are Awesome (Promo) (USA)
USA,0,1000520,VCBS English - USA - Adult (Promo),181466,People TV (Promo) (USA)
USA,0,1000520,VCBS English - USA - Adult (Promo),307211,Perimeter (Promo) (USA)
USA,0,1000520,VCBS English - USA - Adult (Promo),342484,Peripheral (Promo) (USA)
USA,0,1000520,VCBS English - USA - Adult (Promo),195974,Perry Mason (Promo) (USA)
USA,0,1000520,VCBS English - USA - Adult (Promo),197473,Person to Person (Promo) (USA)
USA,0,1000520,VCBS English - USA - Adult (Promo),245597,Personality Crisis: One Night Only (Promo) (USA)
USA,0,1000520,VCBS English - USA - Adult (Promo),268746,Pet Sematary: Bloodlines (Promo) (USA)
USA,0,1000520,VCBS English - USA - Adult (Promo),202441,Pickleball Championship (Promo) (USA)
USA,0,1000520,VCBS English - USA - Adult (Promo),311091,Pillowcase Murders (Promo) (USA)
USA,0,1000520,VCBS English - USA - Adult (Promo),346603,Pineapple Express (Promo) (USA)
USA,0,1000520,VCBS English - USA - Adult (Promo),350369,Pitch Perfect 2 (Promo) (USA)
USA,0,1000520,VCBS English - USA - Adult (Promo),342693,Pixels (Promo) (USA)
USA,0,1000520,VCBS English - USA - Adult (Promo),321937,Places & Spaces (Promo) (USA)
USA,0,1000520,VCBS English - USA - Adult (Promo),320239,"Planes, Trains and Automobiles (Promo) (USA)"
USA,0,1000520,VCBS English - USA - Adult (Promo),198433,Players (Promo) (USA)
USA,0,1000520,VCBS English - USA - Adult (Promo),322231,Pluto 007 (Promo) (USA)
USA,0,1000520,VCBS English - USA - Adult (Promo),191498,Pluto Christmas (Promo) (USA)
USA,0,1000520,VCBS English - USA - Adult (Promo),181296,Pluto TV (Promo) (USA)
USA,0,1000520,VCBS English - USA - Adult (Promo),181433,Pluto TV Action (Promo) (USA)
USA,0,1000520,VCBS English - USA - Adult (Promo),198262,Pluto TV Action/Drama (Promo) (USA)
USA,0,1000520,VCBS English - USA - Adult (Promo),256902,Pluto TV Animals (Promo) (USA)
USA,0,1000520,VCBS English - USA - Adult (Promo),347222,Pluto TV Anime (Promo) (USA)
USA,0,1000520,VCBS English - USA - Adult (Promo),199950,Pluto TV Black Classics (Promo) (USA)
USA,0,1000520,VCBS English - USA - Adult (Promo),186073,Pluto TV Cars (Promo) (USA)
USA,0,1000520,VCBS English - USA - Adult (Promo),185120,Pluto TV Celebrity (Promo) (USA)
USA,0,1000520,VCBS English - USA - Adult (Promo),238589,Pluto TV Christmas in July (Promo) (USA)
USA,0,1000520,VCBS English - USA - Adult (Promo),195034,Pluto TV Classic (Promo) (USA)
USA,0,1000520,VCBS English - USA - Adult (Promo),237204,Pluto TV Classic TV (Promo) (USA)
USA,0,1000520,VCBS English - USA - Adult (Promo),199949,Pluto TV Classic TV Families (Promo) (USA)
USA,0,1000520,VCBS English - USA - Adult (Promo),185296,Pluto TV Comedy (Promo) (USA)
USA,0,1000520,VCBS English - USA - Adult (Promo),255008,Pluto TV Competition (Promo) (USA)
USA,0,1000520,VCBS English - USA - Adult (Promo),186074,Pluto TV Crime (Promo) (USA)
USA,0,1000520,VCBS English - USA - Adult (Promo),239669,Pluto TV Crime Drama (Promo) (USA)
USA,0,1000520,VCBS English - USA - Adult (Promo),186082,Pluto TV Crime Movies (Promo) (USA)
USA,0,1000520,VCBS English - USA - Adult (Promo),271603,Pluto TV Cult Films (Promo) (USA)
USA,0,1000520,VCBS English - USA - Adult (Promo),197991,Pluto TV Demand Africa (Promo) (USA)
USA,0,1000520,VCBS English - USA - Adult (Promo),200106,Pluto TV Drama (Promo) (USA)
USA,0,1000520,VCBS English - USA - Adult (Promo),251987,Pluto TV Drama Life (Promo) (USA)
USA,0,1000522,VCBS Spanish - USA - Adult (Promo),181382,Pluto TV En Espanol - Spanish (Promo) (USA)
USA,0,1000520,VCBS English - USA - Adult (Promo),239953,Pluto TV Fantastic (Promo) (USA)
USA,0,1000520,VCBS English - USA - Adult (Promo),268038,Pluto TV Game Shows (Promo) (USA)
USA,0,1000520,VCBS English - USA - Adult (Promo),195971,Pluto TV Home (Promo) (USA)
USA,0,1000520,VCBS English - USA - Adult (Promo),186079,Pluto TV Horror (Promo) (USA)
USA,0,1000520,VCBS English - USA - Adult (Promo),271922,Pluto TV Icons (Promo) (USA)
USA,0,1000520,VCBS English - USA - Adult (Promo),185118,Pluto TV Love Suspense (Promo) (USA)
USA,0,1000520,VCBS English - USA - Adult (Promo),189571,Pluto TV MST3K (Promo) (USA)
USA,0,1000520,VCBS English - USA - Adult (Promo),196301,Pluto TV Military (Promo) (USA)
USA,0,1000520,VCBS English - USA - Adult (Promo),197010,Pluto TV More TV Sitcoms (Promo) (USA)
USA,0,1000520,VCBS English - USA - Adult (Promo),199720,Pluto TV Popcorn Summer Movies (Promo) (USA)
USA,0,1000520,VCBS English - USA - Adult (Promo),192943,Pluto TV Reaction (Promo) (USA)
USA,0,1000520,VCBS English - USA - Adult (Promo),185121,Pluto TV Reality (Promo) (USA)
USA,0,1000520,VCBS English - USA - Adult (Promo),189019,Pluto TV Rifftrax (Promo) (USA)
USA,0,1000520,VCBS English - USA - Adult (Promo),183825,Pluto TV Romance (Promo) (USA)
USA,0,1000520,VCBS English - USA - Adult (Promo),185227,Pluto TV Sci-Fi (Promo) (USA)
USA,0,1000520,VCBS English - USA - Adult (Promo),200680,Pluto TV Science (Promo) (USA)
USA,0,1000520,VCBS English - USA - Adult (Promo),193705,Pluto TV Soaps (Promo) (USA)
USA,0,1000520,VCBS English - USA - Adult (Promo),185122,Pluto TV Sports (Promo) (USA)
USA,0,1000520,VCBS English - USA - Adult (Promo),238317,Pluto TV Spotlight (Promo) (USA)
USA,0,1000520,VCBS English - USA - Adult (Promo),273108,Pluto TV Staff Picks (Promo) (USA)
USA,0,1000520,VCBS English - USA - Adult (Promo),196760,Pluto TV Stargate (Promo) (USA)
USA,0,1000520,VCBS English - USA - Adult (Promo),186920,Pluto TV Terror (Promo) (USA)
USA,0,1000520,VCBS English - USA - Adult (Promo),325803,Pluto TV True Crime (Promo) (USA)
USA,0,1000520,VCBS English - USA - Adult (Promo),189018,Pluto TV Vs. (Promo) (USA)
USA,0,1000520,VCBS English - USA - Adult (Promo),266901,Pluto TV Weddings (Promo) (USA)
USA,0,1000520,VCBS English - USA - Adult (Promo),191235,PocketWatch (Promo) (USA)
USA,0,1000520,VCBS English - USA - Adult (Promo),187646,PokerGo (Promo) (USA)
USA,0,1000520,VCBS English - USA - Adult (Promo),318802,Pokémon (Promo) (USA)
USA,0,1000520,VCBS English - USA - Adult (Promo),310939,Poppa's House (Promo) (USA)
USA,0,1000520,VCBS English - USA - Adult (Promo),325994,Pound 4 Pound (Promo) (USA)
USA,0,1000520,VCBS English - USA - Adult (Promo),247395,PowerNation (Promo) (USA)
USA,0,1000520,VCBS English - USA - Adult (Promo),186154,Pranks (Promo) (USA)
USA,0,1000520,VCBS English - USA - Adult (Promo),315528,Preacher Lawson (Promo) (USA)
USA,0,1000520,VCBS English - USA - Adult (Promo),340717,Predators (Promo) (USA)
USA,0,1000520,VCBS English - USA - Adult (Promo),345880,Preschool (Promo) (USA)
USA,0,1000520,VCBS English - USA - Adult (Promo),246431,Pretty Stoned (Promo) (USA)
USA,0,1000520,VCBS English - USA - Adult (Promo),312375,Pride (Promo) (USA)
USA,0,1000520,VCBS English - USA - Adult (Promo),344536,Primate (Promo) (USA)
USA,0,1000520,VCBS English - USA - Adult (Promo),251622,Prime Time With John Dickerson (Promo) (USA)
USA,0,1000520,VCBS English - USA - Adult (Promo),309911,Pro Volleyball Federation (Promo) (USA)
USA,0,1000520,VCBS English - USA - Adult (Promo),347912,Project Almanac (Promo) (USA)
USA,0,1000520,VCBS English - USA - Adult (Promo),346922,Property Brothers (Promo) (USA)
USA,0,1000520,VCBS English - USA - Adult (Promo),323143,Pulisic (Promo) (USA)
USA,0,1000520,VCBS English - USA - Adult (Promo),328280,Pulp Fiction (Promo) (USA)
USA,0,1000520,VCBS English - USA - Adult (Promo),202770,Pulse (Promo) (USA)
USA,0,1000520,VCBS English - USA - Adult (Promo),243437,QVC (Promo) (USA)
USA,0,1000520,VCBS English - USA - Adult (Promo),188119,Queen of the Universe (Promo) (USA)
USA,0,1000520,VCBS English - USA - Adult (Promo),185337,Queenpins (Promo) (USA)
USA,0,1000520,VCBS English - USA - Adult (Promo),344737,Quigley Down Under (Promo) (USA)
USA,0,1000520,VCBS English - USA - Adult (Promo),191120,RIP T-Shirts (Promo) (USA)
USA,0,1000520,VCBS English - USA - Adult (Promo),309352,RSVP (Promo) (USA)
USA,0,1000520,VCBS English - USA - Adult (Promo),345457,RWBY (Promo) (USA)
USA,0,1000520,VCBS English - USA - Adult (Promo),242836,Rabbit Hole (Promo) (USA)
USA,0,1000520,VCBS English - USA - Adult (Promo),349692,Rabbit Trap (Promo) (USA)
USA,0,1000520,VCBS English - USA - Adult (Promo),184912,Race Against Time (Promo) (USA)
USA,0,1000520,VCBS English - USA - Adult (Promo),267684,Raid the Cage (Promo) (USA)
USA,0,1000520,VCBS English - USA - Adult (Promo),194459,Rainbow Rangers (Promo) (USA)
USA,0,1000520,VCBS English - USA - Adult (Promo),351869,Rambo III (Promo) (USA)
USA,0,1000520,VCBS English - USA - Adult (Promo),240312,Rawhide (Promo) (USA)
USA,0,1000520,VCBS English - USA - Adult (Promo),192415,Ray Donovan (Promo) (USA)
USA,0,1000520,VCBS English - USA - Adult (Promo),238407,Reacher (Promo) (USA)
USA,0,1000520,VCBS English - USA - Adult (Promo),277003,Real Disasters Channel (Promo) (USA)
USA,0,1000520,VCBS English - USA - Adult (Promo),193615,Real Husbands of Hollywood (Promo) (USA)
USA,0,1000522,VCBS Spanish - USA - Adult (Promo),198986,Real Madrid - Spanish (Promo) (USA)
USA,0,1000520,VCBS English - USA - Adult (Promo),191126,Real Madrid TV (Promo) (USA)
USA,0,1000520,VCBS English - USA - Adult (Promo),181292,Red & Blue (Promo) (USA)
USA,0,1000520,VCBS English - USA - Adult (Promo),337784,Red Alert (Promo) (USA)
USA,0,1000520,VCBS English - USA - Adult (Promo),184239,Red Cross (Promo) (USA)
USA,0,1000520,VCBS English - USA - Adult (Promo),200110,Red Winter (Promo) (USA)
USA,0,1000520,VCBS English - USA - Adult (Promo),334676,Regretting You (Promo) (USA)
USA,0,1000520,VCBS English - USA - Adult (Promo),238633,Reindeer in Here (Promo) (USA)
USA,0,1000520,VCBS English - USA - Adult (Promo),257659,Reinventing Elvis: The ’68 Comeback (Promo) (USA)
USA,0,1000520,VCBS English - USA - Adult (Promo),189313,Reno 911! (Promo) (USA)
USA,0,1000520,VCBS English - USA - Adult (Promo),238989,Reply 1988 (Promo) (USA)
USA,0,1000520,VCBS English - USA - Adult (Promo),337452,Reservoir Dogs (Promo) (USA)
USA,0,1000520,VCBS English - USA - Adult (Promo),313774,Reunion (Promo) (USA)
USA,0,1000520,VCBS English - USA - Adult (Promo),325315,Revry (Promo) (USA)
USA,0,1000520,VCBS English - USA - Adult (Promo),245172,Ridiculousness (Promo) (USA)
USA,0,1000520,VCBS English - USA - Adult (Promo),327102,Ringo and Friends (Promo) (USA)
USA,0,1000520,VCBS English - USA - Adult (Promo),349544,Rio Lobo (Promo) (USA)
USA,0,1000520,VCBS English - USA - Adult (Promo),325494,Rizzoli & Isles (Promo) (USA)
USA,0,1000520,VCBS English - USA - Adult (Promo),316649,Rob Peace (Promo) (USA)
USA,0,1000520,VCBS English - USA - Adult (Promo),342605,Roblox Jailbreak Funny Moments Movie (Promo) (USA)
USA,0,1000520,VCBS English - USA - Adult (Promo),268525,Rock the Bells (Promo) (USA)
USA,0,1000520,VCBS English - USA - Adult (Promo),331924,"Rock, Paper, Scissors (Promo) (USA)"
USA,0,1000520,VCBS English - USA - Adult (Promo),244912,Rocky (Promo) (USA)
USA,0,1000520,VCBS English - USA - Adult (Promo),325944,Rocky + Creed (Promo) (USA)
USA,0,1000520,VCBS English - USA - Adult (Promo),336847,Roofman (Promo) (USA)
USA,0,1000520,VCBS English - USA - Adult (Promo),181200,RuPaul's Drag Race (Promo) (USA)
USA,0,1000520,VCBS English - USA - Adult (Promo),310882,RuPaul's Drag Race: All Stars (Promo) (USA)
USA,0,1000520,VCBS English - USA - Adult (Promo),314659,RuPaul's Drag Race: Global All Stars (Promo) (USA)
USA,0,1000520,VCBS English - USA - Adult (Promo),201707,RuPaul's Secret Celebrity Drag Race (Promo) (USA)
USA,0,1000520,VCBS English - USA - Adult (Promo),274869,Rudolph the Red Nose Reindeer (Promo) (USA)
USA,0,1000520,VCBS English - USA - Adult (Promo),182792,Rugby (Promo) (USA)
USA,0,1000520,VCBS English - USA - Adult (Promo),180579,Rugrats (Promo) (USA)
USA,0,1000520,VCBS English - USA - Adult (Promo),267003,Ruined (Promo) (USA)
USA,0,1000520,VCBS English - USA - Adult (Promo),344977,Rules of Attraction (Promo) (USA)
USA,0,1000520,VCBS English - USA - Adult (Promo),190372,Rumble (Promo) (USA)
USA,0,1000520,VCBS English - USA - Adult (Promo),190700,Ryan & Friends (Promo) (USA)
USA,0,1000520,VCBS English - USA - Adult (Promo),253315,S.O.G.: The Book of Ward (Promo) (USA)
USA,0,1000520,VCBS English - USA - Adult (Promo),183827,SERIE A (Promo) (USA)
USA,0,1000520,VCBS English - USA - Adult (Promo),182260,SRX (Promo) (USA)
USA,0,1000520,VCBS English - USA - Adult (Promo),335350,STANS (Promo) (USA)
USA,0,1000520,VCBS English - USA - Adult (Promo),180645,SWAT (Promo) (USA)
USA,0,1000520,VCBS English - USA - Adult (Promo),349295,Sabrina (Promo) (USA)
USA,0,1000520,VCBS English - USA - Adult (Promo),192406,Sacrifice (Promo) (USA)
USA,0,1000520,VCBS English - USA - Adult (Promo),182481,Sail GP (Promo) (USA)
USA,0,1000520,VCBS English - USA - Adult (Promo),244478,Sailor Moon (Promo) (USA)
USA,0,1000520,VCBS English - USA - Adult (Promo),312514,Salt (Promo) (USA)
USA,0,1000520,VCBS English - USA - Adult (Promo),349549,Same Kind of Different As Me (Promo) (USA)
USA,0,1000520,VCBS English - USA - Adult (Promo),238217,Sampled (Promo) (USA)
USA,0,1000520,VCBS English - USA - Adult (Promo),351246,Santa Baby (Promo) (USA)
USA,0,1000520,VCBS English - USA - Adult (Promo),351460,Santa Girl  (Promo) (USA)
USA,0,1000520,VCBS English - USA - Adult (Promo),341103,Santa Jaws (Promo) (USA)
USA,0,1000520,VCBS English - USA - Adult (Promo),317910,Sasquatch Sunset (Promo) (USA)
USA,0,1000520,VCBS English - USA - Adult (Promo),325530,Saturday Morning (Promo) (USA)
USA,0,1000520,VCBS English - USA - Adult (Promo),346498,Sausage Party (Promo) (USA)
USA,0,1000520,VCBS English - USA - Adult (Promo),351109,Savage House (Promo) (USA)
USA,0,1000520,VCBS English - USA - Adult (Promo),333121,Saving Private Ryan (Promo) (USA)
USA,0,1000520,VCBS English - USA - Adult (Promo),345681,Scary Movie (Promo) (USA)
USA,0,1000520,VCBS English - USA - Adult (Promo),346926,Scary Movie 2 (Promo) (USA)
USA,0,1000520,VCBS English - USA - Adult (Promo),322260,Scene Lift (Promo) (USA)
USA,0,1000522,VCBS Spanish - USA - Adult (Promo),341126,Scene Lifts - Spanish (Promo) (USA)
USA,0,1000520,VCBS English - USA - Adult (Promo),240557,School Spirits (Promo) (USA)
USA,0,1000520,VCBS English - USA - Adult (Promo),335298,School of Rock (Promo) (USA)
USA,0,1000520,VCBS English - USA - Adult (Promo),184160,Scottish Professional Football League (Promo) (USA)
USA,0,1000520,VCBS English - USA - Adult (Promo),190441,Scream (Promo) (USA)
USA,0,1000522,VCBS Spanish - USA - Adult (Promo),346788,Scream 2 - Spanish (Promo) (USA)
USA,0,1000522,VCBS Spanish - USA - Adult (Promo),346790,Scream 3 - Spanish (Promo) (USA)
USA,0,1000520,VCBS English - USA - Adult (Promo),339768,Scream 7 (Promo) (USA)
USA,0,1000522,VCBS Spanish - USA - Adult (Promo),346794,Scream Grita Antes de Morir español (Promo) (USA)
USA,0,1000520,VCBS English - USA - Adult (Promo),345331,Scream VI (Promo) (USA)
USA,0,1000520,VCBS English - USA - Adult (Promo),239756,Scripps News (Promo) (USA)
USA,0,1000520,VCBS English - USA - Adult (Promo),319319,Scrooged (Promo) (USA)
USA,0,1000520,VCBS English - USA - Adult (Promo),180646,Seal Team (Promo) (USA)
USA,0,1000520,VCBS English - USA - Adult (Promo),238590,Season's Greetings (Promo) (USA)
USA,0,1000520,VCBS English - USA - Adult (Promo),181931,Secret Celebrity Renovation (Promo) (USA)
USA,0,1000520,VCBS English - USA - Adult (Promo),201753,Secret Headquarters (Promo) (USA)
USA,0,1000520,VCBS English - USA - Adult (Promo),323400,Section 31 (Promo) (USA)
USA,0,1000520,VCBS English - USA - Adult (Promo),189012,Seinfeld (Promo) (USA)
USA,0,1000520,VCBS English - USA - Adult (Promo),346524,Selena (Promo) (USA)
USA,0,1000520,VCBS English - USA - Adult (Promo),344931,Sense & Sensibility (Promo) (USA)
USA,0,1000520,VCBS English - USA - Adult (Promo),320107,September 5 (Promo) (USA)
USA,0,1000522,VCBS Spanish - USA - Adult (Promo),251189,Septimo Arte - Spanish (Promo) (USA)
USA,0,1000520,VCBS English - USA - Adult (Promo),277083,Sexy Beast (Promo) (USA)
USA,0,1000520,VCBS English - USA - Adult (Promo),236589,Shades of Black (Promo) (USA)
USA,0,1000520,VCBS English - USA - Adult (Promo),312512,Shaft (Promo) (USA)
USA,0,1000520,VCBS English - USA - Adult (Promo),254944,Shaqs Garage (Promo) (USA)
USA,0,1000520,VCBS English - USA - Adult (Promo),238306,Shaunie & Keion's Destination I Do (Promo) (USA)
USA,0,1000520,VCBS English - USA - Adult (Promo),338111,Shell (Promo) (USA)
USA,0,1000520,VCBS English - USA - Adult (Promo),329051,Sheriff Country (Promo) (USA)
USA,0,1000520,VCBS English - USA - Adult (Promo),198169,Sheryl (Promo) (USA)
USA,0,1000520,VCBS English - USA - Adult (Promo),322193,Shooter (Promo) (USA)
USA,0,1000520,VCBS English - USA - Adult (Promo),341095,Shootfighter II (Promo) (USA)
USA,0,1000520,VCBS English - USA - Adult (Promo),348716,Short Term 12 (Promo) (USA)
USA,0,1000520,VCBS English - USA - Adult (Promo),255900,Shout Factory (Promo) (USA)
USA,0,1000520,VCBS English - USA - Adult (Promo),181295,Showtime (Promo) (USA)
USA,0,1000522,VCBS Spanish - USA - Adult (Promo),181381,Showtime - Spanish (Promo) (USA)
USA,0,1000520,VCBS English - USA - Adult (Promo),276188,Showtime Boxing (Promo) (USA)
USA,0,1000520,VCBS English - USA - Adult (Promo),245038,Showtime PPV (Promo) (USA)
USA,0,1000520,VCBS English - USA - Adult (Promo),181302,Siesta Key (Promo) (USA)
USA,0,1000520,VCBS English - USA - Adult (Promo),203484,Significant Other (Promo) (USA)
USA,0,1000522,VCBS Spanish - USA - Adult (Promo),203974,Significant Other - Spanish (Promo) (USA)
USA,0,1000520,VCBS English - USA - Adult (Promo),348714,Silence (Promo) (USA)
USA,0,1000520,VCBS English - USA - Adult (Promo),326548,Sin City Gigolo: A Murder in Las Vegas (Promo) (USA)
USA,0,1000520,VCBS English - USA - Adult (Promo),180576,Sir Alex Ferguson (Promo) (USA)
USA,0,1000520,VCBS English - USA - Adult (Promo),182476,Sistas (Promo) (USA)
USA,0,1000520,VCBS English - USA - Adult (Promo),266333,Sisters (Promo) (USA)
USA,0,1000520,VCBS English - USA - Adult (Promo),251624,Sitcom Legends (Promo) (USA)
USA,0,1000520,VCBS English - USA - Adult (Promo),276567,Sky News (Promo) (USA)
USA,0,1000520,VCBS English - USA - Adult (Promo),200800,SkyMed (Promo) (USA)
USA,0,1000520,VCBS English - USA - Adult (Promo),323466,Skyfall (Promo) (USA)
USA,0,1000520,VCBS English - USA - Adult (Promo),193416,Skyville Live: Gregg Allman and Friends (Promo) (USA)
USA,0,1000520,VCBS English - USA - Adult (Promo),311373,Sleeping Dogs (Promo) (USA)
USA,0,1000520,VCBS English - USA - Adult (Promo),343666,Sleepless in Seattle (Promo) (USA)
USA,0,1000520,VCBS English - USA - Adult (Promo),335301,Sleepy Hallow (Promo) (USA)
USA,0,1000520,VCBS English - USA - Adult (Promo),316369,Slightly Off IFC (Promo) (USA)
USA,0,1000520,VCBS English - USA - Adult (Promo),235187,Smile (Promo) (USA)
USA,0,1000520,VCBS English - USA - Adult (Promo),313132,Smile 2 (Promo) (USA)
USA,0,1000520,VCBS English - USA - Adult (Promo),181432,Smithsonian (Promo) (USA)
USA,0,1000520,VCBS English - USA - Adult (Promo),201807,Smurfs (Promo) (USA)
USA,0,1000520,VCBS English - USA - Adult (Promo),308527,Snack Shack (Promo) (USA)
USA,0,1000520,VCBS English - USA - Adult (Promo),193463,Snocross (Promo) (USA)
USA,0,1000520,VCBS English - USA - Adult (Promo),238644,Snow Day (1000520) (Promo) (USA)
USA,0,1000520,VCBS English - USA - Adult (Promo),342146,Snowpiercer (Promo) (USA)
USA,0,1000520,VCBS English - USA - Adult (Promo),273145,So Fly Christmas (Promo) (USA)
USA,0,1000520,VCBS English - USA - Adult (Promo),199265,So Help Me Todd (Promo) (USA)
USA,0,1000520,VCBS English - USA - Adult (Promo),181282,Soccer (Promo) (USA)
USA,0,1000520,VCBS English - USA - Adult (Promo),332296,Sol Dorado (Promo) (USA)
USA,0,1000522,VCBS Spanish - USA - Adult (Promo),332728,Sol Dorado - Spanish (Promo) (USA)
USA,0,1000520,VCBS English - USA - Adult (Promo),328561,Something's Gotta Give (Promo) (USA)
USA,0,1000520,VCBS English - USA - Adult (Promo),239464,Sometimes When We Touch (Promo) (USA)
USA,0,1000520,VCBS English - USA - Adult (Promo),340772,Son of the Preacher (Promo) (USA)
USA,0,1000520,VCBS English - USA - Adult (Promo),196489,Sonic the Hedgehog (Promo) (USA)
USA,0,1000520,VCBS English - USA - Adult (Promo),326356,Sonic the Hedgehog 2 (Promo) (USA)
USA,0,1000520,VCBS English - USA - Adult (Promo),316052,Sonic the Hedgehog 3 (Promo) (USA)
USA,0,1000522,VCBS Spanish - USA - Adult (Promo),181378,Sony Latino - Spanish (Promo) (USA)
USA,0,1000520,VCBS English - USA - Adult (Promo),343878,Soul Plane (Promo) (USA)
USA,0,1000520,VCBS English - USA - Adult (Promo),272526,Soul Train Awards (Promo) (USA)
USA,0,1000520,VCBS English - USA - Adult (Promo),327833,Soul of a Sister (Promo) (USA)
USA,0,1000520,VCBS English - USA - Adult (Promo),308901,Soulmates (Promo) (USA)
USA,0,1000520,VCBS English - USA - Adult (Promo),181468,South Park (Promo) (USA)
USA,0,1000520,VCBS English - USA - Adult (Promo),309295,South Park: Snow Day! (Promo) (USA)
USA,0,1000520,VCBS English - USA - Adult (Promo),202685,South Park: The 25th Anniversary Concert (Promo) (USA)
USA,0,1000520,VCBS English - USA - Adult (Promo),311487,South Park: The End of Obesity (Promo) (USA)
USA,0,1000522,VCBS Spanish - USA - Adult (Promo),181380,Spanish - Novelas - Spanish (Promo) (USA)
USA,0,1000522,VCBS Spanish - USA - Adult (Promo),181379,Spanish - Reality - Spanish (Promo) (USA)
USA,0,1000520,VCBS English - USA - Adult (Promo),352327,Special Ops True (Promo) (USA)
USA,0,1000520,VCBS English - USA - Adult (Promo),255439,Special Ops: Lioness (Promo) (USA)
USA,0,1000520,VCBS English - USA - Adult (Promo),235358,Spector (Promo) (USA)
USA,0,1000520,VCBS English - USA - Adult (Promo),314736,Speed Sport 1 (Promo) (USA)
USA,0,1000520,VCBS English - USA - Adult (Promo),202727,Spencer's Big 30 (Promo) (USA)
USA,0,1000520,VCBS English - USA - Adult (Promo),342236,Spider-Man: Homecoming (Promo) (USA)
USA,0,1000520,VCBS English - USA - Adult (Promo),318934,Spiderman (Promo) (USA)
USA,0,1000520,VCBS English - USA - Adult (Promo),339349,Spiral: Murder in Detroit (Promo) (USA)
USA,0,1000520,VCBS English - USA - Adult (Promo),181281,Spongebob (Promo) (USA)
USA,0,1000520,VCBS English - USA - Adult (Promo),197986,Sport Fishing Championship (Promo) (USA)
USA,0,1000520,VCBS English - USA - Adult (Promo),181297,Sportsline (Promo) (USA)
USA,0,1000520,VCBS English - USA - Adult (Promo),203972,Stalked Within (Promo) (USA)
USA,0,1000520,VCBS English - USA - Adult (Promo),194458,Stan Lee's Superhero Kindergarten (Promo) (USA)
USA,0,1000520,VCBS English - USA - Adult (Promo),240432,Stand (Promo) (USA)
USA,0,1000520,VCBS English - USA - Adult (Promo),183890,Stand Up To Cancer (Promo) (USA)
USA,0,1000520,VCBS English - USA - Adult (Promo),184310,Star Trek (Promo) (USA)
USA,0,1000520,VCBS English - USA - Adult (Promo),337117,Star Trek Beyond (Promo) (USA)
USA,0,1000520,VCBS English - USA - Adult (Promo),180591,Star Trek:  Discovery (Promo) (USA)
USA,0,1000520,VCBS English - USA - Adult (Promo),180589,Star Trek:  Lower Decks (Promo) (USA)
USA,0,1000520,VCBS English - USA - Adult (Promo),180590,Star Trek:  Picard (Promo) (USA)
USA,0,1000520,VCBS English - USA - Adult (Promo),310166,Star Trek: Deep Space Nine (Promo) (USA)
USA,0,1000520,VCBS English - USA - Adult (Promo),182913,Star Trek: Prodigy (Promo) (USA)
USA,0,1000520,VCBS English - USA - Adult (Promo),340331,Star Trek: Starfleet Academy (Promo) (USA)
USA,0,1000520,VCBS English - USA - Adult (Promo),244095,Star Trek: Strange New Worlds (Promo) (USA)
USA,0,1000520,VCBS English - USA - Adult (Promo),314829,Star Trek: The Motion Pictures (Promo) (USA)
USA,0,1000520,VCBS English - USA - Adult (Promo),335463,Star Trek: The Next Generation (Promo) (USA)
USA,0,1000520,VCBS English - USA - Adult (Promo),311492,Star Trek: Voyager (Promo) (USA)
USA,0,1000520,VCBS English - USA - Adult (Promo),306821,StarTalk (Promo) (USA)
USA,0,1000520,VCBS English - USA - Adult (Promo),345922,Stargate (Promo) (USA)
USA,0,1000522,VCBS Spanish - USA - Adult (Promo),197293,Stargate - Spanish (Promo) (USA)
USA,0,1000520,VCBS English - USA - Adult (Promo),343886,Stargate Atlantis (Promo) (USA)
USA,0,1000520,VCBS English - USA - Adult (Promo),348578,Stargate Origins: Catherine (Promo) (USA)
USA,0,1000520,VCBS English - USA - Adult (Promo),348581,Stargate: Continuum (Promo) (USA)
USA,0,1000520,VCBS English - USA - Adult (Promo),348579,Stargate: The Ark of Truth (Promo) (USA)
USA,0,1000520,VCBS English - USA - Adult (Promo),347910,Starship Troopers (Promo) (US)
USA,0,1000520,VCBS English - USA - Adult (Promo),272015,Stay Out (Promo) (USA)
USA,0,1000520,VCBS English - USA - Adult (Promo),344926,Steel Magnolias (Promo) (USA)
USA,0,1000520,VCBS English - USA - Adult (Promo),257699,Stellar Awards (Promo) (USA)
USA,0,1000520,VCBS English - USA - Adult (Promo),345121,Stingray - DJazz (Promo) (USA)
USA,0,1000520,VCBS English - USA - Adult (Promo),345249,Stingray - Qello (Promo) (USA)
USA,0,1000520,VCBS English - USA - Adult (Promo),345127,Stingray - ZenLIFE (Promo) (USA)
USA,0,1000520,VCBS English - USA - Adult (Promo),336978,Storage Wars by A&E (Promo) (USA)
USA,0,1000520,VCBS English - USA - Adult (Promo),270129,Stories by AMC (Promo) (USA)
USA,0,1000520,VCBS English - USA - Adult (Promo),238634,Story of Santa (Promo) (USA)
USA,0,1000520,VCBS English - USA - Adult (Promo),195397,Strange New Worlds (Promo) (USA)
USA,0,1000520,VCBS English - USA - Adult (Promo),322384,Style Me for Christmas (Promo) (USA)
USA,0,1000520,VCBS English - USA - Adult (Promo),325941,Sugar Baby (Promo) (USA)
USA,0,1000520,VCBS English - USA - Adult (Promo),187693,Sunday Morning (Promo) (USA)
USA,0,1000520,VCBS English - USA - Adult (Promo),243433,Super Bowl Greatest Commercials (Promo) (USA)
USA,0,1000520,VCBS English - USA - Adult (Promo),344229,Super Bowl Soulful Celebration (Promo) (USA)
USA,0,1000520,VCBS English - USA - Adult (Promo),277767,Super Bowl on Nickelodeon (Promo) (USA)
USA,0,1000520,VCBS English - USA - Adult (Promo),194450,Super Pumped: The Battle for Uber (Promo) (USA)
USA,0,1000520,VCBS English - USA - Adult (Promo),257003,Superfan (Promo) (USA)
USA,0,1000520,VCBS English - USA - Adult (Promo),277138,Supermarket Sweep (Promo) (USA)
USA,0,1000520,VCBS English - USA - Adult (Promo),309583,Supernatural Drama (Promo) (USA)
USA,0,1000520,VCBS English - USA - Adult (Promo),267697,Superpower (Promo) (USA)
USA,0,1000520,VCBS English - USA - Adult (Promo),341100,Surviving Christmas (Promo) (USA)
USA,0,1000520,VCBS English - USA - Adult (Promo),338465,Surviving the Serengeti (Promo) (USA)
USA,0,1000520,VCBS English - USA - Adult (Promo),183439,Survivor (Promo) (USA)
USA,0,1000520,VCBS English - USA - Adult (Promo),335548,Swerve Sports (Promo) (USA)
USA,0,1000520,VCBS English - USA - Adult (Promo),273148,Sworn Justice (Promo) (USA)
USA,0,1000520,VCBS English - USA - Adult (Promo),344990,Sydney White (Promo) (USA)
USA,0,1000520,VCBS English - USA - Adult (Promo),254951,TMNT: Mutant Mayhem (Promo) (USA)
USA,0,1000520,VCBS English - USA - Adult (Promo),181470,TNA Wrestling (Promo) (USA)
USA,0,1000520,VCBS English - USA - Adult (Promo),181461,TV Land (Promo) (USA)
USA,0,1000520,VCBS English - USA - Adult (Promo),255234,TV Land Drama (Promo) (USA)
USA,0,1000520,VCBS English - USA - Adult (Promo),251817,TV Land Sitcoms (Promo) (USA)
USA,0,1000520,VCBS English - USA - Adult (Promo),183305,TYT (Promo) (USA)
USA,0,1000520,VCBS English - USA - Adult (Promo),200677,Tales (Promo) (USA)
USA,0,1000520,VCBS English - USA - Adult (Promo),310636,Tales of the Teenage Mutant Ninja Turtles (Promo) (USA)
USA,0,1000520,VCBS English - USA - Adult (Promo),309428,Talk to Me (Promo) (USA)
USA,0,1000520,VCBS English - USA - Adult (Promo),338849,Talladega Nights: The Ballad of Ricky Bobby (Promo) (USA)
USA,0,1000520,VCBS English - USA - Adult (Promo),347908,Tank Girl (Promo) (USA)
USA,0,1000520,VCBS English - USA - Adult (Promo),333174,Tastemade: SmokeHouse (Promo) (USA)
USA,0,1000520,VCBS English - USA - Adult (Promo),203413,Taylor Hawkins Tribute Concert (Promo) (USA)
USA,0,1000520,VCBS English - USA - Adult (Promo),195547,Team Spirit (Promo) (USA)
USA,0,1000520,VCBS English - USA - Adult (Promo),316230,Team USA (Promo) (USA)
USA,0,1000520,VCBS English - USA - Adult (Promo),352593,Ted (Promo) (USA)
USA,0,1000520,VCBS English - USA - Adult (Promo),181455,Teen Mom (Promo) (USA)
USA,0,1000520,VCBS English - USA - Adult (Promo),307522,Teen Mom Family Reunion (Promo) (USA)
USA,0,1000520,VCBS English - USA - Adult (Promo),311243,Teen Mom: The Next Chapter (Promo) (USA)
USA,0,1000520,VCBS English - USA - Adult (Promo),238855,Teen Wolf: The Movie (Promo) (USA)
USA,0,1000520,VCBS English - USA - Adult (Promo),350045,Teenage Mutant Ninja Turtles: Mutant Mayhem (Promo) (USA)
USA,0,1000522,VCBS Spanish - USA - Adult (Promo),239888,Telemundo - Spanish (Promo) (USA)
USA,0,1000520,VCBS English - USA - Adult (Promo),345795,Tender Mercies (Promo) (USA)
USA,0,1000520,VCBS English - USA - Adult (Promo),332006,TennisChannel 2 (Promo) (USA)
USA,0,1000520,VCBS English - USA - Adult (Promo),332065,Terminator (Promo) (USA)
USA,0,1000520,VCBS English - USA - Adult (Promo),350409,Terminator 2: Judgement Day (Promo) (USA)
USA,0,1000520,VCBS English - USA - Adult (Promo),341193,Terminator Genisys (Promo) (USA)
USA,0,1000520,VCBS English - USA - Adult (Promo),341943,Terrifier (Promo) (USA)
USA,0,1000520,VCBS English - USA - Adult (Promo),188027,Texas 6 (Promo) (USA)
USA,0,1000520,VCBS English - USA - Adult (Promo),184388,Tha God's Honest Truth with Charlamagne Tha God (Promo) (USA)
USA,0,1000520,VCBS English - USA - Adult (Promo),247417,Thalia's Mixtape (Promo) (USA)
USA,0,1000520,VCBS English - USA - Adult (Promo),184990,That Other PreGame Show (Promo) (USA)
USA,0,1000520,VCBS English - USA - Adult (Promo),348761,The 100 (Promo) (USA)
USA,0,1000520,VCBS English - USA - Adult (Promo),308828,The 100th: Billy Joel at Madison Square Garden (Promo)(USA)
USA,0,1000520,VCBS English - USA - Adult (Promo),338249,The 4:30 Movie (Promo) (USA)
USA,0,1000520,VCBS English - USA - Adult (Promo),328113,The Accused (Promo) (USA)
USA,0,1000520,VCBS English - USA - Adult (Promo),186234,The Addams Family (Promo) (USA)
USA,0,1000520,VCBS English - USA - Adult (Promo),319720,The Agency (Promo) (USA)
USA,0,1000520,VCBS English - USA - Adult (Promo),191003,The Amazing Race (Promo) (USA)
USA,0,1000520,VCBS English - USA - Adult (Promo),317813,The American Music Awards (Promo) (USA)
USA,0,1000520,VCBS English - USA - Adult (Promo),185747,The Andy Griffith Show (Promo) (USA)
USA,0,1000520,VCBS English - USA - Adult (Promo),339208,The Aviator (Promo) (USA)
USA,0,1000522,VCBS Spanish - USA - Adult (Promo),344008,The Aviator - Spanish (Promo) (USA)
USA,0,1000520,VCBS English - USA - Adult (Promo),192404,The Bernie Mac Show (Promo) (USA)
USA,0,1000520,VCBS English - USA - Adult (Promo),275549,The Billion Dollar Goal (Promo) (USA)
USA,0,1000520,VCBS English - USA - Adult (Promo),181445,The Bob Ross Channel (Promo) (USA)
USA,0,1000520,VCBS English - USA - Adult (Promo),186994,The Bold and the Beautiful (Promo) (USA)
USA,0,1000520,VCBS English - USA - Adult (Promo),350513,The Book of Mormon (Promo) (USA)
USA,0,1000520,VCBS English - USA - Adult (Promo),335648,The Cable Guy (Promo) (USA)
USA,0,1000520,VCBS English - USA - Adult (Promo),269693,The Caine Mutiny Court-Martial (Promo) (USA)
USA,0,1000520,VCBS English - USA - Adult (Promo),328601,The Carters (Promo) (USA)
USA,0,1000520,VCBS English - USA - Adult (Promo),183055,The Challenge (Promo) (USA)
USA,0,1000520,VCBS English - USA - Adult (Promo),180578,The Challenge:  All Stars (Promo) (USA)
USA,0,1000520,VCBS English - USA - Adult (Promo),199535,The Challenge: USA (Promo) (USA)
USA,0,1000520,VCBS English - USA - Adult (Promo),244016,The Challenge: World Championship (Promo) (USA)
USA,0,1000520,VCBS English - USA - Adult (Promo),239291,The Checkup with Dr. Agus (Promo) (USA)
USA,0,1000520,VCBS English - USA - Adult (Promo),181294,The Chi (Promo) (USA)
USA,0,1000520,VCBS English - USA - Adult (Promo),273536,The Choice Is Yours (Promo) (USA)
USA,0,1000520,VCBS English - USA - Adult (Promo),275276,The Christmas Ringer (Promo) (USA)
USA,0,1000520,VCBS English - USA - Adult (Promo),186883,The Circus (Promo) (USA)
USA,0,1000520,VCBS English - USA - Adult (Promo),327270,The Closer (Promo) (USA)
USA,0,1000520,VCBS English - USA - Adult (Promo),198910,The Clubhouse Report (Promo) (USA)
USA,0,1000520,VCBS English - USA - Adult (Promo),343417,The Coach Vick Experience (Promo) (USA)
USA,0,1000520,VCBS English - USA - Adult (Promo),196561,The Color of Care (Promo) (USA)
USA,0,1000520,VCBS English - USA - Adult (Promo),352065,The Commuter (Promo) (USA)
USA,0,1000520,VCBS English - USA - Adult (Promo),311643,The Crow 30th Anniversary (Promo) (USA)
USA,0,1000520,VCBS English - USA - Adult (Promo),269530,The Curse (Promo) (USA)
USA,0,1000520,VCBS English - USA - Adult (Promo),337793,The Cut (Promo) (USA)
USA,0,1000520,VCBS English - USA - Adult (Promo),182790,The Daily Show (Promo) (USA)
USA,0,1000520,VCBS English - USA - Adult (Promo),201673,The Day The Music Died: American Pie (Promo) (USA)
USA,0,1000520,VCBS English - USA - Adult (Promo),200500,The Daytime Emmy Awards (Promo) (USA)
USA,0,1000520,VCBS English - USA - Adult (Promo),313365,The Deadly Getaway (Promo) (USA)
USA,0,1000520,VCBS English - USA - Adult (Promo),346522,The Delta Force  (Promo) (USA)
USA,0,1000520,VCBS English - USA - Adult (Promo),199951,The Design Network (Pluto) (Promo) (USA)
USA,0,1000520,VCBS English - USA - Adult (Promo),310329,The Despaired (Promo) (USA)
USA,0,1000520,VCBS English - USA - Adult (Promo),251175,The Dick Van Dyke Show (Promo) (USA)
USA,0,1000520,VCBS English - USA - Adult (Promo),185989,The Doctors (Promo) (USA)
USA,0,1000520,VCBS English - USA - Adult (Promo),344618,The Duel (Promo) (USA)
USA,0,1000520,VCBS English - USA - Adult (Promo),203345,The Ed Sullivan Show (Promo) (USA)
USA,0,1000520,VCBS English - USA - Adult (Promo),182473,The Encore (Promo) (USA)
USA,0,1000520,VCBS English - USA - Adult (Promo),306872,The End We Start From (Promo) (USA)
USA,0,1000520,VCBS English - USA - Adult (Promo),193009,The Envoys (Promo) (USA)
USA,0,1000520,VCBS English - USA - Adult (Promo),243752,The Exhibit (Promo) (USA)
USA,0,1000520,VCBS English - USA - Adult (Promo),339972,The Expendables (Promo) (USA)
USA,0,1000520,VCBS English - USA - Adult (Promo),331039,The Faculty (Promo) (USA)
USA,0,1000520,VCBS English - USA - Adult (Promo),325948,The Family Business: New Orleans (Promo) (USA)
USA,0,1000520,VCBS English - USA - Adult (Promo),246457,The Family Stallone (Promo) (USA)
USA,0,1000520,VCBS English - USA - Adult (Promo),326889,The Fifth Element (Promo) (USA)
USA,0,1000520,VCBS English - USA - Adult (Promo),257006,The Final Say (Promo) (USA)
USA,0,1000520,VCBS English - USA - Adult (Promo),337104,The First 48 by A&E (Promo) (USA)
USA,0,1000520,VCBS English - USA - Adult (Promo),196368,The First Lady (Promo) (USA)
USA,0,1000520,VCBS English - USA - Adult (Promo),340669,The Free Press (Promo) (USA)
USA,0,1000520,VCBS English - USA - Adult (Promo),322064,The French Montana Story: For Khadija (Promo) (USA)
USA,0,1000520,VCBS English - USA - Adult (Promo),333975,The Fugitive (Promo) (USA)
USA,0,1000520,VCBS English - USA - Adult (Promo),186232,The Game (Promo) (USA)
USA,0,1000520,VCBS English - USA - Adult (Promo),342981,"The Gangster, The Cop, The Devil (Promo) (USA)"
USA,0,1000520,VCBS English - USA - Adult (Promo),327834,The Gen Zone (Promo) (USA)
USA,0,1000520,VCBS English - USA - Adult (Promo),269438,The Godfather (Promo) (USA)
USA,0,1000520,VCBS English - USA - Adult (Promo),328963,The Godfather Part II (Promo) (USA)
USA,0,1000520,VCBS English - USA - Adult (Promo),316125,The Godfather: A Film We Can't Refuse (Promo) (USA)
USA,0,1000520,VCBS English - USA - Adult (Promo),188015,The Golazo Show (Promo) (USA)
USA,0,1000520,VCBS English - USA - Adult (Promo),267484,The Gold (Promo) (USA)
USA,0,1000520,VCBS English - USA - Adult (Promo),275991,The Golden Globe Awards (Promo) (USA)
USA,0,1000520,VCBS English - USA - Adult (Promo),181144,The Good Fight (Promo) (USA)
USA,0,1000520,VCBS English - USA - Adult (Promo),195277,The Grammy Awards (Promo) (USA)
USA,0,1000520,VCBS English - USA - Adult (Promo),240439,The Greater (Promo) (USA)
USA,0,1000520,VCBS English - USA - Adult (Promo),238501,The Grio Awards (Promo) (USA)
USA,0,1000520,VCBS English - USA - Adult (Promo),337961,The Guest (Promo) (USA)
USA,0,1000520,VCBS English - USA - Adult (Promo),181452,The Hills (Promo) (USA)
USA,0,1000520,VCBS English - USA - Adult (Promo),344621,The Homesman (Promo) (USA)
USA,0,1000520,VCBS English - USA - Adult (Promo),322847,"The Honey Trap: A True Story of Love, Lies, and the FBI (Promo) (USA)"
USA,0,1000520,VCBS English - USA - Adult (Promo),334792,The Hospital (Promo) (USA)
USA,0,1000520,VCBS English - USA - Adult (Promo),352066,The Hunt for Red October (Promo) (USA)
USA,0,1000520,VCBS English - USA - Adult (Promo),311296,The Image of You (Promo) (USA)
USA,0,1000520,VCBS English - USA - Adult (Promo),236440,The Impact (Promo) (USA)
USA,0,1000520,VCBS English - USA - Adult (Promo),276682,The Impact New York (Promo) (USA)
USA,0,1000520,VCBS English - USA - Adult (Promo),194213,The In Between (Promo) (USA)
USA,0,1000520,VCBS English - USA - Adult (Promo),254946,The Inspection (Promo) (USA)
USA,0,1000520,VCBS English - USA - Adult (Promo),349083,The Internship (Promo) (USA)
USA,0,1000520,VCBS English - USA - Adult (Promo),322194,The Italian Job (Promo) (USA)
USA,0,1000520,VCBS English - USA - Adult (Promo),182750,The J Team (Promo) (USA)
USA,0,1000520,VCBS English - USA - Adult (Promo),307360,The Jack Hanna Channel (Promo) (USA)
USA,0,1000520,VCBS English - USA - Adult (Promo),271631,The Jamie Oliver Channel (Promo) (USA)
USA,0,1000520,VCBS English - USA - Adult (Promo),239937,The Kennedy Center Honors (Promo) (USA)
USA,0,1000520,VCBS English - USA - Adult (Promo),341096,The King of Fighters (Promo) (USA)
USA,0,1000520,VCBS English - USA - Adult (Promo),183531,The L Word (Promo) (USA)
USA,0,1000520,VCBS English - USA - Adult (Promo),202941,The L Word: Generation Q (Promo) (USA)
USA,0,1000520,VCBS English - USA - Adult (Promo),240093,The Lair and His Lover (Promo) (USA)
USA,0,1000520,VCBS English - USA - Adult (Promo),237208,The Last Cowboy (Promo) (USA)
USA,0,1000520,VCBS English - USA - Adult (Promo),331662,The Last Gunfight (Promo) (USA)
USA,0,1000520,VCBS English - USA - Adult (Promo),180636,The Late Late Show (Promo) (USA)
USA,0,1000520,VCBS English - USA - Adult (Promo),181286,The Late Late Show with James Corden (Promo) (USA)
USA,0,1000520,VCBS English - USA - Adult (Promo),180635,The Late Show (Promo) (USA)
USA,0,1000520,VCBS English - USA - Adult (Promo),181285,The Late Show with Stephen Colbert (Promo) (USA)
USA,0,1000520,VCBS English - USA - Adult (Promo),204075,The Lincoln Project (Promo) (USA)
USA,0,1000520,VCBS English - USA - Adult (Promo),343852,The Long Walk Home (Promo) (USA)
USA,0,1000520,VCBS English - USA - Adult (Promo),316307,The Longest Yard (Promo) (USA)
USA,0,1000520,VCBS English - USA - Adult (Promo),198620,The Lost City (Promo) (USA)
USA,0,1000520,VCBS English - USA - Adult (Promo),310711,The Loud House (Promo) (USA)
USA,0,1000520,VCBS English - USA - Adult (Promo),312572,The Loud House No Time to Spy (Promo) (USA)
USA,0,1000520,VCBS English - USA - Adult (Promo),256264,The Love Boat (Promo) (USA)
USA,0,1000520,VCBS English - USA - Adult (Promo),237272,The Love Experiment (Promo) (USA)
USA,0,1000520,VCBS English - USA - Adult (Promo),343482,The Madison (Promo) (USA)
USA,0,1000520,VCBS English - USA - Adult (Promo),198170,The Man Who Fell to Earth (Promo) (USA)
USA,0,1000520,VCBS English - USA - Adult (Promo),191712,The Marfa Tapes (Promo) (USA)
USA,0,1000520,VCBS English - USA - Adult (Promo),328555,The Martha Stewart Channel (Promo) (USA)
USA,0,1000520,VCBS English - USA - Adult (Promo),198912,The Mary Tyler Moore Show (Promo) (USA)
USA,0,1000520,VCBS English - USA - Adult (Promo),309809,The Masters (Promo) (USA)
USA,0,1000520,VCBS English - USA - Adult (Promo),315096,The Matrix (Promo) (USA)
USA,0,1000520,VCBS English - USA - Adult (Promo),308396,The Millenial (Promo) (USA)
USA,0,1000520,VCBS English - USA - Adult (Promo),203971,The Missing (Promo) (USA)
USA,0,1000520,VCBS English - USA - Adult (Promo),348580,The Mortal Instruments (Promo) (USA)
USA,0,1000520,VCBS English - USA - Adult (Promo),330074,The NBA Channel (Promo) (USA)
USA,0,1000520,VCBS English - USA - Adult (Promo),180651,The Neighborhood (Promo) (USA)
USA,0,1000520,VCBS English - USA - Adult (Promo),346446,The Octagon (Promo) (USA)
USA,0,1000520,VCBS English - USA - Adult (Promo),193322,The Offer (Promo) (USA)
USA,0,1000520,VCBS English - USA - Adult (Promo),193415,The Office (Promo) (USA)
USA,0,1000520,VCBS English - USA - Adult (Promo),182123,The One and Only Dick Gregory (Promo) (USA)
USA,0,1000520,VCBS English - USA - Adult (Promo),201442,The Only (Promo) (USA)
USA,0,1000520,VCBS English - USA - Adult (Promo),342270,The Other Guys (Promo) (USA)
USA,0,1000520,VCBS English - USA - Adult (Promo),182474,The Oval (Promo) (USA)
USA,0,1000520,VCBS English - USA - Adult (Promo),182016,The Patrick Star Show (Promo) (USA)
USA,0,1000520,VCBS English - USA - Adult (Promo),199320,The Pet Collective (Promo) (USA)
USA,0,1000520,VCBS English - USA - Adult (Promo),198621,The Porter (Promo) (USA)
USA,0,1000520,VCBS English - USA - Adult (Promo),181465,The Price Is Right (Promo) (USA)
USA,0,1000520,VCBS English - USA - Adult (Promo),235089,The Rachael Ray Show (Promo) (USA)
USA,0,1000520,VCBS English - USA - Adult (Promo),243886,The Reading (Promo) (USA)
USA,0,1000520,VCBS English - USA - Adult (Promo),197477,The Ready Room (Promo) (USA)
USA,0,1000520,VCBS English - USA - Adult (Promo),312058,The Real CSI: Miami (Promo) (USA)
USA,0,1000520,VCBS English - USA - Adult (Promo),240544,The Real Friends of WeHo (Promo) (USA)
USA,0,1000520,VCBS English - USA - Adult (Promo),310762,The Real Housewives Vault (Promo) (USA)
USA,0,1000520,VCBS English - USA - Adult (Promo),199533,The Real Love Boat (Promo) (USA)
USA,0,1000520,VCBS English - USA - Adult (Promo),351104,The Real Wolf of Wall Street (Promo) (USA)
USA,0,1000520,VCBS English - USA - Adult (Promo),180580,The Real World:  Homecoming (Promo) (USA)
USA,0,1000520,VCBS English - USA - Adult (Promo),276950,The Really Loud House (Promo) (USA)
USA,0,1000520,VCBS English - USA - Adult (Promo),325986,The Ring (Promo) (USA)
USA,0,1000520,VCBS English - USA - Adult (Promo),329052,The Road (Promo) (USA)
USA,0,1000520,VCBS English - USA - Adult (Promo),333391,The Running Man (Promo) (USA)
USA,0,1000520,VCBS English - USA - Adult (Promo),346033,The Russia House  (Promo) (USA)
USA,0,1000520,VCBS English - USA - Adult (Promo),275831,The Sound of Christmas (Promo) (USA)
USA,0,1000520,VCBS English - USA - Adult (Promo),333739,The Spongebob Movie: Search for Squarepants (Promo) (USA)
USA,0,1000520,VCBS English - USA - Adult (Promo),180588,The Stand (Promo) (USA)
USA,0,1000520,VCBS English - USA - Adult (Promo),311300,The Summit (Promo) (USA)
USA,0,1000520,VCBS English - USA - Adult (Promo),235360,The Surreal Life (Promo) (USA)
USA,0,1000520,VCBS English - USA - Adult (Promo),331569,The Takeout (Promo) (USA)
USA,0,1000520,VCBS English - USA - Adult (Promo),186747,The Talk (Promo) (USA)
USA,0,1000520,VCBS English - USA - Adult (Promo),343729,The Ten Commandments (Promo) (USA)
USA,0,1000520,VCBS English - USA - Adult (Promo),277617,The Thundermans Return (Promo) (USA)
USA,0,1000520,VCBS English - USA - Adult (Promo),276351,The Tiger's Apprentice (Promo) (USA)
USA,0,1000520,VCBS English - USA - Adult (Promo),199367,The Tony Awards (Promo) (USA)
USA,0,1000520,VCBS English - USA - Adult (Promo),350415,The Ultimate Fighter (Promo) (USA)
USA,0,1000520,VCBS English - USA - Adult (Promo),180644,The Unicorn (Promo) (USA)
USA,0,1000520,VCBS English - USA - Adult (Promo),203132,The Unit (Promo) (USA)
USA,0,1000520,VCBS English - USA - Adult (Promo),325489,The Untouchables (Promo) (USA)
USA,0,1000520,VCBS English - USA - Adult (Promo),328401,The Walking Dead (Promo) (USA)
USA,0,1000520,VCBS English - USA - Adult (Promo),236078,The Walking Dead Universe (Promo) (USA)
USA,0,1000522,VCBS Spanish - USA - Adult (Promo),310522,The Walking Dead en Español - Spanish (Promo) (USA)
USA,0,1000522,VCBS Spanish - USA - Adult (Promo),313547,The Weather Channel en Español - Spanish (Promo) (USA)
USA,0,1000520,VCBS English - USA - Adult (Promo),312756,The Weekly Show with Jon Stewart (Promo) (USA)
USA,0,1000520,VCBS English - USA - Adult (Promo),313674,The West Coast Hustle (Promo) (USA)
USA,0,1000520,VCBS English - USA - Adult (Promo),330802,The Wolf of Wall Street (Promo) (USA)
USA,0,1000520,VCBS English - USA - Adult (Promo),274738,The Woman in the Wall (Promo) (USA)
USA,0,1000520,VCBS English - USA - Adult (Promo),275355,The World According to Football (Promo) (USA)
USA,0,1000520,VCBS English - USA - Adult (Promo),342602,The X-Files (Promo) (USA)
USA,0,1000520,VCBS English - USA - Adult (Promo),312444,The Young Wife (Promo) (USA)
USA,0,1000520,VCBS English - USA - Adult (Promo),186993,The Young and The Restless (Promo) (USA)
USA,0,1000520,VCBS English - USA - Adult (Promo),345173,Thelma & Louise (Promo) (USA)
USA,0,1000520,VCBS English - USA - Adult (Promo),345539,Things That Matter (Promo) (USA)
USA,0,1000520,VCBS English - USA - Adult (Promo),313483,Think Like A Man (Promo) (USA)
USA,0,1000520,VCBS English - USA - Adult (Promo),335299,Thirst Trap: The Fame. The Fantasy. The Fallout. (Promo) (USA)
USA,0,1000520,VCBS English - USA - Adult (Promo),181467,This Old House (Promo) (USA)
USA,0,1000520,VCBS English - USA - Adult (Promo),316384,This Old House Makers Channel (Promo) (USA)
USA,0,1000520,VCBS English - USA - Adult (Promo),251867,Three's Company (Promo) (USA)
USA,0,1000520,VCBS English - USA - Adult (Promo),274605,Thriller 40 (Promo) (USA)
USA,0,1000520,VCBS English - USA - Adult (Promo),183926,Thriller Movie Stunt (Promo) (USA)
USA,0,1000520,VCBS English - USA - Adult (Promo),345128,TikTok Radio (Promo) (USA)
USA,0,1000520,VCBS English - USA - Adult (Promo),342617,Timecop (Promo) (USA)
USA,0,1000520,VCBS English - USA - Adult (Promo),342002,Tinsel Town (Promo) (USA)
USA,0,1000520,VCBS English - USA - Adult (Promo),240748,Tiny House Nation (Promo) (USA)
USA,0,1000520,VCBS English - USA - Adult (Promo),309535,Titanic (Promo) (USA)
USA,0,1000520,VCBS English - USA - Adult (Promo),331749,To Get Her (Promo) (USA)
USA,0,1000520,VCBS English - USA - Adult (Promo),181877,Today (Promo) (USA)
USA,0,1000520,VCBS English - USA - Adult (Promo),189366,TokuSHOUTsu (Promo) (USA)
USA,0,1000520,VCBS English - USA - Adult (Promo),341121,Tom Kerridge Cooks Christmas (Promo) (USA)
USA,0,1000520,VCBS English - USA - Adult (Promo),326669,Tom Petty: Heartbreakers Beach Party (Promo) (USA)
USA,0,1000520,VCBS English - USA - Adult (Promo),326932,Tommy Boy (Promo) (USA)
USA,0,1000520,VCBS English - USA - Adult (Promo),334553,Tony Robbins Network (Promo) (USA)
USA,0,1000520,VCBS English - USA - Adult (Promo),351464,Too Close for Christmas (Promo) (USA)
USA,0,1000520,VCBS English - USA - Adult (Promo),180585,Tooning Out the News (Promo) (USA)
USA,0,1000520,VCBS English - USA - Adult (Promo),238405,Top Gear (Promo) (USA)
USA,0,1000522,VCBS Spanish - USA - Adult (Promo),186740,Top Gear - Spanish (Promo) (USA)
USA,0,1000520,VCBS English - USA - Adult (Promo),353232,Top Gun: Battlefield (Promo) (USA)
USA,0,1000520,VCBS English - USA - Adult (Promo),198055,Top Gun: Maverick (Promo) (USA)
USA,0,1000522,VCBS Spanish - USA - Adult (Promo),347055,"Top Gun:""Pasión y gloria"" - Spanish (Promo) (USA)"
USA,0,1000520,VCBS English - USA - Adult (Promo),310765,Top Rank Classics (Promo) (USA)
USA,0,1000522,VCBS Spanish - USA - Adult (Promo),310766,Top Rank Classics - Spanish (Promo) (USA)
USA,0,1000520,VCBS English - USA - Adult (Promo),256213,Totally Teen (Promo) (USA)
USA,0,1000520,VCBS English - USA - Adult (Promo),185690,Tough As Nails (Promo) (USA)
USA,0,1000520,VCBS English - USA - Adult (Promo),331682,Tough Jobs (Promo) (USA)
USA,0,1000520,VCBS English - USA - Adult (Promo),341918,Town Hall (Promo) (USA)
USA,0,1000520,VCBS English - USA - Adult (Promo),329834,Track & Field (Promo) (USA)
USA,0,1000520,VCBS English - USA - Adult (Promo),274736,Tracker (Promo) (USA)
USA,0,1000520,VCBS English - USA - Adult (Promo),251174,Transformers (Promo) (USA)
USA,0,1000520,VCBS English - USA - Adult (Promo),200248,Transformers TV (Promo) (USA)
USA,0,1000520,VCBS English - USA - Adult (Promo),333498,Transformers: Age of Extinction (Promo) (USA)
USA,0,1000520,VCBS English - USA - Adult (Promo),236011,Transformers: Earthspark (Promo) (USA)
USA,0,1000520,VCBS English - USA - Adult (Promo),310375,Transformers: One (Promo) (USA)
USA,0,1000520,VCBS English - USA - Adult (Promo),351102,Transformers: Rise of the Beasts (Promo) (USA)
USA,0,1000520,VCBS English - USA - Adult (Promo),320221,Treasure (Promo) (USA)
USA,0,1000520,VCBS English - USA - Adult (Promo),308000,Trigger (Promo) (USA)
USA,0,1000520,VCBS English - USA - Adult (Promo),311309,Triton Poker (Promo) (USA)
USA,0,1000520,VCBS English - USA - Adult (Promo),316349,Trope (Promo) (USA)
USA,0,1000520,VCBS English - USA - Adult (Promo),197525,Trophy Wife (Promo) (USA)
USA,0,1000520,VCBS English - USA - Adult (Promo),316305,Tropic Thunder (Promo) (USA)
USA,0,1000520,VCBS English - USA - Adult (Promo),328725,True Grit (Promo) (USA)
USA,0,1000520,VCBS English - USA - Adult (Promo),239668,True Lies (Promo) (USA)
USA,0,1000520,VCBS English - USA - Adult (Promo),183893,True Life Crime (Promo) (USA)
USA,0,1000520,VCBS English - USA - Adult (Promo),277568,True to the Game (Promo) (USA)
USA,0,1000520,VCBS English - USA - Adult (Promo),335128,Trust (Promo) (USA)
USA,0,1000520,VCBS English - USA - Adult (Promo),199318,Trusted Media Brands (Promo) (USA)
USA,0,1000522,VCBS Spanish - USA - Adult (Promo),332498,TuDiscovery - Spanish (Promo) (USA)
USA,0,1000522,VCBS Spanish - USA - Adult (Promo),332495,TuWarner - Spanish (Promo) (USA)
USA,0,1000520,VCBS English - USA - Adult (Promo),200104,Tulsa King (Promo) (USA)
USA,0,1000520,VCBS English - USA - Adult (Promo),185761,Twenties (Promo) (USA)
USA,0,1000520,VCBS English - USA - Adult (Promo),340021,Twilight (Promo) (USA)
USA,0,1000520,VCBS English - USA - Adult (Promo),347501,Twin Peaks (Promo) (USA)
USA,0,1000520,VCBS English - USA - Adult (Promo),347328,Twisted (Promo) (USA)
USA,0,1000520,VCBS English - USA - Adult (Promo),266883,Twisted Metal (Promo) (USA)
USA,0,1000520,VCBS English - USA - Adult (Promo),181815,Two and a Half Men (Promo) (USA)
USA,0,1000520,VCBS English - USA - Adult (Promo),319322,Tyler Perry's Madea Christmas (Promo) (USA)
USA,0,1000520,VCBS English - USA - Adult (Promo),192244,Tyler Perry's Ruthless (Promo) (USA)
USA,0,1000520,VCBS English - USA - Adult (Promo),341051,Tyson Fury vs Deontay Wilder 3 (Promo) (USA)
USA,0,1000520,VCBS English - USA - Adult (Promo),266944,U.S. Open Cup (Promo) (USA)
USA,0,1000520,VCBS English - USA - Adult (Promo),247355,UEFA (Union of European Football Associations) (Promo) (USA)
USA,0,1000520,VCBS English - USA - Adult (Promo),180587,UEFA Champions League (Promo) (USA)
USA,0,1000520,VCBS English - USA - Adult (Promo),312313,UEFA Champions League Channel (Promo) (USA)
USA,0,1000520,VCBS English - USA - Adult (Promo),331542,UEFA Conference League (Promo) (USA)
USA,0,1000520,VCBS English - USA - Adult (Promo),184598,UEFA Europa (Promo) (USA)
USA,0,1000520,VCBS English - USA - Adult (Promo),266903,UEFA Super Cup (Promo) (USA)
USA,0,1000520,VCBS English - USA - Adult (Promo),256158,UEFA U21 (Promo) (USA)
USA,0,1000520,VCBS English - USA - Adult (Promo),251193,UEFA Women's Champions League (Promo) (USA)
USA,0,1000520,VCBS English - USA - Adult (Promo),326649,UFC (Promo) (USA)
USA,0,1000522,VCBS Spanish - USA - Adult (Promo),348697,UFC - Spanish (Promo) (USA)
USA,0,1000520,VCBS English - USA - Adult (Promo),183532,UFO (Promo) (USA)
USA,0,1000520,VCBS English - USA - Adult (Promo),309513,USL (Promo) (USA)
USA,0,1000520,VCBS English - USA - Adult (Promo),314728,UnXplained Zone (Promo) (USA)
USA,0,1000522,VCBS Spanish - USA - Adult (Promo),346787,Una Película de Miedo En Español - Spanish (Promo) (USA)
USA,0,1000520,VCBS English - USA - Adult (Promo),318688,Uncharted (Promo) (USA)
USA,0,1000520,VCBS English - USA - Adult (Promo),251682,Uncoupled (Promo) (USA)
USA,0,1000520,VCBS English - USA - Adult (Promo),306578,Under His Influence (Promo) (USA)
USA,0,1000520,VCBS English - USA - Adult (Promo),272639,Under the Boardwalk (Promo) (USA)
USA,0,1000520,VCBS English - USA - Adult (Promo),332777,Under the Silver Lake (Promo) (USA)
USA,0,1000520,VCBS English - USA - Adult (Promo),192182,Undercover Boss (Promo) (USA)
USA,0,1000520,VCBS English - USA - Adult (Promo),197759,Unfaithful (Promo) (USA)
USA,0,1000520,VCBS English - USA - Adult (Promo),350166,Unicorns (Promo) (USA)
USA,0,1000520,VCBS English - USA - Adult (Promo),180637,United States of Al (Promo) (USA)
USA,0,1000520,VCBS English - USA - Adult (Promo),321711,Universal Action (Promo) (USA)
USA,0,1000520,VCBS English - USA - Adult (Promo),321690,Universal Crime (Promo) (USA)
USA,0,1000520,VCBS English - USA - Adult (Promo),321539,Universal Monsters (Promo) (USA)
USA,0,1000520,VCBS English - USA - Adult (Promo),338919,Universal Movies (Promo) (USA)
USA,0,1000520,VCBS English - USA - Adult (Promo),251985,Unsolved Mysteries (Promo) (USA)
USA,0,1000520,VCBS English - USA - Adult (Promo),343917,Untamed Heart (Promo) (USA)
USA,0,1000520,VCBS English - USA - Adult (Promo),347336,Untitled Home Invasion Romance (Promo) (USA)
USA,0,1000520,VCBS English - USA - Adult (Promo),243285,Untreated & Unheard (Promo) (USA)
USA,0,1000520,VCBS English - USA - Adult (Promo),195615,Uplift (Promo) (USA)
USA,0,1000520,VCBS English - USA - Adult (Promo),345921,Urban Cowboy (Promo) (USA)
USA,0,1000520,VCBS English - USA - Adult (Promo),331745,Usher: Rendezvous in Paris (Promo) (USA)
USA,0,1000520,VCBS English - USA - Adult (Promo),323469,Utopia (Promo) (USA)
USA,0,1000520,VCBS English - USA - Adult (Promo),181493,VH1 (Promo) (USA)
USA,0,1000520,VCBS English - USA - Adult (Promo),193428,VH1 Family Reunion (Promo) (USA)
USA,0,1000520,VCBS English - USA - Adult (Promo),183728,VMAs (Promo) (USA)
USA,0,1000520,VCBS English - USA - Adult (Promo),344636,Varsity Blues (Promo) (USA)
USA,0,1000520,VCBS English - USA - Adult (Promo),342281,Vera's Holiday Flop (Promo) (USA)
USA,0,1000520,VCBS English - USA - Adult (Promo),181471,Vevo (Promo) (USA)
USA,0,1000522,VCBS Spanish - USA - Adult (Promo),268752,Vevo - Spanish (Promo) (USA)
USA,0,1000522,VCBS Spanish - USA - Adult (Promo),181377,Vevo Latino - Spanish (Promo) (USA)
USA,0,1000520,VCBS English - USA - Adult (Promo),181451,ViacomCBS (Promo) (USA)
USA,0,1000520,VCBS English - USA - Adult (Promo),251378,Vice (Promo) (USA)
USA,0,1000520,VCBS English - USA - Adult (Promo),338445,Vicious (Promo) (USA)
USA,0,1000520,VCBS English - USA - Adult (Promo),251458,VidCon (Promo) (USA)
USA,0,1000522,VCBS Spanish - USA - Adult (Promo),330444,Vidas Extremas - Spanish (Promo) (USA)
USA,0,1000520,VCBS English - USA - Adult (Promo),252117,WNBA (Promo) (USA)
USA,0,1000520,VCBS English - USA - Adult (Promo),317595,WOW Women of Wrestling (Promo) (USA)
USA,0,1000520,VCBS English - USA - Adult (Promo),244299,Waco (Promo) (USA)
USA,0,1000520,VCBS English - USA - Adult (Promo),269791,Wake (Promo) (USA)
USA,0,1000520,VCBS English - USA - Adult (Promo),255231,Walker Texas Ranger (Promo) (USA)
USA,0,1000520,VCBS English - USA - Adult (Promo),342493,War Dawgz (Promo) (USA)
USA,0,1000520,VCBS English - USA - Adult (Promo),346838,Wardriver (Promo) (USA)
USA,0,1000520,VCBS English - USA - Adult (Promo),347503,Warm Bodies (Promo) (USA)
USA,0,1000520,VCBS English - USA - Adult (Promo),310951,Warner Bros. Home Crashers (Promo) (USA)
USA,0,1000520,VCBS English - USA - Adult (Promo),311018,Warner Bros. TV Medical Incredible (Promo) (USA)
USA,0,1000520,VCBS English - USA - Adult (Promo),311017,Warner Bros. TV Rustic Retreats (Promo) (USA)
USA,0,1000520,VCBS English - USA - Adult (Promo),307621,Warner Bros. TV Say Yes to the Dress (Promo) (USA)
USA,0,1000520,VCBS English - USA - Adult (Promo),308043,Warner Bros. TV Sweet Escapes (Promo) (USA)
USA,0,1000520,VCBS English - USA - Adult (Promo),311010,Warner Bros. TV Ultimate Builds (Promo) (USA)
USA,0,1000520,VCBS English - USA - Adult (Promo),194848,Wasteland (Promo) (USA)
USA,0,1000520,VCBS English - USA - Adult (Promo),321864,Watson (Promo) (USA)
USA,0,1000520,VCBS English - USA - Adult (Promo),202726,Watts on the Grill (Promo) (USA)
USA,0,1000520,VCBS English - USA - Adult (Promo),334016,Wayne's World (Promo) (USA)
USA,0,1000520,VCBS English - USA - Adult (Promo),198380,Waypoint TV (Promo) (USA)
USA,0,1000520,VCBS English - USA - Adult (Promo),277569,Wayward (Promo) (USA)
USA,0,1000520,VCBS English - USA - Adult (Promo),202508,We Need To Talk About Bill Cosby (Promo) (USA)
USA,0,1000520,VCBS English - USA - Adult (Promo),182533,We Need to Talk (Promo) (USA)
USA,0,1000520,VCBS English - USA - Adult (Promo),316557,We Will Dance Again (Promo) (USA)
USA,0,1000520,VCBS English - USA - Adult (Promo),181450,WeTV (Promo) (USA)
USA,0,1000520,VCBS English - USA - Adult (Promo),343896,Wedding Daze (Promo) (USA)
USA,0,1000520,VCBS English - USA - Adult (Promo),267627,Welcome to Rap City (Promo) (USA)
USA,0,1000520,VCBS English - USA - Adult (Promo),202634,Western Week (Promo) (USA)
USA,0,1000522,VCBS Spanish - USA - Adult (Promo),203469,Western Week - Spanish (Promo) (USA)
USA,0,1000520,VCBS English - USA - Adult (Promo),266940,Westerns on PlutoTV (Promo) (USA)
USA,0,1000520,VCBS English - USA - Adult (Promo),275830,Whatever It Takes (Promo) (USA)
USA,0,1000520,VCBS English - USA - Adult (Promo),201803,Wheel of Fortune (Promo) (USA)
USA,0,1000520,VCBS English - USA - Adult (Promo),239458,When Christmas Was Young (Promo) (USA)
USA,0,1000520,VCBS English - USA - Adult (Promo),202381,When You Least Expect It (Promo) (USA)
USA,0,1000522,VCBS Spanish - USA - Adult (Promo),202382,When You Least Expect It - Spanish (Promo) (USA)
USA,0,1000520,VCBS English - USA - Adult (Promo),325626,White Chicks (Promo) (USA)
USA,0,1000520,VCBS English - USA - Adult (Promo),316109,Who's Cheating Who (Promo) (USA)
USA,0,1000520,VCBS English - USA - Adult (Promo),180593,Why Women Kill (Promo) (USA)
USA,0,1000520,VCBS English - USA - Adult (Promo),344658,Wild Bill (Promo) (USA)
USA,0,1000520,VCBS English - USA - Adult (Promo),344429,Wild Boys: Strangers In Town (Promo) (USA)
USA,0,1000520,VCBS English - USA - Adult (Promo),350330,Wild Cherry (Promo) (USA)
USA,0,1000520,VCBS English - USA - Adult (Promo),313668,Wild West TV (Promo) (USA)
USA,0,1000520,VCBS English - USA - Adult (Promo),181434,Wild n' Out (Promo) (USA)
USA,0,1000520,VCBS English - USA - Adult (Promo),276102,Willie Nelson & Family (Promo) (USA)
USA,0,1000520,VCBS English - USA - Adult (Promo),330068,Winter Spring Summer or Fall (Promo) (USA)
USA,0,1000520,VCBS English - USA - Adult (Promo),337088,Witchboard (Promo) (USA)
USA,0,1000520,VCBS English - USA - Adult (Promo),327493,Without A Trace (Promo) (USA)
USA,0,1000520,VCBS English - USA - Adult (Promo),240558,Wolf Pack (Promo) (USA)
USA,0,1000520,VCBS English - USA - Adult (Promo),345177,Woman Walks Ahead (Promo) (USA)
USA,0,1000520,VCBS English - USA - Adult (Promo),180583,Woman in Motion (Promo) (USA)
USA,0,1000520,VCBS English - USA - Adult (Promo),183836,Work in Progress (Promo) (USA)
USA,0,1000520,VCBS English - USA - Adult (Promo),240555,World Poker Tour (Promo) (USA)
USA,0,1000520,VCBS English - USA - Adult (Promo),187941,World Series of Poker (Promo) (USA)
USA,0,1000520,VCBS English - USA - Adult (Promo),314861,World War Z (Promo) (USA)
USA,0,1000520,VCBS English - USA - Adult (Promo),338841,Wrestling Central (Promo) (USA)
USA,0,1000520,VCBS English - USA - Adult (Promo),251326,Wynonna Judd: Between Hell and Hallelujah (Promo) (USA)
USA,0,1000520,VCBS English - USA - Adult (Promo),236524,X (Promo) (USA)
USA,0,1000520,VCBS English - USA - Adult (Promo),255981,XITE (Promo) (USA)
USA,0,1000520,VCBS English - USA - Adult (Promo),239235,XMas Tree Lighting (Promo) (USA)
USA,0,1000520,VCBS English - USA - Adult (Promo),316445,Xtreme Outdoor Presented by HISTORY (Promo) (USA)
USA,0,1000520,VCBS English - USA - Adult (Promo),199370,YO! MTV Raps (Promo) (USA)
USA,0,1000520,VCBS English - USA - Adult (Promo),183740,Yahoo Finance (Promo) (USA)
USA,0,1000520,VCBS English - USA - Adult (Promo),188467,Yellowjackets (Promo) (USA)
USA,0,1000520,VCBS English - USA - Adult (Promo),326172,Yellowjackets - Versus (Promo) (USA)
USA,0,1000520,VCBS English - USA - Adult (Promo),191056,Yellowstone & 1883 (Promo) (USA)
USA,0,1000520,VCBS English - USA - Adult (Promo),188487,Yellowstone & Mayor of Kingstown (Promo) (USA)
USA,0,1000520,VCBS English - USA - Adult (Promo),182129,Yellowstone (Promo) (USA)
USA,0,1000520,VCBS English - USA - Adult (Promo),351836,"You Don't Know Where I'm From, Dog (Promo) (USA)"
USA,0,1000520,VCBS English - USA - Adult (Promo),255524,You're Killing Me (Promo) (USA)
USA,0,1000520,VCBS English - USA - Adult (Promo),344971,Young Adult (Promo) (USA)
USA,0,1000520,VCBS English - USA - Adult (Promo),349588,Young Guns (Promo) (USA)
USA,0,1000520,VCBS English - USA - Adult (Promo),349571,Young Guns II (Promo) (USA)
USA,0,1000520,VCBS English - USA - Adult (Promo),180652,Young Sheldon (Promo) (USA)
USA,0,1000520,VCBS English - USA - Adult (Promo),313775,Young. Wild. Free. (Promo) (USA)
USA,0,1000520,VCBS English - USA - Adult (Promo),181283,Younger P+ (Promo) (USA)
USA,0,1000520,VCBS English - USA - Adult (Promo),181813,Younger-1000520 (Promo) (USA)
USA,0,1000520,VCBS English - USA - Adult (Promo),202940,Your Honor (Promo) (USA)
USA,0,1000520,VCBS English - USA - Adult (Promo),193803,Yu-Gi-Oh! (Promo) (USA)
USA,0,1000520,VCBS English - USA - Adult (Promo),329660,Z Nation (Promo) (USA)
USA,0,1000520,VCBS English - USA - Adult (Promo),204228,Zatima (Promo) (USA)
USA,0,1000520,VCBS English - USA - Adult (Promo),329854,Zero Dark Thirty (Promo) (USA)
USA,0,1000520,VCBS English - USA - Adult (Promo),198111,Ziwe (Promo) (USA)
USA,0,1000520,VCBS English - USA - Adult (Promo),328890,Zodiac (Promo) (USA)
USA,0,1000520,VCBS English - USA - Adult (Promo),255886,Zoey 102 (Promo) (USA)
USA,0,1000520,VCBS English - USA - Adult (Promo),343272,Zoolander (Promo) (USA)
USA,0,1000520,VCBS English - USA - Adult (Promo),343600,Zuffa Boxing (Promo) (USA)
USA,0,1000522,VCBS Spanish - USA - Adult (Promo),181376,beIN Sports Xtra Español - Spanish (Promo) (USA)
USA,0,1000520,VCBS English - USA - Adult (Promo),181143,iCarly (Promo) (USA)
USA,0,1000520,VCBS English - USA - Adult (Promo),330675,xXx (Promo) (USA)
USA,0,1000520,VCBS English - USA - Adult (Promo),318096,¡Casa Bonita Mi Amor! (Promo) (USA)
USA,1,1000521,VCBS English - USA - Kids (Promo),272108,90's Kids Channel (Promo) - Kids (USA)
USA,1,1000521,VCBS English - USA - Kids (Promo),339207,A PAW Patrol Christmas - Kids (Promo) (USA)
USA,1,1000521,VCBS English - USA - Kids (Promo),269718,A Really Haunted Loud House (Promo) - Kids (USA)
USA,1,1000521,VCBS English - USA - Kids (Promo),182117,All That (Promo) - Kids (USA)
USA,1,1000521,VCBS English - USA - Kids (Promo),197015,Alvinnn!!! and the Chipmunks (Promo) - Kids (USA)
USA,1,1000521,VCBS English - USA - Kids (Promo),181731,Archie's Weird Mysteries (Promo) - Kids (USA)
USA,1,1000521,VCBS English - USA - Kids (Promo),201485,Are You Afraid of the Dark (Promo) - Kids (USA)
USA,1,1000521,VCBS English - USA - Kids (Promo),193238,Are You Smarter Than A Fifth Grader? (Promo) - Kids (USA)
USA,1,1000521,VCBS English - USA - Kids (Promo),307663,Avatar: The Last Airbender - Kids (Promo) (USA)
USA,1,1000521,VCBS English - USA - Kids (Promo),197238,BBC Kids (Promo) - Kids (USA)
USA,1,1000521,VCBS English - USA - Kids (Promo),347239,BFF Detectives - Kids (Promo) (USA)
USA,1,1000521,VCBS English - USA - Kids (Promo),182083,Baby Shark - Kids (Promo) (USA)
USA,1,1000523,VCBS Spanish - USA - Kids (Promo),181369,Bebecito Bum y Sus Amigos - Kids - Spanish (Promo) (USA)
USA,1,1000521,VCBS English - USA - Kids (Promo),192499,Big Nate (Promo) - Kids (USA)
USA,1,1000521,VCBS English - USA - Kids (Promo),349105,Big Time Rush - Kids (Promo) (USA)
USA,1,1000523,VCBS Spanish - USA - Kids (Promo),181360,Blaze & The Monster Machines - Kids - Spanish (Promo) (USA)
USA,1,1000521,VCBS English - USA - Kids (Promo),182084,Blaze & the Monster Machines - Kids (Promo) (USA)
USA,1,1000521,VCBS English - USA - Kids (Promo),183347,Blaze (Promo) - Kids (USA)
USA,1,1000523,VCBS Spanish - USA - Kids (Promo),181364,Block Party - Kids - Spanish (Promo) (USA)
USA,1,1000521,VCBS English - USA - Kids (Promo),236081,Blue's Big City Adventure (Promo) - Kids (USA)
USA,1,1000521,VCBS English - USA - Kids (Promo),195844,Blue's Clues & You (Promo) - Kids (USA)
USA,1,1000521,VCBS English - USA - Kids (Promo),181940,Blues Clues (Promo) - Kids (USA)
USA,1,1000523,VCBS Spanish - USA - Kids (Promo),181359,Blues Clues - Kids - Spanish (Promo) (USA)
USA,1,1000521,VCBS English - USA - Kids (Promo),181732,Bo on the Go (Promo) - Kids (USA)
USA,1,1000521,VCBS English - USA - Kids (Promo),337454,Boss Baby - Kids (Promo) (USA)
USA,1,1000521,VCBS English - USA - Kids (Promo),243757,Bossy Bear (Promo) - Kids (USA)
USA,1,1000521,VCBS English - USA - Kids (Promo),191954,Bubble Guppies (Promo) - Kids (USA)
USA,1,1000523,VCBS Spanish - USA - Kids (Promo),181368,Bubble Guppies - Kids - Spanish (Promo) (USA)
USA,1,1000521,VCBS English - USA - Kids (Promo),339290,Caillou - Kids (Promo) (USA)
USA,1,1000521,VCBS English - USA - Kids (Promo),190887,California Dreaming (Promo) - Kids (USA)
USA,1,1000521,VCBS English - USA - Kids (Promo),182114,Casagrandes (Promo) - Kids (USA)
USA,1,1000521,VCBS English - USA - Kids (Promo),199845,Cat Pack (Promo) - Kids (USA)
USA,1,1000521,VCBS English - USA - Kids (Promo),347233,Chitty Chitty Bang Bang - Kids (Promo) (USA)
USA,1,1000521,VCBS English - USA - Kids (Promo),187060,Clifford the Big Red Dog (Promo) - Kids (USA)
USA,1,1000521,VCBS English - USA - Kids (Promo),182110,Danger Force (Promo) - Kids (USA)
USA,1,1000521,VCBS English - USA - Kids (Promo),187043,Danger Force and Side Hustle (Promo) - Kids (USA)
USA,1,1000521,VCBS English - USA - Kids (Promo),332966,Dora & Diego: Rainforest Rescue -  Kids (Promo) (USA)
USA,1,1000521,VCBS English - USA - Kids (Promo),310153,Dora - Kids (Promo) (USA)
USA,1,1000523,VCBS Spanish - USA - Kids (Promo),181357,Dora - Kids - Spanish (Promo) (USA)
USA,1,1000521,VCBS English - USA - Kids (Promo),181385,Dora TV (Promo) - Kids (USA)
USA,1,1000521,VCBS English - USA - Kids (Promo),347265,Dorothy the Dinosaur's Party - Kids (Promo) (USA)
USA,1,1000523,VCBS Spanish - USA - Kids (Promo),318109,El Reino Infantil - Kids - Spanish (Promo) (USA)
USA,1,1000521,VCBS English - USA - Kids (Promo),244919,Erin & Aaron (Promo) - Kids (USA)
USA,1,1000521,VCBS English - USA - Kids (Promo),201390,Face's Music Party (Promo) - Kids (USA)
USA,1,1000523,VCBS Spanish - USA - Kids (Promo),192251,Fairly Odd Parents - Kids - Spanish (Promo) (USA)
USA,1,1000521,VCBS English - USA - Kids (Promo),195331,Fairly Odder Parents (Promo) - Kids (USA)
USA,1,1000521,VCBS English - USA - Kids (Promo),237039,Fantasy Football (Promo) - Kids (USA)
USA,1,1000521,VCBS English - USA - Kids (Promo),338461,Fern Gully - Kids (Promo) (USA)
USA,1,1000521,VCBS English - USA - Kids (Promo),309460,Find Out Why - Kids (Promo) (USA)
USA,1,1000521,VCBS English - USA - Kids (Promo),186665,Forever Kids (Promo) - Kids (USA)
USA,1,1000523,VCBS Spanish - USA - Kids (Promo),181355,Fresh Beat Band of Spies - Kids - Spanish (Promo) (USA)
USA,1,1000521,VCBS English - USA - Kids (Promo),339810,Game Changers - Kids (Promo) (USA)
USA,1,1000521,VCBS English - USA - Kids (Promo),307303,Garfield & Friends - Kids (Promo) (USA)
USA,1,1000521,VCBS English - USA - Kids (Promo),318799,Go Go Gadget! - Kids (Promo) (USA)
USA,1,1000521,VCBS English - USA - Kids (Promo),269376,Good Burger (Promo) - Kids (USA)
USA,1,1000523,VCBS Spanish - USA - Kids (Promo),314053,Grande-ish - Kids - Spanish (Promo) (USA)
USA,1,1000521,VCBS English - USA - Kids (Promo),341604,Grizzy and the Lemmings - Kids (Promo) (USA)
USA,1,1000521,VCBS English - USA - Kids (Promo),186744,Henry Danger (Promo) - Kids (USA)
USA,1,1000521,VCBS English - USA - Kids (Promo),322687,Henry Danger: The Movie - Kids (Promo) (USA)
USA,1,1000523,VCBS Spanish - USA - Kids (Promo),192250,Hey Arnold - Kids - Spanish (Promo) (USA)
USA,1,1000521,VCBS English - USA - Kids (Promo),276157,IF (Imaginary Friends) - Kids (Promo) (USA)
USA,1,1000523,VCBS Spanish - USA - Kids (Promo),181361,It's Pony - Kids - Spanish (Promo) (USA)
USA,1,1000521,VCBS English - USA - Kids (Promo),182731,Kamp Koral (Promo) - Kids (USA)
USA,1,1000521,VCBS English - USA - Kids (Promo),185162,Kamp Koral and Smurfs (Promo) - Kids (USA)
USA,1,1000521,VCBS English - USA - Kids (Promo),186893,Kartoon Channel (Promo) - Kids (USA)
USA,1,1000521,VCBS English - USA - Kids (Promo),193564,Kid of the Year (Promo) - Kids (USA)
USA,1,1000521,VCBS English - USA - Kids (Promo),312672,Kid's Choice Awards - Kids (Promo) (USA)
USA,1,1000521,VCBS English - USA - Kids (Promo),235542,Kid's Movie Club (Promo) - Kids (USA)
USA,1,1000521,VCBS English - USA - Kids (Promo),195689,Kids' Choice Awards (Promo) - Kids (USA)
USA,1,1000521,VCBS English - USA - Kids (Promo),307064,Knuckles - Kids (Promo) (USA)
USA,1,1000521,VCBS English - USA - Kids (Promo),191006,LEGO Kids TV (Promo) - Kids (USA)
USA,1,1000521,VCBS English - USA - Kids (Promo),186666,Lankybox (Promo) - Kids (USA)
USA,1,1000521,VCBS English - USA - Kids (Promo),349040,Legally Blonde - Kids (Promo) (USA)
USA,1,1000521,VCBS English - USA - Kids (Promo),335647,Little Angel's Playroom - Kids (Promo) (USA)
USA,1,1000521,VCBS English - USA - Kids (Promo),308692,Little Baby Bum - Kids (Promo) (USA)
USA,1,1000521,VCBS English - USA - Kids (Promo),251192,Little Stars Universe (Promo) - Kids (USA)
USA,1,1000523,VCBS Spanish - USA - Kids (Promo),181363,Lola Loud - Kids - Spanish (Promo) (USA)
USA,1,1000523,VCBS Spanish - USA - Kids (Promo),181367,Loud House - Kids - Spanish (Promo) (USA)
USA,1,1000521,VCBS English - USA - Kids (Promo),199714,Loud House and Casagrandes (Promo) - Kids (USA)
USA,1,1000521,VCBS English - USA - Kids (Promo),200833,Lupin The Third (Promo) - Kids (USA)
USA,1,1000523,VCBS Spanish - USA - Kids (Promo),181354,Max & Ruby - Kids - Spanish (Promo) (USA)
USA,1,1000521,VCBS English - USA - Kids (Promo),317471,Max & The MidKnights - Kids (Promo) (USA)
USA,1,1000521,VCBS English - USA - Kids (Promo),317645,Max & the Midknights - Kids (Promo)
USA,1,1000521,VCBS English - USA - Kids (Promo),181387,Max and Sam (Promo) - Kids (USA)
USA,1,1000521,VCBS English - USA - Kids (Promo),338464,Maya The Bee 2: The Honey Games - Kids (Promo) (USA)
USA,1,1000521,VCBS English - USA - Kids (Promo),182112,Middlemost Post (Promo) - Kids (USA)
USA,1,1000521,VCBS English - USA - Kids (Promo),236221,Mighty Morphin Power Rangers (Promo) - Kids (USA)
USA,1,1000523,VCBS Spanish - USA - Kids (Promo),347004,Mini espías - Kids - Spanish (Promo) (USA)
USA,1,1000521,VCBS English - USA - Kids (Promo),242439,Minions (Brand) (Promo) - Kids (USA)
USA,1,1000521,VCBS English - USA - Kids (Promo),352569,Missing Link - Kids (Promo) (USA)
USA,1,1000521,VCBS English - USA - Kids (Promo),313826,Mister Roger's Neighborhood - Kids (Promo) (USA)
USA,1,1000521,VCBS English - USA - Kids (Promo),338507,Monster Family - Kids (Promo) (USA)
USA,1,1000521,VCBS English - USA - Kids (Promo),201016,Monster High (Promo) - Kids (USA)
USA,1,1000521,VCBS English - USA - Kids (Promo),318089,Monster High: The Animated Series - Kids (Promo) (USA)
USA,1,1000523,VCBS Spanish - USA - Kids (Promo),328827,Moonbug: Little Angel's Playroom - Kids - Spanish (Promo) (USA)
USA,1,1000521,VCBS English - USA - Kids (Promo),341611,My Little Pony Twinkle Wish Adventure - Kids (Promo) (USA)
USA,1,1000521,VCBS English - USA - Kids (Promo),203967,NFL (Promo) - Kids (USA)
USA,1,1000521,VCBS English - USA - Kids (Promo),184862,NFL Slimetime - Kids (Promo) (USA)
USA,1,1000521,VCBS English - USA - Kids (Promo),344357,Nick - PSAs - Kids (Promo) (USA)
USA,1,1000521,VCBS English - USA - Kids (Promo),344356,Nick - Theme Parks/Tours - Kids (Promo) (USA)
USA,1,1000521,VCBS English - USA - Kids (Promo),182130,Nick App (Promo) - Kids (USA)
USA,1,1000521,VCBS English - USA - Kids (Promo),181395,Nick Jr (Promo) - Kids (USA)
USA,1,1000523,VCBS Spanish - USA - Kids (Promo),181351,Nick Jr. Latino - Kids - Spanish (Promo) (USA)
USA,1,1000523,VCBS Spanish - USA - Kids (Promo),181352,Nick Latino - Kids - Spanish (Promo) (USA)
USA,1,1000521,VCBS English - USA - Kids (Promo),194235,Nick News (Promo) - Kids (USA)
USA,1,1000521,VCBS English - USA - Kids (Promo),181394,Nickelodeon (Promo) - Kids (USA)
USA,1,1000523,VCBS Spanish - USA - Kids (Promo),196366,Ninos Por BBC - Kids - Spanish (Promo) (USA)
USA,1,1000521,VCBS English - USA - Kids (Promo),186664,No Parents Allowed (Promo) - Kids (USA)
USA,1,1000521,VCBS English - USA - Kids (Promo),183482,Noggin (Promo) - Kids (USA)
USA,1,1000523,VCBS Spanish - USA - Kids (Promo),181362,Noggin - Kids - Spanish (Promo) (USA)
USA,1,1000521,VCBS English - USA - Kids (Promo),346843,PAW Patrol: The Dino Movie - Kids (Promo) (USA)
USA,1,1000521,VCBS English - USA - Kids (Promo),332298,PBS - Kids (Promo) (USA)
USA,1,1000521,VCBS English - USA - Kids (Promo),185913,Paddington (Promo) - Kids (USA)
USA,1,1000521,VCBS English - USA - Kids (Promo),181392,Paramount + (Promo) - Kids (USA)
USA,1,1000521,VCBS English - USA - Kids (Promo),182019,Patrick Star Show (Promo) - Kids (USA)
USA,1,1000521,VCBS English - USA - Kids (Promo),182901,Patrick Star Show and Middlemost Post (Promo) - Kids (USA)
USA,1,1000521,VCBS English - USA - Kids (Promo),186522,Patrick Star Show and Rugrats (Promo) - Kids (USA)
USA,1,1000521,VCBS English - USA - Kids (Promo),181781,Paw Patrol - Kids (Promo) (USA)
USA,1,1000523,VCBS Spanish - USA - Kids (Promo),181366,Paw Patrol - Kids - Spanish (Promo) (USA)
USA,1,1000521,VCBS English - USA - Kids (Promo),198581,Paw Patrol/Blue's Clues & You (Promo) - Kids (USA)
USA,1,1000521,VCBS English - USA - Kids (Promo),344365,Paw Patrol: Dino Rescue/Knights Rescue - Kids (Promo) (USA)
USA,1,1000521,VCBS English - USA - Kids (Promo),201021,Paws of Fury (Promo) - Kids (USA)
USA,1,1000523,VCBS Spanish - USA - Kids (Promo),201015,Paws of Fury - Kids - Spanish (Promo) (USA)
USA,1,1000521,VCBS English - USA - Kids (Promo),239454,Penguins of Madagascar (Promo) - Kids (USA)
USA,1,1000521,VCBS English - USA - Kids (Promo),193541,Peppa Pig - Kids (Promo) (USA)
USA,1,1000523,VCBS Spanish - USA - Kids (Promo),181356,Peter Rabbit - Kids - Spanish (Promo) (USA)
USA,1,1000521,VCBS English - USA - Kids (Promo),247474,Playing With Fire (Promo) - Kids (USA)
USA,1,1000521,VCBS English - USA - Kids (Promo),347241,Ploey - Kids (Promo) (USA)
USA,1,1000521,VCBS English - USA - Kids (Promo),181388,Pluto Kids (Promo) - Kids (USA)
USA,1,1000521,VCBS English - USA - Kids (Promo),181778,PocketWatch (Promo) - Kids (USA)
USA,1,1000521,VCBS English - USA - Kids (Promo),318801,Pokémon - Kids (Promo) (USA)
USA,1,1000521,VCBS English - USA - Kids (Promo),194461,Rainbow Rangers (Promo) - Kids (USA)
USA,1,1000521,VCBS English - USA - Kids (Promo),251191,Rainbow Squad (Promo) - Kids (USA)
USA,1,1000521,VCBS English - USA - Kids (Promo),347268,Rally Road Racers - Kids (Promo) (USA)
USA,1,1000521,VCBS English - USA - Kids (Promo),341189,Regretting You - Kids (Promo) (USA)
USA,1,1000521,VCBS English - USA - Kids (Promo),181733,Rev and Roll (Promo) - Kids (USA)
USA,1,1000521,VCBS English - USA - Kids (Promo),352565,Rock Dog - Kids  (Promo) (USA)
USA,1,1000521,VCBS English - USA - Kids (Promo),277005,Rock Paper Scissors - Kids (Promo) (USA)
USA,1,1000521,VCBS English - USA - Kids (Promo),243128,Rubble & Crew - Kids (Promo) (USA)
USA,1,1000521,VCBS English - USA - Kids (Promo),181389,Rugrats (Promo) - Kids (USA)
USA,1,1000521,VCBS English - USA - Kids (Promo),189813,Rumble (Promo) - Kids (USA)
USA,1,1000521,VCBS English - USA - Kids (Promo),181384,Ryan and Friends (Promo) - Kids (USA)
USA,1,1000521,VCBS English - USA - Kids (Promo),315348,Ryan's World The Movie: Titan Universe Adventure - Kids (Promo) (USA)
USA,1,1000521,VCBS English - USA - Kids (Promo),181728,Sabrina the Animated Series (Promo) - Kids (USA)
USA,1,1000521,VCBS English - USA - Kids (Promo),182085,Santiago of the Seas (Promo) - Kids (USA)
USA,1,1000523,VCBS Spanish - USA - Kids (Promo),181358,Santiago of the Seas - Kids - Spanish (Promo) (USA)
USA,1,1000521,VCBS English - USA - Kids (Promo),338460,Scene Lifts - Kids (Promo) (USA)
USA,1,1000523,VCBS Spanish - USA - Kids (Promo),347000,Scene Lifts - Kids - Spanish (Promo) (USA)
USA,1,1000521,VCBS English - USA - Kids (Promo),201754,Secret Headquarters (Promo) - Kids (USA)
USA,1,1000521,VCBS English - USA - Kids (Promo),254937,Shaq's Garage (Promo) - Kids (USA)
USA,1,1000521,VCBS English - USA - Kids (Promo),182115,Side Hustle (Promo) - Kids (USA)
USA,1,1000523,VCBS Spanish - USA - Kids (Promo),181353,Side Hustle - Kids - Spanish (Promo) (USA)
USA,1,1000521,VCBS English - USA - Kids (Promo),307313,Sing - Kids (Promo) (USA)
USA,1,1000521,VCBS English - USA - Kids (Promo),307314,Sing 2 - Kids (Promo) (USA)
USA,1,1000521,VCBS English - USA - Kids (Promo),199716,Slime Cup (Promo) - Kids (USA)
USA,1,1000521,VCBS English - USA - Kids (Promo),326089,Smurfs (Promo) - Kids (USA)
USA,1,1000521,VCBS English - USA - Kids (Promo),352567,Snoopy Come Home - Kids (Promo) (USA)
USA,1,1000521,VCBS English - USA - Kids (Promo),238577,Snow Day (Promo) - Kids (USA)
USA,1,1000521,VCBS English - USA - Kids (Promo),341620,Snowtime! - Kids (Promo) (USA)
USA,1,1000521,VCBS English - USA - Kids (Promo),332297,Sol Dorado - Kids (Promo) (USA)
USA,1,1000523,VCBS Spanish - USA - Kids (Promo),332727,Sol Dorado - Kids - Spanish (Promo) (USA)
USA,1,1000521,VCBS English - USA - Kids (Promo),338508,Son of Bigfoot - Kids (Promo) (USA)
USA,1,1000521,VCBS English - USA - Kids (Promo),339907,Sonic Prime - Kids (Promo) (USA)
USA,1,1000521,VCBS English - USA - Kids (Promo),199364,Sonic the Hedgehog 2 - Kids (Promo) (USA)
USA,1,1000521,VCBS English - USA - Kids (Promo),316051,Sonic the Hedgehog 3 - Kids (Promo) (USA)
USA,1,1000521,VCBS English - USA - Kids (Promo),191506,SpongeBob and Rugrats (Promo) - Kids (USA)
USA,1,1000521,VCBS English - USA - Kids (Promo),181391,Spongebob - Kids (Promo) (USA)
USA,1,1000523,VCBS Spanish - USA - Kids (Promo),181365,Spongebob - Kids - Spanish (Promo) (USA)
USA,1,1000521,VCBS English - USA - Kids (Promo),194460,Stan Lee's Superhero Kindergarten (Promo) - Kids (USA)
USA,1,1000521,VCBS English - USA - Kids (Promo),201091,Star Trek (Promo) - Kids (USA)
USA,1,1000521,VCBS English - USA - Kids (Promo),184742,Star Trek: Prodigy (Promo) - Kids (USA)
USA,1,1000521,VCBS English - USA - Kids (Promo),318800,Strawberry Shortcake & Friends - Kids (Promo) (USA)
USA,1,1000521,VCBS English - USA - Kids (Promo),237131,Strawberry Shortcake (Promo) - Kids (USA)
USA,1,1000521,VCBS English - USA - Kids (Promo),277755,Super Bowl on Nickelodeon - Kids (Promo) (USA)
USA,1,1000521,VCBS English - USA - Kids (Promo),331757,Super Duper Bunny League - Kids (Promo) (USA)
USA,1,1000521,VCBS English - USA - Kids (Promo),200939,TMNT (Promo) - Kids (USA)
USA,1,1000521,VCBS English - USA - Kids (Promo),255010,TMNT: Mutant Mayhem (Promo) - Kids (USA)
USA,1,1000521,VCBS English - USA - Kids (Promo),181730,Tales from the Crypt Keeper (Promo) - Kids (USA)
USA,1,1000521,VCBS English - USA - Kids (Promo),307315,Tales of the Teenage Mutant Ninja Turtles - Kids (Promo) (USA)
USA,1,1000521,VCBS English - USA - Kids (Promo),195549,Team Spirit (Promo) - Kids (USA)
USA,1,1000521,VCBS English - USA - Kids (Promo),182903,That Girl Lay Lay (Promo) - Kids (USA)
USA,1,1000521,VCBS English - USA - Kids (Promo),347234,The Boxcar Children: Surprise Island - Kids (Promo) (USA
USA,1,1000521,VCBS English - USA - Kids (Promo),313596,The Creature Cases - Kids (Promo) (USA)
USA,1,1000521,VCBS English - USA - Kids (Promo),239156,The Croods: A New Age (Promo) - Kids (USA)
USA,1,1000521,VCBS English - USA - Kids (Promo),182751,The J Team (Promo) - Kids (USA)
USA,1,1000521,VCBS English - USA - Kids (Promo),239788,The Lorax (Promo) - Kids (USA)
USA,1,1000521,VCBS English - USA - Kids (Promo),182113,The Loud House - Kids (Promo) (USA)
USA,1,1000521,VCBS English - USA - Kids (Promo),310569,The Loud House No Time to Spy - Kids (Promo) (USA)
USA,1,1000521,VCBS English - USA - Kids (Promo),235737,The Really Loud House - Kids (Promo) (USA)
USA,1,1000521,VCBS English - USA - Kids (Promo),237701,The Secret Life of Pets (Promo) - Kids (USA)
USA,1,1000521,VCBS English - USA - Kids (Promo),182902,The Smurfs (Promo) - Kids (USA)
USA,1,1000521,VCBS English - USA - Kids (Promo),333745,The Spongebob Movie: Search for Squarepants - Kids (Promo) (USA)
USA,1,1000521,VCBS English - USA - Kids (Promo),277007,The Thundermans - Kids (Promo) (USA)
USA,1,1000521,VCBS English - USA - Kids (Promo),277575,The Thundermans Return - Kids (Promo) (USA)
USA,1,1000521,VCBS English - USA - Kids (Promo),324202,The Thundermans Undercover - Kids (Promo) (USA)
USA,1,1000521,VCBS English - USA - Kids (Promo),276569,The Tiger's Apprentice - Kids (Promo) (USA)
USA,1,1000521,VCBS English - USA - Kids (Promo),202861,The Tiny Chef Show (Promo) - Kids (USA)
USA,1,1000521,VCBS English - USA - Kids (Promo),341753,Thunder and the House of Magic - Kids (Promo) (USA)
USA,1,1000521,VCBS English - USA - Kids (Promo),333918,Tim Rex In Space - Kids (Promo) (USA)
USA,1,1000521,VCBS English - USA - Kids (Promo),197626,Tooned In (Promo) - Kids (USA)
USA,1,1000521,VCBS English - USA - Kids (Promo),256212,Totally Teen (Promo) - Kids (USA)
USA,1,1000521,VCBS English - USA - Kids (Promo),181386,Totally Turtles (Promo) - Kids (USA)
USA,1,1000521,VCBS English - USA - Kids (Promo),348640,Tracker: A Valiente Story - Kids (Promo) (USA)
USA,1,1000521,VCBS English - USA - Kids (Promo),322139,Transformers One - Kids (Promo) (USA)
USA,1,1000521,VCBS English - USA - Kids (Promo),200249,Transformers TV - Kids (Promo) - Kids (USA)
USA,1,1000521,VCBS English - USA - Kids (Promo),236009,Transformers: Earthspark (Promo) - Kids (USA)
USA,1,1000521,VCBS English - USA - Kids (Promo),310394,Transformers: One - Kids (Promo) (USA)
USA,1,1000521,VCBS English - USA - Kids (Promo),253799,Transformers: Rise of the Beasts (Promo) - Kids (USA)
USA,1,1000521,VCBS English - USA - Kids (Promo),190364,Treasure Truck (Promo) - Kids (USA)
USA,1,1000521,VCBS English - USA - Kids (Promo),316292,UEFA Champions League - Kids (Promo) (USA)
USA,1,1000521,VCBS English - USA - Kids (Promo),272638,Under the Boardwalk - Kids (Promo) (USA)
USA,1,1000521,VCBS English - USA - Kids (Promo),182116,Unfiltered (Promo) - Kids (USA)
USA,1,1000521,VCBS English - USA - Kids (Promo),198268,VidCon (Promo) - Kids (USA)
USA,1,1000521,VCBS English - USA - Kids (Promo),191318,Warped (Promo) - Kids (USA)
USA,1,1000521,VCBS English - USA - Kids (Promo),195399,Warped and Side Hustle (Promo) - Kids (USA)
USA,1,1000521,VCBS English - USA - Kids (Promo),183434,Welcome to the Wayne (Promo) - Kids (USA)
USA,1,1000521,VCBS English - USA - Kids (Promo),331752,Wylde Pack - Kids (Promo) (USA)
USA,1,1000521,VCBS English - USA - Kids (Promo),182111,Young Dylan (Promo) - Kids (USA)
USA,1,1000521,VCBS English - USA - Kids (Promo),185328,Young Dylan + That Girl Lay Lay (Promo) - Kids (USA)
USA,1,1000521,VCBS English - USA - Kids (Promo),269679,Zoom! Zoom! (Promo) - Kids (USA)
USA,1,1000521,VCBS English - USA - Kids (Promo),181390,iCarly (Promo) - Kids (USA)
