pluto_market,channel
AR,ADN40
AR,Acapulco Shore Pluto TV
AR,Adrenalina Pura TV
AR,Al Fondo Hay Sitio
AR,Al Ritmo del Jaripeo
AR,All Women's Sports Network
AR,America's Next Top Model
AR,Andromeda
AR,Archivos Extraterrestres
AR,Archivos Forenses
AR,Avatar - La Leyenda de Aang
AR,Azteca Deportes Network
AR,Azteca Uno -1 hora
AR,Azteca internacional
AR,Babar
AR,Baby Shark TV
AR,BabyFirst
AR,Backdoor
AR,Banco de Chile Stage
AR,Barney
AR,Baywatch
AR,Best of The Drew Barrymore Show
AR,Beverly Hills 90210
AR,Beyblade
AR,Bloomberg Television
AR,Bob Esponja Pantalones Cuadrados
AR,Boom
AR,Boruto - Naruto Next Generations
AR,Bromas Gags - Just for Laughs
AR,C4 en Alerta
AR,CBS News
AR,COPS
AR,CSI - Miami
AR,Canal 6 CdMx
AR,Canal Claro
AR,Captain Tsubasa
AR,Cazador de Homicidas
AR,Chilevision Contigo
AR,Chilevision Deportes
AR,Chilevision Noticias
AR,Chimenea Navideña
AR,Chiquititas
AR,Cinema
AR,Cinépolis Channel
AR,Claro Sports
AR,Claro Sports 2
AR,Claro Sports Mexico
AR,Comedy Central Pluto TV
AR,Comedy Central South Park
AR,Concert Channel
AR,Corazón
AR,Cuando los Ángeles Caen
AR,DAZN Combat
AR,DAZN Women's Football
AR,Daria
AR,Death Note
AR,Desafío Super Humanos
AR,Doc Martin
AR,Dog el cazarrecompensas
AR,Dominance FC TV
AR,"Dora, La Exploradora"
AR,Dr. G
AR,Dulce by elGourmet
AR,ESR 24/7
AR,El Encantador de Perros
AR,El Mariachi
AR,El Reino Infantil
AR,Empeños a lo bestia
AR,Enchufe.tv
AR,Estrellas de Accion
AR,Euronews Español
AR,FIFA+
AR,FUEL TV
AR,Fail Army
AR,Fashion TV
AR,Franky Mostro
AR,Got Talent Argentina
AR,Gran Hermano Chile
AR,Hawaii 5-0
AR,Hechiceras
AR,Hechizada
AR,Hells Kitchen
AR,Hermanos a la Obra
AR,Hey Arnold!
AR,Historias de Ultratumba
AR,Homeful
AR,Hunter x Hunter
AR,I Shouldn't Be Alive
AR,ITV Deportes
AR,Ice Pilots
AR,Imagen TV+
AR,Infierno Sobre Ruedas
AR,Inuyasha
AR,Iron Chef
AR,JoJo’s Bizarre Adventure
AR,Juana La Virgen
AR,Kenan y Kel
AR,LATAM AD Test 1
AR,LATAM AD Test 2
AR,LATAM AD Test 3
AR,LATAM AD Test 4
AR,LATAM AD Test 5
AR,LATAM AD Test 6
AR,LATAM AD Test 7 - Libertadores 1
AR,LATAM AD Test 8 - Libertadores 2
AR,LATAM AD Test 9 - Libertadores 3
AR,La Academia
AR,La Familia del Barrio
AR,La Liga Premier | Paramount+
AR,La Selección
AR,Las Pistas de Blue
AR,Las Tortugas Ninja
AR,Loco Por Ti
AR,Los Asesinatos de Midsomer
AR,Los Padrinos Mágicos
AR,Los Pitufos
AR,Los Tres Chiflados
AR,Los archivos del FBI
AR,Los Ángeles de Charlie
AR,Luces Navideñas
AR,Lucha Libre​ AAA
AR,MTV Animaciones
AR,MTV Biggest Pop
AR,MTV Catfish
AR,MTV Classic
AR,MTV Con Mi Ex
AR,MTV Dating - GF
AR,MTV Drag
AR,MTV EMA
AR,MTV Flow Latino
AR,MTV Halloween
AR,MTV Música Navideña
AR,MTV Pluto TV
AR,MTV Pride
AR,MTV Reality
AR,MTV Reinas del Pop
AR,MTV Ridiculousness
AR,MTV Rocks
AR,MTV Spankin' New
AR,MTV Teen Mom
AR,MTV on Tour!
AR,MacGyver
AR,Maestros de la ilusión
AR,MasterChef
AR,MasterChef Argentina
AR,MasterChef Colombia
AR,MasterChef Junior
AR,MasterChef México
AR,Mi Bella Genio
AR,Mi Coche Clásico
AR,Mi Gorda Bella
AR,Milenio Televisión
AR,Minuto Para Ganar
AR,Misterios sin Resolver
AR,Monstruos de Rio
AR,Motorvision TV
AR,Mr. Bean Animated
AR,NCIS
AR,NCIS - Lo Mejor de Tony & Ziva
AR,Naruto
AR,Naruto Shippuden
AR,NatureTime
AR,Nick Jr. Club
AR,Nick Teen
AR,Nickelodeon Clásico
AR,Nickelodeon Clásico - GF
AR,Nickelodeon Rocket Power
AR,Nickelodeon Toons
AR,Nickelodeon iCarly
AR,Nosey Escandalos
AR,Números
AR,Obsesión por los Autos
AR,One Piece
AR,PAW Patrol Patrulla de Cachorros
AR,PFL MMA
AR,PRIDEtv
AR,Paramount+ Presenta
AR,Plato del Dia by elGourmet
AR,Pluto TV A La Mexicana
AR,Pluto TV Amor y Mentiras
AR,Pluto TV Animales
AR,Pluto TV Anime
AR,Pluto TV Anime Accion
AR,Pluto TV Anime Kids
AR,Pluto TV Aventura
AR,Pluto TV Aventura​
AR,Pluto TV Ciencia
AR,Pluto TV Cine Acción
AR,Pluto TV Cine Acción - Roku
AR,Pluto TV Cine Clásico
AR,Pluto TV Cine Comedia
AR,Pluto TV Cine Crimen
AR,Pluto TV Cine Drama
AR,Pluto TV Cine Estelar
AR,Pluto TV Cine Estelar - Roku
AR,Pluto TV Cine Familia
AR,Pluto TV Cine Inspirador
AR,Pluto TV Cine Navidad
AR,Pluto TV Cine Romance​
AR,Pluto TV Cine Suspenso
AR,Pluto TV Cine Terror
AR,Pluto TV Cocina
AR,Pluto TV Competencias
AR,Pluto TV Conciertos by Stingray
AR,Pluto TV Criaturas Malditas
AR,Pluto TV Deportes
AR,Pluto TV Documentales
AR,Pluto TV Dramas Coreanos
AR,Pluto TV Dramas Coreanos Teen
AR,Pluto TV E-Sports
AR,Pluto TV España
AR,Pluto TV Fashionstream
AR,Pluto TV Filmstream
AR,Pluto TV Fútbol
AR,Pluto TV Historia
AR,Pluto TV Humor
AR,Pluto TV Investiga
AR,Pluto TV Junior
AR,Pluto TV Karaoke by Stingray
AR,Pluto TV Kids
AR,Pluto TV Mi Obsesión Favorita
AR,Pluto TV Misterios
AR,Pluto TV Misterios Medicos
AR,Pluto TV Modus Super Series Darts
AR,Pluto TV Naturaleza
AR,Pluto TV Novelas
AR,Pluto TV Novelas de Argentina
AR,Pluto TV Novelas de Brasil
AR,Pluto TV Novelas de Chile
AR,Pluto TV Novelas de Colombia
AR,Pluto TV Novelas de Mexico
AR,Pluto TV Novelas de Otros Continentes
AR,Pluto TV Novelas de Peru
AR,Pluto TV Novelas de Venezuela
AR,Pluto TV Nuestro Cine
AR,Pluto TV Paisajes by Stingray
AR,Pluto TV Peleas
AR,Pluto TV Reality
AR,Pluto TV Recetas
AR,Pluto TV Retro Cartoons
AR,Pluto TV Sci-Fi
AR,Pluto TV Series
AR,Pluto TV Series Latinas
AR,Pluto TV Series Retro
AR,Pluto TV Series de Acción
AR,Pluto TV Series de Aventura
AR,Pluto TV Series de Comedia
AR,Pluto TV Series de Crimen
AR,Pluto TV Series de Drama
AR,Pluto TV Series de Otros Continentes
AR,Pluto TV Series de Sci-Fi
AR,Pluto TV Stage
AR,Pluto TV Star Trek
AR,Pluto TV Teen
AR,Pluto TV Viajes
AR,Pluto TV Vida Real
AR,Pluto TV Hogar​
AR,Pluto TV Velocidad​
AR,Pokémon
AR,Popeye
AR,RCN Más
AR,RCN Noticias
AR,Realmadrid TV
AR,Red Bull TV
AR,Relic Hunter
AR,Reviví Gran Hermano
AR,Rincón de Luz
AR,Rock Story
AR,Rookie Blue - Policías Novatos
AR,Rugrats
AR,Runtime
AR,Schitt's Creek
AR,Shockwave
AR,Sin Tetas No Hay Paraiso
AR,Smithsonian Channel Pluto TV
AR,Sony One Escape Perfecto
AR,Sony One Shark Tank México
AR,South Park - Apocalipsis
AR,South Park - Celebrities
AR,South Park - Colección Felices Fiestas
AR,South Park - Las Muertes de Kenny
AR,South Park - Lo Mejor de Cartman
AR,South Park - Lo Mejor de Kenny
AR,South Park - Lo Mejor de Kyle
AR,South Park - Lo Mejor de Stan
AR,South Park - ¡Rock & Roll!
AR,Starsky & Hutch
AR,Survivor México
AR,Susana Giménez
AR,Tastemade
AR,Tastemade Hogar
AR,Tastemade Viajes
AR,Teatrix
AR,TeleFórmula
AR,Telefe Deportes
AR,Telefe Hits
AR,Telefe Noticias
AR,Telefe Pluto TV
AR,The Ed Sullivan Show
AR,The New Detectives
AR,The Night Shift
AR,The Pet Collective
AR,The Walking Dead by AMC
AR,TikTok Radio en Español
AR,Tokusato
AR,Top Barça
AR,UFC
AR,Untold Stories of the ER
AR,VOD
AR,Vive Kanal D Drama
AR,Winx Club TV
AR,Wipeout
AR,Yo! MTV
AR,Younger
AR,Yu-Gi-Oh
AR,Z Nation
AR,Zona Investigación TV
AT,100% Hotter
AT,21 Jump Street
AT,3ICE Hockey World Cup 2026
AT,48 Hours
AT,90210
AT,AKIBA PASS TV Anime - Sport
AT,Air Warriors
AT,Alisa - Folge deinem Herzen
AT,Alle hassen Chris
AT,Andromeda
AT,Anger Management
AT,Are You The One?
AT,Assassination Classroom
AT,Ateşböceği – Firefly
AT,Auction Hunters
AT,Auf Achse
AT,Auto Motor Sport Channel
AT,Avatar
AT,Avatar OV
AT,Awkward
AT,Ax Men - Die Holzfäller
AT,Axel!
AT,BBC Travel
AT,BIG BROTHER CLASSICS
AT,BVB-Frauen
AT,Bana Sevmeyi Anlat - Wings of Love
AT,Baywatch
AT,Beat Club
AT,Becker
AT,Beelzebub
AT,Being Human
AT,Bellator MMA
AT,Best Of The Drew Barrymore Show
AT,Beverly Hills 90210
AT,Bewegte Männer
AT,Beyblade Burst
AT,Beş Kardeş - Five Brothers
AT,Big Time Rush
AT,Billiard TV
AT,Bitten
AT,Blaze und die Monstermaschinen
AT,Bloch Erklärt
AT,Blue Mountain State
AT,Blue's Clues
AT,Bronco
AT,Bubble Guppies
AT,CBS News 24/7
AT,CC Made in Germany
AT,CC Made in Germany+
AT,CC Pluto TV
AT,CNN Headlines International
AT,CNNi
AT,CSI - Cyber
AT,Call My Agent!
AT,Car Chase
AT,Catfish - Neue Episoden
AT,Chaos City
AT,Cheddar News
AT,Cheers
AT,Clarissa
AT,Clubbing TV
AT,Coast Guard
AT,Cold Blood
AT,Combat GO
AT,Comedy Central South Park
AT,Comedy Central TV+
AT,Community
AT,Community - ValenDEAN's
AT,Community - ValenDEAN's Day
AT,DAZN Darts x Pluto TV
AT,DAZN Fights x Pluto TV
AT,DAZN Handball x Pluto TV
AT,DAZN Heldinnen x Pluto TV
AT,DAZN INTL Football x Pluto T
AT,DAZN INTL Football x Pluto TV
AT,DAZN x Pluto TV Fußballshow
AT,DEFA Filmwelt
AT,DEFA TV
AT,Dark Matter
AT,Das Geheimnis der Hunters
AT,Das Haus am Eaton Place
AT,Dating Naked
AT,Dating hinter Gittern
AT,Dawson's Creek
AT,Der Bergdoktor
AT,Der Chef
AT,Der Denver-Clan
AT,Der Hundetrainer
AT,Der Sentinel – Im Auge des Jägers
AT,Die Casagrandes
AT,Die Nanny
AT,Die Schöne und das Biest
AT,Die Sieben-Millionen-Dollar-Frau
AT,Die Thundermans
AT,Die fliegenden Ärzte
AT,Die glorreichen Sieben
AT,Dittsche
AT,Doctor Who Classic
AT,Dominance FC TV
AT,Don Matteo
AT,Dora TV
AT,Drake & Josh
AT,Dyn Sport Mix
AT,EAT GREEN TV
AT,ESR 24/7
AT,Ein Engel auf Erden
AT,Ein Hauch von Himmel
AT,Eine himmlische Familie
AT,Eine schrecklich nette Familie
AT,Emma - einfach magisch!
AT,Euronews
AT,Euronews DE
AT,Euronews EN
AT,European League of Football
AT,Ex On The Beach
AT,F.B.I. Files
AT,FIFA+
AT,FailArmy
AT,Familie Dr. Kleist
AT,Familienbande
AT,Farmland TV
AT,Filmgold
AT,Flipper
AT,Flipper's Neue Abenteuer
AT,Fluss-Monster
AT,Focus TV Reportage
AT,For All Mankind
AT,Forbidden Apple
AT,Frasier
AT,Frasier - Berühmte Gäste
AT,Freitag Nacht News
AT,From South Park with Love
AT,Fury
AT,GARAGENGOLD
AT,GSA Xiaomi Test 2026
AT,Game Shakers
AT,Geordie Shore
AT,Germany Shore
AT,Gigolos
AT,Glory Kickboxing
AT,Goldstar TV
AT,Hanna - Folge deinem Herzen
AT,Happy Birthday South Park
AT,Hausmeister Krause
AT,Hawaii Fünf-Null
AT,Hazel sieht gelb
AT,Heartland
AT,Hell's Kitchen
AT,Herzfrequenz
AT,Holiday Lights
AT,Homicide Hunters
AT,Hot Ones
AT,Hours to Kill – Zeitachse des Todes
AT,I named her Feriha
AT,IGN
AT,IIS – Die Idil und Ingmar Show
AT,Ice Pilots
AT,Ice Pilots+
AT,Insight TV
AT,Inspector Gadget
AT,Instant Mom
AT,Interspecies Reviewers
AT,Introuble
AT,Inwonder
AT,Jackie Chan Adventures
AT,Jersey Shore
AT,Just Classical
AT,Just Tattoo of Us
AT,Just for Laughs
AT,Just.fishing
AT,Kickin'it
AT,Kids' Choice Awards 2022
AT,KultKrimi
AT,KultKrimi - Der Alte
AT,KultKrimi - Der Kommissar
AT,KultKrimi - Derrick
AT,KultKrimi - Die Rettungsflieger
AT,KultKrimi - Ein Fall für zwei
AT,KultKrimi - Küstenwache
AT,Kultkrimi+
AT,Ladykracher
AT,LandlustTV
AT,Laola1
AT,Leprechaun
AT,Liebe Sünde
AT,Loupe
AT,Love Boat
AT,MODUS Super Series Darts
AT,MOVIEDOME
AT,MST3K
AT,MTV Approved Hip Hop
AT,MTV Biggest Pop
AT,MTV Brandneu
AT,MTV Catfish
AT,MTV Catfish TV Show+
AT,MTV Caught in the Act
AT,MTV Chill Out Zone
AT,MTV Christmas Songs
AT,MTV Classic
AT,MTV Cribs
AT,MTV Cribs+
AT,MTV Dating
AT,MTV Dating (OV)
AT,MTV EMA
AT,MTV Flow Latino
AT,MTV German Music
AT,MTV Halloween
AT,MTV Hot Summer
AT,MTV Love Music
AT,MTV Movie Hits
AT,MTV Music
AT,MTV Original Version
AT,MTV Party
AT,MTV Pimp My Ride
AT,MTV Pluto TV
AT,MTV Pluto TV+
AT,MTV Pride
AT,MTV Queens of Pop
AT,MTV Ridiculousness
AT,MTV RockZone
AT,MTV Rocks
AT,MTV Serie
AT,MTV Teen
AT,MTV Teen Mom
AT,MTV Teen Mom+
AT,MTV The Challenge
AT,MTV The Hills
AT,MTV The Hills (OV)
AT,MTV The Shores
AT,MTV True Life
AT,MTV Tu Fiesta Latina
AT,MTV Unplugged
AT,MTV on Tour!
AT,MacGyver
AT,Marco Polo TV
AT,Material Delivery Channel
AT,McLeods Töchter
AT,Melrose Place
AT,Merhaba Türkische Serien
AT,MinecrafTV
AT,Mission Impossible
AT,Missions
AT,Monster Jam
AT,Mork vom Ork
AT,Motorvision
AT,Moviepilot TV mit Pluto TV
AT,My Strange Addiction
AT,Myspass TV Total classics
AT,Myth Hunters
AT,N24 Doku
AT,NCIS - New Orleans
AT,Naruto
AT,Ned's Declassified School Survival Guide
AT,Nick Christmas
AT,Nick Danger
AT,Nick Girl Power
AT,Nick Jr. Club
AT,Nick Jr. Pluto TV
AT,Nick Pluto TV+
AT,Nick Rewind
AT,Nick Rewind+
AT,Nick Space
AT,Nick Spotlight
AT,Nick Spuktober
AT,Nick Ukraine
AT,Nickelodeon Classics
AT,Nickelodeon Teen
AT,Nickelodeon Toons
AT,Nurse Jackie
AT,PRIDEtv
AT,Pacific Blue
AT,Parker Lewis – Der Coole von der Schule
AT,Pastewka
AT,Pensacola – Flügel aus Stahl
AT,People are Awesome
AT,Perry Mason
AT,Pluto TV #1
AT,Pluto TV - Mehr Star Trek
AT,Pluto TV 70er Crime
AT,Pluto TV 80er Crime
AT,Pluto TV Action
AT,Pluto TV Action Sports
AT,Pluto TV Adult Animation
AT,Pluto TV Animals
AT,Pluto TV Animals+
AT,Pluto TV Anime
AT,Pluto TV Anime - Fantasy
AT,Pluto TV April April
AT,Pluto TV B-Horror Filme
AT,Pluto TV Back to School
AT,Pluto TV Biografie
AT,Pluto TV Britische Serien
AT,Pluto TV Bud & Terence
AT,Pluto TV Camp
AT,Pluto TV Cats 24/7
AT,Pluto TV Chefkoch
AT,Pluto TV Christmas
AT,Pluto TV Comedy Movies
AT,Pluto TV Comedy Therapie
AT,Pluto TV Creature Features
AT,Pluto TV Crime
AT,Pluto TV Crime on the beach
AT,Pluto TV Crime+
AT,Pluto TV Desaster Filme
AT,Pluto TV Deutsche Comedy
AT,Pluto TV Deutsches Kino
AT,Pluto TV Die Rache der Natur
AT,Pluto TV Dizikolik
AT,Pluto TV Documentaries
AT,Pluto TV Dogs
AT,Pluto TV Emmanuelle Filme
AT,Pluto TV Europäische Krimis
AT,Pluto TV Explore
AT,Pluto TV Family
AT,Pluto TV Femme Fatale
AT,Pluto TV Ferne Galaxien
AT,Pluto TV Fight
AT,Pluto TV Fireplace
AT,Pluto TV Fitness
AT,Pluto TV Food
AT,Pluto TV Food+
AT,Pluto TV Fran - Beste Mama-Momente
AT,Pluto TV Haialarm
AT,Pluto TV Halloween
AT,Pluto TV Handball
AT,Pluto TV Heiße Nächte Retro
AT,Pluto TV Historische Serien
AT,Pluto TV History
AT,Pluto TV History+
AT,Pluto TV Home
AT,Pluto TV Horror
AT,Pluto TV Horror-Serien
AT,Pluto TV Indies
AT,Pluto TV Inside+
AT,Pluto TV Kids
AT,Pluto TV Kids Animation
AT,Pluto TV Kids Jr.
AT,Pluto TV Kino Filme
AT,Pluto TV Kult Comedies
AT,Pluto TV Kultfilme
AT,Pluto TV Laughs in Spanish
AT,Pluto TV Live in Concert
AT,Pluto TV Lives
AT,Pluto TV Magische Geschichten
AT,Pluto TV Maschinen
AT,Pluto TV Mistletoe
AT,Pluto TV Movies
AT,Pluto TV Movies - AT only
AT,Pluto TV Movies+
AT,Pluto TV Mystery
AT,Pluto TV Nature
AT,Pluto TV Nordic Crime
AT,Pluto TV Paranormal
AT,Pluto TV Paranormal+
AT,Pluto TV Pets
AT,Pluto TV Pferdefilme
AT,Pluto TV Polizeiserien
AT,Pluto TV Popkultur
AT,Pluto TV Power Frauen
AT,Pluto TV Pride
AT,Pluto TV Reality
AT,Pluto TV Reportagen
AT,Pluto TV Retro Toons
AT,Pluto TV Romance
AT,Pluto TV Romantische Filmkomödien
AT,Pluto TV Royals
AT,Pluto TV Sanfte Berührungen
AT,Pluto TV Sci-Fi
AT,Pluto TV Science
AT,Pluto TV Serie
AT,Pluto TV Serie+
AT,Pluto TV Sharks
AT,Pluto TV Sharks and Royals
AT,Pluto TV Sitcoms
AT,Pluto TV Sitcoms+
AT,Pluto TV Slasher Horror
AT,Pluto TV Snooker 900
AT,Pluto TV Space
AT,Pluto TV Sports
AT,Pluto TV Spukhaus Horror
AT,Pluto TV Star Trek
AT,Pluto TV Star Trek - Animation
AT,Pluto TV Star Trek - Bösewichte & Gegenspieler
AT,Pluto TV Star Trek - Heghlu'meH QaQ jajvam
AT,Pluto TV Stimulierende Dokus
AT,Pluto TV Surf
AT,Pluto TV Thriller
AT,Pluto TV True Crime
AT,Pluto TV Weddings
AT,Pluto TV Weihnachten im Sommer
AT,Pluto TV Western
AT,Pluto TV Western Serien
AT,Pluto TV Worst of Bundy
AT,Pluto TV Yoga
AT,Pluto TV heiße Nächte
AT,Pluto TV liebt Elvis
AT,Pluto TV liebt John Wayne
AT,Praxis Bülowbogen
AT,Profiling Paris
AT,Punk'd
AT,Quantum Leap
AT,Rauchende Colts
AT,Rawhide - Tausend Meilen Staub
AT,Realmadrid TV
AT,Red Bull TV
AT,Red Shoe Dairies
AT,Reich und Schön
AT,Republic of Doyle
AT,RiffTrax
AT,RoboCop
AT,Rookie Blue
AT,Rules of Engagement
AT,SPIEGEL TV
AT,SPIEGEL TV Konflikte
AT,STARS IN GEFAHR
AT,SUMO Paris 2026
AT,Sabrina - Total verhext!
AT,Sam & Cat
AT,Sanctuary
AT,Saving Hope
AT,Saw
AT,Schitt's Creek
AT,Schitt's Creek - David & Patrick!
AT,"Schitt's Creek - Ewh, David!"
AT,Schitt's Creek - Nur ein bisschen Alexis
AT,Schlosshotel Orth
AT,Schnell ermittelt
AT,School of Rock
AT,Scooore
AT,Scorpion
AT,Sea Patrol
AT,Seaquest
AT,See Dad Run
AT,Serienklassiker
AT,Simsalabim Sabrina
AT,Sky News
AT,Slow TV
AT,Sonic the Hedgehog
AT,Sophie - Braut wider Willen
AT,South Park - Butters Collection
AT,South Park - Cartman Collection
AT,South Park - Halloween
AT,South Park - Kenny Collection
AT,South Park - Kennys unzählige Tode
AT,South Park - Kyle Collection
AT,South Park - Original Version
AT,South Park - Stan Collection
AT,South Park - Stars & Sternchen
AT,South Park Armageddon
AT,South Park Rocks!
AT,South Park in Italiano
AT,Space Live
AT,SpongeBob OV
AT,SpongeBob Schwammkopf
AT,SpongeBob in Italiano
AT,SpongeBob+
AT,Spyders
AT,Squash TV
AT,Stand-Up Comedy
AT,Star Trek - Deep Space Nine
AT,Star Trek - Enterprise
AT,Star Trek - The Next Generation
AT,Star Trek - The Original Series
AT,Star Trek - Voyager
AT,Stimmungsgarten
AT,Storage Wars - Canada
AT,Stromberg
AT,Strongman
AT,Swamp People
AT,Sünger Bob Kare Pantolon
AT,TMNT - Best of Donatello
AT,TMNT - Best of Leonardo
AT,TMNT - Best of Michelangelo
AT,TMNT - Best of Raphael
AT,TRT World
AT,Takeshi's Castle
AT,Teenage Mutant Ninja Turtles
AT,Telenovela ZDF
AT,Telenovela ZDF+
AT,Tennis Channel
AT,Terra Mater WILD
AT,Testament of Sister New Devil
AT,The Asylum Channel
AT,The Good Fight
AT,The Good Wife
AT,The Icon League
AT,The L Word - Wenn Frauen lieben
AT,The Last Flight
AT,The Librarians
AT,The Magnificent Century
AT,The Magnificent Century - Kösem
AT,The Nanny & Mr Sheffield - A Fine Romance
AT,The Outer Limits
AT,The Outpost
AT,The Pet Collective
AT,The Real Housewives
AT,The Twilight Zone
AT,Top Gear
AT,Top Gear - Cheap Cars Challenge
AT,Top Gear Challenge
AT,Totally Turtles
AT,Totally Turtles (OV)
AT,Transformers TV
AT,Trio mit vier Fäusten
AT,True Jackson
AT,Twin Peaks
AT,Täterjagd
AT,Unbeaten ESports
AT,Unentdeckt-Mörder unter uns
AT,Unfabulous
AT,Unforgettable
AT,Union Berlin TV
AT,V.I.P. – Die Bodyguards
AT,VOD
AT,Verbotene Liebe
AT,Verrückt nach Dir
AT,Victorious
AT,Vier Frauen und ein Todesfall
AT,Viper
AT,Voll Vergeistert
AT,"Voll daneben, voll im Leben"
AT,Voyager Documentaries
AT,"Walker, Texas Ranger & Der Sentinel"
AT,Weihnachtskino
AT,Wentworth
AT,Wer ist hier der Boss?
AT,Wicked Tuna
AT,Wie funktioniert Pluto TV
AT,Will&Grace
AT,Willkommen bei den Louds
AT,Wings – Die Überflieger
AT,Wipeout
AT,World Poker Tour
AT,X-Factor - Das Unfassbare
AT,Xena - Die Kriegerprinzessin
AT,Yo! MTV
AT,Yo! MTV Raps Classic
AT,You Knock on My Door
AT,Yu-Gi-Oh!
AT,Yüksek Sosyete – High Society
AT,Z Nation
AT,Zoey 101
AT,iCarly
AT,iCarly+
AT,Çilek Kokusu – Strawberry Smell
AU,24/7 Gameshows
AU,48 Hours
AU,Adult Animation
AU,America's Next Top Model
AU,Anthony Bourdain
AU,Aussie Drama
AU,Aussie Drama Pop-Up
AU,Australia's Next Top Model
AU,Becker
AU,Beverly Hills 90210
AU,Bondi Rescue
AU,COPS
AU,Cheap Seats
AU,Christmas Movies
AU,Classic TV Action
AU,Classic TV Drama
AU,Crime Hunters
AU,Crime Time
AU,Demand Drama
AU,Diagnosis Murder
AU,Documentary Shell
AU,Embarrassing Bodies
AU,Friday the 13th
AU,Ghost Hunters
AU,Good Chef Bad Chef
AU,Have You Been Paying Attention
AU,House Of Horror
AU,Judge Joe Brown
AU,Judge Judy
AU,MTV Best of (was On Tour!)
AU,MTV Biggest Pop
AU,MTV Dating
AU,MTV Geordie Shore
AU,MTV Jersey Shore
AU,MTV Life
AU,MTV Love
AU,MTV Love previously MTV Spankin' New
AU,MTV Music
AU,MTV Pranks
AU,MTV Reality
AU,MTV Ridiculousness
AU,MasterChef
AU,Medical Emergency
AU,Nick 90s
AU,Nick Classics
AU,Nick Jr Club
AU,Nick Jr Stars
AU,NickToons
AU,NickToons 00s
AU,NickToons 90s
AU,Nickelodeon Pop-Up Shell
AU,Offspring
AU,Paw Patrol
AU,Prisoner
AU,Puberty Blues
AU,Rescue 911
AU,Romance Movies
AU,Rugrats
AU,Seasonal Movies
AU,South Park
AU,South Park 2
AU,South Park: Kenny Collection
AU,South Park: Kyle Collection
AU,SpongeBob SquarePants
AU,Survivor US
AU,TeenNick
AU,Thank God You're Here
AU,The Bold & The Beautiful Classics
AU,The Dog House
AU,The Graham Norton Show
AU,The Only Way I Essex
AU,The Twilight Zone
AU,True Stories
AU,Undercover Boss
AU,World Of Survivor
AU,World of Football
AU,Xtreme Adventure
BO,ADN40
BO,Acapulco Shore Pluto TV
BO,Adrenalina Pura TV
BO,Al Fondo Hay Sitio
BO,Al Ritmo del Jaripeo
BO,All Women's Sports Network
BO,America's Next Top Model
BO,Andromeda
BO,Archivos Extraterrestres
BO,Archivos Forenses
BO,Avatar - La Leyenda de Aang
BO,Azteca Deportes Network
BO,Azteca Uno -1 hora
BO,Azteca internacional
BO,Babar
BO,Baby Shark TV
BO,BabyFirst
BO,Backdoor
BO,Banco de Chile Stage
BO,Barney
BO,Baywatch
BO,Best of The Drew Barrymore Show
BO,Beverly Hills 90210
BO,Beyblade
BO,Bloomberg Television
BO,Bob Esponja Pantalones Cuadrados
BO,Boom
BO,Boruto - Naruto Next Generations
BO,Bromas Gags - Just for Laughs
BO,C4 en Alerta
BO,CBS News
BO,COPS
BO,CSI - Miami
BO,Canal 6 CdMx
BO,Canal Claro
BO,Captain Tsubasa
BO,Cazador de Homicidas
BO,Chilevision Contigo
BO,Chilevision Deportes
BO,Chilevision Noticias
BO,Chimenea Navideña
BO,Chiquititas
BO,Cinema
BO,Cinépolis Channel
BO,Claro Sports
BO,Claro Sports 2
BO,Claro Sports Mexico
BO,Comedy Central Pluto TV
BO,Comedy Central South Park
BO,Concert Channel
BO,Corazón
BO,Cuando los Ángeles Caen
BO,DAZN Combat
BO,DAZN Women's Football
BO,Daria
BO,Death Note
BO,Desafío Super Humanos
BO,Doc Martin
BO,Dog el cazarrecompensas
BO,Dominance FC TV
BO,"Dora, La Exploradora"
BO,Dr. G
BO,Dulce by elGourmet
BO,ESR 24/7
BO,El Encantador de Perros
BO,El Mariachi
BO,El Reino Infantil
BO,Empeños a lo bestia
BO,Enchufe.tv
BO,Estrellas de Accion
BO,Euronews Español
BO,FIFA+
BO,FUEL TV
BO,Fail Army
BO,Fashion TV
BO,Franky Mostro
BO,Got Talent Argentina
BO,Gran Hermano Chile
BO,Hawaii 5-0
BO,Hechiceras
BO,Hechizada
BO,Hells Kitchen
BO,Hermanos a la Obra
BO,Hey Arnold!
BO,Historias de Ultratumba
BO,Homeful
BO,Hunter x Hunter
BO,I Shouldn't Be Alive
BO,ITV Deportes
BO,Ice Pilots
BO,Imagen TV+
BO,Infierno Sobre Ruedas
BO,Inuyasha
BO,Iron Chef
BO,JoJo’s Bizarre Adventure
BO,Juana La Virgen
BO,Kenan y Kel
BO,LATAM AD Test 1
BO,LATAM AD Test 2
BO,LATAM AD Test 3
BO,LATAM AD Test 4
BO,LATAM AD Test 5
BO,LATAM AD Test 6
BO,LATAM AD Test 7 - Libertadores 1
BO,LATAM AD Test 8 - Libertadores 2
BO,LATAM AD Test 9 - Libertadores 3
BO,La Academia
BO,La Familia del Barrio
BO,La Liga Premier | Paramount+
BO,La Selección
BO,Las Pistas de Blue
BO,Las Tortugas Ninja
BO,Loco Por Ti
BO,Los Asesinatos de Midsomer
BO,Los Padrinos Mágicos
BO,Los Pitufos
BO,Los Tres Chiflados
BO,Los archivos del FBI
BO,Los Ángeles de Charlie
BO,Luces Navideñas
BO,Lucha Libre​ AAA
BO,MTV Animaciones
BO,MTV Biggest Pop
BO,MTV Catfish
BO,MTV Classic
BO,MTV Con Mi Ex
BO,MTV Dating - GF
BO,MTV Drag
BO,MTV EMA
BO,MTV Flow Latino
BO,MTV Halloween
BO,MTV Música Navideña
BO,MTV Pluto TV
BO,MTV Pride
BO,MTV Reality
BO,MTV Reinas del Pop
BO,MTV Ridiculousness
BO,MTV Rocks
BO,MTV Spankin' New
BO,MTV Teen Mom
BO,MTV on Tour!
BO,MacGyver
BO,Maestros de la ilusión
BO,MasterChef
BO,MasterChef Argentina
BO,MasterChef Colombia
BO,MasterChef Junior
BO,MasterChef México
BO,Mi Bella Genio
BO,Mi Coche Clásico
BO,Mi Gorda Bella
BO,Milenio Televisión
BO,Minuto Para Ganar
BO,Misterios sin Resolver
BO,Monstruos de Rio
BO,Motorvision TV
BO,Mr. Bean Animated
BO,NCIS
BO,NCIS - Lo Mejor de Tony & Ziva
BO,Naruto
BO,Naruto Shippuden
BO,NatureTime
BO,Nick Jr. Club
BO,Nick Teen
BO,Nickelodeon Clásico
BO,Nickelodeon Clásico - GF
BO,Nickelodeon Rocket Power
BO,Nickelodeon Toons
BO,Nickelodeon iCarly
BO,Nosey Escandalos
BO,Números
BO,Obsesión por los Autos
BO,One Piece
BO,PAW Patrol Patrulla de Cachorros
BO,PFL MMA
BO,PRIDEtv
BO,Paramount+ Presenta
BO,Plato del Dia by elGourmet
BO,Pluto TV A La Mexicana
BO,Pluto TV Amor y Mentiras
BO,Pluto TV Animales
BO,Pluto TV Anime
BO,Pluto TV Anime Accion
BO,Pluto TV Anime Kids
BO,Pluto TV Aventura
BO,Pluto TV Aventura​
BO,Pluto TV Ciencia
BO,Pluto TV Cine Acción
BO,Pluto TV Cine Acción - Roku
BO,Pluto TV Cine Clásico
BO,Pluto TV Cine Comedia
BO,Pluto TV Cine Crimen
BO,Pluto TV Cine Drama
BO,Pluto TV Cine Estelar
BO,Pluto TV Cine Estelar - Roku
BO,Pluto TV Cine Familia
BO,Pluto TV Cine Inspirador
BO,Pluto TV Cine Navidad
BO,Pluto TV Cine Romance​
BO,Pluto TV Cine Suspenso
BO,Pluto TV Cine Terror
BO,Pluto TV Cocina
BO,Pluto TV Competencias
BO,Pluto TV Conciertos by Stingray
BO,Pluto TV Criaturas Malditas
BO,Pluto TV Deportes
BO,Pluto TV Documentales
BO,Pluto TV Dramas Coreanos
BO,Pluto TV Dramas Coreanos Teen
BO,Pluto TV E-Sports
BO,Pluto TV España
BO,Pluto TV Fashionstream
BO,Pluto TV Filmstream
BO,Pluto TV Fútbol
BO,Pluto TV Historia
BO,Pluto TV Humor
BO,Pluto TV Investiga
BO,Pluto TV Junior
BO,Pluto TV Karaoke by Stingray
BO,Pluto TV Kids
BO,Pluto TV Mi Obsesión Favorita
BO,Pluto TV Misterios
BO,Pluto TV Misterios Medicos
BO,Pluto TV Modus Super Series Darts
BO,Pluto TV Naturaleza
BO,Pluto TV Novelas
BO,Pluto TV Novelas de Argentina
BO,Pluto TV Novelas de Brasil
BO,Pluto TV Novelas de Chile
BO,Pluto TV Novelas de Colombia
BO,Pluto TV Novelas de Mexico
BO,Pluto TV Novelas de Otros Continentes
BO,Pluto TV Novelas de Peru
BO,Pluto TV Novelas de Venezuela
BO,Pluto TV Nuestro Cine
BO,Pluto TV Paisajes by Stingray
BO,Pluto TV Peleas
BO,Pluto TV Reality
BO,Pluto TV Recetas
BO,Pluto TV Retro Cartoons
BO,Pluto TV Sci-Fi
BO,Pluto TV Series
BO,Pluto TV Series Latinas
BO,Pluto TV Series Retro
BO,Pluto TV Series de Acción
BO,Pluto TV Series de Aventura
BO,Pluto TV Series de Comedia
BO,Pluto TV Series de Crimen
BO,Pluto TV Series de Drama
BO,Pluto TV Series de Otros Continentes
BO,Pluto TV Series de Sci-Fi
BO,Pluto TV Stage
BO,Pluto TV Star Trek
BO,Pluto TV Teen
BO,Pluto TV Viajes
BO,Pluto TV Vida Real
BO,Pluto TV Hogar​
BO,Pluto TV Velocidad​
BO,Pokémon
BO,Popeye
BO,RCN Más
BO,RCN Noticias
BO,Realmadrid TV
BO,Red Bull TV
BO,Relic Hunter
BO,Reviví Gran Hermano
BO,Rincón de Luz
BO,Rock Story
BO,Rookie Blue - Policías Novatos
BO,Rugrats
BO,Runtime
BO,Schitt's Creek
BO,Shockwave
BO,Sin Tetas No Hay Paraiso
BO,Smithsonian Channel Pluto TV
BO,Sony One Escape Perfecto
BO,Sony One Shark Tank México
BO,South Park - Apocalipsis
BO,South Park - Celebrities
BO,South Park - Colección Felices Fiestas
BO,South Park - Las Muertes de Kenny
BO,South Park - Lo Mejor de Cartman
BO,South Park - Lo Mejor de Kenny
BO,South Park - Lo Mejor de Kyle
BO,South Park - Lo Mejor de Stan
BO,South Park - ¡Rock & Roll!
BO,Starsky & Hutch
BO,Survivor México
BO,Susana Giménez
BO,Tastemade
BO,Tastemade Hogar
BO,Tastemade Viajes
BO,Teatrix
BO,TeleFórmula
BO,Telefe Deportes
BO,Telefe Hits
BO,Telefe Noticias
BO,Telefe Pluto TV
BO,The Ed Sullivan Show
BO,The New Detectives
BO,The Night Shift
BO,The Pet Collective
BO,The Walking Dead by AMC
BO,TikTok Radio en Español
BO,Tokusato
BO,Top Barça
BO,UFC
BO,Untold Stories of the ER
BO,VOD
BO,Vive Kanal D Drama
BO,Winx Club TV
BO,Wipeout
BO,Yo! MTV
BO,Younger
BO,Yu-Gi-Oh
BO,Z Nation
BO,Zona Investigación TV
BR,A Caçadora de Relíquias
BR,A Culpa é do Cabral
BR,A Feiticeira
BR,A vida moderna de Rocko
BR,Acumuladores Obsessivos
BR,Ad Ops Test Channel 2
BR,AdoroCinema
BR,Adrenalina Pura TV
BR,Are you the One?
BR,As Aventuras de Jackie Chan
BR,As Panteras
BR,As Tartarugas Ninja
BR,As pistas de Blue
BR,Assombrações
BR,Avatar - A lenda de Aang
BR,BET Being Mary Jane
BR,BET Pluto TV
BR,BM&C News
BR,BRAZIL AD Test 1
BR,BRAZIL AD Test 2 - DAI
BR,BRAZIL AD Test 3 - DAI
BR,BRAZIL AD Test 4 - No Estudio
BR,Baby Shark TV
BR,Babyfirst
BR,Barrados no Baile
BR,Best of The Drew Barrymore Show
BR,Beyblade
BR,Billiard TV
BR,Bloomberg Television
BR,Bob Esponja Calça Quadrada
BR,Boruto - Naruto Next Generations
BR,Brazil's Next Top Model
BR,CBS News
BR,CSI - Miami
BR,Captain Tsubasa
BR,Caras TV
BR,Caçadores de Óvnis
BR,Charmed - Jovens Bruxas
BR,Claro Sports 2
BR,Clima de Natal
BR,Clube do Terror
BR,Cocoricó
BR,Comedy Central Pluto TV
BR,Comedy Central South Park
BR,Cultne TV
BR,DAZN Combat
BR,DAZN Women's Football
BR,Death Note
BR,Detetives Médicos
BR,DiaTV
BR,Diff’rent Strokes Arnold
BR,Dominance FC TV
BR,"Dora, A Aventureira"
BR,Estado Paranormal
BR,Euronews Português
BR,FIFA+
BR,FUEL TV
BR,FailArmy
BR,Grachi
BR,Hey Arnold!
BR,Homeful
BR,Hunter x Hunter
BR,Inferno sobre Rodas
BR,Inspetor Bugiganga
BR,Inuyasha
BR,Jeannie é um Gênio
BR,JoJo’s Bizarre Adventure
BR,Jornada nas Estrelas - A Nova Geração
BR,Jornada nas Estrelas - Deep Space Nine
BR,Jornada nas Estrelas - Voyager
BR,Jovem Pan NEWS
BR,Kenan & Kel
BR,Louco por Você
BR,MTV Biggest Pop
BR,MTV Catfish
BR,MTV Classic
BR,MTV Com o Ex
BR,MTV Dating - GF
BR,MTV Drag
BR,MTV EMA
BR,MTV Flow Latino
BR,MTV Halloween
BR,MTV Jovens e Mães
BR,MTV Just Tattoo of Us
BR,MTV Músicas de Natal
BR,MTV On Tour!
BR,MTV Pluto TV
BR,MTV Pride
BR,MTV Rainhas do Pop
BR,MTV Reality - GF
BR,MTV Ridiculousness - GF
BR,MTV Rocks
BR,MTV Shore
BR,MTV Spankin' New
BR,MacGyver
BR,Mais MasterChef Brasil
BR,Manual do Mundo
BR,MasterChef
BR,MasterChef Brasil Profissionais
BR,Mestres do Ilusionismo
BR,Metrópoles
BR,Mi Bella Genio
BR,Mistérios sem Solução
BR,Moranguinho
BR,MovieSphere
BR,Mr. Bean
BR,Músicas de Natal
BR,NCIS
BR,NCIS - O Melhor de Tony & Ziva
BR,NEW Brasil
BR,Naruto
BR,Naruto Shippuden
BR,NatureTime
BR,Nick Clássico
BR,Nick Jr. Club
BR,Nick Jr. Club - GF
BR,Nick Teen
BR,Nickelodeon Clássico - GF
BR,Nickelodeon Rocket Power
BR,Nickelodeon Toons
BR,Nickelodeon iCarly
BR,Nosey Escândalos
BR,Novelíssima
BR,Nsports
BR,Numbers
BR,O Clube das Winx
BR,O Encantador de Cães
BR,O Homem que veio do Céu
BR,O Reino Infantil
BR,Oggy e as Baratas Tontas
BR,One Piece
BR,Os Arquivos do FBI
BR,Os Padrinhos Mágicos
BR,Os Smurfs
BR,Os Três Patetas
BR,PAW Patrol Patrulha Canina
BR,PFL MMA
BR,PORTATV
BR,Paramount+ Apresenta
BR,Pegadinhas - Just for Laughs
BR,Pluto TV Aliens
BR,Pluto TV Animais
BR,Pluto TV Anime
BR,Pluto TV Anime Ação
BR,Pluto TV Bang Bang
BR,Pluto TV Canal UO
BR,Pluto TV Canal UOL
BR,Pluto TV Cine Clássicos
BR,Pluto TV Cine Comédia
BR,Pluto TV Cine Comédia Romântica
BR,Pluto TV Cine Crime
BR,Pluto TV Cine Drama
BR,Pluto TV Cine Família
BR,Pluto TV Cine Inspiração
BR,Pluto TV Cine Natal
BR,Pluto TV Cine Romance
BR,Pluto TV Cine Sucessos
BR,Pluto TV Cine Terror
BR,Pluto TV Cineminha
BR,Pluto TV Comédia
BR,Pluto TV Cozinha
BR,Pluto TV Curiosidade
BR,Pluto TV Desenhos Clássicos
BR,Pluto TV Era de Ouro do Cinema
BR,Pluto TV Esportes
BR,Pluto TV Esportes 2
BR,Pluto TV Estilo de Vida
BR,Pluto TV Fashionstream
BR,Pluto TV Ficção Científica
BR,Pluto TV Filmelier
BR,Pluto TV Filmes Aventura
BR,Pluto TV Filmes Ação
BR,Pluto TV Filmes Nacionais
BR,Pluto TV Filmes Suspense
BR,Pluto TV Filmes de Luta
BR,Pluto TV Fitness
BR,Pluto TV Gaming por Ubisoft
BR,Pluto TV Geek e Tech
BR,Pluto TV História
BR,Pluto TV Investigação
BR,Pluto TV Junior
BR,Pluto TV KFOOD
BR,Pluto TV Karaokê por Stingray
BR,Pluto TV Kids
BR,Pluto TV Kids Club
BR,Pluto TV Minha Obsessão Favorita
BR,Pluto TV Mistérios
BR,Pluto TV Modus Super Series Darts
BR,Pluto TV Natureza
BR,Pluto TV Negócio Fechado
BR,Pluto TV Netmovies
BR,Pluto TV Novelas
BR,Pluto TV Paisagens por Stingray
BR,Pluto TV Policial
BR,Pluto TV Porta dos Fundos
BR,Pluto TV Quebrando o Tabu
BR,Pluto TV Record News
BR,Pluto TV Retrô
BR,Pluto TV Shows por Stingray
BR,Pluto TV Star Trek
BR,Pluto TV Séries
BR,Pluto TV Séries Ação
BR,Pluto TV Séries Comédia
BR,Pluto TV Séries Criminais
BR,Pluto TV Séries Drama
BR,Pluto TV Séries Família
BR,Pluto TV Séries Novelescas
BR,Pluto TV Séries Sci-Fi
BR,Pluto TV Terror Trash
BR,Pluto TV Turbo
BR,Pluto TV Viagens
BR,Pluto TV Vida Real
BR,Pluto TV Zumbis
BR,Pokémon
BR,Popeye
BR,Pronto-socorro - Histórias De Emergência
BR,Pânico
BR,RACER Brasil
BR,Real Madrid
BR,Red Bull TV
BR,RedeTV!
BR,Rookie Blue
BR,Rugrats
BR,Runtime
BR,SFT Combat
BR,Salon Line
BR,Schitt's Creek
BR,Smithsonian Channel Pluto TV
BR,Sobrevivi
BR,Sony One Shark Tank Brasil
BR,South Park - Apocalipse
BR,South Park - As Muitas Mortes do Kenny
BR,South Park - Coleção de Natal
BR,South Park - Na Calçada da Fama
BR,South Park - O Melhor do Cartman
BR,South Park - O Melhor do Kenny
BR,South Park - O Melhor do Kyle
BR,South Park - O Melhor do Stan
BR,South Park - Rock and Roll
BR,Sports Go
BR,Starsky & Hutch - Justiça em Dobro
BR,Super Onze
BR,TV Brasil
BR,TV Cultura
BR,Tastemade
BR,Tastemade Casa
BR,Tastemade Viagem
BR,Teletubbies
BR,Tempero de Fim de Ano
BR,Terraviva
BR,The Ed Sullivan Show
BR,The Night Shift Plantão Noturno
BR,The Pet Collective
BR,The Walking Dead by AMC
BR,TikTok Radio Brasil
BR,Times Brasil - CNBC
BR,Tokusato
BR,Top Barça
BR,Topa ou Não Topa EUA
BR,Turma da Mônica
BR,UFC
BR,VOD
BR,Winx Club TV
BR,Woohoo Surf
BR,World Poker Tour
BR,Yo! MTV
BR,Younger
BR,Yu-Gi-Oh
BR,Z Nation
CA,2023 MTV VMAs
CA,21 Jump Street
CA,3ICE Hockey World Cup 2026
CA,48 Hours
CA,50 Cent Action
CA,A Million Little Things
CA,APTN Beyond
CA,AWSN
CA,Ad Ops Test Channel 2
CA,Adventure Sports TV
CA,Aftershock
CA,Alerte à Malibu
CA,All My Children
CA,All Reality We TV
CA,Always Funny Videos
CA,America's Funniest Home Videos - Holiday Edition
CA,America's Next Top Model
CA,American Pickers
CA,Andromeda
CA,Anger Management
CA,Anthony Bourdain - Parts Unknown
CA,Antiques Road Show UK
CA,Are We There Yet?
CA,Arthur
CA,Asian Crush
CA,Ax Men
CA,Bar Rescue
CA,Baywatch
CA,BeIN SPORTS XTRA
CA,Best of Dr. Phil
CA,Best of the Drew Barrymore Show
CA,Beverly Hills 90210
CA,Beyond History
CA,Big Brother Canada
CA,Bloomberg TV+
CA,Blue Bloods
CA,Bob l'éponge
CA,Bonanza
CA,Bondi Rescue
CA,Bridezillas
CA,Busted at the Border
CA,CBC News British Columbia
CA,CBC News Explore
CA,CBC News Toronto
CA,CBS News 24/7
CA,CNN Headlines
CA,CSI
CA,CSI - Miami
CA,CSI - New York
CA,Car Chase
CA,Catfish
CA,Cheaters
CA,Cheddar News
CA,Cheers
CA,Christmas 365
CA,Classica
CA,Come Dine With Me
CA,Comedy Central
CA,Comedy Central Animation
CA,Comedy Central Stand-Up
CA,Community
CA,Confess by Nosey
CA,Crackling Fireplace
CA,Cricket Gold
CA,Crime Files
CA,Crime Up Close
CA,Crime and Justice
CA,DAZN TV
CA,Dance Moms
CA,Deal or No Deal
CA,Declassified
CA,Degrassi
CA,Degrassi en Français
CA,Desi Play TV
CA,Diagnosis Murder
CA,Djazz
CA,Doc Martin
CA,Doctor Who
CA,Doctor Who Classic
CA,Dog The Bounty Hunter
CA,Dora TV
CA,Dora TV en Français
CA,Duck Dynasty
CA,Dynasty
CA,FBI Files
CA,FIFA+
CA,FailArmy
CA,Family Feud Classic
CA,Family Ties
CA,Farmer Wants a Wife
CA,Fatal Attraction
CA,Fear Factor
CA,Festive Fireplace
CA,Fixers and Flippers
CA,Forensic Files
CA,Frasier
CA,Fresh Movies by VVS Films
CA,Game Show Central
CA,GameTVGo!
CA,Gameplay - Call of Duty
CA,Gameplay - Fortnite
CA,Gameplay - Roblox
CA,Gameplay - Sports
CA,Garfield and Friends
CA,Ghost Hunters
CA,Global News BC
CA,Global News Calgary
CA,Global News Edmonton
CA,Global News Halifax
CA,Global News Kingston
CA,Global News Lethbridge
CA,Global News Montréal
CA,Global News National
CA,Global News Okanagan
CA,Global News Peterborough
CA,Global News Regina
CA,Global News Saskatoon
CA,Global News Toronto
CA,Global News Winnipeg
CA,Gordon Ramsay's Hell's Kitchen
CA,Grease
CA,Grease - Rise of the Pink Ladies
CA,Gunsmoke
CA,HappiTV
CA,Happy Days
CA,Hardcore Pawn
CA,HauntTV
CA,Hawai Five-0
CA,History & Warfare
CA,Hit Sitcoms
CA,Holiday Lights
CA,Home Outside
CA,Homeful
CA,Hot Ones
CA,Hot in Cleveland
CA,I Love Lucy
CA,In the Market
CA,Income Property
CA,Ink Master
CA,Inuyasha
CA,Iron Chef
CA,It's a Wonderful Life
CA,JAG
CA,Jeopardy
CA,Johnny Carson TV
CA,Judge Nosey
CA,Just for Laughs GAGS
CA,K-Content by CJ ENM
CA,Kid Quest
CA,Kid Squad
CA,King of Queens
CA,Kitchen Battles
CA,Leave it to Bryan
CA,Les Nouveaux Détectives
CA,Let’s Make a deal
CA,Life & Legend of Wyatt Earp
CA,Love Christmas from Love Drama
CA,Love Drama
CA,Love Pets
CA,Lupin the 3rd
CA,MAVTV Select
CA,MODUS Super Series Darts
CA,MTV - Best Of
CA,MTV Biggest Pop Hits
CA,MTV Classic
CA,MTV Dating
CA,MTV EMA
CA,MTV Flow Latino
CA,MTV Halloween
CA,MTV Jersey Shore
CA,MTV Music
CA,MTV Pride
CA,MTV Queens of Pop
CA,MTV Reality
CA,MTV Ridiculousness
CA,MTV Rocks
CA,MTV Rocks TEST
CA,MTV Spankin’ New
CA,MTV Thriller Night
CA,MTV Xmas
CA,MTV on Tour!
CA,Mad About You
CA,Married... with Children
CA,Massive Makers
CA,Matlock
CA,Max & Ruby
CA,Midsomer Murders
CA,Mission - Impossible Movies
CA,Mission Impossible
CA,Mister Rogers' Neighborhood
CA,Modern Marvels
CA,Monster Jam
CA,More Christmas 365
CA,More Mission - Impossible Movies
CA,More NCIS
CA,More Pluto TV Comedy
CA,More Pluto TV Crime Drama
CA,More Pluto TV Sci-Fi
CA,Movie Music by Stingray
CA,MovieSphere by Lionsgate
CA,NCIS
CA,NCIS - Best of Tony & Ziva
CA,NCIS - Los Angeles
CA,NCL 20 Canada
CA,NFB
CA,NHL Channel
CA,Naruto
CA,Nash Bridges
CA,Nashville
CA,Naturescape
CA,Nick Jr. Pluto TV
CA,Nick Movies
CA,Nick Toons
CA,Nickelodeon Pluto TV
CA,Ninja Warrior
CA,Nonstop Chop
CA,Nonstop Drama
CA,Nonstop Sci-Fi
CA,Nosey
CA,OUTflix Movies
CA,One Piece
CA,PGA TOUR
CA,Paw Patrol
CA,Paw Patrol Holiday Fireplace
CA,Perry Mason
CA,Pet Collective
CA,Pluto Classic Movie Westerns
CA,Pluto TV 80's Action
CA,Pluto TV 80's Rewind
CA,Pluto TV 90s Hit Comedy
CA,Pluto TV Action Movies
CA,Pluto TV Advent Calendar
CA,Pluto TV Adventure
CA,Pluto TV Alien Invasion
CA,Pluto TV Anime
CA,Pluto TV British Comedy
CA,Pluto TV Cars
CA,Pluto TV Christmas
CA,Pluto TV Christmas in July
CA,Pluto TV Classic TV Families
CA,Pluto TV Classic TV Variety
CA,Pluto TV Classic Terror
CA,Pluto TV Comedy
CA,Pluto TV Comedy Movies
CA,Pluto TV Courtroom
CA,Pluto TV Crime Drama
CA,Pluto TV Documentaries
CA,Pluto TV Drama Movies
CA,Pluto TV FBI
CA,Pluto TV Hibernation Movies
CA,Pluto TV Horror
CA,Pluto TV In Love
CA,Pluto TV Kids Halloween
CA,Pluto TV Kids Movie Club
CA,Pluto TV Paranormal
CA,Pluto TV Psycho
CA,Pluto TV Reality
CA,Pluto TV Retro Action Movies
CA,Pluto TV Retro Crime Action
CA,Pluto TV Retro Crime Drama
CA,Pluto TV Retro Kid
CA,Pluto TV Sci-Fi
CA,Pluto TV Snooker 900
CA,Pluto TV Spicy
CA,Pluto TV Sports
CA,Pluto TV Spotlight
CA,Pluto TV True Crime
CA,Pluto TV Truly Canadian
CA,Pluto TV Westerns
CA,Pluto TV Zombies
CA,Pocket.watch Game On
CA,Pokémon
CA,Preschool Pals
CA,Preschool Play
CA,Project Runway
CA,Puto TV Classic TV Crime Drama
CA,Qello Concerts
CA,Queen of the Universe
CA,Radio-Canada INFO
CA,Rawhide
CA,Ready - set - bake!
CA,Real Disaster Channel
CA,Realmadrid TV
CA,Reno & Flip
CA,Reno Duo
CA,Reno Rehab
CA,Retro Crush
CA,Reuters
CA,RigTV
CA,River Monsters
CA,Rock Channel
CA,Romance 365
CA,Ryan and Friends
CA,SUMO Paris 2026
CA,Sailor Moon
CA,Saw
CA,Scare Tactics
CA,Shades of Black
CA,Shameless
CA,Snackable Adventures
CA,South Park
CA,South Park - Butters Collection
CA,South Park - Cartman Collection
CA,South Park - Halloween
CA,South Park - Holiday Collection
CA,South Park - Into the Stars
CA,South Park - Kenny Collection
CA,South Park - Kyle Collection
CA,South Park - Stan Collection
CA,South Park - The Many Deaths of Kenny
CA,South Park - Welcome to Canada!
CA,South Park Armageddon
CA,South Park Rockin' Out
CA,South Park en Français
CA,SpongeBob - Operation Sea Change
CA,SpongeBob SquarePants
CA,SpongeBob SquarePants World Ocean’s Day
CA,Star Trek
CA,Star Trek - The Next Generation
CA,Star Trek - The Original Series
CA,Star Trek Voyager
CA,StarTalk TV
CA,Stargate
CA,Stingray Holidayscapes
CA,Summer of Movies
CA,Super Channel Hearties
CA,Supermarket Sweep
CA,Survivor
CA,TNA Wrestling
CA,TVB Pearl Drama
CA,Taste
CA,Taxi
CA,Teenage Mutant Ninja Turtles
CA,The Andy Griffith Show
CA,The Asylum
CA,The Beverly Hillbillies
CA,The Bob Ross Channel
CA,The Carol Burnett Show
CA,The Challenge
CA,The Conners
CA,The Dick Van Dyke Show
CA,The Dog Whisperer with Caesar Milan
CA,The Ed Sullivan Show
CA,The Emeril Lagasse Channel
CA,The Facts of Life
CA,The Graham Norton Show
CA,The Great Christmas Light Fight
CA,The Judge Judy Channel
CA,The Love Boat
CA,The Martha Stewart Channel
CA,The New Detectives
CA,The Outer Limits
CA,The Price is Right
CA,The Price is Right - The Barker Era
CA,The Red Green Channel
CA,The Walking Dead Universe
CA,The Weather Network
CA,The Wiggles Classic
CA,The X-files
CA,This Old House
CA,Three's Company
CA,Thrillers 365
CA,Tiny House Nation
CA,Top Gear
CA,Top Gear - Racing Icons
CA,Tortues Ninja TV
CA,Total Crime
CA,Totally Turtles
CA,Transformers
CA,True Crime Now
CA,UEFA TEST CANADA
CA,UFC
CA,Unsolved Mysteries
CA,VOD
CA,WOW - Women of Wrestling
CA,Walker Texas Ranger
CA,Weeds - Nurse Jackie
CA,Wheel of Fortune
CA,Who's the Boss?
CA,Wicked Tuna
CA,Will & Grace
CA,Willow Sports
CA,Wipeout
CA,World Poker Tour
CA,World of Love Island
CA,Yo! MTV
CA,Yu-Gi-Oh!
CA,Z Nation
CH,100% Hotter
CH,21 Jump Street
CH,3ICE Hockey World Cup 2026
CH,48 Hours
CH,90210
CH,AKIBA PASS TV Anime - Sport
CH,Air Warriors
CH,Alisa - Folge deinem Herzen
CH,Alle hassen Chris
CH,Andromeda
CH,Anger Management
CH,Are You The One?
CH,Assassination Classroom
CH,Ateşböceği – Firefly
CH,Auction Hunters
CH,Auf Achse
CH,Auto Motor Sport Channel
CH,Avatar
CH,Avatar OV
CH,Awkward
CH,Ax Men - Die Holzfäller
CH,Axel!
CH,BBC Travel
CH,BIG BROTHER CLASSICS
CH,BVB-Frauen
CH,Bana Sevmeyi Anlat - Wings of Love
CH,Baywatch
CH,Beat Club
CH,Becker
CH,Beelzebub
CH,Being Human
CH,Bellator MMA
CH,Best Of The Drew Barrymore Show
CH,Beverly Hills 90210
CH,Bewegte Männer
CH,Beyblade Burst
CH,Beş Kardeş - Five Brothers
CH,Big Time Rush
CH,Billiard TV
CH,Bitten
CH,Blaze und die Monstermaschinen
CH,Bloch Erklärt
CH,Blue Mountain State
CH,Blue's Clues
CH,Bronco
CH,Bubble Guppies
CH,CBS News 24/7
CH,CC Made in Germany
CH,CC Made in Germany+
CH,CC Pluto TV
CH,CNN Headlines International
CH,CNNi
CH,CSI - Cyber
CH,Call My Agent!
CH,Car Chase
CH,Catfish - Neue Episoden
CH,Chaos City
CH,Cheddar News
CH,Cheers
CH,Clarissa
CH,Clubbing TV
CH,Coast Guard
CH,Cold Blood
CH,Combat GO
CH,Comedy Central South Park
CH,Comedy Central TV+
CH,Community
CH,Community - ValenDEAN's
CH,Community - ValenDEAN's Day
CH,DAZN Darts x Pluto TV
CH,DAZN Fights x Pluto TV
CH,DAZN Handball x Pluto TV
CH,DAZN Heldinnen x Pluto TV
CH,DAZN INTL Football x Pluto T
CH,DAZN INTL Football x Pluto TV
CH,DAZN x Pluto TV Fußballshow
CH,DEFA Filmwelt
CH,DEFA TV
CH,Dark Matter
CH,Das Geheimnis der Hunters
CH,Das Haus am Eaton Place
CH,Dating Naked
CH,Dating hinter Gittern
CH,Dawson's Creek
CH,Der Bergdoktor
CH,Der Chef
CH,Der Denver-Clan
CH,Der Hundetrainer
CH,Der Sentinel – Im Auge des Jägers
CH,Die Casagrandes
CH,Die Nanny
CH,Die Schöne und das Biest
CH,Die Sieben-Millionen-Dollar-Frau
CH,Die Thundermans
CH,Die fliegenden Ärzte
CH,Die glorreichen Sieben
CH,Dittsche
CH,Doctor Who Classic
CH,Dominance FC TV
CH,Don Matteo
CH,Dora TV
CH,Drake & Josh
CH,Dyn Sport Mix
CH,EAT GREEN TV
CH,ESR 24/7
CH,Ein Engel auf Erden
CH,Ein Hauch von Himmel
CH,Eine himmlische Familie
CH,Eine schrecklich nette Familie
CH,Emma - einfach magisch!
CH,Euronews
CH,Euronews DE
CH,Euronews EN
CH,European League of Football
CH,Ex On The Beach
CH,F.B.I. Files
CH,FIFA+
CH,FailArmy
CH,Familie Dr. Kleist
CH,Familienbande
CH,Farmland TV
CH,Filmgold
CH,Flipper
CH,Flipper's Neue Abenteuer
CH,Fluss-Monster
CH,Focus TV Reportage
CH,For All Mankind
CH,Forbidden Apple
CH,Frasier
CH,Frasier - Berühmte Gäste
CH,Freitag Nacht News
CH,From South Park with Love
CH,Fury
CH,GARAGENGOLD
CH,GSA Xiaomi Test 2026
CH,Game Shakers
CH,Geordie Shore
CH,Germany Shore
CH,Gigolos
CH,Glory Kickboxing
CH,Goldstar TV
CH,Hanna - Folge deinem Herzen
CH,Happy Birthday South Park
CH,Hausmeister Krause
CH,Hawaii Fünf-Null
CH,Hazel sieht gelb
CH,Heartland
CH,Hell's Kitchen
CH,Herzfrequenz
CH,Holiday Lights
CH,Homicide Hunters
CH,Hot Ones
CH,Hours to Kill – Zeitachse des Todes
CH,I named her Feriha
CH,IGN
CH,IIS – Die Idil und Ingmar Show
CH,Ice Pilots
CH,Ice Pilots+
CH,Insight TV
CH,Inspector Gadget
CH,Instant Mom
CH,Interspecies Reviewers
CH,Introuble
CH,Inwonder
CH,Jackie Chan Adventures
CH,Jersey Shore
CH,Just Classical
CH,Just Tattoo of Us
CH,Just for Laughs
CH,Just.fishing
CH,Kickin'it
CH,Kids' Choice Awards 2022
CH,KultKrimi
CH,KultKrimi - Der Alte
CH,KultKrimi - Der Kommissar
CH,KultKrimi - Derrick
CH,KultKrimi - Die Rettungsflieger
CH,KultKrimi - Ein Fall für zwei
CH,KultKrimi - Küstenwache
CH,Kultkrimi+
CH,Ladykracher
CH,LandlustTV
CH,Leprechaun
CH,Liebe Sünde
CH,Loupe
CH,Love Boat
CH,MODUS Super Series Darts
CH,MOVIEDOME
CH,MST3K
CH,MTV Approved Hip Hop
CH,MTV Biggest Pop
CH,MTV Brandneu
CH,MTV Catfish
CH,MTV Catfish TV Show+
CH,MTV Caught in the Act
CH,MTV Chill Out Zone
CH,MTV Christmas Songs
CH,MTV Classic
CH,MTV Cribs
CH,MTV Cribs+
CH,MTV Dating
CH,MTV Dating (OV)
CH,MTV EMA
CH,MTV Flow Latino
CH,MTV German Music
CH,MTV Halloween
CH,MTV Hot Summer
CH,MTV Love Music
CH,MTV Movie Hits
CH,MTV Music
CH,MTV Original Version
CH,MTV Party
CH,MTV Pimp My Ride
CH,MTV Pluto TV
CH,MTV Pluto TV+
CH,MTV Pride
CH,MTV Queens of Pop
CH,MTV Ridiculousness
CH,MTV RockZone
CH,MTV Rocks
CH,MTV Serie
CH,MTV Teen
CH,MTV Teen Mom
CH,MTV Teen Mom+
CH,MTV The Challenge
CH,MTV The Hills
CH,MTV The Hills (OV)
CH,MTV The Shores
CH,MTV True Life
CH,MTV Tu Fiesta Latina
CH,MTV Unplugged
CH,MTV on Tour!
CH,MacGyver
CH,Marco Polo TV
CH,Material Delivery Channel
CH,McLeods Töchter
CH,Melrose Place
CH,Merhaba Türkische Serien
CH,MinecrafTV
CH,Mission Impossible
CH,Missions
CH,Monster Jam
CH,Mork vom Ork
CH,Motorvision
CH,Moviepilot TV mit Pluto TV
CH,My Strange Addiction
CH,Myspass TV Total classics
CH,Myth Hunters
CH,N24 Doku
CH,NCIS - New Orleans
CH,Naruto
CH,Ned's Declassified School Survival Guide
CH,Nick Christmas
CH,Nick Danger
CH,Nick Girl Power
CH,Nick Jr. Club
CH,Nick Jr. Pluto TV
CH,Nick Pluto TV+
CH,Nick Rewind
CH,Nick Rewind+
CH,Nick Space
CH,Nick Spotlight
CH,Nick Spuktober
CH,Nick Ukraine
CH,Nickelodeon Classics
CH,Nickelodeon Teen
CH,Nickelodeon Toons
CH,Nurse Jackie
CH,PRIDEtv
CH,Pacific Blue
CH,Parker Lewis – Der Coole von der Schule
CH,Pastewka
CH,Pensacola – Flügel aus Stahl
CH,People are Awesome
CH,Perry Mason
CH,Pluto TV #1
CH,Pluto TV - Mehr Star Trek
CH,Pluto TV 70er Crime
CH,Pluto TV 80er Crime
CH,Pluto TV Action
CH,Pluto TV Action Sports
CH,Pluto TV Adult Animation
CH,Pluto TV Animals
CH,Pluto TV Animals+
CH,Pluto TV Anime
CH,Pluto TV Anime - Fantasy
CH,Pluto TV April April
CH,Pluto TV B-Horror Filme
CH,Pluto TV Back to School
CH,Pluto TV Biografie
CH,Pluto TV Britische Serien
CH,Pluto TV Bud & Terence
CH,Pluto TV Camp
CH,Pluto TV Cats 24/7
CH,Pluto TV Chefkoch
CH,Pluto TV Christmas
CH,Pluto TV Comedy Movies
CH,Pluto TV Comedy Therapie
CH,Pluto TV Creature Features
CH,Pluto TV Crime
CH,Pluto TV Crime on the beach
CH,Pluto TV Crime+
CH,Pluto TV Desaster Filme
CH,Pluto TV Deutsche Comedy
CH,Pluto TV Deutsches Kino
CH,Pluto TV Die Rache der Natur
CH,Pluto TV Dizikolik
CH,Pluto TV Documentaries
CH,Pluto TV Dogs
CH,Pluto TV Emmanuelle Filme
CH,Pluto TV Europäische Krimis
CH,Pluto TV Explore
CH,Pluto TV Family
CH,Pluto TV Femme Fatale
CH,Pluto TV Ferne Galaxien
CH,Pluto TV Fight
CH,Pluto TV Fireplace
CH,Pluto TV Fitness
CH,Pluto TV Food
CH,Pluto TV Food+
CH,Pluto TV Fran - Beste Mama-Momente
CH,Pluto TV Haialarm
CH,Pluto TV Halloween
CH,Pluto TV Handball
CH,Pluto TV Heiße Nächte Retro
CH,Pluto TV Historische Serien
CH,Pluto TV History
CH,Pluto TV History+
CH,Pluto TV Home
CH,Pluto TV Horror
CH,Pluto TV Horror-Serien
CH,Pluto TV Indies
CH,Pluto TV Inside+
CH,Pluto TV Kids
CH,Pluto TV Kids Animation
CH,Pluto TV Kids Jr.
CH,Pluto TV Kino Filme
CH,Pluto TV Kult Comedies
CH,Pluto TV Kultfilme
CH,Pluto TV Laughs in Spanish
CH,Pluto TV Live in Concert
CH,Pluto TV Lives
CH,Pluto TV Magische Geschichten
CH,Pluto TV Maschinen
CH,Pluto TV Mistletoe
CH,Pluto TV Movies
CH,Pluto TV Movies - CH only
CH,Pluto TV Movies+
CH,Pluto TV Mystery
CH,Pluto TV Nature
CH,Pluto TV Nordic Crime
CH,Pluto TV Paranormal
CH,Pluto TV Paranormal+
CH,Pluto TV Pets
CH,Pluto TV Pferdefilme
CH,Pluto TV Polizeiserien
CH,Pluto TV Popkultur
CH,Pluto TV Power Frauen
CH,Pluto TV Pride
CH,Pluto TV Reality
CH,Pluto TV Reportagen
CH,Pluto TV Retro Toons
CH,Pluto TV Romance
CH,Pluto TV Romantische Filmkomödien
CH,Pluto TV Royals
CH,Pluto TV Sanfte Berührungen
CH,Pluto TV Sci-Fi
CH,Pluto TV Science
CH,Pluto TV Serie
CH,Pluto TV Serie+
CH,Pluto TV Sharks
CH,Pluto TV Sharks and Royals
CH,Pluto TV Sitcoms
CH,Pluto TV Sitcoms+
CH,Pluto TV Slasher Horror
CH,Pluto TV Snooker 900
CH,Pluto TV Space
CH,Pluto TV Sports
CH,Pluto TV Spukhaus Horror
CH,Pluto TV Star Trek
CH,Pluto TV Star Trek - Animation
CH,Pluto TV Star Trek - Bösewichte & Gegenspieler
CH,Pluto TV Star Trek - Heghlu'meH QaQ jajvam
CH,Pluto TV Stimulierende Dokus
CH,Pluto TV Surf
CH,Pluto TV Thriller
CH,Pluto TV True Crime
CH,Pluto TV Weddings
CH,Pluto TV Weihnachten im Sommer
CH,Pluto TV Western
CH,Pluto TV Western Serien
CH,Pluto TV Worst of Bundy
CH,Pluto TV Yoga
CH,Pluto TV heiße Nächte
CH,Pluto TV liebt Elvis
CH,Pluto TV liebt John Wayne
CH,Praxis Bülowbogen
CH,Profiling Paris
CH,Punk'd
CH,Quantum Leap
CH,Rauchende Colts
CH,Rawhide - Tausend Meilen Staub
CH,Realmadrid TV
CH,Red Bull TV
CH,Red Shoe Dairies
CH,Reich und Schön
CH,Republic of Doyle
CH,RiffTrax
CH,RoboCop
CH,Rookie Blue
CH,Rules of Engagement
CH,SPIEGEL TV
CH,SPIEGEL TV Konflikte
CH,STARS IN GEFAHR
CH,SUMO Paris 2026
CH,Sabrina - Total verhext!
CH,Sam & Cat
CH,Sanctuary
CH,Saving Hope
CH,Saw
CH,Schitt's Creek
CH,Schitt's Creek - David & Patrick!
CH,"Schitt's Creek - Ewh, David!"
CH,Schitt's Creek - Nur ein bisschen Alexis
CH,Schlosshotel Orth
CH,Schnell ermittelt
CH,School of Rock
CH,Scooore
CH,Scorpion
CH,Sea Patrol
CH,Seaquest
CH,See Dad Run
CH,Serienklassiker
CH,Simsalabim Sabrina
CH,Sky News
CH,Slow TV
CH,Sonic the Hedgehog
CH,Sophie - Braut wider Willen
CH,South Park - Butters Collection
CH,South Park - Cartman Collection
CH,South Park - Halloween
CH,South Park - Kenny Collection
CH,South Park - Kennys unzählige Tode
CH,South Park - Kyle Collection
CH,South Park - Original Version
CH,South Park - Stan Collection
CH,South Park - Stars & Sternchen
CH,South Park Armageddon
CH,South Park Rocks!
CH,South Park in Italiano
CH,Space Live
CH,SpongeBob OV
CH,SpongeBob Schwammkopf
CH,SpongeBob in Italiano
CH,SpongeBob+
CH,Spyders
CH,Squash TV
CH,Stand-Up Comedy
CH,Star Trek - Deep Space Nine
CH,Star Trek - Enterprise
CH,Star Trek - The Next Generation
CH,Star Trek - The Original Series
CH,Star Trek - Voyager
CH,Stimmungsgarten
CH,Storage Wars - Canada
CH,Stromberg
CH,Strongman
CH,Swamp People
CH,Sünger Bob Kare Pantolon
CH,TMNT - Best of Donatello
CH,TMNT - Best of Leonardo
CH,TMNT - Best of Michelangelo
CH,TMNT - Best of Raphael
CH,TRT World
CH,Takeshi's Castle
CH,Teenage Mutant Ninja Turtles
CH,Telenovela ZDF
CH,Telenovela ZDF+
CH,Tennis Channel
CH,Terra Mater WILD
CH,Testament of Sister New Devil
CH,The Asylum Channel
CH,The Good Fight
CH,The Good Wife
CH,The Icon League
CH,The L Word - Wenn Frauen lieben
CH,The Last Flight
CH,The Librarians
CH,The Magnificent Century
CH,The Magnificent Century - Kösem
CH,The Nanny & Mr Sheffield - A Fine Romance
CH,The Outer Limits
CH,The Outpost
CH,The Pet Collective
CH,The Real Housewives
CH,The Twilight Zone
CH,Top Gear
CH,Top Gear - Cheap Cars Challenge
CH,Top Gear Challenge
CH,Totally Turtles
CH,Totally Turtles (OV)
CH,Transformers TV
CH,Trio mit vier Fäusten
CH,True Jackson
CH,Twin Peaks
CH,Täterjagd
CH,Unbeaten ESports
CH,Unentdeckt-Mörder unter uns
CH,Unfabulous
CH,Unforgettable
CH,Union Berlin TV
CH,V.I.P. – Die Bodyguards
CH,VOD
CH,Verbotene Liebe
CH,Verrückt nach Dir
CH,Victorious
CH,Vier Frauen und ein Todesfall
CH,Viper
CH,Voll Vergeistert
CH,"Voll daneben, voll im Leben"
CH,Voyager Documentaries
CH,"Walker, Texas Ranger & Der Sentinel"
CH,Weihnachtskino
CH,Wentworth
CH,Wer ist hier der Boss?
CH,Wicked Tuna
CH,Wie funktioniert Pluto TV
CH,Will&Grace
CH,Willkommen bei den Louds
CH,Wings – Die Überflieger
CH,Wipeout
CH,World Poker Tour
CH,X-Factor - Das Unfassbare
CH,Xena - Die Kriegerprinzessin
CH,Yo! MTV
CH,Yo! MTV Raps Classic
CH,You Knock on My Door
CH,Yu-Gi-Oh!
CH,Yüksek Sosyete – High Society
CH,Z Nation
CH,Zoey 101
CH,iCarly
CH,iCarly+
CH,Çilek Kokusu – Strawberry Smell
CL,ADN40
CL,Acapulco Shore Pluto TV
CL,Adrenalina Pura TV
CL,Al Fondo Hay Sitio
CL,Al Ritmo del Jaripeo
CL,All Women's Sports Network
CL,America's Next Top Model
CL,Andromeda
CL,Archivos Extraterrestres
CL,Archivos Forenses
CL,Avatar - La Leyenda de Aang
CL,Azteca Deportes Network
CL,Azteca Uno -1 hora
CL,Azteca internacional
CL,Babar
CL,Baby Shark TV
CL,BabyFirst
CL,Backdoor
CL,Banco de Chile Stage
CL,Barney
CL,Baywatch
CL,Best of The Drew Barrymore Show
CL,Beverly Hills 90210
CL,Beyblade
CL,Bloomberg Television
CL,Bob Esponja Pantalones Cuadrados
CL,Boom
CL,Boruto - Naruto Next Generations
CL,Bromas Gags - Just for Laughs
CL,C4 en Alerta
CL,CBS News
CL,COPS
CL,CSI - Miami
CL,Canal 6 CdMx
CL,Canal Claro
CL,Captain Tsubasa
CL,Cazador de Homicidas
CL,Chilevision Contigo
CL,Chilevision Deportes
CL,Chilevision Noticias
CL,Chimenea Navideña
CL,Chiquititas
CL,Cinema
CL,Cinépolis Channel
CL,Claro Sports
CL,Claro Sports 2
CL,Claro Sports Mexico
CL,Comedy Central Pluto TV
CL,Comedy Central South Park
CL,Concert Channel
CL,Corazón
CL,Cuando los Ángeles Caen
CL,DAZN Combat
CL,DAZN Women's Football
CL,Daria
CL,Death Note
CL,Desafío Super Humanos
CL,Doc Martin
CL,Dog el cazarrecompensas
CL,Dominance FC TV
CL,"Dora, La Exploradora"
CL,Dr. G
CL,Dulce by elGourmet
CL,ESR 24/7
CL,El Encantador de Perros
CL,El Mariachi
CL,El Reino Infantil
CL,Empeños a lo bestia
CL,Enchufe.tv
CL,Estrellas de Accion
CL,Euronews Español
CL,FIFA+
CL,FUEL TV
CL,Fail Army
CL,Fashion TV
CL,Franky Mostro
CL,Got Talent Argentina
CL,Gran Hermano Chile CL
CL,Hawaii 5-0
CL,Hechiceras
CL,Hechizada
CL,Hells Kitchen
CL,Hermanos a la Obra
CL,Hey Arnold!
CL,Historias de Ultratumba
CL,Homeful
CL,Hunter x Hunter
CL,I Shouldn't Be Alive
CL,ITV Deportes
CL,Ice Pilots
CL,Imagen TV+
CL,Infierno Sobre Ruedas
CL,Inuyasha
CL,Iron Chef
CL,JoJo’s Bizarre Adventure
CL,Juana La Virgen
CL,Kenan y Kel
CL,LATAM AD Test 1
CL,LATAM AD Test 2
CL,LATAM AD Test 3
CL,LATAM AD Test 4
CL,LATAM AD Test 5
CL,LATAM AD Test 6
CL,LATAM AD Test 7 - Libertadores 1
CL,LATAM AD Test 8 - Libertadores 2
CL,LATAM AD Test 9 - Libertadores 3
CL,La Academia
CL,La Familia del Barrio
CL,La Liga Premier | Paramount+
CL,La Selección
CL,Las Pistas de Blue
CL,Las Tortugas Ninja
CL,Loco Por Ti
CL,Los Asesinatos de Midsomer
CL,Los Padrinos Mágicos
CL,Los Pitufos
CL,Los Tres Chiflados
CL,Los archivos del FBI
CL,Los Ángeles de Charlie
CL,Luces Navideñas
CL,Lucha Libre​ AAA
CL,MTV Animaciones
CL,MTV Biggest Pop
CL,MTV Catfish
CL,MTV Classic
CL,MTV Con Mi Ex
CL,MTV Dating - GF
CL,MTV Drag
CL,MTV EMA
CL,MTV Flow Latino
CL,MTV Halloween
CL,MTV Música Navideña
CL,MTV Pluto TV
CL,MTV Pride
CL,MTV Reality
CL,MTV Reinas del Pop
CL,MTV Ridiculousness
CL,MTV Rocks
CL,MTV Spankin' New
CL,MTV Teen Mom
CL,MTV on Tour!
CL,MacGyver
CL,Maestros de la ilusión
CL,MasterChef
CL,MasterChef Argentina
CL,MasterChef Colombia
CL,MasterChef Junior
CL,MasterChef México
CL,Mi Bella Genio
CL,Mi Coche Clásico
CL,Mi Gorda Bella
CL,Milenio Televisión
CL,Minuto Para Ganar
CL,Misterios sin Resolver
CL,Monstruos de Rio
CL,Motorvision TV
CL,Mr. Bean Animated
CL,NCIS
CL,NCIS - Lo Mejor de Tony & Ziva
CL,Naruto
CL,Naruto Shippuden
CL,NatureTime
CL,Nick Jr. Club
CL,Nick Teen
CL,Nickelodeon Clásico
CL,Nickelodeon Clásico - GF
CL,Nickelodeon Rocket Power
CL,Nickelodeon Toons
CL,Nickelodeon iCarly
CL,Nosey Escandalos
CL,Números
CL,Obsesión por los Autos
CL,One Piece
CL,PAW Patrol Patrulla de Cachorros
CL,PFL MMA
CL,PRIDEtv
CL,Paramount+ Presenta
CL,Plato del Dia by elGourmet
CL,Pluto TV A La Mexicana
CL,Pluto TV Amor y Mentiras
CL,Pluto TV Animales
CL,Pluto TV Anime
CL,Pluto TV Anime Accion
CL,Pluto TV Anime Kids
CL,Pluto TV Aventura
CL,Pluto TV Aventura​
CL,Pluto TV Ciencia
CL,Pluto TV Cine Acción
CL,Pluto TV Cine Acción - Roku
CL,Pluto TV Cine Clásico
CL,Pluto TV Cine Comedia
CL,Pluto TV Cine Crimen
CL,Pluto TV Cine Drama
CL,Pluto TV Cine Estelar
CL,Pluto TV Cine Estelar - Roku
CL,Pluto TV Cine Familia
CL,Pluto TV Cine Inspirador
CL,Pluto TV Cine Navidad
CL,Pluto TV Cine Romance​
CL,Pluto TV Cine Suspenso
CL,Pluto TV Cine Terror
CL,Pluto TV Cocina
CL,Pluto TV Competencias
CL,Pluto TV Conciertos by Stingray
CL,Pluto TV Criaturas Malditas
CL,Pluto TV Deportes
CL,Pluto TV Documentales
CL,Pluto TV Dramas Coreanos
CL,Pluto TV Dramas Coreanos Teen
CL,Pluto TV E-Sports
CL,Pluto TV España
CL,Pluto TV Fashionstream
CL,Pluto TV Filmstream
CL,Pluto TV Fútbol
CL,Pluto TV Historia
CL,Pluto TV Humor
CL,Pluto TV Investiga
CL,Pluto TV Junior
CL,Pluto TV Karaoke by Stingray
CL,Pluto TV Kids
CL,Pluto TV Mi Obsesión Favorita
CL,Pluto TV Misterios
CL,Pluto TV Misterios Medicos
CL,Pluto TV Modus Super Series Darts
CL,Pluto TV Naturaleza
CL,Pluto TV Novelas
CL,Pluto TV Novelas de Argentina
CL,Pluto TV Novelas de Brasil
CL,Pluto TV Novelas de Chile
CL,Pluto TV Novelas de Colombia
CL,Pluto TV Novelas de Mexico
CL,Pluto TV Novelas de Otros Continentes
CL,Pluto TV Novelas de Peru
CL,Pluto TV Novelas de Venezuela
CL,Pluto TV Nuestro Cine
CL,Pluto TV Paisajes by Stingray
CL,Pluto TV Peleas
CL,Pluto TV Reality
CL,Pluto TV Recetas
CL,Pluto TV Retro Cartoons
CL,Pluto TV Sci-Fi
CL,Pluto TV Series
CL,Pluto TV Series Latinas
CL,Pluto TV Series Retro
CL,Pluto TV Series de Acción
CL,Pluto TV Series de Aventura
CL,Pluto TV Series de Comedia
CL,Pluto TV Series de Crimen
CL,Pluto TV Series de Drama
CL,Pluto TV Series de Otros Continentes
CL,Pluto TV Series de Sci-Fi
CL,Pluto TV Stage
CL,Pluto TV Star Trek
CL,Pluto TV Teen
CL,Pluto TV Viajes
CL,Pluto TV Vida Real
CL,Pluto TV Hogar​
CL,Pluto TV Velocidad​
CL,Pokémon
CL,Popeye
CL,RCN Más
CL,RCN Noticias
CL,Realmadrid TV
CL,Red Bull TV
CL,Relic Hunter
CL,Reviví Gran Hermano
CL,Rincón de Luz
CL,Rock Story
CL,Rookie Blue - Policías Novatos
CL,Rugrats
CL,Runtime
CL,Schitt's Creek
CL,Shockwave
CL,Sin Tetas No Hay Paraiso
CL,Smithsonian Channel Pluto TV
CL,Sony One Escape Perfecto
CL,Sony One Shark Tank México
CL,South Park - Apocalipsis
CL,South Park - Celebrities
CL,South Park - Colección Felices Fiestas
CL,South Park - Las Muertes de Kenny
CL,South Park - Lo Mejor de Cartman
CL,South Park - Lo Mejor de Kenny
CL,South Park - Lo Mejor de Kyle
CL,South Park - Lo Mejor de Stan
CL,South Park - ¡Rock & Roll!
CL,Starsky & Hutch
CL,Survivor México
CL,Susana Giménez
CL,Tastemade
CL,Tastemade Hogar
CL,Tastemade Viajes
CL,Teatrix
CL,TeleFórmula
CL,Telefe Deportes
CL,Telefe Hits
CL,Telefe Noticias
CL,Telefe Pluto TV
CL,The Ed Sullivan Show
CL,The New Detectives
CL,The Night Shift
CL,The Pet Collective
CL,The Walking Dead by AMC
CL,TikTok Radio en Español
CL,Tokusato
CL,Top Barça
CL,UFC
CL,Untold Stories of the ER
CL,VOD
CL,Vive Kanal D Drama
CL,Winx Club TV
CL,Wipeout
CL,Yo! MTV
CL,Younger
CL,Yu-Gi-Oh
CL,Z Nation
CL,Zona Investigación TV
CO,ADN40
CO,Acapulco Shore Pluto TV
CO,Adrenalina Pura TV
CO,Al Fondo Hay Sitio
CO,Al Ritmo del Jaripeo
CO,All Women's Sports Network
CO,America's Next Top Model
CO,Andromeda
CO,Archivos Extraterrestres
CO,Archivos Forenses
CO,Avatar - La Leyenda de Aang
CO,Azteca Deportes Network
CO,Azteca Uno -1 hora
CO,Azteca internacional
CO,Babar
CO,Baby Shark TV
CO,BabyFirst
CO,Backdoor
CO,Banco de Chile Stage
CO,Barney
CO,Baywatch
CO,Best of The Drew Barrymore Show
CO,Beverly Hills 90210
CO,Beyblade
CO,Bloomberg Television
CO,Bob Esponja Pantalones Cuadrados
CO,Boom
CO,Boruto - Naruto Next Generations
CO,Bromas Gags - Just for Laughs
CO,C4 en Alerta
CO,CBS News
CO,COPS
CO,CSI - Miami
CO,Canal 6 CdMx
CO,Canal Claro
CO,Captain Tsubasa
CO,Cazador de Homicidas
CO,Chilevision Contigo
CO,Chilevision Deportes
CO,Chilevision Noticias
CO,Chimenea Navideña
CO,Chiquititas
CO,Cinema
CO,Cinépolis Channel
CO,Claro Sports
CO,Claro Sports 2
CO,Claro Sports Mexico
CO,Comedy Central Pluto TV
CO,Comedy Central South Park
CO,Concert Channel
CO,Corazón
CO,Cuando los Ángeles Caen
CO,DAZN Combat
CO,DAZN Women's Football
CO,Daria
CO,Death Note
CO,Desafío Super Humanos
CO,Doc Martin
CO,Dog el cazarrecompensas
CO,Dominance FC TV
CO,"Dora, La Exploradora"
CO,Dr. G
CO,Dulce by elGourmet
CO,ESR 24/7
CO,El Encantador de Perros
CO,El Mariachi
CO,El Reino Infantil
CO,Empeños a lo bestia
CO,Enchufe.tv
CO,Estrellas de Accion
CO,Euronews Español
CO,FIFA+
CO,FUEL TV
CO,Fail Army
CO,Fashion TV
CO,Franky Mostro
CO,Got Talent Argentina
CO,Gran Hermano Chile
CO,Hawaii 5-0
CO,Hechiceras
CO,Hechizada
CO,Hells Kitchen
CO,Hermanos a la Obra
CO,Hey Arnold!
CO,Historias de Ultratumba
CO,Homeful
CO,Hunter x Hunter
CO,I Shouldn't Be Alive
CO,ITV Deportes
CO,Ice Pilots
CO,Imagen TV+
CO,Infierno Sobre Ruedas
CO,Inuyasha
CO,Iron Chef
CO,JoJo’s Bizarre Adventure
CO,Juana La Virgen
CO,Kenan y Kel
CO,LATAM AD Test 1
CO,LATAM AD Test 2
CO,LATAM AD Test 3
CO,LATAM AD Test 4
CO,LATAM AD Test 5
CO,LATAM AD Test 6
CO,LATAM AD Test 7 - Libertadores 1
CO,LATAM AD Test 8 - Libertadores 2
CO,LATAM AD Test 9 - Libertadores 3
CO,La Academia
CO,La Familia del Barrio
CO,La Liga Premier | Paramount+
CO,La Selección
CO,Las Pistas de Blue
CO,Las Tortugas Ninja
CO,Loco Por Ti
CO,Los Asesinatos de Midsomer
CO,Los Padrinos Mágicos
CO,Los Pitufos
CO,Los Tres Chiflados
CO,Los archivos del FBI
CO,Los Ángeles de Charlie
CO,Luces Navideñas
CO,Lucha Libre​ AAA
CO,MTV Animaciones
CO,MTV Biggest Pop
CO,MTV Catfish
CO,MTV Classic
CO,MTV Con Mi Ex
CO,MTV Dating - GF
CO,MTV Drag
CO,MTV EMA
CO,MTV Flow Latino
CO,MTV Halloween
CO,MTV Música Navideña
CO,MTV Pluto TV
CO,MTV Pride
CO,MTV Reality
CO,MTV Reinas del Pop
CO,MTV Ridiculousness
CO,MTV Rocks
CO,MTV Spankin' New
CO,MTV Teen Mom
CO,MTV on Tour!
CO,MacGyver
CO,Maestros de la ilusión
CO,MasterChef
CO,MasterChef Argentina
CO,MasterChef Colombia
CO,MasterChef Junior
CO,MasterChef México
CO,Mi Bella Genio
CO,Mi Coche Clásico
CO,Mi Gorda Bella
CO,Milenio Televisión
CO,Minuto Para Ganar
CO,Misterios sin Resolver
CO,Monstruos de Rio
CO,Motorvision TV
CO,Mr. Bean Animated
CO,NCIS
CO,NCIS - Lo Mejor de Tony & Ziva
CO,Naruto
CO,Naruto Shippuden
CO,NatureTime
CO,Nick Jr. Club
CO,Nick Teen
CO,Nickelodeon Clásico
CO,Nickelodeon Clásico - GF
CO,Nickelodeon Rocket Power
CO,Nickelodeon Toons
CO,Nickelodeon iCarly
CO,Nosey Escandalos
CO,Números
CO,Obsesión por los Autos
CO,One Piece
CO,PAW Patrol Patrulla de Cachorros
CO,PFL MMA
CO,PRIDEtv
CO,Paramount+ Presenta
CO,Plato del Dia by elGourmet
CO,Pluto TV A La Mexicana
CO,Pluto TV Amor y Mentiras
CO,Pluto TV Animales
CO,Pluto TV Anime
CO,Pluto TV Anime Accion
CO,Pluto TV Anime Kids
CO,Pluto TV Aventura
CO,Pluto TV Aventura​
CO,Pluto TV Ciencia
CO,Pluto TV Cine Acción
CO,Pluto TV Cine Acción - Roku
CO,Pluto TV Cine Clásico
CO,Pluto TV Cine Comedia
CO,Pluto TV Cine Crimen
CO,Pluto TV Cine Drama
CO,Pluto TV Cine Estelar
CO,Pluto TV Cine Estelar - Roku
CO,Pluto TV Cine Familia
CO,Pluto TV Cine Inspirador
CO,Pluto TV Cine Navidad
CO,Pluto TV Cine Romance​
CO,Pluto TV Cine Suspenso
CO,Pluto TV Cine Terror
CO,Pluto TV Cocina
CO,Pluto TV Competencias
CO,Pluto TV Conciertos by Stingray
CO,Pluto TV Criaturas Malditas
CO,Pluto TV Deportes
CO,Pluto TV Documentales
CO,Pluto TV Dramas Coreanos
CO,Pluto TV Dramas Coreanos Teen
CO,Pluto TV E-Sports
CO,Pluto TV España
CO,Pluto TV Fashionstream
CO,Pluto TV Filmstream
CO,Pluto TV Fútbol
CO,Pluto TV Historia
CO,Pluto TV Humor
CO,Pluto TV Investiga
CO,Pluto TV Junior
CO,Pluto TV Karaoke by Stingray
CO,Pluto TV Kids
CO,Pluto TV Mi Obsesión Favorita
CO,Pluto TV Misterios
CO,Pluto TV Misterios Medicos
CO,Pluto TV Modus Super Series Darts
CO,Pluto TV Naturaleza
CO,Pluto TV Novelas
CO,Pluto TV Novelas de Argentina
CO,Pluto TV Novelas de Brasil
CO,Pluto TV Novelas de Chile
CO,Pluto TV Novelas de Colombia
CO,Pluto TV Novelas de Mexico
CO,Pluto TV Novelas de Otros Continentes
CO,Pluto TV Novelas de Peru
CO,Pluto TV Novelas de Venezuela
CO,Pluto TV Nuestro Cine
CO,Pluto TV Paisajes by Stingray
CO,Pluto TV Peleas
CO,Pluto TV Reality
CO,Pluto TV Recetas
CO,Pluto TV Retro Cartoons
CO,Pluto TV Sci-Fi
CO,Pluto TV Series
CO,Pluto TV Series Latinas
CO,Pluto TV Series Retro
CO,Pluto TV Series de Acción
CO,Pluto TV Series de Aventura
CO,Pluto TV Series de Comedia
CO,Pluto TV Series de Crimen
CO,Pluto TV Series de Drama
CO,Pluto TV Series de Otros Continentes
CO,Pluto TV Series de Sci-Fi
CO,Pluto TV Stage
CO,Pluto TV Star Trek
CO,Pluto TV Teen
CO,Pluto TV Viajes
CO,Pluto TV Vida Real
CO,Pluto TV Hogar​
CO,Pluto TV Velocidad​
CO,Pokémon
CO,Popeye
CO,RCN Más
CO,RCN Noticias
CO,Realmadrid TV
CO,Red Bull TV
CO,Relic Hunter
CO,Reviví Gran Hermano
CO,Rincón de Luz
CO,Rock Story
CO,Rookie Blue - Policías Novatos
CO,Rugrats
CO,Runtime
CO,Schitt's Creek
CO,Shockwave
CO,Sin Tetas No Hay Paraiso
CO,Smithsonian Channel Pluto TV
CO,Sony One Escape Perfecto
CO,Sony One Shark Tank México
CO,South Park - Apocalipsis
CO,South Park - Celebrities
CO,South Park - Colección Felices Fiestas
CO,South Park - Las Muertes de Kenny
CO,South Park - Lo Mejor de Cartman
CO,South Park - Lo Mejor de Kenny
CO,South Park - Lo Mejor de Kyle
CO,South Park - Lo Mejor de Stan
CO,South Park - ¡Rock & Roll!
CO,Starsky & Hutch
CO,Survivor México
CO,Susana Giménez
CO,Tastemade
CO,Tastemade Hogar
CO,Tastemade Viajes
CO,Teatrix
CO,TeleFórmula
CO,Telefe Deportes
CO,Telefe Hits
CO,Telefe Noticias
CO,Telefe Pluto TV
CO,The Ed Sullivan Show
CO,The New Detectives
CO,The Night Shift
CO,The Pet Collective
CO,The Walking Dead by AMC
CO,TikTok Radio en Español
CO,Tokusato
CO,Top Barça
CO,UFC
CO,Untold Stories of the ER
CO,VOD
CO,Vive Kanal D Drama
CO,Winx Club TV
CO,Wipeout
CO,Yo! MTV
CO,Younger
CO,Yu-Gi-Oh
CO,Z Nation
CO,Zona Investigación TV
CR,ADN40
CR,Acapulco Shore Pluto TV
CR,Adrenalina Pura TV
CR,Al Fondo Hay Sitio
CR,Al Ritmo del Jaripeo
CR,All Women's Sports Network
CR,America's Next Top Model
CR,Andromeda
CR,Archivos Extraterrestres
CR,Archivos Forenses
CR,Avatar - La Leyenda de Aang
CR,Azteca Deportes Network
CR,Azteca Deportes Premium
CR,Azteca Uno -1 hora
CR,Azteca internacional
CR,Babar
CR,Baby Shark TV
CR,BabyFirst
CR,Backdoor
CR,Banco de Chile Stage
CR,Barney
CR,Baywatch
CR,Best of The Drew Barrymore Show
CR,Beverly Hills 90210
CR,Beyblade
CR,Bloomberg Television
CR,Bob Esponja Pantalones Cuadrados
CR,Boom
CR,Boruto - Naruto Next Generations
CR,Bromas Gags - Just for Laughs
CR,C4 en Alerta
CR,CBS News
CR,COPS
CR,CSI - Miami
CR,Canal 6 CdMx
CR,Canal Claro
CR,Captain Tsubasa
CR,Cazador de Homicidas
CR,Chilevision Contigo
CR,Chilevision Deportes
CR,Chilevision Noticias
CR,Chimenea Navideña
CR,Chiquititas
CR,Cinema
CR,Cinépolis Channel
CR,Claro Sports
CR,Claro Sports 2
CR,Claro Sports Mexico
CR,Comedy Central Pluto TV
CR,Comedy Central South Park
CR,Concert Channel
CR,Corazón
CR,Cuando los Ángeles Caen
CR,DAZN Combat
CR,DAZN Women's Football
CR,Daria
CR,Death Note
CR,Desafío Super Humanos
CR,Doc Martin
CR,Dog el cazarrecompensas
CR,Dominance FC TV
CR,"Dora, La Exploradora"
CR,Dr. G
CR,Dulce by elGourmet
CR,ESR 24/7
CR,El Encantador de Perros
CR,El Mariachi
CR,El Reino Infantil
CR,Empeños a lo bestia
CR,Enchufe.tv
CR,Estrellas de Accion
CR,Euronews Español
CR,FIFA+
CR,FUEL TV
CR,Fail Army
CR,Fashion TV
CR,Franky Mostro
CR,Got Talent Argentina
CR,Gran Hermano Chile
CR,Hawaii 5-0
CR,Hechiceras
CR,Hechizada
CR,Hells Kitchen
CR,Hermanos a la Obra
CR,Hey Arnold!
CR,Historias de Ultratumba
CR,Homeful
CR,Hunter x Hunter
CR,I Shouldn't Be Alive
CR,ITV Deportes
CR,Ice Pilots
CR,Imagen TV+
CR,Infierno Sobre Ruedas
CR,Inuyasha
CR,Iron Chef
CR,JoJo’s Bizarre Adventure
CR,Juana La Virgen
CR,Kenan y Kel
CR,LATAM AD Test 1
CR,LATAM AD Test 2
CR,LATAM AD Test 3
CR,LATAM AD Test 4
CR,LATAM AD Test 5
CR,LATAM AD Test 6
CR,LATAM AD Test 7 - Libertadores 1
CR,LATAM AD Test 8 - Libertadores 2
CR,LATAM AD Test 9 - Libertadores 3
CR,La Academia
CR,La Familia del Barrio
CR,La Liga Premier | Paramount+
CR,La Selección
CR,Las Pistas de Blue
CR,Las Tortugas Ninja
CR,Loco Por Ti
CR,Los Asesinatos de Midsomer
CR,Los Padrinos Mágicos
CR,Los Pitufos
CR,Los Tres Chiflados
CR,Los archivos del FBI
CR,Los Ángeles de Charlie
CR,Luces Navideñas
CR,Lucha Libre​ AAA
CR,MTV Animaciones
CR,MTV Biggest Pop
CR,MTV Catfish
CR,MTV Classic
CR,MTV Con Mi Ex
CR,MTV Dating - GF
CR,MTV Drag
CR,MTV EMA
CR,MTV Flow Latino
CR,MTV Halloween
CR,MTV Música Navideña
CR,MTV Pluto TV
CR,MTV Pride
CR,MTV Reality
CR,MTV Reinas del Pop
CR,MTV Ridiculousness
CR,MTV Rocks
CR,MTV Spankin' New
CR,MTV Teen Mom
CR,MTV on Tour!
CR,MacGyver
CR,Maestros de la ilusión
CR,MasterChef
CR,MasterChef Argentina
CR,MasterChef Colombia
CR,MasterChef Junior
CR,MasterChef México
CR,Mi Bella Genio
CR,Mi Coche Clásico
CR,Mi Gorda Bella
CR,Milenio Televisión
CR,Minuto Para Ganar
CR,Misterios sin Resolver
CR,Monstruos de Rio
CR,Motorvision TV
CR,Mr. Bean Animated
CR,NCIS
CR,NCIS - Lo Mejor de Tony & Ziva
CR,Naruto
CR,Naruto Shippuden
CR,NatureTime
CR,Nick Jr. Club
CR,Nick Teen
CR,Nickelodeon Clásico
CR,Nickelodeon Clásico - GF
CR,Nickelodeon Rocket Power
CR,Nickelodeon Toons
CR,Nickelodeon iCarly
CR,Nosey Escandalos
CR,Números
CR,Obsesión por los Autos
CR,One Piece
CR,PAW Patrol Patrulla de Cachorros
CR,PFL MMA
CR,PRIDEtv
CR,Paramount+ Presenta
CR,Plato del Dia by elGourmet
CR,Pluto TV A La Mexicana
CR,Pluto TV Amor y Mentiras
CR,Pluto TV Animales
CR,Pluto TV Anime
CR,Pluto TV Anime Accion
CR,Pluto TV Anime Kids
CR,Pluto TV Aventura
CR,Pluto TV Aventura​
CR,Pluto TV Ciencia
CR,Pluto TV Cine Acción
CR,Pluto TV Cine Acción - Roku
CR,Pluto TV Cine Clásico
CR,Pluto TV Cine Comedia
CR,Pluto TV Cine Crimen
CR,Pluto TV Cine Drama
CR,Pluto TV Cine Estelar
CR,Pluto TV Cine Estelar - Roku
CR,Pluto TV Cine Familia
CR,Pluto TV Cine Inspirador
CR,Pluto TV Cine Navidad
CR,Pluto TV Cine Romance​
CR,Pluto TV Cine Suspenso
CR,Pluto TV Cine Terror
CR,Pluto TV Cocina
CR,Pluto TV Competencias
CR,Pluto TV Conciertos by Stingray
CR,Pluto TV Criaturas Malditas
CR,Pluto TV Deportes
CR,Pluto TV Documentales
CR,Pluto TV Dramas Coreanos
CR,Pluto TV Dramas Coreanos Teen
CR,Pluto TV E-Sports
CR,Pluto TV España
CR,Pluto TV Fashionstream
CR,Pluto TV Filmstream
CR,Pluto TV Fútbol
CR,Pluto TV Historia
CR,Pluto TV Humor
CR,Pluto TV Investiga
CR,Pluto TV Junior
CR,Pluto TV Karaoke by Stingray
CR,Pluto TV Kids
CR,Pluto TV Mi Obsesión Favorita
CR,Pluto TV Misterios
CR,Pluto TV Misterios Medicos
CR,Pluto TV Modus Super Series Darts
CR,Pluto TV Naturaleza
CR,Pluto TV Novelas
CR,Pluto TV Novelas de Argentina
CR,Pluto TV Novelas de Brasil
CR,Pluto TV Novelas de Chile
CR,Pluto TV Novelas de Colombia
CR,Pluto TV Novelas de Mexico
CR,Pluto TV Novelas de Otros Continentes
CR,Pluto TV Novelas de Peru
CR,Pluto TV Novelas de Venezuela
CR,Pluto TV Nuestro Cine
CR,Pluto TV Paisajes by Stingray
CR,Pluto TV Peleas
CR,Pluto TV Reality
CR,Pluto TV Recetas
CR,Pluto TV Retro Cartoons
CR,Pluto TV Sci-Fi
CR,Pluto TV Series
CR,Pluto TV Series Latinas
CR,Pluto TV Series Retro
CR,Pluto TV Series de Acción
CR,Pluto TV Series de Aventura
CR,Pluto TV Series de Comedia
CR,Pluto TV Series de Crimen
CR,Pluto TV Series de Drama
CR,Pluto TV Series de Otros Continentes
CR,Pluto TV Series de Sci-Fi
CR,Pluto TV Stage
CR,Pluto TV Star Trek
CR,Pluto TV Teen
CR,Pluto TV Viajes
CR,Pluto TV Vida Real
CR,Pluto TV Hogar​
CR,Pluto TV Velocidad​
CR,Pokémon
CR,Popeye
CR,RCN Más
CR,RCN Noticias
CR,Realmadrid TV
CR,Red Bull TV
CR,Relic Hunter
CR,Reviví Gran Hermano
CR,Rincón de Luz
CR,Rock Story
CR,Rookie Blue - Policías Novatos
CR,Rugrats
CR,Runtime
CR,Schitt's Creek
CR,Shockwave
CR,Sin Tetas No Hay Paraiso
CR,Smithsonian Channel Pluto TV
CR,Sony One Escape Perfecto
CR,Sony One Shark Tank México
CR,South Park - Apocalipsis
CR,South Park - Celebrities
CR,South Park - Colección Felices Fiestas
CR,South Park - Las Muertes de Kenny
CR,South Park - Lo Mejor de Cartman
CR,South Park - Lo Mejor de Kenny
CR,South Park - Lo Mejor de Kyle
CR,South Park - Lo Mejor de Stan
CR,South Park - ¡Rock & Roll!
CR,Starsky & Hutch
CR,Survivor México
CR,Susana Giménez
CR,Tastemade
CR,Tastemade Hogar
CR,Tastemade Viajes
CR,Teatrix
CR,TeleFórmula
CR,Telefe Deportes
CR,Telefe Hits
CR,Telefe Noticias
CR,Telefe Pluto TV
CR,The Ed Sullivan Show
CR,The New Detectives
CR,The Night Shift
CR,The Pet Collective
CR,The Walking Dead by AMC
CR,TikTok Radio en Español
CR,Tokusato
CR,Top Barça
CR,UFC
CR,Untold Stories of the ER
CR,VOD
CR,Vive Kanal D Drama
CR,Winx Club TV
CR,Wipeout
CR,Yo! MTV
CR,Younger
CR,Yu-Gi-Oh
CR,Z Nation
CR,Zona Investigación TV
DE,100% Hotter
DE,21 Jump Street
DE,3ICE Hockey World Cup 2026
DE,48 Hours
DE,90210
DE,AKIBA PASS TV Anime - Sport
DE,Air Warriors
DE,Alisa - Folge deinem Herzen
DE,Alle hassen Chris
DE,Andromeda
DE,Anger Management
DE,Are You The One?
DE,Assassination Classroom
DE,Ateşböceği – Firefly
DE,Auction Hunters
DE,Auf Achse
DE,Auto Motor Sport Channel
DE,Avatar
DE,Avatar OV
DE,Awkward
DE,Ax Men - Die Holzfäller
DE,Axel!
DE,BBC Travel
DE,BIG BROTHER CLASSICS
DE,BVB-Frauen
DE,Bana Sevmeyi Anlat - Wings of Love
DE,Baywatch
DE,Beat Club
DE,Becker
DE,Beelzebub
DE,Being Human
DE,Bellator MMA
DE,Best Of The Drew Barrymore Show
DE,Beverly Hills 90210
DE,Bewegte Männer
DE,Beyblade Burst
DE,Beş Kardeş - Five Brothers
DE,Big Time Rush
DE,Billiard TV
DE,Bitten
DE,Blaze und die Monstermaschinen
DE,Bloch Erklärt
DE,Blue Mountain State
DE,Blue's Clues
DE,Bronco
DE,Bubble Guppies
DE,CBS News 24/7
DE,CC Made in Germany
DE,CC Made in Germany+
DE,CC Pluto TV
DE,CNN Headlines International
DE,CNNi
DE,CSI - Cyber
DE,Call My Agent!
DE,Car Chase
DE,Catfish - Neue Episoden
DE,Chaos City
DE,Cheddar News
DE,Cheers
DE,Clarissa
DE,Clubbing TV
DE,Coast Guard
DE,Cold Blood
DE,Combat GO
DE,Comedy Central South Park
DE,Comedy Central TV+
DE,Community
DE,Community - ValenDEAN's
DE,DAZN Darts x Pluto TV
DE,DAZN Fights x Pluto TV
DE,DAZN Handball x Pluto TV
DE,DAZN Heldinnen x Pluto TV
DE,DAZN INTL Football x Pluto TV
DE,DAZN Live AES128 GDAI - DE
DE,DAZN Live DRM GDAI - DE
DE,DAZN x Pluto TV Fußballshow
DE,DEFA Filmwelt
DE,DEFA TV
DE,Dark Matter
DE,Das Geheimnis der Hunters
DE,Das Haus am Eaton Place
DE,Dating Naked
DE,Dating hinter Gittern
DE,Dawson's Creek
DE,Der Bergdoktor
DE,Der Chef
DE,Der Denver-Clan
DE,Der Hundetrainer
DE,Der Sentinel – Im Auge des Jägers
DE,Die Casagrandes
DE,Die Nanny
DE,Die Schöne und das Biest
DE,Die Sieben-Millionen-Dollar-Frau
DE,Die Thundermans
DE,Die fliegenden Ärzte
DE,Die glorreichen Sieben
DE,Dittsche
DE,Doctor Who Classic
DE,Dominance FC TV
DE,Don Matteo
DE,Dora TV
DE,Drake & Josh
DE,Dyn Sport Mix
DE,EAT GREEN TV
DE,ESR 24/7
DE,Ein Engel auf Erden
DE,Ein Hauch von Himmel
DE,Eine himmlische Familie
DE,Eine schrecklich nette Familie
DE,Emma - einfach magisch!
DE,Euronews
DE,Euronews DE
DE,Euronews EN
DE,European League of Football
DE,Ex On The Beach
DE,F.B.I. Files
DE,FIFA+
DE,FailArmy
DE,Familie Dr. Kleist
DE,Familienbande
DE,Farmland TV
DE,Filmgold
DE,Flipper
DE,Flipper's Neue Abenteuer
DE,Fluss-Monster
DE,Focus TV Reportage
DE,For All Mankind
DE,Forbidden Apple
DE,Frasier
DE,Frasier - Berühmte Gäste
DE,Freitag Nacht News
DE,From South Park with Love
DE,Fury
DE,GARAGENGOLD
DE,GSA Xiaomi Test 2026
DE,Game Shakers
DE,Geordie Shore
DE,Germany Shore
DE,Gigolos
DE,Glory Kickboxing
DE,Goldstar TV
DE,Hanna - Folge deinem Herzen
DE,Happy Birthday South Park
DE,Hausmeister Krause
DE,Hawaii Fünf-Null
DE,Hazel sieht gelb
DE,Heartland
DE,Hell's Kitchen
DE,Herzfrequenz
DE,Holiday Lights
DE,Homicide Hunters
DE,Hot Ones
DE,Hours to Kill – Zeitachse des Todes
DE,I named her Feriha
DE,IGN
DE,IIS – Die Idil und Ingmar Show
DE,Ice Pilots
DE,Ice Pilots+
DE,Insight TV
DE,Inspector Gadget
DE,Instant Mom
DE,Interspecies Reviewers
DE,Introuble
DE,Inwonder
DE,Jackie Chan Adventures
DE,Jersey Shore
DE,Just Classical
DE,Just Tattoo of Us
DE,Just for Laughs
DE,Just.fishing
DE,Kickin'it
DE,Kids' Choice Awards 2022
DE,KultKrimi
DE,KultKrimi - Der Alte
DE,KultKrimi - Der Kommissar
DE,KultKrimi - Derrick
DE,KultKrimi - Die Rettungsflieger
DE,KultKrimi - Ein Fall für zwei
DE,KultKrimi - Küstenwache
DE,Kultkrimi+
DE,Ladykracher
DE,LandlustTV
DE,Leprechaun
DE,Liebe Sünde
DE,Loupe
DE,Love Boat
DE,MODUS Super Series Darts
DE,MOVIEDOME
DE,MST3K
DE,MTV Approved Hip Hop
DE,MTV Biggest Pop
DE,MTV Brandneu
DE,MTV Catfish
DE,MTV Catfish TV Show+
DE,MTV Caught in the Act
DE,MTV Chill Out Zone
DE,MTV Christmas Songs
DE,MTV Classic
DE,MTV Cribs
DE,MTV Cribs+
DE,MTV Dating
DE,MTV Dating (OV)
DE,MTV EMA
DE,MTV Flow Latino
DE,MTV German Music
DE,MTV Halloween
DE,MTV Hot Summer
DE,MTV Love Music
DE,MTV Movie Hits
DE,MTV Music
DE,MTV Original Version
DE,MTV Party
DE,MTV Pimp My Ride
DE,MTV Pluto TV
DE,MTV Pluto TV+
DE,MTV Pride
DE,MTV Queens of Pop
DE,MTV Ridiculousness
DE,MTV RockZone
DE,MTV Rocks
DE,MTV Serie
DE,MTV Teen
DE,MTV Teen Mom
DE,MTV Teen Mom+
DE,MTV The Challenge
DE,MTV The Hills
DE,MTV The Hills (OV)
DE,MTV The Shores
DE,MTV True Life
DE,MTV Tu Fiesta Latina
DE,MTV Unplugged
DE,MTV on Tour!
DE,MacGyver
DE,Marco Polo TV
DE,Material Delivery Channel
DE,McLeods Töchter
DE,Melrose Place
DE,Merhaba Türkische Serien
DE,MinecrafTV
DE,Mission Impossible
DE,Missions
DE,Monster Jam
DE,Mork vom Ork
DE,Motorvision
DE,Moviepilot TV mit Pluto TV
DE,My Strange Addiction
DE,Myspass TV Total classics
DE,Myth Hunters
DE,N24 Doku
DE,NCIS - New Orleans
DE,Naruto
DE,Ned's Declassified School Survival Guide
DE,Nick Christmas
DE,Nick Danger
DE,Nick Girl Power
DE,Nick Jr. Club
DE,Nick Jr. Pluto TV
DE,Nick Pluto TV+
DE,Nick Rewind
DE,Nick Rewind+
DE,Nick Space
DE,Nick Spotlight
DE,Nick Spuktober
DE,Nick Ukraine
DE,Nickelodeon Classics
DE,Nickelodeon Teen
DE,Nickelodeon Toons
DE,Nurse Jackie
DE,PRIDEtv
DE,Pacific Blue
DE,Parker Lewis – Der Coole von der Schule
DE,Pastewka
DE,Pensacola – Flügel aus Stahl
DE,People are Awesome
DE,Perry Mason
DE,Pluto TV #1
DE,Pluto TV - Mehr Star Trek
DE,Pluto TV 70er Crime
DE,Pluto TV 80er Crime
DE,Pluto TV Action
DE,Pluto TV Action Sports
DE,Pluto TV Adult Animation
DE,Pluto TV Animals
DE,Pluto TV Animals+
DE,Pluto TV Anime
DE,Pluto TV Anime - Fantasy
DE,Pluto TV April April
DE,Pluto TV B-Horror Filme
DE,Pluto TV Back to School
DE,Pluto TV Biografie
DE,Pluto TV Britische Serien
DE,Pluto TV Bud & Terence
DE,Pluto TV Camp
DE,Pluto TV Cats 24/7
DE,Pluto TV Chefkoch
DE,Pluto TV Christmas
DE,Pluto TV Comedy Movies
DE,Pluto TV Comedy Therapie
DE,Pluto TV Creature Features
DE,Pluto TV Crime
DE,Pluto TV Crime on the beach
DE,Pluto TV Crime+
DE,Pluto TV Desaster Filme
DE,Pluto TV Deutsche Comedy
DE,Pluto TV Deutsches Kino
DE,Pluto TV Die Rache der Natur
DE,Pluto TV Dizikolik
DE,Pluto TV Documentaries
DE,Pluto TV Dogs
DE,Pluto TV Emmanuelle Filme
DE,Pluto TV Europäische Krimis
DE,Pluto TV Explore
DE,Pluto TV Family
DE,Pluto TV Femme Fatale
DE,Pluto TV Ferne Galaxien
DE,Pluto TV Fight
DE,Pluto TV Fireplace
DE,Pluto TV Fitness
DE,Pluto TV Food
DE,Pluto TV Food+
DE,Pluto TV Fran - Beste Mama-Momente
DE,Pluto TV Haialarm
DE,Pluto TV Halloween
DE,Pluto TV Handball
DE,Pluto TV Heiße Nächte Retro
DE,Pluto TV Historische Serien
DE,Pluto TV History
DE,Pluto TV History+
DE,Pluto TV Home
DE,Pluto TV Horror
DE,Pluto TV Horror-Serien
DE,Pluto TV Indies
DE,Pluto TV Inside+
DE,Pluto TV Kids
DE,Pluto TV Kids Animation
DE,Pluto TV Kids Jr.
DE,Pluto TV Kino Filme
DE,Pluto TV Kult Comedies
DE,Pluto TV Kultfilme
DE,Pluto TV Laughs in Spanish
DE,Pluto TV Live in Concert
DE,Pluto TV Lives
DE,Pluto TV Magische Geschichten
DE,Pluto TV Maschinen
DE,Pluto TV Mistletoe
DE,Pluto TV Movies
DE,Pluto TV Movies+
DE,Pluto TV Mystery
DE,Pluto TV Nature
DE,Pluto TV Nordic Crime
DE,Pluto TV Paranormal
DE,Pluto TV Paranormal+
DE,Pluto TV Pets
DE,Pluto TV Pferdefilme
DE,Pluto TV Polizeiserien
DE,Pluto TV Popkultur
DE,Pluto TV Power Frauen
DE,Pluto TV Pride
DE,Pluto TV Reality
DE,Pluto TV Reportagen
DE,Pluto TV Retro Toons
DE,Pluto TV Romance
DE,Pluto TV Romantische Filmkomödien
DE,Pluto TV Royals
DE,Pluto TV Sanfte Berührungen
DE,Pluto TV Sci-Fi
DE,Pluto TV Science
DE,Pluto TV Serie
DE,Pluto TV Serie+
DE,Pluto TV Sharks
DE,Pluto TV Sharks and Royals
DE,Pluto TV Sitcoms
DE,Pluto TV Sitcoms+
DE,Pluto TV Slasher Horror
DE,Pluto TV Snooker 900
DE,Pluto TV Space
DE,Pluto TV Sports
DE,Pluto TV Spukhaus Horror
DE,Pluto TV Star Trek
DE,Pluto TV Star Trek - Animation
DE,Pluto TV Star Trek - Bösewichte & Gegenspieler
DE,Pluto TV Star Trek - Heghlu'meH QaQ jajvam
DE,Pluto TV Stimulierende Dokus
DE,Pluto TV Surf
DE,Pluto TV Thriller
DE,Pluto TV True Crime
DE,Pluto TV Weddings
DE,Pluto TV Weihnachten im Sommer
DE,Pluto TV Western
DE,Pluto TV Western Serien
DE,Pluto TV Worst of Bundy
DE,Pluto TV Yoga
DE,Pluto TV heiße Nächte
DE,Pluto TV liebt Elvis
DE,Pluto TV liebt John Wayne
DE,Praxis Bülowbogen
DE,Profiling Paris
DE,Punk'd
DE,Quantum Leap
DE,Rauchende Colts
DE,Rawhide - Tausend Meilen Staub
DE,Realmadrid TV
DE,Red Bull TV
DE,Red Bull TV (No Brand Block)
DE,Red Shoe Dairies
DE,Reich und Schön
DE,Republic of Doyle
DE,RiffTrax
DE,RoboCop
DE,Rookie Blue
DE,Rules of Engagement
DE,SPIEGEL TV
DE,SPIEGEL TV Konflikte
DE,STARS IN GEFAHR
DE,SUMO Paris 2026
DE,Sabrina - Total verhext!
DE,Sam & Cat
DE,Sanctuary
DE,Saving Hope
DE,Saw
DE,Schitt's Creek
DE,Schitt's Creek - David & Patrick!
DE,"Schitt's Creek - Ewh, David!"
DE,Schitt's Creek - Nur ein bisschen Alexis
DE,Schlosshotel Orth
DE,Schnell ermittelt
DE,School of Rock
DE,Scooore
DE,Scorpion
DE,Sea Patrol
DE,Seaquest
DE,See Dad Run
DE,Serienklassiker
DE,Simsalabim Sabrina
DE,Sky News
DE,Slow TV
DE,Sonic the Hedgehog
DE,Sophie - Braut wider Willen
DE,South Park - Butters Collection
DE,South Park - Cartman Collection
DE,South Park - Halloween
DE,South Park - Kenny Collection
DE,South Park - Kennys unzählige Tode
DE,South Park - Kyle Collection
DE,South Park - Original Version
DE,South Park - Stan Collection
DE,South Park - Stars & Sternchen
DE,South Park Armageddon
DE,South Park Rocks!
DE,South Park in Italiano
DE,Space Live
DE,SpongeBob OV
DE,SpongeBob Schwammkopf
DE,SpongeBob in Italiano
DE,SpongeBob+
DE,Spyders
DE,Squash TV
DE,Stand-Up Comedy
DE,Star Trek - Deep Space Nine
DE,Star Trek - Enterprise
DE,Star Trek - The Next Generation
DE,Star Trek - The Original Series
DE,Star Trek - Voyager
DE,Stimmungsgarten
DE,Storage Wars - Canada
DE,Stromberg
DE,Strongman
DE,Swamp People
DE,Sünger Bob Kare Pantolon
DE,TMNT - Best of Donatello
DE,TMNT - Best of Leonardo
DE,TMNT - Best of Michelangelo
DE,TMNT - Best of Raphael
DE,TRT World
DE,Takeshi's Castle
DE,Teenage Mutant Ninja Turtles
DE,Telenovela ZDF
DE,Telenovela ZDF+
DE,Tennis Channel
DE,Terra Mater WILD
DE,Testament of Sister New Devil
DE,The Asylum Channel
DE,The Good Fight
DE,The Good Wife
DE,The Icon League
DE,The L Word - Wenn Frauen lieben
DE,The Last Flight
DE,The Librarians
DE,The Magnificent Century
DE,The Magnificent Century - Kösem
DE,The Nanny & Mr Sheffield - A Fine Romance
DE,The Outer Limits
DE,The Outpost
DE,The Pet Collective
DE,The Real Housewives
DE,The Twilight Zone
DE,Top Gear
DE,Top Gear - Cheap Cars Challenge
DE,Top Gear Challenge
DE,Totally Turtles
DE,Totally Turtles (OV)
DE,Transformers TV
DE,Trio mit vier Fäusten
DE,True Jackson
DE,Twin Peaks
DE,Täterjagd
DE,Unbeaten ESports
DE,Unentdeckt-Mörder unter uns
DE,Unfabulous
DE,Unforgettable
DE,Union Berlin TV
DE,V.I.P. – Die Bodyguards
DE,VOD
DE,Verbotene Liebe
DE,Verrückt nach Dir
DE,Victorious
DE,Vier Frauen und ein Todesfall
DE,Viper
DE,Voll Vergeistert
DE,"Voll daneben, voll im Leben"
DE,Voyager Documentaries
DE,"Walker, Texas Ranger & Der Sentinel"
DE,Weihnachtskino
DE,Wentworth
DE,Wer ist hier der Boss?
DE,Wicked Tuna
DE,Wie funktioniert Pluto TV
DE,Will&Grace
DE,Willkommen bei den Louds
DE,Wings – Die Überflieger
DE,Wipeout
DE,World Poker Tour
DE,X-Factor - Das Unfassbare
DE,Xena - Die Kriegerprinzessin
DE,Yo! MTV
DE,Yo! MTV Raps Classic
DE,You Knock on My Door
DE,Yu-Gi-Oh!
DE,Yüksek Sosyete – High Society
DE,Z Nation
DE,Zoey 101
DE,iCarly
DE,iCarly+
DE,Çilek Kokusu – Strawberry Smell
DK,21 Jump Street
DK,2900 Happiness
DK,3ICE Hockey World Cup 2026
DK,3point.dk
DK,48 Hours
DK,7th Heaven
DK,AWSN
DK,Afterwork TV
DK,All exclusive
DK,America's Funniest Home Videos
DK,America's Next Top Model
DK,Andersens Julehemmelighed
DK,Andromeda
DK,Anger Management
DK,Are You The One?
DK,Asfalten kalder
DK,Auction Hunters
DK,Avatar
DK,Avatar+
DK,Awkward
DK,BBQ Pitmasters
DK,BET
DK,BET25 LIVE
DK,BET25 Live+
DK,Baywatch
DK,Beauty and the Beast
DK,Beavis and Butt-Head
DK,Becker
DK,Bellator MMA
DK,Bes Kardes
DK,Best of Dr. Phil
DK,Best of MTV
DK,Best of Magnus Midtbø
DK,Best of The Drew Barrymore Show
DK,Big Time Rush
DK,Billiard TV
DK,Blaze og Monstermaskinerne
DK,Bloomberg TV+
DK,Boligkøb i blinde
DK,Bondi Rescue
DK,Breinholts
DK,Breinholts Julekalender
DK,Bridezillas
DK,Britain's Next Top Model
DK,Broad City
DK,Brøndby TV
DK,Bubble Guppies
DK,Bull
DK,CBS News 24/7
DK,CNN Headlines International
DK,COPS
DK,CSI
DK,Car Chase
DK,Caroline in the City
DK,Casualty 24/7
DK,Catfish - De største bedrag
DK,Catfish+
DK,Celeb Reality
DK,Chappelle's Show
DK,Cheaters
DK,Chrysalis
DK,Clubbing TV
DK,Colors
DK,Come Dine with Me
DK,Comedy Central
DK,Comedy Central Roast
DK,Crazy Ex-Girlfriend
DK,Crime 360
DK,Crime Scene Solvers
DK,DAZN Ringside
DK,DAZN Women’s Football
DK,DFB Play TV
DK,Dallas Cowboys Cheerleaders
DK,Dance Moms
DK,Danmarks Næste Topmodel
DK,Dansktoppen
DK,Dating Naked UK
DK,Dawson's Creek
DK,De unge mødre
DK,Den gode gerning
DK,Den gule sofa med Allan Sindberg
DK,Depotjægerne
DK,Desi Play TV
DK,Det sene show med Christian Fuhlendorff
DK,Det store eksperiment
DK,Diagnosis Murder
DK,Discountheltene
DK,Ditzel & Turbomodul
DK,Doctor Who
DK,Doctor Who Classic
DK,Dog The Bounty Hunter
DK,Dollars
DK,Dominance FC TV
DK,Dora TV
DK,Dr. Quinn - Medicine Woman
DK,Drama fra Viaplay
DK,Duck Dynasty
DK,Døds World Championship
DK,Ekstrem hjemmeservice
DK,Ernest goes to Pluto TV
DK,Escape to the Country
DK,Euronews
DK,Everybody Hates Chris
DK,Ex On The Beach
DK,Explore TV
DK,Extreme Channel
DK,FBI Files
DK,FBoy Island
DK,FCK Løvinderne
DK,FIFA+
DK,FailArmy
DK,Familien Thunderman
DK,Familien fra Bryggen
DK,Family Ties
DK,Farscape
DK,Fear Factor
DK,Flashpoint
DK,Flipper - The New Adventures
DK,For lækker til love
DK,Forbidden Apple
DK,Forensic Files
DK,Forsidefruer
DK,Frasier
DK,Frasier - Det bedste med Niles
DK,Frasiers bedste gæstestjerner
DK,Frasiers herlige højtider
DK,Freaks and Geeks
DK,Fredag den 13.
DK,Friday the 13th - The TV series
DK,Fristet
DK,From Dusk Till Dawn - The Series
DK,From South Park with Love
DK,Gameplay - Fortnite
DK,Gameplay - Roblox
DK,Geordie Shore
DK,Ghost Dimension
DK,Gigolos
DK,Glory Kickboxing
DK,Gunsmoke
DK,Gustav & Linse på udebane
DK,HORSE TV
DK,Happy Christmageddon
DK,Happy Days
DK,Hardcore Pawn
DK,Hawaii Five-O
DK,Heksene fra Warren Manor
DK,Hell's Kitchen
DK,Henry Danger
DK,Hercules - The Legendary Journeys
DK,Herlige Hjem
DK,Highway to Heaven
DK,Hoarders & Dirty Home Rescue
DK,Homicide Hunter
DK,Horse & Country
DK,Horton-sagaen
DK,Hot Ones
DK,House of Lies
DK,How to use Pluto TV
DK,Hundehviskeren
DK,Hunters Hemmelighed
DK,Højs hus
DK,I Survived
DK,IGN
DK,Ice Pilots
DK,Ice Road Truckers
DK,Impact Wrestling
DK,Inazuma Eleven
DK,Inter 24/7
DK,Iron Chef
DK,JAG
DK,Jade Fever
DK,Jersey Shore
DK,Jersey Shore Family Vacation
DK,Judge Judy
DK,Julehvalpe
DK,Julesjov for børn
DK,Just Tattoo Of Us
DK,Just for Laughs GAGS
DK,Karadayi
DK,Key & Peele
DK,Kickin'it
DK,Klassiske dramaserier fra Viafree
DK,Koch'en på toppen
DK,Kvart i Bold
DK,Langt fra Bryggen
DK,Lassie
DK,Leprechaun
DK,Love Boat
DK,Love Island All Stars
DK,Love Island Danmark
DK,Love Island UK
DK,Love Island USA
DK,Love the Planet
DK,Luksusfælden
DK,MODUS Super Series Darts
DK,MTV Biggest Pop
DK,MTV Catfish
DK,MTV Christmas Songs
DK,MTV Classic
DK,MTV Cribs
DK,MTV Dating
DK,MTV EMA
DK,MTV Flow Latino
DK,MTV Halloween
DK,MTV Hits
DK,MTV Love Music
DK,MTV Movie Hits
DK,MTV Queens of Pop
DK,MTV Reality
DK,MTV Ridiculousness
DK,MTV Rocks
DK,MTV Spankin' New
DK,MTV Summer Hits
DK,MTV Teen Mom
DK,MTV Thriller Night
DK,MTV Unplugged
DK,MTV on Tour!
DK,MTV x Smukfest
DK,MacGyver
DK,Man with a Plan
DK,Mando Diao MTV Unplugged
DK,MasterChef Danmarks største madtalenter
DK,Masterchef Jul
DK,Matlock
DK,Med kniven for struben
DK,Mediano TV
DK,Medium
DK,Melrose Place
DK,Merry Christmas from Viafree
DK,MinecrafTV
DK,Mission Impossible
DK,Mit plastikmareridt
DK,Modern Marvels
DK,Monster Jam
DK,Motorvision TV
DK,My Super Sweet 16
DK,NCIS
DK,NCIS - Det bedste med Gibbs
DK,NCIS - Det bedste med Tony & Ziva
DK,NCIS - Los Angeles
DK,Nathan for you
DK,Nature Time
DK,Nick Ukraine
DK,NonStop Kung Fu
DK,Nosey
DK,Numbers
DK,On the Case
DK,PFL MMA
DK,PGA TOUR
DK,POWER TV Live
DK,Pacific Blue
DK,Padeltime TV
DK,Paradise
DK,Paradise Hotel
DK,Paradise Hotel - Under lagnerne
DK,Party of Five
DK,Paw Patrol
DK,People are Awesome
DK,Pimp My Ride
DK,Pixel.tv
DK,Pluto TV Action
DK,Pluto TV Action+
DK,Pluto TV Alien Invasion
DK,Pluto TV Anime
DK,Pluto TV Body Bags
DK,Pluto TV Bud & Terence
DK,Pluto TV Comedy+
DK,Pluto TV Danske klassikere
DK,Pluto TV De bedste julespecials
DK,Pluto TV Dokumentar
DK,Pluto TV Enden er nær
DK,Pluto TV Fight
DK,Pluto TV Film
DK,Pluto TV Film Noir
DK,Pluto TV Film+
DK,Pluto TV Fishing
DK,Pluto TV Hajfilm
DK,Pluto TV Halloween for børn
DK,Pluto TV Harlequin
DK,Pluto TV History
DK,Pluto TV Horror
DK,Pluto TV Humor
DK,Pluto TV Hus fra helvede
DK,Pluto TV Håndbold Highlights
DK,Pluto TV Håndbold Live
DK,Pluto TV Inside
DK,Pluto TV John Wayne
DK,Pluto TV Julehygge
DK,Pluto TV Juniorklubben
DK,Pluto TV K-Pop
DK,Pluto TV Klassiske tegnefilm
DK,Pluto TV Kultfilm
DK,Pluto TV Mad
DK,Pluto TV Merhaba Turkish Drama
DK,Pluto TV Monstre og dæmoner
DK,Pluto TV Motor
DK,Pluto TV Music
DK,Pluto TV Paranormal
DK,Pluto TV Pejs
DK,Pluto TV Romantik
DK,Pluto TV Sci-Fi
DK,Pluto TV Sherlock Holmes
DK,Pluto TV Snooker 900
DK,Pluto TV Space
DK,Pluto TV Sport
DK,Pluto TV Spænding
DK,Pluto TV Star Trek
DK,Pluto TV Tegnefilm
DK,Pluto TV True Crime
DK,Pluto TV True Crime+
DK,Pluto TV Ungdomsserier
DK,Pluto TV Urbex
DK,Pluto TV Verdenskrigene
DK,Pluto TV Western
DK,Pluto TV Wild West
DK,Pluto TV loves Elvis
DK,Podradio på Pluto TV
DK,Project Runway
DK,Punk'd
DK,På Tur
DK,RX TV
DK,Rawhide
DK,Reality Awards
DK,Realmadrid TV
DK,Red Shoe Diaries
DK,Renegade
DK,Reno 911
DK,Retake E-sport Live
DK,Reuters
DK,Ridiculousness - Nye afsnit
DK,River Monsters
DK,Robert Prisen
DK,Robinson Ekspeditionen
DK,Robot Wars by MECH+
DK,RuPaul's Drag Race
DK,Rules of Engagement
DK,STACCS
DK,SUMO Paris 2026
DK,Sabrina The Teenage Witch
DK,Sam & Cat
DK,Sams Bar
DK,Saw
DK,School of Rock
DK,Scorpion
DK,Se og Hør - rød løber
DK,See Dad Run
DK,Siesta Key
DK,Simba Prisen
DK,Sky News
DK,Skønne ombygninger
DK,Smithsonian Channel Selects
DK,Smukfest elsker Dansk musik
DK,Smølferne
DK,South Park
DK,South Park - Butters Collection
DK,South Park - Cartman Collection
DK,South Park - Holiday Collection
DK,South Park - Into the Stars
DK,South Park - Kenny Collection
DK,South Park - Kyle Collection
DK,South Park - Stan Collection
DK,South Park - The Many Deaths of Kenny
DK,South Park Armageddon
DK,South Park Halloween
DK,South Park Rockin' Out
DK,Space Live
DK,Speed Racer
DK,Spin City
DK,Sport Live Replay
DK,Star Trek - Fanfavoritter
DK,Star Trek - The Original Series
DK,Star Trek Movies
DK,Survivor
DK,Survivorman
DK,SvampeBob Firkant
DK,SvampeBob Firkant+
DK,TMNT - The 90's Movies
DK,Tales from the Darkside
DK,Tareq Taylor's Nordic Cookery
DK,Tattoo Fixers
DK,Taxi
DK,Teen Wolf
DK,The 4400
DK,The Daily Show
DK,The F Word
DK,The Graham Norton Show
DK,The Great Christmas Light Fight
DK,The Hills
DK,The Hills - Knuste hjerter
DK,The Incredible Hulk
DK,The L Word
DK,The Magnificent Century - Kösem
DK,The Millers
DK,The Nanny
DK,The Nanny & Mr Sheffield - A Fine Romance
DK,The New Detectives
DK,The Only Way is Essex
DK,The Pet Collective
DK,The Shores
DK,The Twilight Zone
DK,The Wild Wild West
DK,Til Middag Hos
DK,Til julefrokost hos r8Dio
DK,Top Barça
DK,Top Gear
DK,Top Gear - Actors & Rockstars
DK,Top Gear - Fastest and Slowest Lap
DK,Top Gear - New Crew
DK,Top Gear - Racing Icons
DK,Top Gear Challenge
DK,Top Gear Classics
DK,Top Gear Road Trips
DK,Tosh.0
DK,Totally Turtles
DK,Triton Poker
DK,Trucking Hell
DK,UFC
DK,Ultimate Classic Wrestling
DK,Unbeaten Sports
DK,Unsolved Mysteries
DK,VOD
DK,Viafree Movies
DK,Victorious
DK,Vind i Sejlene
DK,Vore værste år
DK,Vore værste år - Jul med familien Bundy
DK,Walker Texas Ranger
DK,Wildfire
DK,Wings
DK,Wipeout
DK,Wired2fish TV
DK,Women of Wrestling
DK,World Poker Tour
DK,World of Love Island
DK,Xena - Warrior Princess
DK,Yo! MTV
DK,Yo! MTV Raps
DK,Yu-Gi-Oh!
DK,Zoey 101
DK,iCarly
DK,iCarly+
DK,r8Dio TV
DO,ADN40
DO,Acapulco Shore Pluto TV
DO,Adrenalina Pura TV
DO,Al Fondo Hay Sitio
DO,Al Ritmo del Jaripeo
DO,All Women's Sports Network
DO,America's Next Top Model
DO,Andromeda
DO,Archivos Extraterrestres
DO,Archivos Forenses
DO,Avatar - La Leyenda de Aang
DO,Azteca Deportes Network
DO,Azteca Uno -1 hora
DO,Azteca internacional
DO,Babar
DO,Baby Shark TV
DO,BabyFirst
DO,Backdoor
DO,Banco de Chile Stage
DO,Barney
DO,Baywatch
DO,Best of The Drew Barrymore Show
DO,Beverly Hills 90210
DO,Beyblade
DO,Bloomberg Television
DO,Bob Esponja Pantalones Cuadrados
DO,Boom
DO,Boruto - Naruto Next Generations
DO,Bromas Gags - Just for Laughs
DO,C4 en Alerta
DO,CBS News
DO,COPS
DO,CSI - Miami
DO,Canal 6 CdMx
DO,Canal Claro
DO,Captain Tsubasa
DO,Cazador de Homicidas
DO,Chilevision Contigo
DO,Chilevision Deportes
DO,Chilevision Noticias
DO,Chimenea Navideña
DO,Chiquititas
DO,Cinema
DO,Cinépolis Channel
DO,Claro Sports
DO,Claro Sports 2
DO,Claro Sports Mexico
DO,Comedy Central Pluto TV
DO,Comedy Central South Park
DO,Concert Channel
DO,Corazón
DO,Cuando los Ángeles Caen
DO,DAZN Combat
DO,DAZN Women's Football
DO,Daria
DO,Death Note
DO,Desafío Super Humanos
DO,Doc Martin
DO,Dog el cazarrecompensas
DO,Dominance FC TV
DO,"Dora, La Exploradora"
DO,Dr. G
DO,Dulce by elGourmet
DO,ESR 24/7
DO,El Encantador de Perros
DO,El Mariachi
DO,El Reino Infantil
DO,Empeños a lo bestia
DO,Enchufe.tv
DO,Estrellas de Accion
DO,Euronews Español
DO,FIFA+
DO,FUEL TV
DO,Fail Army
DO,Fashion TV
DO,Franky Mostro
DO,Got Talent Argentina
DO,Gran Hermano Chile
DO,Hawaii 5-0
DO,Hechiceras
DO,Hechizada
DO,Hells Kitchen
DO,Hermanos a la Obra
DO,Hey Arnold!
DO,Historias de Ultratumba
DO,Homeful
DO,Hunter x Hunter
DO,I Shouldn't Be Alive
DO,ITV Deportes
DO,Ice Pilots
DO,Imagen TV+
DO,Infierno Sobre Ruedas
DO,Inuyasha
DO,Iron Chef
DO,JoJo’s Bizarre Adventure
DO,Juana La Virgen
DO,Kenan y Kel
DO,LATAM AD Test 1
DO,LATAM AD Test 2
DO,LATAM AD Test 3
DO,LATAM AD Test 4
DO,LATAM AD Test 5
DO,LATAM AD Test 6
DO,LATAM AD Test 7 - Libertadores 1
DO,LATAM AD Test 8 - Libertadores 2
DO,LATAM AD Test 9 - Libertadores 3
DO,La Academia
DO,La Familia del Barrio
DO,La Liga Premier | Paramount+
DO,La Selección
DO,Las Pistas de Blue
DO,Las Tortugas Ninja
DO,Loco Por Ti
DO,Los Asesinatos de Midsomer
DO,Los Padrinos Mágicos
DO,Los Pitufos
DO,Los Tres Chiflados
DO,Los archivos del FBI
DO,Los Ángeles de Charlie
DO,Luces Navideñas
DO,Lucha Libre​ AAA
DO,MTV Animaciones
DO,MTV Biggest Pop
DO,MTV Catfish
DO,MTV Classic
DO,MTV Con Mi Ex
DO,MTV Dating - GF
DO,MTV Drag
DO,MTV EMA
DO,MTV Flow Latino
DO,MTV Halloween
DO,MTV Música Navideña
DO,MTV Pluto TV
DO,MTV Pride
DO,MTV Reality
DO,MTV Reinas del Pop
DO,MTV Ridiculousness
DO,MTV Rocks
DO,MTV Spankin' New
DO,MTV Teen Mom
DO,MTV on Tour!
DO,MacGyver
DO,Maestros de la ilusión
DO,MasterChef
DO,MasterChef Argentina
DO,MasterChef Colombia
DO,MasterChef Junior
DO,MasterChef México
DO,Mi Bella Genio
DO,Mi Coche Clásico
DO,Mi Gorda Bella
DO,Milenio Televisión
DO,Minuto Para Ganar
DO,Misterios sin Resolver
DO,Monstruos de Rio
DO,Motorvision TV
DO,Mr. Bean Animated
DO,NCIS
DO,NCIS - Lo Mejor de Tony & Ziva
DO,Naruto
DO,Naruto Shippuden
DO,NatureTime
DO,Nick Jr. Club
DO,Nick Teen
DO,Nickelodeon Clásico
DO,Nickelodeon Clásico - GF
DO,Nickelodeon Rocket Power
DO,Nickelodeon Toons
DO,Nickelodeon iCarly
DO,Nosey Escandalos
DO,Números
DO,Obsesión por los Autos
DO,One Piece
DO,PAW Patrol Patrulla de Cachorros
DO,PFL MMA
DO,PRIDEtv
DO,Paramount+ Presenta
DO,Plato del Dia by elGourmet
DO,Pluto TV A La Mexicana
DO,Pluto TV Amor y Mentiras
DO,Pluto TV Animales
DO,Pluto TV Anime
DO,Pluto TV Anime Accion
DO,Pluto TV Anime Kids
DO,Pluto TV Aventura
DO,Pluto TV Aventura​
DO,Pluto TV Ciencia
DO,Pluto TV Cine Acción
DO,Pluto TV Cine Acción - Roku
DO,Pluto TV Cine Clásico
DO,Pluto TV Cine Comedia
DO,Pluto TV Cine Crimen
DO,Pluto TV Cine Drama
DO,Pluto TV Cine Estelar
DO,Pluto TV Cine Estelar - Roku
DO,Pluto TV Cine Familia
DO,Pluto TV Cine Inspirador
DO,Pluto TV Cine Navidad
DO,Pluto TV Cine Romance​
DO,Pluto TV Cine Suspenso
DO,Pluto TV Cine Terror
DO,Pluto TV Cocina
DO,Pluto TV Competencias
DO,Pluto TV Conciertos by Stingray
DO,Pluto TV Criaturas Malditas
DO,Pluto TV Deportes
DO,Pluto TV Documentales
DO,Pluto TV Dramas Coreanos
DO,Pluto TV Dramas Coreanos Teen
DO,Pluto TV E-Sports
DO,Pluto TV España
DO,Pluto TV Fashionstream
DO,Pluto TV Filmstream
DO,Pluto TV Fútbol
DO,Pluto TV Historia
DO,Pluto TV Humor
DO,Pluto TV Investiga
DO,Pluto TV Junior
DO,Pluto TV Karaoke by Stingray
DO,Pluto TV Kids
DO,Pluto TV Mi Obsesión Favorita
DO,Pluto TV Misterios
DO,Pluto TV Misterios Medicos
DO,Pluto TV Modus Super Series Darts
DO,Pluto TV Naturaleza
DO,Pluto TV Novelas
DO,Pluto TV Novelas de Argentina
DO,Pluto TV Novelas de Brasil
DO,Pluto TV Novelas de Chile
DO,Pluto TV Novelas de Colombia
DO,Pluto TV Novelas de Mexico
DO,Pluto TV Novelas de Otros Continentes
DO,Pluto TV Novelas de Peru
DO,Pluto TV Novelas de Venezuela
DO,Pluto TV Nuestro Cine
DO,Pluto TV Paisajes by Stingray
DO,Pluto TV Peleas
DO,Pluto TV Reality
DO,Pluto TV Recetas
DO,Pluto TV Retro Cartoons
DO,Pluto TV Sci-Fi
DO,Pluto TV Series
DO,Pluto TV Series Latinas
DO,Pluto TV Series Retro
DO,Pluto TV Series de Acción
DO,Pluto TV Series de Aventura
DO,Pluto TV Series de Comedia
DO,Pluto TV Series de Crimen
DO,Pluto TV Series de Drama
DO,Pluto TV Series de Otros Continentes
DO,Pluto TV Series de Sci-Fi
DO,Pluto TV Stage
DO,Pluto TV Star Trek
DO,Pluto TV Teen
DO,Pluto TV Viajes
DO,Pluto TV Vida Real
DO,Pluto TV Hogar​
DO,Pluto TV Velocidad​
DO,Pokémon
DO,Popeye
DO,RCN Más
DO,RCN Noticias
DO,Realmadrid TV
DO,Red Bull TV
DO,Relic Hunter
DO,Reviví Gran Hermano
DO,Rincón de Luz
DO,Rock Story
DO,Rookie Blue - Policías Novatos
DO,Rugrats
DO,Runtime
DO,Schitt's Creek
DO,Shockwave
DO,Sin Tetas No Hay Paraiso
DO,Smithsonian Channel Pluto TV
DO,Sony One Escape Perfecto
DO,Sony One Shark Tank México
DO,South Park - Apocalipsis
DO,South Park - Celebrities
DO,South Park - Colección Felices Fiestas
DO,South Park - Las Muertes de Kenny
DO,South Park - Lo Mejor de Cartman
DO,South Park - Lo Mejor de Kenny
DO,South Park - Lo Mejor de Kyle
DO,South Park - Lo Mejor de Stan
DO,South Park - ¡Rock & Roll!
DO,Starsky & Hutch
DO,Survivor México
DO,Susana Giménez
DO,Tastemade
DO,Tastemade Hogar
DO,Tastemade Viajes
DO,Teatrix
DO,TeleFórmula
DO,Telefe Deportes
DO,Telefe Hits
DO,Telefe Noticias
DO,Telefe Pluto TV
DO,The Ed Sullivan Show
DO,The New Detectives
DO,The Night Shift
DO,The Pet Collective
DO,The Walking Dead by AMC
DO,TikTok Radio en Español
DO,Tokusato
DO,Top Barça
DO,UFC
DO,Untold Stories of the ER
DO,VOD
DO,Vive Kanal D Drama
DO,Winx Club TV
DO,Wipeout
DO,Yo! MTV
DO,Younger
DO,Yu-Gi-Oh
DO,Z Nation
DO,Zona Investigación TV
EC,ADN40
EC,Acapulco Shore Pluto TV
EC,Adrenalina Pura TV
EC,Al Fondo Hay Sitio
EC,Al Ritmo del Jaripeo
EC,All Women's Sports Network
EC,America's Next Top Model
EC,Andromeda
EC,Archivos Extraterrestres
EC,Archivos Forenses
EC,Avatar - La Leyenda de Aang
EC,Azteca Deportes Network
EC,Azteca Uno -1 hora
EC,Azteca internacional
EC,Babar
EC,Baby Shark TV
EC,BabyFirst
EC,Backdoor
EC,Banco de Chile Stage
EC,Barney
EC,Baywatch
EC,Best of The Drew Barrymore Show
EC,Beverly Hills 90210
EC,Beyblade
EC,Bloomberg Television
EC,Bob Esponja Pantalones Cuadrados
EC,Boom
EC,Boruto - Naruto Next Generations
EC,Bromas Gags - Just for Laughs
EC,C4 en Alerta
EC,CBS News
EC,COPS
EC,CSI - Miami
EC,Canal 6 CdMx
EC,Canal Claro
EC,Captain Tsubasa
EC,Cazador de Homicidas
EC,Chilevision Contigo
EC,Chilevision Deportes
EC,Chilevision Noticias
EC,Chimenea Navideña
EC,Chiquititas
EC,Cinema
EC,Cinépolis Channel
EC,Claro Sports
EC,Claro Sports 2
EC,Claro Sports Mexico
EC,Comedy Central Pluto TV
EC,Comedy Central South Park
EC,Concert Channel
EC,Corazón
EC,Cuando los Ángeles Caen
EC,DAZN Combat
EC,DAZN Women's Football
EC,Daria
EC,Death Note
EC,Desafío Super Humanos
EC,Doc Martin
EC,Dog el cazarrecompensas
EC,Dominance FC TV
EC,"Dora, La Exploradora"
EC,Dr. G
EC,Dulce by elGourmet
EC,ESR 24/7
EC,El Encantador de Perros
EC,El Mariachi
EC,El Reino Infantil
EC,Empeños a lo bestia
EC,Enchufe.tv
EC,Estrellas de Accion
EC,Euronews Español
EC,FIFA+
EC,FUEL TV
EC,Fail Army
EC,Fashion TV
EC,Franky Mostro
EC,Got Talent Argentina
EC,Gran Hermano Chile
EC,Hawaii 5-0
EC,Hechiceras
EC,Hechizada
EC,Hells Kitchen
EC,Hermanos a la Obra
EC,Hey Arnold!
EC,Historias de Ultratumba
EC,Homeful
EC,Hunter x Hunter
EC,I Shouldn't Be Alive
EC,ITV Deportes
EC,Ice Pilots
EC,Imagen TV+
EC,Infierno Sobre Ruedas
EC,Inuyasha
EC,Iron Chef
EC,JoJo’s Bizarre Adventure
EC,Juana La Virgen
EC,Kenan y Kel
EC,LATAM AD Test 1
EC,LATAM AD Test 2
EC,LATAM AD Test 3
EC,LATAM AD Test 4
EC,LATAM AD Test 5
EC,LATAM AD Test 6
EC,LATAM AD Test 7 - Libertadores 1
EC,LATAM AD Test 8 - Libertadores 2
EC,LATAM AD Test 9 - Libertadores 3
EC,La Academia
EC,La Familia del Barrio
EC,La Liga Premier | Paramount+
EC,La Selección
EC,Las Pistas de Blue
EC,Las Tortugas Ninja
EC,Loco Por Ti
EC,Los Asesinatos de Midsomer
EC,Los Padrinos Mágicos
EC,Los Pitufos
EC,Los Tres Chiflados
EC,Los archivos del FBI
EC,Los Ángeles de Charlie
EC,Luces Navideñas
EC,Lucha Libre​ AAA
EC,MTV Animaciones
EC,MTV Biggest Pop
EC,MTV Catfish
EC,MTV Classic
EC,MTV Con Mi Ex
EC,MTV Dating - GF
EC,MTV Drag
EC,MTV EMA
EC,MTV Flow Latino
EC,MTV Halloween
EC,MTV Música Navideña
EC,MTV Pluto TV
EC,MTV Pride
EC,MTV Reality
EC,MTV Reinas del Pop
EC,MTV Ridiculousness
EC,MTV Rocks
EC,MTV Spankin' New
EC,MTV Teen Mom
EC,MTV on Tour!
EC,MacGyver
EC,Maestros de la ilusión
EC,MasterChef
EC,MasterChef Argentina
EC,MasterChef Colombia
EC,MasterChef Junior
EC,MasterChef México
EC,Mi Bella Genio
EC,Mi Coche Clásico
EC,Mi Gorda Bella
EC,Milenio Televisión
EC,Minuto Para Ganar
EC,Misterios sin Resolver
EC,Monstruos de Rio
EC,Motorvision TV
EC,Mr. Bean Animated
EC,NCIS
EC,NCIS - Lo Mejor de Tony & Ziva
EC,Naruto
EC,Naruto Shippuden
EC,NatureTime
EC,Nick Jr. Club
EC,Nick Teen
EC,Nickelodeon Clásico
EC,Nickelodeon Clásico - GF
EC,Nickelodeon Rocket Power
EC,Nickelodeon Toons
EC,Nickelodeon iCarly
EC,Nosey Escandalos
EC,Números
EC,Obsesión por los Autos
EC,One Piece
EC,PAW Patrol Patrulla de Cachorros
EC,PFL MMA
EC,PRIDEtv
EC,Paramount+ Presenta
EC,Plato del Dia by elGourmet
EC,Pluto TV A La Mexicana
EC,Pluto TV Amor y Mentiras
EC,Pluto TV Animales
EC,Pluto TV Anime
EC,Pluto TV Anime Accion
EC,Pluto TV Anime Kids
EC,Pluto TV Aventura
EC,Pluto TV Aventura​
EC,Pluto TV Ciencia
EC,Pluto TV Cine Acción
EC,Pluto TV Cine Acción - Roku
EC,Pluto TV Cine Clásico
EC,Pluto TV Cine Comedia
EC,Pluto TV Cine Crimen
EC,Pluto TV Cine Drama
EC,Pluto TV Cine Estelar
EC,Pluto TV Cine Estelar - Roku
EC,Pluto TV Cine Familia
EC,Pluto TV Cine Inspirador
EC,Pluto TV Cine Navidad
EC,Pluto TV Cine Romance​
EC,Pluto TV Cine Suspenso
EC,Pluto TV Cine Terror
EC,Pluto TV Cocina
EC,Pluto TV Competencias
EC,Pluto TV Conciertos by Stingray
EC,Pluto TV Criaturas Malditas
EC,Pluto TV Deportes
EC,Pluto TV Documentales
EC,Pluto TV Dramas Coreanos
EC,Pluto TV Dramas Coreanos Teen
EC,Pluto TV E-Sports
EC,Pluto TV España
EC,Pluto TV Fashionstream
EC,Pluto TV Filmstream
EC,Pluto TV Fútbol
EC,Pluto TV Historia
EC,Pluto TV Humor
EC,Pluto TV Investiga
EC,Pluto TV Junior
EC,Pluto TV Karaoke by Stingray
EC,Pluto TV Kids
EC,Pluto TV Mi Obsesión Favorita
EC,Pluto TV Misterios
EC,Pluto TV Misterios Medicos
EC,Pluto TV Modus Super Series Darts
EC,Pluto TV Naturaleza
EC,Pluto TV Novelas
EC,Pluto TV Novelas de Argentina
EC,Pluto TV Novelas de Brasil
EC,Pluto TV Novelas de Chile
EC,Pluto TV Novelas de Colombia
EC,Pluto TV Novelas de Mexico
EC,Pluto TV Novelas de Otros Continentes
EC,Pluto TV Novelas de Peru
EC,Pluto TV Novelas de Venezuela
EC,Pluto TV Nuestro Cine
EC,Pluto TV Paisajes by Stingray
EC,Pluto TV Peleas
EC,Pluto TV Reality
EC,Pluto TV Recetas
EC,Pluto TV Retro Cartoons
EC,Pluto TV Sci-Fi
EC,Pluto TV Series
EC,Pluto TV Series Latinas
EC,Pluto TV Series Retro
EC,Pluto TV Series de Acción
EC,Pluto TV Series de Aventura
EC,Pluto TV Series de Comedia
EC,Pluto TV Series de Crimen
EC,Pluto TV Series de Drama
EC,Pluto TV Series de Otros Continentes
EC,Pluto TV Series de Sci-Fi
EC,Pluto TV Stage
EC,Pluto TV Star Trek
EC,Pluto TV Teen
EC,Pluto TV Viajes
EC,Pluto TV Vida Real
EC,Pluto TV Hogar​
EC,Pluto TV Velocidad​
EC,Pokémon
EC,Popeye
EC,RCN Más
EC,RCN Noticias
EC,Realmadrid TV
EC,Red Bull TV
EC,Relic Hunter
EC,Reviví Gran Hermano
EC,Rincón de Luz
EC,Rock Story
EC,Rookie Blue - Policías Novatos
EC,Rugrats
EC,Runtime
EC,Schitt's Creek
EC,Shockwave
EC,Sin Tetas No Hay Paraiso
EC,Smithsonian Channel Pluto TV
EC,Sony One Escape Perfecto
EC,Sony One Shark Tank México
EC,South Park - Apocalipsis
EC,South Park - Celebrities
EC,South Park - Colección Felices Fiestas
EC,South Park - Las Muertes de Kenny
EC,South Park - Lo Mejor de Cartman
EC,South Park - Lo Mejor de Kenny
EC,South Park - Lo Mejor de Kyle
EC,South Park - Lo Mejor de Stan
EC,South Park - ¡Rock & Roll!
EC,Starsky & Hutch
EC,Survivor México
EC,Susana Giménez
EC,Tastemade
EC,Tastemade Hogar
EC,Tastemade Viajes
EC,Teatrix
EC,TeleFórmula
EC,Telefe Deportes
EC,Telefe Hits
EC,Telefe Noticias
EC,Telefe Pluto TV
EC,The Ed Sullivan Show
EC,The New Detectives
EC,The Night Shift
EC,The Pet Collective
EC,The Walking Dead by AMC
EC,TikTok Radio en Español
EC,Tokusato
EC,Top Barça
EC,UFC
EC,Untold Stories of the ER
EC,VOD
EC,Vive Kanal D Drama
EC,Winx Club TV
EC,Wipeout
EC,Yo! MTV
EC,Younger
EC,Yu-Gi-Oh
EC,Z Nation
EC,Zona Investigación TV
ES,A las 11 en casa
ES,Actualidad 360
ES,Al salir de clase
ES,Alaska y Mario
ES,Alerta Cobra
ES,Alice Nevers
ES,America's Next Top Model
ES,Ana Y Los 7
ES,Andromeda
ES,Anime Clásico
ES,Archivos Forenses
ES,Archivos Forenses+
ES,Atrápame si puedes
ES,Avatar
ES,BBC Series
ES,Barbie & Friends
ES,Best of the Drew Barrymore Show
ES,Beyblade
ES,Big Time Rush
ES,Billiard TV
ES,Blue Bloods
ES,Bob Esponja
ES,Bob Esponja+
ES,CBS News 24/7
ES,CNN Headlines International
ES,COPS
ES,Car Chase
ES,Cazador de Homicidas
ES,Cazasubastas
ES,Cheers
ES,Cherif
ES,Chilevision Noticias
ES,Cine Latino
ES,Ciudadanos por el mundo
ES,Clubbing TV
ES,Comedia Made in Spain+
ES,Comedia a lo bestia de Pluto TV
ES,Constance Meyer - Jueza en prácticas
ES,Cortos
ES,Crimen & Historia
ES,Curro Jiménez
ES,DFB Play TV
ES,DRM Test Channel 1 ES
ES,Detective Conan
ES,Dirigido por Alfred Hitchcock
ES,Doctor Who
ES,Doctor Who Christmas
ES,Dominance FC TV
ES,Dora la Exploradora
ES,Dragon Ball
ES,Dragon Ball Z
ES,El Comisario
ES,El Comisario+
ES,El Conquistador del Fin del Mundo
ES,El Detective Endeavour
ES,El Encantador de perros+
ES,El Mueble
ES,El País
ES,El Reino Infantil
ES,El encantador de perros
ES,El mundo de los Gnomos de Pluto TV
ES,Embrujadas
ES,Empeños a lo Bestia+
ES,Empeños a lo bestia
ES,En el punto de mira
ES,Euronews
ES,FIFA+
ES,FUEL TV
ES,FailArmy
ES,Fashion TV
ES,Gaming Central - League of Legends
ES,Gaming Central - Shooters
ES,Garfield
ES,Gata salvaje
ES,Go Diego Go!
ES,Goku Day
ES,Gol Classics
ES,H2O & Friends
ES,Heidi
ES,Heidi y Marco
ES,Historia y Vida
ES,Homeful
ES,IGN
ES,Ice Pilots
ES,Inazuma Eleven
ES,Jackass
ES,Just for Laughs
ES,LA CHICA INVISIBLE
ES,LATAM AD Test 6 - Active Region Test
ES,La Abeja Maya
ES,La Fiebre del Jade
ES,La Media Inglesa
ES,La niñera
ES,La vuelta al mundo de Willy Fog
ES,Las Tortugas Ninja
ES,Las Tres Mellizas
ES,Las reglas del juego
ES,Las reglas del juego+
ES,Leo Mattei
ES,Llama a la Comadrona
ES,Los Asesinatos de Midsomer
ES,Los Asesinatos de Midsomer+
ES,Los Gipsy Kings
ES,Los Mosqueteros
ES,Los Pitufos
ES,Los archivos del FBI
ES,Los caballeros del Zodiaco
ES,Los misterios de Murdoch
ES,Los nuevos detectives
ES,Los padrinos mágicos
ES,Los vigilantes de la playa
ES,Los Ángeles de Charlie
ES,Loupe
ES,Luces de Navidad
ES,Lupin
ES,MODUS Super Series Darts
ES,MTV - Best of
ES,MTV Biggest Pop
ES,MTV Brave
ES,MTV CATFISH
ES,MTV Catfish+
ES,MTV Cribs
ES,MTV Cribs+
ES,MTV Dating
ES,MTV EMA
ES,MTV Embarazada a los 16
ES,MTV En Vivo
ES,MTV Flow Latino
ES,MTV Geordie's
ES,MTV Halloween
ES,MTV Hip Hop & Rap
ES,MTV Hits Navidad
ES,MTV Jerseys
ES,MTV Love Music
ES,MTV Movie Hits
ES,MTV Music made in Spain
ES,MTV New Music
ES,MTV Originals
ES,MTV Originals+
ES,MTV Party Music
ES,MTV Prank
ES,MTV Pride
ES,MTV Reality
ES,MTV Reggaeton
ES,MTV Reinas del Pop
ES,MTV Rock
ES,MTV Summer Hits
ES,MTV Tattoo a dos
ES,MTV Teen Mom
ES,MTV Urban Music
ES,MTV Vergüenza ajena
ES,MTV Women
ES,MTV Éxitos 2022
ES,"Maradona, sin cortes"
ES,Marco
ES,Matrimonio con hijos
ES,Mattel Junior
ES,Medium
ES,Melrose Place
ES,Merlí
ES,Metal Rocks
ES,Mi Extraña Obsesión
ES,Monster High
ES,Monster Jam
ES,Mutante X
ES,MyPadel TV
ES,NCIS
ES,Nature Time
ES,Noobees
ES,One Piece
ES,PFL MMA
ES,PRIDEtv
ES,Paramount Network de Pluto TV
ES,People are Awesome
ES,Pequeños aventureros de Pluto TV
ES,Pippi Calzaslargas
ES,Pistas de Blue
ES,Planeta Junior
ES,Pluto TV #1
ES,Pluto TV Action Kids
ES,Pluto TV Animakids
ES,Pluto TV Animakids+
ES,Pluto TV Animales
ES,Pluto TV Anime
ES,Pluto TV Basadas en libros
ES,Pluto TV Catástrofes
ES,Pluto TV Chimenea
ES,Pluto TV Cine Acción
ES,Pluto TV Cine Acción - Xiaomi
ES,Pluto TV Cine Clásico
ES,Pluto TV Cine Comedia
ES,Pluto TV Cine Drama
ES,Pluto TV Cine Estelar
ES,Pluto TV Cine Estelar+
ES,Pluto TV Cine Navideño
ES,Pluto TV Cine Romántico
ES,Pluto TV Cine de Autor
ES,Pluto TV Cocina
ES,Pluto TV Cocina+
ES,Pluto TV Comedia made in Spain
ES,Pluto TV Comedias Románticas
ES,Pluto TV Deportes
ES,Pluto TV Descubre
ES,Pluto TV Diseño
ES,Pluto TV Documentales
ES,Pluto TV Extremo
ES,Pluto TV Fitness
ES,Pluto TV Forever Kids
ES,Pluto TV Fútbol
ES,Pluto TV Gasolina
ES,Pluto TV Gore & Slasher
ES,Pluto TV Historia
ES,Pluto TV Horror
ES,Pluto TV Impacto
ES,Pluto TV Invasión Alien
ES,Pluto TV Investiga
ES,Pluto TV Junior
ES,Pluto TV K-Drama
ES,Pluto TV K-Pop
ES,Pluto TV Kids
ES,Pluto TV Kids Classics
ES,Pluto TV Kids Halloween
ES,Pluto TV Kids Navidad
ES,Pluto TV Kids Ukraine
ES,Pluto TV Kids+
ES,Pluto TV Lifestyle
ES,Pluto TV Miniseries
ES,Pluto TV Motor
ES,Pluto TV Mujeres protagonistas
ES,Pluto TV Mundo Real
ES,Pluto TV Mundo Real+
ES,Pluto TV Noches de Acción
ES,Pluto TV Novelas Turcas
ES,Pluto TV Orgullo
ES,Pluto TV Paranormal
ES,Pluto TV Pelis Retro
ES,Pluto TV Películas Galardonadas
ES,Pluto TV Psycho
ES,Pluto TV Reality
ES,Pluto TV Romances clásicos
ES,Pluto TV Sci-Fi
ES,Pluto TV Series
ES,Pluto TV Series Chic
ES,Pluto TV Series Comedia
ES,Pluto TV Series Policiacas
ES,Pluto TV Series Sci-Fi
ES,Pluto TV Series criminales
ES,Pluto TV Series de Terror
ES,Pluto TV Series+
ES,Pluto TV Siesta
ES,Pluto TV Snooker 900
ES,Pluto TV Star Trek
ES,Pluto TV Teen
ES,Pluto TV Teen Stars
ES,Pluto TV Telenovelas
ES,Pluto TV Telenovelas Clásicas
ES,Pluto TV Terror Clásico
ES,Pluto TV Thrillers
ES,Pluto TV Toons
ES,Pluto TV True Crime
ES,Pluto TV Tuning & Tattoos
ES,Pluto TV Viajes
ES,Pluto TV Western
ES,Pluto TV Zombies
ES,Pocoyó
ES,Poirot & Miss Marple
ES,Primeval
ES,Qello Concerts
ES,Qwest TV
ES,RETRO KIDS de Pluto TV
ES,RICH
ES,Rakuten Viki
ES,Rally TV
ES,Real Life
ES,Realmadrid TV
ES,Rookie Blue
ES,Rugrats
ES,Rugrats+
ES,Runtime
ES,"Sakura, cazadora de cartas"
ES,Saw
ES,SensaCine TV x Pluto
ES,Sensación de Vivir
ES,Sin tetas no hay paraíso
ES,South Park
ES,South Park - Colección Butters
ES,South Park - Colección Cartman
ES,South Park - Colección Kenny
ES,South Park - Colección Kyle
ES,South Park - Colección Stan
ES,South Park - Viaje Interestelar
ES,South Park - las muertes de Kenny
ES,South Park - ¡Rock & Roll!
ES,South Park Apocalipsis
ES,South Park Halloween
ES,South Park Orgullo Friki
ES,South Park San Valentin
ES,South Park Versión Original
ES,South Park: Colección Butters
ES,South Park: Colección Cartman
ES,South Park: Colección Kenny
ES,South Park: Colección Kyle
ES,South Park: Colección Stan
ES,Space Live
ES,Star Trek - Deep Space Nine
ES,Star Trek - The Next Generation
ES,Star Trek - Voyager
ES,Sí quiero ese vestido
ES,TOP BARÇA
ES,Telefe Noticias
ES,Terapia con Charlie
ES,Test Template ES
ES,The Good Wife
ES,The Pet Collective
ES,Tierra de lobos
ES,Top Gear
ES,Top Gear - Celebrities
ES,Top Gear - Racing Icons
ES,Triton Poker
ES,Tuning
ES,UFC
ES,Ubeat Lite
ES,Ultimate Classic Wrestling
ES,Unbeaten Sports
ES,Unidad de investigación
ES,VH1 Classics
ES,VOD
ES,Vaya semanita
ES,Victorious
ES,Walker Texas Ranger
ES,Winx Club
ES,Wipeout
ES,World Poker Tour
ES,Yo! MTV
ES,Yo! MTV Raps Classic
ES,Yu-Gi-Oh!
ES,Zoey 101
ES,iCarly
ES,iCarly+
ES,¡Feliz Cumpleaños - South Park!
ES,Águila Roja
ES,Érase una vez...
FI,21 Jump Street
FI,3ICE Hockey World Cup 2026
FI,48 hours
FI,7th Heaven
FI,AWSN
FI,America's Funniest Home Videos
FI,America's Next Top Model
FI,Anger Management
FI,Auction Hunters
FI,Avatar
FI,Baywatch
FI,Beavis and Butt-Head
FI,Best of Magnus Midtbø
FI,Beverly Hills 90210
FI,Billiard TV
FI,Blaze ja monsterikoneet
FI,Bloomberg TV+
FI,Bondi Rescue
FI,Borussia Dortmund TV
FI,Broad City
FI,Bull
FI,Burgerimies
FI,Burning Love
FI,CBS News 24/7
FI,CNN Headlines International
FI,CSI - Miami
FI,Car Chase
FI,Catfish - OMG!
FI,Chappelle's Show
FI,Cheers
FI,Come Dine with Me
FI,Comedy Central
FI,Comedy Central Roast
FI,Crazy Ex-Girlfriend
FI,Crime Scene Solvers
FI,DAZN Ringside
FI,DAZN Women’s football
FI,DFB Play TV
FI,Diagnosis Murder
FI,Doctor Who
FI,Doctor Who Classic
FI,Dominance FC TV
FI,Dora TV
FI,Duudsonit
FI,Dynastia
FI,Ernest goes to Pluto TV
FI,Escape to the Country
FI,Euronews
FI,Everybody Hates Chris
FI,FIFA+
FI,Farscape
FI,Finland Ruutu Test 2026
FI,Flashpoint
FI,Flipper - The New Adventures
FI,Forensic Files
FI,Frasier
FI,Frasier - Nilesin parhaat
FI,Frasier - tähtivieraat
FI,Frasier juhlatuulella
FI,Freaks and Geeks
FI,From Dusk Till Dawn - The Series
FI,From South Park with Love
FI,Glory Kickboxing
FI,HORSE TV
FI,Happy Christmageddon
FI,Hell's Kitchen
FI,Hercules - The Legendary Journeys
FI,Highway to Heaven
FI,Horse & Country
FI,Hot Ones
FI,House of Lies
FI,Huvila & Huussi
FI,IS esittää - Sain sen videolle
FI,Ihmemies MacGyver
FI,Inter 24/7
FI,Iron Chef
FI,Jade Fever
FI,Just for Laughs GAGS
FI,Kaverille ei jätetä
FI,Kellarin Kunkku - appiukon parhaat
FI,Kellarin kunkku
FI,Kellarin kunkku - tien päällä
FI,Ketonen & Myllyrinne
FI,Key & Peele
FI,Kickin'it
FI,Koskinen
FI,Kumman kaa
FI,Kummeli esittää - Kontio & Parmas
FI,Kunnian miehet
FI,Lain nimessä
FI,Lassie
FI,Lemmenlaiva
FI,Leprechaun
FI,Lexx
FI,MODUS Super Series Darts
FI,MTV Are You The One?
FI,MTV Awkward
FI,MTV Biggest Pop
FI,MTV Catfish
FI,MTV Classic
FI,MTV Dating
FI,MTV EMA
FI,MTV Ex On The Beach
FI,MTV Flow Latino
FI,MTV Geordie Shore
FI,MTV Halloween
FI,MTV Jersey Shore
FI,MTV Jouluhitit
FI,MTV Movie Hits
FI,MTV Reality
FI,MTV Ridiculousness
FI,MTV Rocks
FI,MTV Siesta Key
FI,MTV Spankin' New
FI,MTV Teen Mom
FI,MTV The Hills
FI,MTV Thriller Night
FI,MTV Xmas
FI,MTV on Tour!
FI,Madventures
FI,Man with a Plan
FI,Mando Diao MTV Unplugged
FI,Matlock
FI,Melrose Place
FI,Mentori
FI,Monster Jam
FI,Motorvision
FI,NCIS
FI,NCIS - Gibbsin parhaat
FI,NCIS - Tonyn ja Zivan parhaat
FI,NonStop Kung Fu
FI,Numb3rs
FI,Näin meillä
FI,Näkijä
FI,On the Case
FI,Onnen päivät
FI,PFL MMA
FI,PGA TOUR
FI,Paavo Pesusieni
FI,Padeltime TV
FI,Paw Patrol
FI,Perhe on paras
FI,Perjantai 13. päivä
FI,Pimp My Ride
FI,Pluto TV Body Bags
FI,Pluto TV Britit
FI,Pluto TV Bud & Terence
FI,Pluto TV Dokkarit
FI,Pluto TV Haileffat
FI,Pluto TV Halloween lapsille
FI,Pluto TV Harlequin
FI,Pluto TV Hirviöt ja demonit
FI,Pluto TV John Wayne
FI,Pluto TV Joulufiilis
FI,Pluto TV Joulujaksot
FI,Pluto TV Joululeffat
FI,Pluto TV Juniorikerho
FI,Pluto TV Katastrofi
FI,Pluto TV Kauhu
FI,Pluto TV Kesäleffat
FI,Pluto TV Komedia
FI,Pluto TV Kulttileffat
FI,Pluto TV Lapset
FI,Pluto TV Lasten joulu
FI,Pluto TV Leffat
FI,Pluto TV Maailmansodat
FI,Pluto TV Moottorit
FI,Pluto TV Palkitut
FI,Pluto TV Paranormaali
FI,Pluto TV Riivatut rakennukset
FI,Pluto TV Romantiikka
FI,Pluto TV Sci-Fi
FI,Pluto TV Sherlock Holmes
FI,Pluto TV Snooker 900
FI,Pluto TV Takkatuli
FI,Pluto TV Toiminta
FI,Pluto TV Toimintasankarit
FI,Pluto TV True Crime
FI,Pluto TV Urbex
FI,Pluto TV Vintage
FI,Pluto TV Vintage N/A
FI,Pluto TV Wild West
FI,Pluto TV loves Elvis
FI,Poliisit
FI,Project Runway
FI,Rawhide
FI,Realmadrid TV
FI,Red Shoe Diaries
FI,Renegade
FI,Reno 911
FI,Reuters
FI,Riptide
FI,Roni Back Top 10
FI,Ruutu Futis
FI,Ruutu Pesis
FI,SUMO Paris 2026
FI,Sabrina - teininoita
FI,Saw
FI,Scorpion
FI,Siskoni on noita
FI,Sky News
FI,Smithsonian Channel Selects
FI,Smurffit
FI,South Park
FI,South Park - Butters Collection
FI,South Park - Cartman Collection
FI,South Park - Holiday Collection
FI,South Park - Into the Stars
FI,South Park - Kenny Collection
FI,South Park - Kyle Collection
FI,South Park - Stan Collection
FI,South Park - The Many Deaths of Kenny
FI,South Park Armageddon
FI,South Park Halloween
FI,South Park Rockin' Out
FI,Space Live
FI,Speed Racer
FI,Spin City
FI,Star Trek - The Next Generation
FI,Star Trek - The Original Series
FI,Star Trek - Voyager
FI,Star Trek - fanien suosikit
FI,Star Trek Leffat
FI,Suomen Huutokauppakeisari
FI,Syke
FI,TEST MY RIDE
FI,Tareq Taylor's Nordic Cookery
FI,Teachers
FI,Team Ahma
FI,Teen Wolf
FI,Tennis Channel
FI,The 4400
FI,The Daily Show
FI,The Graham Norton Show
FI,The Great Christmas Light Fight
FI,The Hills - särkyneet sydämet
FI,The Incredible Hulk
FI,The L Word
FI,The Millers
FI,The Wild Wild West
FI,Tohtori tuli kaupunkiin
FI,Top Barça
FI,Top Gear
FI,Top Gear - Actors & Rockstars
FI,Top Gear - Fastest and Slowest Lap
FI,Top Gear - New Crew
FI,Top Gear - Racing Icons
FI,Top Gear Challenge
FI,Top Gear Classics
FI,Top Gear Road Trips
FI,Totally Turtles
FI,Touched by an Angel
FI,Triton Poker
FI,UFC
FI,VOD
FI,Walker Texas Ranger
FI,Wildfire
FI,Wings
FI,Wired2Fish TV
FI,Women of Wrestling
FI,World of Love Island
FI,Xena - Warrior Princess
FI,Yo! MTV
FI,Yo! MTV Raps Classics
FI,Z Nation
FR,Adjugé - vendu!
FR,Alerte Cobra
FR,Alerte à Malibu
FR,Allociné
FR,Amour - Gloire et Beauté
FR,Angela Anaconda
FR,Are You the One?
FR,Avatar
FR,BBC Earth
FR,BBC Series
FR,BET CLASSICS Pluto TV
FR,Barbie & Friends
FR,Best of MTV
FR,Best of The Drew Barrymore Show
FR,Beyblade
FR,Bienvenue chez les Loud
FR,Billiard TV
FR,Blue Bloods
FR,Bob l'éponge
FR,Bob l'éponge+
FR,Breadwinners
FR,Bubble Guppies
FR,C'est pas sorcier
FR,CATFISH TV
FR,CBS News 24/7
FR,CNN Headlines International
FR,CRIBS - MAISONS DE STAR
FR,Calendrier de l'avent
FR,Car Chase
FR,Charlotte aux Fraises
FR,Chasse300
FR,Cheers
FR,Chefclub
FR,Cherif
FR,Chilevision Noticias
FR,Christmas Songs
FR,Ciné 666 by Pluto TV
FR,Ciné Action by Pluto TV
FR,Ciné Catastrophe by Pluto TV
FR,Ciné Gore & Slasher by Pluto TV
FR,Ciné Horreur by Pluto TV
FR,Ciné Romance by Pluto TV
FR,Ciné Rétro by Pluto TV
FR,Ciné Sci-Fi by Pluto TV
FR,Ciné Star Trek by Pluto TV
FR,Ciné Thrillers by Pluto TV
FR,Ciné Western by Pluto TV
FR,Ciné Zombies by Pluto TV
FR,Ciné by Pluto TV
FR,Ciné d'Asie by Pluto TV
FR,Clubbing TV
FR,Coeur Océan
FR,Cut
FR,DAZN Ringside
FR,DAZN Women's Football
FR,DAZN Women’s football
FR,DRM Test Channel 1 FR
FR,Daria
FR,Dawson
FR,Degrassi
FR,Denis la Malice
FR,Diane - femme flic
FR,Digimon Adventure
FR,Docs & Enquêtes by Society+
FR,Doctor Who
FR,Dora TV
FR,Doraemon
FR,Dossiers FBI
FR,Détective Conan
FR,Echappées Belles & Co
FR,Enquetes de Choc
FR,Enquêtes Criminelles
FR,Euronews
FR,Extreme Channel
FR,FIFA+
FR,FUEL TV
FR,FailArmy
FR,Faites entrer l'accusé
FR,Family Club
FR,Fanboy & Chum Chum
FR,Fashion TV
FR,Femme De Loi
FR,Flashpoint
FR,Flynn Carson Vs The Outpost
FR,Foot 2 Rue
FR,Forensic Files
FR,Gaming TV
FR,Génération Sitcoms
FR,Heathcliff
FR,Homicide
FR,House of Creators
FR,Hélène et les garçons
FR,IGN
FR,INA 70'
FR,Illuminations de Noël
FR,Inazuma Eleven
FR,Incroyables Transformations
FR,Instant Saga
FR,Investigation by Pluto TV
FR,JAG
FR,Just Tattoo of Us
FR,Juste pour rire GAGS
FR,La Moderna
FR,La maison France 5
FR,Le Figaro TV
FR,Le miel et les abeilles
FR,Le miracle de l'amour
FR,Les 30 Histoires
FR,Les Anges
FR,Les Années Fac
FR,Les Cordier - Juge et Flic
FR,Les Marseillais
FR,Les Nouveux Detectives
FR,Les Razmoket
FR,Les Reines du Shopping
FR,Les Routes du Paradis
FR,Les Schtroumpfs
FR,Les Z'amours
FR,Les filles d'à côté
FR,Les vacances de l'amour
FR,Louis La Brocante
FR,Loupe
FR,MADE TV
FR,MGG Fast
FR,MODUS Super Series Darts
FR,MTV Catfish+
FR,MTV Classics
FR,MTV Classics+
FR,MacGyver
FR,"Mariés, deux enfants"
FR,Masterchef
FR,Mattel Junior
FR,Mayday - Catastrophe Aérienne
FR,Melrose Place
FR,Mes parrains sont magiques
FR,Mission Impossible
FR,Monster Jam
FR,Montreux Comedy
FR,Most Haunted
FR,Motorvision
FR,Nature Time
FR,Nina
FR,Nos Années pensions
FR,Olive et Tom
FR,One Piece
FR,PFL MMA
FR,PJ
FR,Pacific Blue
FR,People are Awesome
FR,Plus Belle La Vie
FR,Plus Belle la Vie 2
FR,Plus Belle la Vie+
FR,Pluto TV #1
FR,Pluto TV 100sationnelle
FR,Pluto TV 2010's Classics
FR,Pluto TV 90's Classics
FR,Pluto TV ANIME GO!
FR,Pluto TV Animaux
FR,Pluto TV Anime Retro
FR,Pluto TV Animé All Day
FR,Pluto TV Aventure
FR,Pluto TV Brigade Criminelle
FR,Pluto TV Ciné+
FR,Pluto TV Classic Hip Hop
FR,Pluto TV Comédie
FR,Pluto TV Comédies Cultes
FR,Pluto TV Concert
FR,Pluto TV Cuisine
FR,Pluto TV Cuisine+
FR,Pluto TV Dating
FR,Pluto TV Extrême
FR,Pluto TV Feu de cheminée
FR,Pluto TV Footanim'
FR,Pluto TV French Collection
FR,Pluto TV Girls Club
FR,Pluto TV Guerre & Histoire
FR,Pluto TV Histoire
FR,Pluto TV Hits France
FR,Pluto TV Inside
FR,Pluto TV Junior
FR,Pluto TV K-Pop
FR,Pluto TV Kids Classics
FR,Pluto TV Kids Club
FR,Pluto TV Kids Collection
FR,Pluto TV Kids Halloween
FR,Pluto TV Kids Séries+
FR,Pluto TV Kids Ukraine
FR,Pluto TV Love Songs
FR,Pluto TV Motor
FR,Pluto TV Nature
FR,Pluto TV Paranormal
FR,Pluto TV Polar
FR,Pluto TV Polar+
FR,Pluto TV Pride
FR,Pluto TV Rap
FR,Pluto TV Retro Toons
FR,Pluto TV Rich
FR,Pluto TV SOS Secours
FR,Pluto TV Saga de l'été
FR,Pluto TV Series+
FR,Pluto TV Snooker 900
FR,Pluto TV Sports
FR,Pluto TV Stand Up
FR,Pluto TV Summer Hits
FR,Pluto TV Super Kids
FR,Pluto TV Séries Fantastiques
FR,Pluto TV TEEN SERIES
FR,Pluto TV Teen
FR,Pluto TV Telenovela
FR,Pluto TV Toons
FR,Pluto TV Yoga
FR,Pluto TV on Tour
FR,Pluto Téléréalité France
FR,Premiers Baisers
FR,Pride Party!
FR,Pêche à haut risque
FR,Pêche300
FR,Qui veut gagner des millions?
FR,Qwest TV
FR,Realmadrid TV
FR,Rex - Chien Flic
FR,Ridiculousness
FR,Robot Wars by MECH+
FR,Rotana M+
FR,SUMO Paris 2026
FR,Sabrina - la série animée
FR,Saga d'horreur by Pluto TV
FR,Secret Story
FR,Series by Pluto TV
FR,Si près de chez vous
FR,SoFoot+
FR,South Park
FR,South Park Armageddon
FR,South Park Halloween
FR,South Park Saint Valentin
FR,Space Live
FR,Star Trek - The Original Series
FR,Starsky & Hutch
FR,Stingray Classica
FR,Teen Mom
FR,Telefe Noticias
FR,The Asylum
FR,The Pet Collective
FR,Top Gear
FR,Tortues Ninja TV
FR,Tortues Ninja TV +
FR,Tout le monde déteste Chris
FR,Toute une histoire
FR,Triton Poker
FR,True Crime by Pluto TV
FR,Turbo
FR,Téléfilms de Noël by Pluto TV
FR,Têtu TV
FR,UFC
FR,Ultimate Classic Wrestling
FR,Un Village Français
FR,Un gars - une fille
FR,Un si grand soleil
FR,Unbeaten Sports
FR,VH1+ Classics
FR,VH1+ Flow Latino
FR,VH1+ Halloween
FR,VH1+ Rock
FR,VOD
FR,Victorious
FR,Voyages & Saveurs
FR,WPT
FR,Walker Texas Ranger
FR,Wellbeing TV
FR,Wild Side TV
FR,Winx Club
FR,Y'a que la vérité qui compte
FR,Yo! VH1+
FR,Yu-Gi-Oh!
FR,Z Nation
FR,Zoey 101
FR,Zone Interdite
FR,iCarly TV
FR,iCarly+
FR,À prendre ou à laisser
GT,ADN40
GT,Acapulco Shore Pluto TV
GT,Adrenalina Pura TV
GT,Al Fondo Hay Sitio
GT,Al Ritmo del Jaripeo
GT,All Women's Sports Network
GT,America's Next Top Model
GT,Andromeda
GT,Archivos Extraterrestres
GT,Archivos Forenses
GT,Avatar - La Leyenda de Aang
GT,Azteca Deportes Network
GT,Azteca Deportes Premium
GT,Azteca Uno -1 hora
GT,Azteca internacional
GT,Babar
GT,Baby Shark TV
GT,BabyFirst
GT,Backdoor
GT,Banco de Chile Stage
GT,Barney
GT,Baywatch
GT,Best of The Drew Barrymore Show
GT,Beverly Hills 90210
GT,Beyblade
GT,Bloomberg Television
GT,Bob Esponja Pantalones Cuadrados
GT,Boom
GT,Boruto - Naruto Next Generations
GT,Bromas Gags - Just for Laughs
GT,C4 en Alerta
GT,CBS News
GT,COPS
GT,CSI - Miami
GT,Canal 6 CdMx
GT,Canal Claro
GT,Captain Tsubasa
GT,Cazador de Homicidas
GT,Chilevision Contigo
GT,Chilevision Deportes
GT,Chilevision Noticias
GT,Chimenea Navideña
GT,Chiquititas
GT,Cinema
GT,Cinépolis Channel
GT,Claro Sports
GT,Claro Sports 2
GT,Claro Sports Mexico
GT,Comedy Central Pluto TV
GT,Comedy Central South Park
GT,Concert Channel
GT,Corazón
GT,Cuando los Ángeles Caen
GT,DAZN Combat
GT,DAZN Women's Football
GT,Daria
GT,Death Note
GT,Desafío Super Humanos
GT,Doc Martin
GT,Dog el cazarrecompensas
GT,Dominance FC TV
GT,"Dora, La Exploradora"
GT,Dr. G
GT,Dulce by elGourmet
GT,ESR 24/7
GT,El Encantador de Perros
GT,El Mariachi
GT,El Reino Infantil
GT,Empeños a lo bestia
GT,Enchufe.tv
GT,Estrellas de Accion
GT,Euronews Español
GT,FIFA+
GT,FUEL TV
GT,Fail Army
GT,Fashion TV
GT,Franky Mostro
GT,Got Talent Argentina
GT,Gran Hermano Chile
GT,Hawaii 5-0
GT,Hechiceras
GT,Hechizada
GT,Hells Kitchen
GT,Hermanos a la Obra
GT,Hey Arnold!
GT,Historias de Ultratumba
GT,Homeful
GT,Hunter x Hunter
GT,I Shouldn't Be Alive
GT,ITV Deportes
GT,Ice Pilots
GT,Imagen TV+
GT,Infierno Sobre Ruedas
GT,Inuyasha
GT,Iron Chef
GT,JoJo’s Bizarre Adventure
GT,Juana La Virgen
GT,Kenan y Kel
GT,LATAM AD Test 1
GT,LATAM AD Test 2
GT,LATAM AD Test 3
GT,LATAM AD Test 4
GT,LATAM AD Test 5
GT,LATAM AD Test 6
GT,LATAM AD Test 7 - Libertadores 1
GT,LATAM AD Test 8 - Libertadores 2
GT,LATAM AD Test 9 - Libertadores 3
GT,La Academia
GT,La Familia del Barrio
GT,La Liga Premier | Paramount+
GT,La Selección
GT,Las Pistas de Blue
GT,Las Tortugas Ninja
GT,Loco Por Ti
GT,Los Asesinatos de Midsomer
GT,Los Padrinos Mágicos
GT,Los Pitufos
GT,Los Tres Chiflados
GT,Los archivos del FBI
GT,Los Ángeles de Charlie
GT,Luces Navideñas
GT,Lucha Libre​ AAA
GT,MTV Animaciones
GT,MTV Biggest Pop
GT,MTV Catfish
GT,MTV Classic
GT,MTV Con Mi Ex
GT,MTV Dating - GF
GT,MTV Drag
GT,MTV EMA
GT,MTV Flow Latino
GT,MTV Halloween
GT,MTV Música Navideña
GT,MTV Pluto TV
GT,MTV Pride
GT,MTV Reality
GT,MTV Reinas del Pop
GT,MTV Ridiculousness
GT,MTV Rocks
GT,MTV Spankin' New
GT,MTV Teen Mom
GT,MTV on Tour!
GT,MacGyver
GT,Maestros de la ilusión
GT,MasterChef
GT,MasterChef Argentina
GT,MasterChef Colombia
GT,MasterChef Junior
GT,MasterChef México
GT,Mi Bella Genio
GT,Mi Coche Clásico
GT,Mi Gorda Bella
GT,Milenio Televisión
GT,Minuto Para Ganar
GT,Misterios sin Resolver
GT,Monstruos de Rio
GT,Motorvision TV
GT,Mr. Bean Animated
GT,NCIS
GT,NCIS - Lo Mejor de Tony & Ziva
GT,Naruto
GT,Naruto Shippuden
GT,NatureTime
GT,Nick Jr. Club
GT,Nick Teen
GT,Nickelodeon Clásico
GT,Nickelodeon Clásico - GF
GT,Nickelodeon Rocket Power
GT,Nickelodeon Toons
GT,Nickelodeon iCarly
GT,Nosey Escandalos
GT,Números
GT,Obsesión por los Autos
GT,One Piece
GT,PAW Patrol Patrulla de Cachorros
GT,PFL MMA
GT,PRIDEtv
GT,Paramount+ Presenta
GT,Plato del Dia by elGourmet
GT,Pluto TV A La Mexicana
GT,Pluto TV Amor y Mentiras
GT,Pluto TV Animales
GT,Pluto TV Anime
GT,Pluto TV Anime Accion
GT,Pluto TV Anime Kids
GT,Pluto TV Aventura
GT,Pluto TV Aventura​
GT,Pluto TV Ciencia
GT,Pluto TV Cine Acción
GT,Pluto TV Cine Acción - Roku
GT,Pluto TV Cine Clásico
GT,Pluto TV Cine Comedia
GT,Pluto TV Cine Crimen
GT,Pluto TV Cine Drama
GT,Pluto TV Cine Estelar
GT,Pluto TV Cine Estelar - Roku
GT,Pluto TV Cine Familia
GT,Pluto TV Cine Inspirador
GT,Pluto TV Cine Navidad
GT,Pluto TV Cine Romance​
GT,Pluto TV Cine Suspenso
GT,Pluto TV Cine Terror
GT,Pluto TV Cocina
GT,Pluto TV Competencias
GT,Pluto TV Conciertos by Stingray
GT,Pluto TV Criaturas Malditas
GT,Pluto TV Deportes
GT,Pluto TV Documentales
GT,Pluto TV Dramas Coreanos
GT,Pluto TV Dramas Coreanos Teen
GT,Pluto TV E-Sports
GT,Pluto TV España
GT,Pluto TV Fashionstream
GT,Pluto TV Filmstream
GT,Pluto TV Fútbol
GT,Pluto TV Historia
GT,Pluto TV Humor
GT,Pluto TV Investiga
GT,Pluto TV Junior
GT,Pluto TV Karaoke by Stingray
GT,Pluto TV Kids
GT,Pluto TV Mi Obsesión Favorita
GT,Pluto TV Misterios
GT,Pluto TV Misterios Medicos
GT,Pluto TV Modus Super Series Darts
GT,Pluto TV Naturaleza
GT,Pluto TV Novelas
GT,Pluto TV Novelas de Argentina
GT,Pluto TV Novelas de Brasil
GT,Pluto TV Novelas de Chile
GT,Pluto TV Novelas de Colombia
GT,Pluto TV Novelas de Mexico
GT,Pluto TV Novelas de Otros Continentes
GT,Pluto TV Novelas de Peru
GT,Pluto TV Novelas de Venezuela
GT,Pluto TV Nuestro Cine
GT,Pluto TV Paisajes by Stingray
GT,Pluto TV Peleas
GT,Pluto TV Reality
GT,Pluto TV Recetas
GT,Pluto TV Retro Cartoons
GT,Pluto TV Sci-Fi
GT,Pluto TV Series
GT,Pluto TV Series Latinas
GT,Pluto TV Series Retro
GT,Pluto TV Series de Acción
GT,Pluto TV Series de Aventura
GT,Pluto TV Series de Comedia
GT,Pluto TV Series de Crimen
GT,Pluto TV Series de Drama
GT,Pluto TV Series de Otros Continentes
GT,Pluto TV Series de Sci-Fi
GT,Pluto TV Stage
GT,Pluto TV Star Trek
GT,Pluto TV Teen
GT,Pluto TV Viajes
GT,Pluto TV Vida Real
GT,Pluto TV Hogar​
GT,Pluto TV Velocidad​
GT,Pokémon
GT,Popeye
GT,RCN Más
GT,RCN Noticias
GT,Realmadrid TV
GT,Red Bull TV
GT,Relic Hunter
GT,Reviví Gran Hermano
GT,Rincón de Luz
GT,Rock Story
GT,Rookie Blue - Policías Novatos
GT,Rugrats
GT,Runtime
GT,Schitt's Creek
GT,Shockwave
GT,Sin Tetas No Hay Paraiso
GT,Smithsonian Channel Pluto TV
GT,Sony One Escape Perfecto
GT,Sony One Shark Tank México
GT,South Park - Apocalipsis
GT,South Park - Celebrities
GT,South Park - Colección Felices Fiestas
GT,South Park - Las Muertes de Kenny
GT,South Park - Lo Mejor de Cartman
GT,South Park - Lo Mejor de Kenny
GT,South Park - Lo Mejor de Kyle
GT,South Park - Lo Mejor de Stan
GT,South Park - ¡Rock & Roll!
GT,Starsky & Hutch
GT,Survivor México
GT,Susana Giménez
GT,Tastemade
GT,Tastemade Hogar
GT,Tastemade Viajes
GT,Teatrix
GT,TeleFórmula
GT,Telefe Deportes
GT,Telefe Hits
GT,Telefe Noticias
GT,Telefe Pluto TV
GT,The Ed Sullivan Show
GT,The New Detectives
GT,The Night Shift
GT,The Pet Collective
GT,The Walking Dead by AMC
GT,TikTok Radio en Español
GT,Tokusato
GT,Top Barça
GT,UFC
GT,Untold Stories of the ER
GT,VOD
GT,Vive Kanal D Drama
GT,Winx Club TV
GT,Wipeout
GT,Yo! MTV
GT,Younger
GT,Yu-Gi-Oh
GT,Z Nation
GT,Zona Investigación TV
HN,ADN40
HN,Acapulco Shore Pluto TV
HN,Adrenalina Pura TV
HN,Al Fondo Hay Sitio
HN,Al Ritmo del Jaripeo
HN,All Women's Sports Network
HN,America's Next Top Model
HN,Andromeda
HN,Archivos Extraterrestres
HN,Archivos Forenses
HN,Avatar - La Leyenda de Aang
HN,Azteca Deportes Network
HN,Azteca Deportes Premium
HN,Azteca Uno -1 hora
HN,Azteca internacional
HN,Babar
HN,Baby Shark TV
HN,BabyFirst
HN,Backdoor
HN,Banco de Chile Stage
HN,Barney
HN,Baywatch
HN,Best of The Drew Barrymore Show
HN,Beverly Hills 90210
HN,Beyblade
HN,Bloomberg Television
HN,Bob Esponja Pantalones Cuadrados
HN,Boom
HN,Boruto - Naruto Next Generations
HN,Bromas Gags - Just for Laughs
HN,C4 en Alerta
HN,CBS News
HN,COPS
HN,CSI - Miami
HN,Canal 6 CdMx
HN,Canal Claro
HN,Captain Tsubasa
HN,Cazador de Homicidas
HN,Chilevision Contigo
HN,Chilevision Deportes
HN,Chilevision Noticias
HN,Chimenea Navideña
HN,Chiquititas
HN,Cinema
HN,Cinépolis Channel
HN,Claro Sports
HN,Claro Sports 2
HN,Claro Sports Mexico
HN,Comedy Central Pluto TV
HN,Comedy Central South Park
HN,Concert Channel
HN,Corazón
HN,Cuando los Ángeles Caen
HN,DAZN Combat
HN,DAZN Women's Football
HN,Daria
HN,Death Note
HN,Desafío Super Humanos
HN,Doc Martin
HN,Dog el cazarrecompensas
HN,Dominance FC TV
HN,"Dora, La Exploradora"
HN,Dr. G
HN,Dulce by elGourmet
HN,ESR 24/7
HN,El Encantador de Perros
HN,El Mariachi
HN,El Reino Infantil
HN,Empeños a lo bestia
HN,Enchufe.tv
HN,Estrellas de Accion
HN,Euronews Español
HN,FIFA+
HN,FUEL TV
HN,Fail Army
HN,Fashion TV
HN,Franky Mostro
HN,Got Talent Argentina
HN,Gran Hermano Chile
HN,Hawaii 5-0
HN,Hechiceras
HN,Hechizada
HN,Hells Kitchen
HN,Hermanos a la Obra
HN,Hey Arnold!
HN,Historias de Ultratumba
HN,Homeful
HN,Hunter x Hunter
HN,I Shouldn't Be Alive
HN,ITV Deportes
HN,Ice Pilots
HN,Imagen TV+
HN,Infierno Sobre Ruedas
HN,Inuyasha
HN,Iron Chef
HN,JoJo’s Bizarre Adventure
HN,Juana La Virgen
HN,Kenan y Kel
HN,LATAM AD Test 1
HN,LATAM AD Test 2
HN,LATAM AD Test 3
HN,LATAM AD Test 4
HN,LATAM AD Test 5
HN,LATAM AD Test 6
HN,LATAM AD Test 7 - Libertadores 1
HN,LATAM AD Test 8 - Libertadores 2
HN,LATAM AD Test 9 - Libertadores 3
HN,La Academia
HN,La Familia del Barrio
HN,La Liga Premier | Paramount+
HN,La Selección
HN,Las Pistas de Blue
HN,Las Tortugas Ninja
HN,Loco Por Ti
HN,Los Asesinatos de Midsomer
HN,Los Padrinos Mágicos
HN,Los Pitufos
HN,Los Tres Chiflados
HN,Los archivos del FBI
HN,Los Ángeles de Charlie
HN,Luces Navideñas
HN,Lucha Libre​ AAA
HN,MTV Animaciones
HN,MTV Biggest Pop
HN,MTV Catfish
HN,MTV Classic
HN,MTV Con Mi Ex
HN,MTV Dating - GF
HN,MTV Drag
HN,MTV EMA
HN,MTV Flow Latino
HN,MTV Halloween
HN,MTV Música Navideña
HN,MTV Pluto TV
HN,MTV Pride
HN,MTV Reality
HN,MTV Reinas del Pop
HN,MTV Ridiculousness
HN,MTV Rocks
HN,MTV Spankin' New
HN,MTV Teen Mom
HN,MTV on Tour!
HN,MacGyver
HN,Maestros de la ilusión
HN,MasterChef
HN,MasterChef Argentina
HN,MasterChef Colombia
HN,MasterChef Junior
HN,MasterChef México
HN,Mi Bella Genio
HN,Mi Coche Clásico
HN,Mi Gorda Bella
HN,Milenio Televisión
HN,Minuto Para Ganar
HN,Misterios sin Resolver
HN,Monstruos de Rio
HN,Motorvision TV
HN,Mr. Bean Animated
HN,NCIS
HN,NCIS - Lo Mejor de Tony & Ziva
HN,Naruto
HN,Naruto Shippuden
HN,NatureTime
HN,Nick Jr. Club
HN,Nick Teen
HN,Nickelodeon Clásico
HN,Nickelodeon Clásico - GF
HN,Nickelodeon Rocket Power
HN,Nickelodeon Toons
HN,Nickelodeon iCarly
HN,Nosey Escandalos
HN,Números
HN,Obsesión por los Autos
HN,One Piece
HN,PAW Patrol Patrulla de Cachorros
HN,PFL MMA
HN,PRIDEtv
HN,Paramount+ Presenta
HN,Plato del Dia by elGourmet
HN,Pluto TV A La Mexicana
HN,Pluto TV Amor y Mentiras
HN,Pluto TV Animales
HN,Pluto TV Anime
HN,Pluto TV Anime Accion
HN,Pluto TV Anime Kids
HN,Pluto TV Aventura
HN,Pluto TV Aventura​
HN,Pluto TV Ciencia
HN,Pluto TV Cine Acción
HN,Pluto TV Cine Acción - Roku
HN,Pluto TV Cine Clásico
HN,Pluto TV Cine Comedia
HN,Pluto TV Cine Crimen
HN,Pluto TV Cine Drama
HN,Pluto TV Cine Estelar
HN,Pluto TV Cine Estelar - Roku
HN,Pluto TV Cine Familia
HN,Pluto TV Cine Inspirador
HN,Pluto TV Cine Navidad
HN,Pluto TV Cine Romance​
HN,Pluto TV Cine Suspenso
HN,Pluto TV Cine Terror
HN,Pluto TV Cocina
HN,Pluto TV Competencias
HN,Pluto TV Conciertos by Stingray
HN,Pluto TV Criaturas Malditas
HN,Pluto TV Deportes
HN,Pluto TV Documentales
HN,Pluto TV Dramas Coreanos
HN,Pluto TV Dramas Coreanos Teen
HN,Pluto TV E-Sports
HN,Pluto TV España
HN,Pluto TV Fashionstream
HN,Pluto TV Filmstream
HN,Pluto TV Fútbol
HN,Pluto TV Historia
HN,Pluto TV Humor
HN,Pluto TV Investiga
HN,Pluto TV Junior
HN,Pluto TV Karaoke by Stingray
HN,Pluto TV Kids
HN,Pluto TV Mi Obsesión Favorita
HN,Pluto TV Misterios
HN,Pluto TV Misterios Medicos
HN,Pluto TV Modus Super Series Darts
HN,Pluto TV Naturaleza
HN,Pluto TV Novelas
HN,Pluto TV Novelas de Argentina
HN,Pluto TV Novelas de Brasil
HN,Pluto TV Novelas de Chile
HN,Pluto TV Novelas de Colombia
HN,Pluto TV Novelas de Mexico
HN,Pluto TV Novelas de Otros Continentes
HN,Pluto TV Novelas de Peru
HN,Pluto TV Novelas de Venezuela
HN,Pluto TV Nuestro Cine
HN,Pluto TV Paisajes by Stingray
HN,Pluto TV Peleas
HN,Pluto TV Reality
HN,Pluto TV Recetas
HN,Pluto TV Retro Cartoons
HN,Pluto TV Sci-Fi
HN,Pluto TV Series
HN,Pluto TV Series Latinas
HN,Pluto TV Series Retro
HN,Pluto TV Series de Acción
HN,Pluto TV Series de Aventura
HN,Pluto TV Series de Comedia
HN,Pluto TV Series de Crimen
HN,Pluto TV Series de Drama
HN,Pluto TV Series de Otros Continentes
HN,Pluto TV Series de Sci-Fi
HN,Pluto TV Stage
HN,Pluto TV Star Trek
HN,Pluto TV Teen
HN,Pluto TV Viajes
HN,Pluto TV Vida Real
HN,Pluto TV Hogar​
HN,Pluto TV Velocidad​
HN,Pokémon
HN,Popeye
HN,RCN Más
HN,RCN Noticias
HN,Realmadrid TV
HN,Red Bull TV
HN,Relic Hunter
HN,Reviví Gran Hermano
HN,Rincón de Luz
HN,Rock Story
HN,Rookie Blue - Policías Novatos
HN,Rugrats
HN,Runtime
HN,Schitt's Creek
HN,Shockwave
HN,Sin Tetas No Hay Paraiso
HN,Smithsonian Channel Pluto TV
HN,Sony One Escape Perfecto
HN,Sony One Shark Tank México
HN,South Park - Apocalipsis
HN,South Park - Celebrities
HN,South Park - Colección Felices Fiestas
HN,South Park - Las Muertes de Kenny
HN,South Park - Lo Mejor de Cartman
HN,South Park - Lo Mejor de Kenny
HN,South Park - Lo Mejor de Kyle
HN,South Park - Lo Mejor de Stan
HN,South Park - ¡Rock & Roll!
HN,Starsky & Hutch
HN,Survivor México
HN,Susana Giménez
HN,Tastemade
HN,Tastemade Hogar
HN,Tastemade Viajes
HN,Teatrix
HN,TeleFórmula
HN,Telefe Deportes
HN,Telefe Hits
HN,Telefe Noticias
HN,Telefe Pluto TV
HN,The Ed Sullivan Show
HN,The New Detectives
HN,The Night Shift
HN,The Pet Collective
HN,The Walking Dead by AMC
HN,TikTok Radio en Español
HN,Tokusato
HN,Top Barça
HN,UFC
HN,Untold Stories of the ER
HN,VOD
HN,Vive Kanal D Drama
HN,Winx Club TV
HN,Wipeout
HN,Yo! MTV
HN,Younger
HN,Yu-Gi-Oh
HN,Z Nation
HN,Zona Investigación TV
IE,16 & Pregnant
IE,48 Hours
IE,A Haunting
IE,Aftershock
IE,Andromeda
IE,Anime All Day
IE,Antiques Road Trip
IE,Arthur
IE,Auction Hunters
IE,Autopsy
IE,Avatar
IE,BET Pluto TV
IE,Barney & Friends
IE,Baywatch
IE,Beverly Hillbillies
IE,Beverly Hills 90210
IE,Beyond Belief - Fact or Fiction
IE,Bloomberg TV+
IE,Bob the Builder
IE,Bondi Rescue
IE,Bridezillas
IE,British Screen Classics
IE,CBS News 24/7
IE,CNN Headlines
IE,CNNi
IE,COPS
IE,CSI - Crime Scene Investigation
IE,CSI - Miami
IE,CSI - New York
IE,Car Chase
IE,Catfish
IE,Cheaters
IE,Corner Gas
IE,Crime Investigation
IE,Crime Scene Solvers
IE,Crimes That Shook Britain
IE,Deadly Women
IE,Deal Masters
IE,Desi Play TV
IE,Dog The Bounty Hunter
IE,Dog Whisperer
IE,Duck Dynasty
IE,Dynasty
IE,Earth - Final Conflict
IE,Eggheads
IE,Escape To The Country
IE,Euronews
IE,Evidence of Evil
IE,FBI Files
IE,FIFA+
IE,FailArmy
IE,Family Ties
IE,Fifth Gear
IE,Flashpoint
IE,Full Custom Garage
IE,Funny AF
IE,Garfield & Friends
IE,Geordie Shore
IE,Get.factual
IE,Ghost Hunters
IE,Girlfriends
IE,Haunt TV
IE,Hell's Kitchen
IE,Highway to Heaven
IE,Hollywood Weapons
IE,Homes Under Hammer
IE,Homicide Hunter
IE,How To Use Pluto TV
IE,Hunter
IE,Inside Crime
IE,Inspector Gadget
IE,JAG
IE,Judge Judy
IE,Judge Nosey
IE,Just for Laughs GAGS
IE,Location location location
IE,Love Pets
IE,MODUS Super Series Darts
IE,MST3K
IE,MTV - Best of
IE,MTV Biggest Pop
IE,MTV Classic
IE,MTV Flow Latino
IE,MTV Pluto TV
IE,MTV Reality
IE,MTV Rocks
IE,MTV Spankin' New
IE,McLeod's Daughters
IE,Medical Detectives
IE,Medium
IE,Melrose Place
IE,Mission Impossible
IE,Mob Wives
IE,Moesha
IE,Monster Jam
IE,More 48 Hours
IE,More TV Crime
IE,More TV Sci-fi
IE,Most Haunted
IE,Moviesphere
IE,Mutant X
IE,Mystery TV
IE,Mythbusters
IE,NOW 70's
IE,NOW 90s00s
IE,Ninja Warrior
IE,Nosey
IE,Now 80's
IE,Now Rock
IE,On The Case
IE,Operation Repo
IE,Outback Truckers
IE,PGA TOUR
IE,POP
IE,POP UP
IE,PRIDEtv
IE,Paranormal State
IE,Pluto TV 80's Action
IE,Pluto TV Action
IE,Pluto TV Adventure
IE,Pluto TV Alien Invasion
IE,Pluto TV Animals
IE,Pluto TV Big Builds
IE,Pluto TV Britain at War
IE,Pluto TV Classic TV
IE,Pluto TV Comedy Drama
IE,Pluto TV Comedy Movies
IE,Pluto TV Conspiracy
IE,Pluto TV Cops & Convicts
IE,Pluto TV Crime
IE,Pluto TV Cult Films
IE,Pluto TV Family Movie Club
IE,Pluto TV Fishing
IE,Pluto TV Food
IE,Pluto TV History
IE,Pluto TV Horror
IE,Pluto TV Investigation
IE,Pluto TV Kids
IE,Pluto TV More Movies
IE,Pluto TV Motor
IE,Pluto TV Movies
IE,Pluto TV Nature
IE,Pluto TV Paranormal
IE,Pluto TV Retro Toons
IE,Pluto TV Romance
IE,Pluto TV Sci-Fi
IE,Pluto TV Sci-fi Series
IE,Pluto TV Science
IE,Pluto TV Sherlock
IE,Pluto TV Sitcoms
IE,Pluto TV Space
IE,Pluto TV Thrillers
IE,Pluto TV Tough Jobs
IE,Pluto TV Westerns
IE,Pointless
IE,Project Runway
IE,Property Brothers - Buying & Selling
IE,Realmadrid TV
IE,Reuters
IE,Robot Wars by MECH+
IE,Rookie Blue
IE,Rules Of Engagement
IE,Sabrina The Teenage Witch
IE,Scorpion
IE,Sensing Murder
IE,Sister Sister
IE,South Park
IE,StarTalk TV
IE,Survivorman
IE,Tattoo Fixers
IE,Teen Mom
IE,Teletubbies
IE,The Hotel Inspector
IE,The Lost World
IE,The Love Boat
IE,The New Detectives
IE,Tiny Pop
IE,Totally Turtles
IE,Transformers
IE,True Crime UK
IE,Twin Peaks
IE,UFC
IE,Undercover Boss Global
IE,Unsolved Mysteries
IE,VOD
IE,Voyager Documentaries
IE,Wicked Tuna
IE,Wild at Heart
IE,World Poker Tour
IE,World War TV
IE,World's Greatest
IE,Yo! MTV
IE,Yu-Gi-Oh!
IT,#Riccanza
IT,16 Anni e Incinta
IT,2M
IT,Affare Fatto
IT,Alice Nevers
IT,Andromeda
IT,Are you the One?
IT,Automoto
IT,Autostop per il cielo
IT,Avatar
IT,BBC Earth
IT,BBC Series
IT,Barbie & Friends
IT,Baywatch
IT,Beavis & Butt-head
IT,Best of The Drew Barrymore Show
IT,Billiard TV
IT,Borussia Dortmund TV
IT,CBS News 24/7
IT,CNN Headlines International
IT,Car Chase
IT,Carabinieri
IT,Case Pazzesche
IT,Catfish
IT,Catfish+
IT,Cherif
IT,Chilevision Noticias
IT,Christmas Lights
IT,Cin Cin
IT,CineThriller
IT,Cinema Poliziottesco
IT,Clubbing TV
IT,Consulenze Illegalli+
IT,Consulenze illegali
IT,DFB Play TV
IT,DRM Test Channel 1 IT
IT,Deluxe Lounge HD
IT,Desi Play TV
IT,Doctor Who
IT,Due Fantagenitori
IT,Duri a Morire
IT,Dynasty
IT,El Hiwar Ettounsi
IT,Elisa di Rivombrosa
IT,Euronews
IT,Ex On The Beach
IT,Extreme Makeover Home Edition
IT,FIFA+
IT,FUEL TV
IT,FailArmy
IT,Fashion TV
IT,Flashpoint
IT,Forensic Files
IT,Gambero Rosso
IT,Geordie Shore
IT,Gli Immortali - Van Damme vs Lundgren
IT,Gormiti
IT,Got Game
IT,Hell's Kitchen
IT,Horror Club
IT,I Jefferson
IT,I Puffi
IT,I soliti idioti
IT,IGN
IT,IT Xiaomi Test 2026
IT,Il Banco dei Pugni
IT,Il Sole24Ore TV
IT,Il Testimone
IT,Il mio amico Arnold
IT,Inazuma Eleven
IT,Inter 24/7
IT,Jersey Shore
IT,Just Tattoo of Us
IT,Just for Laughs GAGS
IT,LOL Just For Laughs
IT,Le Sorelle McLeod
IT,Lo Schiaccianoci
IT,Loupe
IT,Love Boat
IT,MODUS Super Series Darts
IT,MacGyver
IT,Made
IT,Mai dire sì
IT,Maradona - sin cortes
IT,Mattel Junior
IT,Mayday - Disastro Aereo
IT,Medium
IT,Mission Impossible
IT,Monster Jam
IT,Mutant X
IT,NUMB3RS
IT,Naturescape
IT,New Tricks
IT,Nina
IT,One Piece
IT,PFL MMA
IT,PRIDEtv
IT,Padeltime TV
IT,People are Awesome
IT,Pimp My Ride
IT,Pluto TV #1
IT,Pluto TV ASMR
IT,Pluto TV Alberto Sordi
IT,Pluto TV Alieni
IT,Pluto TV Amori in cucina
IT,Pluto TV Anime
IT,Pluto TV Azione Cult
IT,Pluto TV Bud & Terence
IT,Pluto TV Catastrofi
IT,Pluto TV Celebration
IT,Pluto TV Christmas Family
IT,Pluto TV Christmas tutto l'anno
IT,Pluto TV Ciclismo
IT,Pluto TV Cinema Emozione
IT,Pluto TV Cinema Family
IT,Pluto TV Cinema Italiano
IT,Pluto TV Cinema Orientale
IT,Pluto TV Comedy
IT,Pluto TV Cucina
IT,Pluto TV Dive Italiane
IT,Pluto TV Documentari
IT,Pluto TV Donne Protagoniste
IT,Pluto TV Eros
IT,Pluto TV Family
IT,Pluto TV Film
IT,Pluto TV Film - Xiaomi
IT,Pluto TV Film Ancora Più Romantici
IT,Pluto TV Film Azione
IT,Pluto TV Film Azione - Xiaomi
IT,Pluto TV Film Azione+
IT,Pluto TV Film Classici
IT,Pluto TV Film Commedia
IT,Pluto TV Film Commedia+
IT,Pluto TV Film Romantici
IT,Pluto TV Film Romantici+
IT,Pluto TV Film Storici
IT,Pluto TV Film Thriller
IT,Pluto TV Film+
IT,Pluto TV Fireplace
IT,Pluto TV Food Mania
IT,Pluto TV Halloween
IT,Pluto TV Horror
IT,Pluto TV In Love
IT,Pluto TV Italia Bella
IT,Pluto TV K-Pop
IT,Pluto TV Kids
IT,Pluto TV Kids Ukraine
IT,Pluto TV Legami Letali
IT,Pluto TV Matrimoni
IT,Pluto TV Mostri e Vampiri
IT,Pluto TV Natura
IT,Pluto TV Notti di Crimine
IT,Pluto TV Notti di Passione
IT,Pluto TV Notti di Sangue
IT,Pluto TV Notti di Terrore
IT,Pluto TV Paranormal
IT,Pluto TV Psycho
IT,Pluto TV Real Life
IT,Pluto TV Real Life+
IT,Pluto TV Reality
IT,Pluto TV Reality+
IT,Pluto TV Sala Cinema
IT,Pluto TV Scherzi e risate
IT,Pluto TV Sci-Fi
IT,Pluto TV Serie
IT,Pluto TV Serie Crime
IT,Pluto TV Serie Sci-Fi
IT,Pluto TV Serie+
IT,Pluto TV Shark Attack
IT,Pluto TV Shore
IT,Pluto TV Snooker 900
IT,Pluto TV Splatter
IT,Pluto TV Sport
IT,Pluto TV Star Trek
IT,Pluto TV Storia
IT,Pluto TV Summer
IT,Pluto TV Teen
IT,Pluto TV Totò
IT,Pluto TV True Crime
IT,Pluto TV Viaggi
IT,Pluto TV Virus Letali
IT,Pluto TV Western
IT,Pluto TV Zombie
IT,Pluto TV dal libro al film
IT,Qwest TV
IT,Rakuten Viki
IT,Rally TV
IT,Realmadrid TV
IT,Relic Hunter
IT,Renegade
IT,Ridiculousness
IT,Robot Wars by MECH+
IT,Rookie Blue
IT,SUMO Paris 2026
IT,Sanctuary
IT,Saw
IT,Scorpion
IT,Serie Teen
IT,Serie Teen+
IT,Settimo Cielo
IT,Shorts
IT,Soap Latino
IT,Soap Turco
IT,South Park
IT,South Park - Cartman Collection
IT,South Park - Kenny Collection
IT,South Park - Kyle Collection
IT,South Park - Le morti di Kenny
IT,South Park - Stan Collection
IT,South Park Armageddon
IT,South Park Rock'N'Roll
IT,South Park San Valentino
IT,South Park VIP
IT,Space Live
IT,Sposati...con figli
IT,Squadra Speciale Cobra 11
IT,Star Trek - Deep Space Nine
IT,Star Trek - The Next Generation
IT,Star Trek - The Original Series
IT,Star Trek - Voyager
IT,Storie Criminali
IT,Streghe
IT,Sulle tracce del crimine
IT,Super! A casa dei Loud
IT,Super! Big Time Rush
IT,Super! Brothers and Sisters
IT,Super! Cartoni Animati
IT,Super! Cupido
IT,Super! Danger & Thunder
IT,Super! Eroi
IT,Super! Film
IT,Super! Gaming
IT,Super! Girl Power
IT,Super! Halloween
IT,Super! Instant Mom
IT,Super! Intervallo
IT,Super! Kids Classics
IT,Super! Magia
IT,Super! Mamma
IT,Super! Mystery
IT,Super! Natale
IT,Super! Papà
IT,Super! Pop
IT,Super! Pop+
IT,Super! Rugrats
IT,Super! Spaziale
IT,Super! SpongeBob
IT,Super! Spongebob+
IT,Super! Spyders
IT,Super! Summer
IT,Super! Surprise
IT,Super! Victorious
IT,Super! Zoey 101
IT,Super! iCarly
IT,Super! iCarly+
IT,Tandem
IT,Teen Mom
IT,Teenage Mutant Ninja Turtles
IT,Telefe Noticias
IT,That’s 60s
IT,That’s 70s
IT,That’s 80s
IT,That’s 90s/00s
IT,That’s Rock
IT,The Asylum
IT,The Boat Show
IT,The Hills
IT,The Intern
IT,The Musketeers
IT,The Pet Collective
IT,Top Gear
IT,Top Gear - Racing Icons
IT,Triton Poker
IT,Twin Peaks
IT,UFC
IT,Ultimate Classic Wrestling
IT,Unbeaten Sports
IT,VH1+
IT,VH1+ Biggest Pop
IT,VH1+ Canzoni Italiane
IT,VH1+ Christmas
IT,VH1+ Classici
IT,VH1+ Dance
IT,VH1+ Euro Hits
IT,VH1+ Flow Latino
IT,VH1+ Girl Power!
IT,VH1+ Halloween
IT,VH1+ Hip hop & Rap
IT,VH1+ Love Music
IT,VH1+ Music Legends
IT,VH1+ New Music
IT,VH1+ Pride
IT,VH1+ Rock!
IT,VH1+ Summer Vibes
IT,VH1+ back to 90's
IT,VOD
IT,Viva la Mamma!
IT,Wicked Tuna
IT,Winx Club
IT,World Poker Tour
IT,Yo! VH1+
IT,Young & Fabulous
IT,Young & Fabulous+
IT,Yu-Gi-Oh!
MX,ADN40
MX,Acapulco Shore Pluto TV
MX,Adrenalina Pura TV
MX,Al Fondo Hay Sitio
MX,Al Ritmo del Jaripeo
MX,All Women's Sports Network
MX,America's Next Top Model
MX,Andromeda
MX,Archivos Extraterrestres
MX,Archivos Forenses
MX,Avatar - La Leyenda de Aang
MX,Azteca Deportes Network
MX,Azteca Deportes Premium
MX,Azteca Uno -1 hora
MX,Azteca internacional
MX,Babar
MX,Baby Shark TV
MX,BabyFirst
MX,Backdoor
MX,Banco de Chile Stage
MX,Barney
MX,Baywatch
MX,Best of The Drew Barrymore Show
MX,Beverly Hills 90210
MX,Beyblade
MX,Bloomberg Television
MX,Bob Esponja Pantalones Cuadrados
MX,Boom
MX,Boruto - Naruto Next Generations
MX,Bromas Gags - Just for Laughs
MX,C4 en Alerta
MX,CBS News
MX,COPS
MX,CSI - Miami
MX,Canal 6 CdMx
MX,Canal Claro
MX,Captain Tsubasa
MX,Cazador de Homicidas
MX,Chilevision Contigo
MX,Chilevision Deportes
MX,Chilevision Noticias
MX,Chimenea Navideña
MX,Chiquititas
MX,Cinema
MX,Cinépolis Channel
MX,Claro Sports
MX,Claro Sports 2
MX,Claro Sports Mexico
MX,Comedy Central Pluto TV
MX,Comedy Central South Park
MX,Concert Channel
MX,Corazón
MX,Cuando los Ángeles Caen
MX,DAZN Combat
MX,DAZN Women's Football
MX,Daria
MX,Death Note
MX,Desafío Super Humanos
MX,Doc Martin
MX,Dog el cazarrecompensas
MX,Dominance FC TV
MX,"Dora, La Exploradora"
MX,Dr. G
MX,Dulce by elGourmet
MX,ESR 24/7
MX,El Encantador de Perros
MX,El Mariachi
MX,El Reino Infantil
MX,Empeños a lo bestia
MX,Enchufe.tv
MX,Estrellas de Accion
MX,Euronews Español
MX,FIFA+
MX,FUEL TV
MX,Fail Army
MX,Fashion TV
MX,Franky Mostro
MX,Got Talent Argentina
MX,Hawaii 5-0
MX,Hechiceras
MX,Hechizada
MX,Hells Kitchen
MX,Hermanos a la Obra
MX,Hey Arnold!
MX,Historias de Ultratumba
MX,Homeful
MX,Hunter x Hunter
MX,I Shouldn't Be Alive
MX,ITV Deportes
MX,Ice Pilots
MX,Imagen TV+
MX,Infierno Sobre Ruedas
MX,Inuyasha
MX,Iron Chef
MX,JoJo’s Bizarre Adventure
MX,Kenan y Kel
MX,LATAM AD Test 1
MX,LATAM AD Test 2
MX,LATAM AD Test 3
MX,LATAM AD Test 4
MX,LATAM AD Test 5
MX,LATAM AD Test 6
MX,LATAM AD Test 7 - Libertadores 1
MX,LATAM AD Test 8 - Libertadores 2
MX,LATAM AD Test 9 - Libertadores 3
MX,La Academia
MX,La Familia del Barrio
MX,La Liga Premier | Paramount+
MX,La Selección
MX,Las Pistas de Blue
MX,Las Tortugas Ninja
MX,Loco Por Ti
MX,Los Asesinatos de Midsomer
MX,Los Padrinos Mágicos
MX,Los Pitufos
MX,Los Tres Chiflados
MX,Los archivos del FBI
MX,Los Ángeles de Charlie
MX,Luces Navideñas
MX,Lucha Libre​ AAA
MX,MTV Animaciones
MX,MTV Biggest Pop
MX,MTV Catfish
MX,MTV Classic
MX,MTV Con Mi Ex
MX,MTV Dating - GF
MX,MTV Drag
MX,MTV EMA
MX,MTV Flow Latino
MX,MTV Halloween
MX,MTV Música Navideña
MX,MTV Pluto TV
MX,MTV Pride
MX,MTV Reality
MX,MTV Reinas del Pop
MX,MTV Ridiculousness
MX,MTV Rocks
MX,MTV Spankin' New
MX,MTV Teen Mom
MX,MTV on Tour!
MX,MacGyver
MX,Madre
MX,Maestros de la ilusión
MX,MasterChef
MX,MasterChef Argentina
MX,MasterChef Colombia
MX,MasterChef Junior
MX,MasterChef México
MX,Mi Bella Genio
MX,Mi Coche Clásico
MX,Milenio Televisión
MX,Minuto Para Ganar
MX,Misterios sin Resolver
MX,Monstruos de Rio
MX,Motorvision TV
MX,Mr. Bean Animated
MX,NCIS
MX,NCIS - Lo Mejor de Tony & Ziva
MX,Naruto
MX,Naruto Shippuden
MX,NatureTime
MX,Nick Jr. Club
MX,Nick Teen
MX,Nickelodeon Clásico
MX,Nickelodeon Clásico - GF
MX,Nickelodeon Rocket Power
MX,Nickelodeon Toons
MX,Nickelodeon iCarly
MX,Nosey Escandalos
MX,Números
MX,Obsesión por los Autos
MX,One Piece
MX,PAW Patrol Patrulla de Cachorros
MX,PFL MMA
MX,PRIDEtv
MX,Paramount+ Presenta
MX,Plato del Dia by elGourmet
MX,Pluto TV A La Mexicana
MX,Pluto TV Amor y Mentiras
MX,Pluto TV Animales
MX,Pluto TV Anime
MX,Pluto TV Anime Accion
MX,Pluto TV Anime Kids
MX,Pluto TV Aventura
MX,Pluto TV Aventura​
MX,Pluto TV Ciencia
MX,Pluto TV Cine Acción
MX,Pluto TV Cine Acción - Roku
MX,Pluto TV Cine Clásico
MX,Pluto TV Cine Comedia
MX,Pluto TV Cine Crimen
MX,Pluto TV Cine Drama
MX,Pluto TV Cine Estelar
MX,Pluto TV Cine Estelar - Roku
MX,Pluto TV Cine Familia
MX,Pluto TV Cine Inspirador
MX,Pluto TV Cine Navidad
MX,Pluto TV Cine Romance​
MX,Pluto TV Cine Suspenso
MX,Pluto TV Cine Terror
MX,Pluto TV Cocina
MX,Pluto TV Competencias
MX,Pluto TV Conciertos by Stingray
MX,Pluto TV Criaturas Malditas
MX,Pluto TV Deportes
MX,Pluto TV Documentales
MX,Pluto TV Dramas Coreanos
MX,Pluto TV Dramas Coreanos Teen
MX,Pluto TV E-Sports
MX,Pluto TV España
MX,Pluto TV Fashionstream
MX,Pluto TV Filmstream
MX,Pluto TV Fútbol
MX,Pluto TV Historia
MX,Pluto TV Humor
MX,Pluto TV Investiga
MX,Pluto TV Junior
MX,Pluto TV Karaoke by Stingray
MX,Pluto TV Kids
MX,Pluto TV Mi Obsesión Favorita
MX,Pluto TV Misterios
MX,Pluto TV Misterios Medicos
MX,Pluto TV Modus Super Series Darts
MX,Pluto TV Naturaleza
MX,Pluto TV Novelas
MX,Pluto TV Novelas de Argentina
MX,Pluto TV Novelas de Brasil
MX,Pluto TV Novelas de Chile
MX,Pluto TV Novelas de Colombia
MX,Pluto TV Novelas de Mexico
MX,Pluto TV Novelas de Otros Continentes
MX,Pluto TV Novelas de Peru
MX,Pluto TV Novelas de Venezuela
MX,Pluto TV Nuestro Cine
MX,Pluto TV Paisajes by Stingray
MX,Pluto TV Peleas
MX,Pluto TV Reality
MX,Pluto TV Recetas
MX,Pluto TV Retro Cartoons
MX,Pluto TV Sci-Fi
MX,Pluto TV Series
MX,Pluto TV Series Latinas
MX,Pluto TV Series Retro
MX,Pluto TV Series de Acción
MX,Pluto TV Series de Aventura
MX,Pluto TV Series de Comedia
MX,Pluto TV Series de Crimen
MX,Pluto TV Series de Drama
MX,Pluto TV Series de Otros Continentes
MX,Pluto TV Series de Sci-Fi
MX,Pluto TV Stage
MX,Pluto TV Star Trek
MX,Pluto TV Teen
MX,Pluto TV Viajes
MX,Pluto TV Vida Real
MX,Pluto TV Hogar​
MX,Pluto TV Velocidad​
MX,Pokémon
MX,Popeye
MX,RCN Más
MX,RCN Noticias
MX,Realmadrid TV
MX,Red Bull TV
MX,Relic Hunter
MX,Reviví Gran Hermano
MX,Rincón de Luz
MX,Rock Story
MX,Rookie Blue - Policías Novatos
MX,Rugrats
MX,Runtime
MX,Schitt's Creek
MX,Shockwave
MX,Sin Tetas No Hay Paraiso
MX,Smithsonian Channel Pluto TV
MX,Sony One Escape Perfecto
MX,Sony One Shark Tank México
MX,South Park - Apocalipsis
MX,South Park - Celebrities
MX,South Park - Colección Felices Fiestas
MX,South Park - Las Muertes de Kenny
MX,South Park - Lo Mejor de Cartman
MX,South Park - Lo Mejor de Kenny
MX,South Park - Lo Mejor de Kyle
MX,South Park - Lo Mejor de Stan
MX,South Park - ¡Rock & Roll!
MX,Starsky & Hutch
MX,Survivor México
MX,Susana Giménez
MX,Tastemade
MX,Tastemade Hogar
MX,Tastemade Viajes
MX,Teatrix
MX,TeleFórmula
MX,Telefe Deportes
MX,Telefe Hits
MX,Telefe Noticias
MX,Telefe Pluto TV
MX,The Ed Sullivan Show
MX,The New Detectives
MX,The Night Shift
MX,The Pet Collective
MX,The Walking Dead by AMC
MX,TikTok Radio en Español
MX,Tokusato
MX,Top Barça
MX,UFC
MX,Untold Stories of the ER
MX,VOD
MX,Vive Kanal D Drama
MX,Winx Club TV
MX,Wipeout
MX,Yo! MTV
MX,Younger
MX,Yu-Gi-Oh
MX,Z Nation
MX,Zona Investigación TV
NI,ADN40
NI,Acapulco Shore Pluto TV
NI,Adrenalina Pura TV
NI,Al Fondo Hay Sitio
NI,Al Ritmo del Jaripeo
NI,All Women's Sports Network
NI,America's Next Top Model
NI,Andromeda
NI,Archivos Extraterrestres
NI,Archivos Forenses
NI,Avatar - La Leyenda de Aang
NI,Azteca Deportes Network
NI,Azteca Deportes Premium
NI,Azteca Uno -1 hora
NI,Azteca internacional
NI,Babar
NI,Baby Shark TV
NI,BabyFirst
NI,Backdoor
NI,Banco de Chile Stage
NI,Barney
NI,Baywatch
NI,Best of The Drew Barrymore Show
NI,Beverly Hills 90210
NI,Beyblade
NI,Bloomberg Television
NI,Bob Esponja Pantalones Cuadrados
NI,Boom
NI,Boruto - Naruto Next Generations
NI,Bromas Gags - Just for Laughs
NI,C4 en Alerta
NI,CBS News
NI,COPS
NI,CSI - Miami
NI,Canal 6 CdMx
NI,Canal Claro
NI,Captain Tsubasa
NI,Cazador de Homicidas
NI,Chilevision Contigo
NI,Chilevision Deportes
NI,Chilevision Noticias
NI,Chimenea Navideña
NI,Chiquititas
NI,Cinema
NI,Cinépolis Channel
NI,Claro Sports
NI,Claro Sports 2
NI,Claro Sports Mexico
NI,Comedy Central Pluto TV
NI,Comedy Central South Park
NI,Concert Channel
NI,Corazón
NI,Cuando los Ángeles Caen
NI,DAZN Combat
NI,DAZN Women's Football
NI,Daria
NI,Death Note
NI,Desafío Super Humanos
NI,Doc Martin
NI,Dog el cazarrecompensas
NI,Dominance FC TV
NI,"Dora, La Exploradora"
NI,Dr. G
NI,Dulce by elGourmet
NI,ESR 24/7
NI,El Encantador de Perros
NI,El Mariachi
NI,El Reino Infantil
NI,Empeños a lo bestia
NI,Enchufe.tv
NI,Estrellas de Accion
NI,Euronews Español
NI,FIFA+
NI,FUEL TV
NI,Fail Army
NI,Fashion TV
NI,Franky Mostro
NI,Got Talent Argentina
NI,Gran Hermano Chile
NI,Hawaii 5-0
NI,Hechiceras
NI,Hechizada
NI,Hells Kitchen
NI,Hermanos a la Obra
NI,Hey Arnold!
NI,Historias de Ultratumba
NI,Homeful
NI,Hunter x Hunter
NI,I Shouldn't Be Alive
NI,ITV Deportes
NI,Ice Pilots
NI,Imagen TV+
NI,Infierno Sobre Ruedas
NI,Inuyasha
NI,Iron Chef
NI,JoJo’s Bizarre Adventure
NI,Juana La Virgen
NI,Kenan y Kel
NI,LATAM AD Test 1
NI,LATAM AD Test 2
NI,LATAM AD Test 3
NI,LATAM AD Test 4
NI,LATAM AD Test 5
NI,LATAM AD Test 6
NI,LATAM AD Test 7 - Libertadores 1
NI,LATAM AD Test 8 - Libertadores 2
NI,LATAM AD Test 9 - Libertadores 3
NI,La Academia
NI,La Familia del Barrio
NI,La Liga Premier | Paramount+
NI,La Selección
NI,Las Pistas de Blue
NI,Las Tortugas Ninja
NI,Loco Por Ti
NI,Los Asesinatos de Midsomer
NI,Los Padrinos Mágicos
NI,Los Pitufos
NI,Los Tres Chiflados
NI,Los archivos del FBI
NI,Los Ángeles de Charlie
NI,Luces Navideñas
NI,Lucha Libre​ AAA
NI,MTV Animaciones
NI,MTV Biggest Pop
NI,MTV Catfish
NI,MTV Classic
NI,MTV Con Mi Ex
NI,MTV Dating - GF
NI,MTV Drag
NI,MTV EMA
NI,MTV Flow Latino
NI,MTV Halloween
NI,MTV Música Navideña
NI,MTV Pluto TV
NI,MTV Pride
NI,MTV Reality
NI,MTV Reinas del Pop
NI,MTV Ridiculousness
NI,MTV Rocks
NI,MTV Spankin' New
NI,MTV Teen Mom
NI,MTV on Tour!
NI,MacGyver
NI,Maestros de la ilusión
NI,MasterChef
NI,MasterChef Argentina
NI,MasterChef Colombia
NI,MasterChef Junior
NI,MasterChef México
NI,Mi Bella Genio
NI,Mi Coche Clásico
NI,Mi Gorda Bella
NI,Milenio Televisión
NI,Minuto Para Ganar
NI,Misterios sin Resolver
NI,Monstruos de Rio
NI,Motorvision TV
NI,Mr. Bean Animated
NI,NCIS
NI,NCIS - Lo Mejor de Tony & Ziva
NI,Naruto
NI,Naruto Shippuden
NI,NatureTime
NI,Nick Jr. Club
NI,Nick Teen
NI,Nickelodeon Clásico
NI,Nickelodeon Clásico - GF
NI,Nickelodeon Rocket Power
NI,Nickelodeon Toons
NI,Nickelodeon iCarly
NI,Nosey Escandalos
NI,Números
NI,Obsesión por los Autos
NI,One Piece
NI,PAW Patrol Patrulla de Cachorros
NI,PFL MMA
NI,PRIDEtv
NI,Paramount+ Presenta
NI,Plato del Dia by elGourmet
NI,Pluto TV A La Mexicana
NI,Pluto TV Amor y Mentiras
NI,Pluto TV Animales
NI,Pluto TV Anime
NI,Pluto TV Anime Accion
NI,Pluto TV Anime Kids
NI,Pluto TV Aventura
NI,Pluto TV Aventura​
NI,Pluto TV Ciencia
NI,Pluto TV Cine Acción
NI,Pluto TV Cine Acción - Roku
NI,Pluto TV Cine Clásico
NI,Pluto TV Cine Comedia
NI,Pluto TV Cine Crimen
NI,Pluto TV Cine Drama
NI,Pluto TV Cine Estelar
NI,Pluto TV Cine Estelar - Roku
NI,Pluto TV Cine Familia
NI,Pluto TV Cine Inspirador
NI,Pluto TV Cine Navidad
NI,Pluto TV Cine Romance​
NI,Pluto TV Cine Suspenso
NI,Pluto TV Cine Terror
NI,Pluto TV Cocina
NI,Pluto TV Competencias
NI,Pluto TV Conciertos by Stingray
NI,Pluto TV Criaturas Malditas
NI,Pluto TV Deportes
NI,Pluto TV Documentales
NI,Pluto TV Dramas Coreanos
NI,Pluto TV Dramas Coreanos Teen
NI,Pluto TV E-Sports
NI,Pluto TV España
NI,Pluto TV Fashionstream
NI,Pluto TV Filmstream
NI,Pluto TV Fútbol
NI,Pluto TV Historia
NI,Pluto TV Humor
NI,Pluto TV Investiga
NI,Pluto TV Junior
NI,Pluto TV Karaoke by Stingray
NI,Pluto TV Kids
NI,Pluto TV Mi Obsesión Favorita
NI,Pluto TV Misterios
NI,Pluto TV Misterios Medicos
NI,Pluto TV Modus Super Series Darts
NI,Pluto TV Naturaleza
NI,Pluto TV Novelas
NI,Pluto TV Novelas de Argentina
NI,Pluto TV Novelas de Brasil
NI,Pluto TV Novelas de Chile
NI,Pluto TV Novelas de Colombia
NI,Pluto TV Novelas de Mexico
NI,Pluto TV Novelas de Otros Continentes
NI,Pluto TV Novelas de Peru
NI,Pluto TV Novelas de Venezuela
NI,Pluto TV Nuestro Cine
NI,Pluto TV Paisajes by Stingray
NI,Pluto TV Peleas
NI,Pluto TV Reality
NI,Pluto TV Recetas
NI,Pluto TV Retro Cartoons
NI,Pluto TV Sci-Fi
NI,Pluto TV Series
NI,Pluto TV Series Latinas
NI,Pluto TV Series Retro
NI,Pluto TV Series de Acción
NI,Pluto TV Series de Aventura
NI,Pluto TV Series de Comedia
NI,Pluto TV Series de Crimen
NI,Pluto TV Series de Drama
NI,Pluto TV Series de Otros Continentes
NI,Pluto TV Series de Sci-Fi
NI,Pluto TV Stage
NI,Pluto TV Star Trek
NI,Pluto TV Teen
NI,Pluto TV Viajes
NI,Pluto TV Vida Real
NI,Pluto TV Hogar​
NI,Pluto TV Velocidad​
NI,Pokémon
NI,Popeye
NI,RCN Más
NI,RCN Noticias
NI,Realmadrid TV
NI,Red Bull TV
NI,Relic Hunter
NI,Reviví Gran Hermano
NI,Rincón de Luz
NI,Rock Story
NI,Rookie Blue - Policías Novatos
NI,Rugrats
NI,Runtime
NI,Schitt's Creek
NI,Shockwave
NI,Sin Tetas No Hay Paraiso
NI,Smithsonian Channel Pluto TV
NI,Sony One Escape Perfecto
NI,Sony One Shark Tank México
NI,South Park - Apocalipsis
NI,South Park - Celebrities
NI,South Park - Colección Felices Fiestas
NI,South Park - Las Muertes de Kenny
NI,South Park - Lo Mejor de Cartman
NI,South Park - Lo Mejor de Kenny
NI,South Park - Lo Mejor de Kyle
NI,South Park - Lo Mejor de Stan
NI,South Park - ¡Rock & Roll!
NI,Starsky & Hutch
NI,Survivor México
NI,Susana Giménez
NI,Tastemade
NI,Tastemade Hogar
NI,Tastemade Viajes
NI,Teatrix
NI,TeleFórmula
NI,Telefe Deportes
NI,Telefe Hits
NI,Telefe Noticias
NI,Telefe Pluto TV
NI,The Ed Sullivan Show
NI,The New Detectives
NI,The Night Shift
NI,The Pet Collective
NI,The Walking Dead by AMC
NI,TikTok Radio en Español
NI,Tokusato
NI,Top Barça
NI,UFC
NI,Untold Stories of the ER
NI,VOD
NI,Vive Kanal D Drama
NI,Winx Club TV
NI,Wipeout
NI,Yo! MTV
NI,Younger
NI,Yu-Gi-Oh
NI,Z Nation
NI,Zona Investigación TV
NO,21 Jump Street
NO,3ICE Hockey World Cup 2026
NO,48 Hours
NO,7th Heaven
NO,AWSN
NO,Afterwork TV
NO,America's Funniest Home Videos
NO,America's Next Top Model
NO,Andromeda
NO,Anger Management
NO,Are You The One?
NO,Auction Hunters
NO,Avatar
NO,Avatar+
NO,Awkward
NO,BBQ Pitmasters
NO,BET
NO,Baywatch
NO,Beauty and the Beast
NO,Beavis & Butt-head
NO,Becker
NO,Bellator MMA
NO,Bes Kardes
NO,Best of Dr. Phil
NO,Best of MTV
NO,Best of Magnus Midtbø
NO,Best of The Drew Barrymore Show
NO,Beverly Hills 90210
NO,Big Time Rush
NO,Billiard TV
NO,Blaze og Monstermaskinene!
NO,Bloomberg TV+
NO,Boligjakten
NO,Boligkjøp i blinde
NO,Bondi Rescue
NO,Bridezillas
NO,Britain's Next Top Model
NO,Broad City
NO,Bubble Guppies
NO,Bulderhuset
NO,Bull
NO,CBS News 24/7
NO,CNN Headlines International
NO,COPS
NO,CSI - NY
NO,Camp Kulinaris
NO,Car Chase
NO,Caroline in the City
NO,Casual Golf
NO,Casualty 24/7
NO,Catfish - De største bedrag
NO,Catfish+
NO,Celeb Reality
NO,Chappelle's Show
NO,Charmed
NO,Charterfeber
NO,Cheaters
NO,Cheers
NO,Chrysalis
NO,Clubbing TV
NO,Colors
NO,Come Dine with Me
NO,Comedy Central
NO,Comedy Central Roast
NO,Crazy Ex-Girlfriend
NO,Crime 360
NO,Crime Scene Solvers
NO,DAZN Ringside
NO,DAZN Women's Football
NO,DAZN Women’s football
NO,DFB Play TV
NO,Dallas Cowboys Cheerleaders
NO,Dance Moms
NO,Dating Naked UK
NO,Dawson's Creek
NO,Desi Play TV
NO,Det store eksperimentet
NO,Diagnosis Murder
NO,Doc Martin
NO,Doctor Who
NO,Doctor Who Classic
NO,Dog The Bounty Hunter
NO,Dominance FC TV
NO,Dora TV
NO,Dr. Quinn - Medicine Woman
NO,Drama fra Viaplay
NO,Duck Dynasty
NO,Dynastiet
NO,Døds World Championship
NO,Ernest goes to Pluto TV
NO,Escape to the Country
NO,Euronews
NO,Eventyrlig Oppussing
NO,Everybody Hates Chris
NO,Ex On The Beach
NO,Extreme Channel
NO,FBI Files
NO,FIFA+
NO,FailArmy
NO,Familien Thunderman
NO,Family Ties
NO,Fangene på Fortet
NO,Farscape
NO,Flashpoint
NO,Flipper - The New Adventures
NO,Forbidden Apple
NO,Forensic Files
NO,Forsidefruer
NO,Foyle's War
NO,Frasier
NO,Freaks and Geeks
NO,Fredag den 13.
NO,Friday the 13th - The TV series
NO,From Dusk Till Dawn - The Series
NO,From South Park with Love
NO,Gameplay - Fortnite
NO,Gameplay - Roblox
NO,Geordie Shore
NO,Ghost Dimension
NO,Gigolos
NO,Glamour
NO,Glory Kickboxing
NO,HORSE TV
NO,Happy Christmageddon
NO,Happy Days
NO,Hawaii Five-O
NO,Hell's Kitchen
NO,Henry Danger
NO,Hercules - The Legendary Journeys
NO,Herlige Hjem
NO,Highway to Heaven
NO,Hoarders & Dirty Home Rescue
NO,Homicide Hunter
NO,Horse & Country
NO,Hot Ones
NO,House of Lies
NO,How to use Pluto TV
NO,Hundehviskeren
NO,Hunters hemmelighet
NO,I Survived
NO,IGN
NO,IMPACT Wrestling
NO,Ice Pilots
NO,Ice Road Truckers
NO,Inazuma Eleven
NO,Inter 24/7
NO,Iron Chef
NO,JAG
NO,Jade Fever
NO,Jakt är Jakt
NO,Jersey Shore
NO,Jersey Shore Family Vacation
NO,Judge Judy
NO,Julemoro for barn
NO,Julevalper
NO,Just Tattoo Of Us
NO,Just for Laughs GAGS
NO,Karadayi
NO,Key & Peele
NO,Kickin'it
NO,Klassiske dramaserier fra Viafree
NO,Kruttrøyk
NO,Lassie
NO,Leprechaun
NO,Love Boat
NO,Love Island
NO,Love Island UK
NO,Love the Planet
NO,Luksusfellen
NO,Luksusfellen Sverige
NO,MODUS Super Series Darts
NO,MTV Biggest Pop
NO,MTV Catfish
NO,MTV Christmas Songs
NO,MTV Classic
NO,MTV Cribs
NO,MTV Dating
NO,MTV EMA
NO,MTV Flow Latino
NO,MTV Halloween
NO,MTV Hits
NO,MTV Love Music
NO,MTV Movie Hits
NO,MTV Queens of Pop
NO,MTV Reality
NO,MTV Ridiculousness
NO,MTV Rocks
NO,MTV Spankin' New
NO,MTV Summer Hits
NO,MTV Teen Mom
NO,MTV Thriller Night
NO,MTV Unplugged
NO,MTV on Tour!
NO,MacGyver
NO,Man with a Plan
NO,Mando Diao MTV Unplugged
NO,Matlock
NO,McLeods døtre & Grantchester
NO,Medium
NO,Melrose Place
NO,Merry Christmas from Viafree
NO,MinecrafTV
NO,Mission Impossible
NO,Modern Marvels
NO,Monster Jam
NO,Motorvision
NO,My Super Sweet 16
NO,NCIS
NO,Nathan for you
NO,Nature Time
NO,Nick Ukraine
NO,NonStop Kung Fu
NO,Nordisk krim fra Viaplay
NO,Nosey
NO,Numb3rs
NO,On the Case
NO,PFL MMA
NO,PGA TOUR
NO,Pacific Blue
NO,Padeltime TV
NO,Paradise
NO,Paradise Hotel
NO,Party of Five
NO,Paw Patrol
NO,People are Awesome
NO,Pimp My Ride
NO,Pixel.tv
NO,Pluto TV Action
NO,Pluto TV Action+
NO,Pluto TV Alien Invasion
NO,Pluto TV Anime
NO,Pluto TV Body Bags
NO,Pluto TV Bud & Terence
NO,Pluto TV Buskis
NO,Pluto TV De beste julespesialene
NO,Pluto TV Dokumentar
NO,Pluto TV Enden er nær
NO,Pluto TV Fight
NO,Pluto TV Film
NO,Pluto TV Film Noir
NO,Pluto TV Film+
NO,Pluto TV Fishing
NO,Pluto TV Haifilmer
NO,Pluto TV Halloween for barn
NO,Pluto TV Harlequin
NO,Pluto TV History
NO,Pluto TV Horror
NO,Pluto TV Hus fra helvete
NO,Pluto TV Inside
NO,Pluto TV John Wayne
NO,Pluto TV Julekos
NO,Pluto TV Juniorklubben
NO,Pluto TV K-Pop
NO,Pluto TV Klassiske tegnefilmer
NO,Pluto TV Komedie
NO,Pluto TV Komedie+
NO,Pluto TV Kultfilmer
NO,Pluto TV Mat
NO,Pluto TV Merhaba Turkish Drama
NO,Pluto TV Monster og demoner
NO,Pluto TV Motor
NO,Pluto TV Music
NO,Pluto TV Overnaturlig
NO,Pluto TV Peis
NO,Pluto TV Romantikk
NO,Pluto TV Sci-Fi
NO,Pluto TV Sherlock Holmes
NO,Pluto TV Snooker 900
NO,Pluto TV Space
NO,Pluto TV Spenning
NO,Pluto TV Sport
NO,Pluto TV Sport+
NO,Pluto TV Star Trek
NO,Pluto TV Tegnefilm
NO,Pluto TV True Crime
NO,Pluto TV True Crime+
NO,Pluto TV Ungdomsserier
NO,Pluto TV Urbex
NO,Pluto TV Verdenskrigene
NO,Pluto TV Western
NO,Pluto TV Wild West
NO,Pluto TV loves Elvis
NO,Project Runway
NO,Punk'd
NO,RX TV
NO,Rawhide
NO,Realmadrid TV
NO,Red Shoe Diaries
NO,Renegade
NO,Reno 911
NO,Retake E-sport Live
NO,Reuters
NO,Ridiculousness - Nye episoder
NO,River Monsters
NO,Robinsonekspedisjonen
NO,Robot Wars by MECH+
NO,RuPaul's Drag Race
NO,Rules of Engagement
NO,STACCS
NO,SUMO Paris 2026
NO,Sabrina The Teenage Witch
NO,Sam & Cat
NO,Saw
NO,School of Rock
NO,Scorpion
NO,See Dad Run
NO,Siesta Key
NO,Skjønnhetsfellen Danmark
NO,Sky News
NO,Smithsonian Channel Selects
NO,Smurfene
NO,South Park
NO,South Park - Butters Collection
NO,South Park - Cartman Collection
NO,South Park - Holiday Collection
NO,South Park - Into the Stars
NO,South Park - Kenny Collection
NO,South Park - Kyle Collection
NO,South Park - Stan Collection
NO,South Park - The Many Deaths of Kenny
NO,South Park Armageddon
NO,South Park Halloween
NO,South Park Rockin' Out
NO,Space Live
NO,Speed Racer
NO,Spin City
NO,Star Trek - The Original Series
NO,Star Trek Movies
NO,Storage Wars
NO,Survivor
NO,Survivorman
NO,SvampeBob Firkant
NO,SvampeBob Firkant+
NO,Svenske Truckers
NO,TMNT - The 90's Movies
NO,Tales from the Darkside
NO,Tareq Taylor's Nordic Cookery
NO,Tattoo Fixers
NO,Taxi
NO,Teen Wolf
NO,Tennis Channel
NO,The 4400
NO,The Daily Show
NO,The F Word
NO,The Graham Norton Show
NO,The Great Christmas Light Fight
NO,The Hills
NO,The Hills - Knuste hjerter
NO,The Incredible Hulk
NO,The L Word
NO,The Magnificent Century - Kösem
NO,The Millers
NO,The Nanny
NO,The New Detectives
NO,The Only Way is Essex
NO,The Pet Collective
NO,The Shores
NO,The Twilight Zone
NO,The Wild Wild West
NO,Top Barça
NO,Top Gear
NO,Top Gear - Actors & Rockstars
NO,Top Gear - Fastest and Slowest Lap
NO,Top Gear - New Crew
NO,Top Gear - Racing Icons
NO,Top Gear Challenge
NO,Top Gear Classics
NO,Top Gear Road Trips
NO,Top Model Norge
NO,Tosh.0
NO,Totally Turtles
NO,Triton Poker
NO,Trucking Hell
NO,UFC
NO,Ultimate Classic Wrestling
NO,Unbeaten Sports
NO,Unga Mammor
NO,Unsolved Mysteries
NO,VOD
NO,Viafree Movies
NO,Victorious
NO,Våre verste år
NO,Walker Texas Ranger
NO,Wildfire
NO,Wings
NO,Wired2Fish TV
NO,Women of Wrestling
NO,World Poker Tour
NO,World of Love Island
NO,Xena - Warrior Princess
NO,Yo! MTV
NO,Yo! MTV Raps
NO,Yu-Gi-Oh!
NO,Zoey 101
NO,iCarly
NO,iCarly+
PA,ADN40
PA,Acapulco Shore Pluto TV
PA,Adrenalina Pura TV
PA,Al Fondo Hay Sitio
PA,Al Ritmo del Jaripeo
PA,All Women's Sports Network
PA,America's Next Top Model
PA,Andromeda
PA,Archivos Extraterrestres
PA,Archivos Forenses
PA,Avatar - La Leyenda de Aang
PA,Azteca Deportes Network
PA,Azteca Deportes Premium
PA,Azteca Uno -1 hora
PA,Azteca internacional
PA,Babar
PA,Baby Shark TV
PA,BabyFirst
PA,Backdoor
PA,Banco de Chile Stage
PA,Barney
PA,Baywatch
PA,Best of The Drew Barrymore Show
PA,Beverly Hills 90210
PA,Beyblade
PA,Bloomberg Television
PA,Bob Esponja Pantalones Cuadrados
PA,Boom
PA,Boruto - Naruto Next Generations
PA,Bromas Gags - Just for Laughs
PA,C4 en Alerta
PA,CBS News
PA,COPS
PA,CSI - Miami
PA,Canal 6 CdMx
PA,Canal Claro
PA,Captain Tsubasa
PA,Cazador de Homicidas
PA,Chilevision Contigo
PA,Chilevision Deportes
PA,Chilevision Noticias
PA,Chimenea Navideña
PA,Chiquititas
PA,Cinema
PA,Cinépolis Channel
PA,Claro Sports
PA,Claro Sports 2
PA,Claro Sports Mexico
PA,Comedy Central Pluto TV
PA,Comedy Central South Park
PA,Concert Channel
PA,Corazón
PA,Cuando los Ángeles Caen
PA,DAZN Combat
PA,DAZN Women's Football
PA,Daria
PA,Death Note
PA,Desafío Super Humanos
PA,Doc Martin
PA,Dog el cazarrecompensas
PA,Dominance FC TV
PA,"Dora, La Exploradora"
PA,Dr. G
PA,Dulce by elGourmet
PA,ESR 24/7
PA,El Encantador de Perros
PA,El Mariachi
PA,El Reino Infantil
PA,Empeños a lo bestia
PA,Enchufe.tv
PA,Estrellas de Accion
PA,Euronews Español
PA,FIFA+
PA,FUEL TV
PA,Fail Army
PA,Fashion TV
PA,Franky Mostro
PA,Got Talent Argentina
PA,Gran Hermano Chile
PA,Hawaii 5-0
PA,Hechiceras
PA,Hechizada
PA,Hells Kitchen
PA,Hermanos a la Obra
PA,Hey Arnold!
PA,Historias de Ultratumba
PA,Homeful
PA,Hunter x Hunter
PA,I Shouldn't Be Alive
PA,ITV Deportes
PA,Ice Pilots
PA,Imagen TV+
PA,Infierno Sobre Ruedas
PA,Inuyasha
PA,Iron Chef
PA,JoJo’s Bizarre Adventure
PA,Juana La Virgen
PA,Kenan y Kel
PA,LATAM AD Test 1
PA,LATAM AD Test 2
PA,LATAM AD Test 3
PA,LATAM AD Test 4
PA,LATAM AD Test 5
PA,LATAM AD Test 6
PA,LATAM AD Test 7 - Libertadores 1
PA,LATAM AD Test 8 - Libertadores 2
PA,LATAM AD Test 9 - Libertadores 3
PA,La Academia
PA,La Familia del Barrio
PA,La Liga Premier | Paramount+
PA,La Selección
PA,Las Pistas de Blue
PA,Las Tortugas Ninja
PA,Loco Por Ti
PA,Los Asesinatos de Midsomer
PA,Los Padrinos Mágicos
PA,Los Pitufos
PA,Los Tres Chiflados
PA,Los archivos del FBI
PA,Los Ángeles de Charlie
PA,Luces Navideñas
PA,Lucha Libre​ AAA
PA,MTV Animaciones
PA,MTV Biggest Pop
PA,MTV Catfish
PA,MTV Classic
PA,MTV Con Mi Ex
PA,MTV Dating - GF
PA,MTV Drag
PA,MTV EMA
PA,MTV Flow Latino
PA,MTV Halloween
PA,MTV Música Navideña
PA,MTV Pluto TV
PA,MTV Pride
PA,MTV Reality
PA,MTV Reinas del Pop
PA,MTV Ridiculousness
PA,MTV Rocks
PA,MTV Spankin' New
PA,MTV Teen Mom
PA,MTV on Tour!
PA,MacGyver
PA,Maestros de la ilusión
PA,MasterChef
PA,MasterChef Argentina
PA,MasterChef Colombia
PA,MasterChef Junior
PA,MasterChef México
PA,Mi Bella Genio
PA,Mi Coche Clásico
PA,Mi Gorda Bella
PA,Milenio Televisión
PA,Minuto Para Ganar
PA,Misterios sin Resolver
PA,Monstruos de Rio
PA,Motorvision TV
PA,Mr. Bean Animated
PA,NCIS
PA,NCIS - Lo Mejor de Tony & Ziva
PA,Naruto
PA,Naruto Shippuden
PA,NatureTime
PA,Nick Jr. Club
PA,Nick Teen
PA,Nickelodeon Clásico
PA,Nickelodeon Clásico - GF
PA,Nickelodeon Rocket Power
PA,Nickelodeon Toons
PA,Nickelodeon iCarly
PA,Nosey Escandalos
PA,Números
PA,Obsesión por los Autos
PA,One Piece
PA,PAW Patrol Patrulla de Cachorros
PA,PFL MMA
PA,PRIDEtv
PA,Paramount+ Presenta
PA,Plato del Dia by elGourmet
PA,Pluto TV A La Mexicana
PA,Pluto TV Amor y Mentiras
PA,Pluto TV Animales
PA,Pluto TV Anime
PA,Pluto TV Anime Accion
PA,Pluto TV Anime Kids
PA,Pluto TV Aventura
PA,Pluto TV Aventura​
PA,Pluto TV Ciencia
PA,Pluto TV Cine Acción
PA,Pluto TV Cine Acción - Roku
PA,Pluto TV Cine Clásico
PA,Pluto TV Cine Comedia
PA,Pluto TV Cine Crimen
PA,Pluto TV Cine Drama
PA,Pluto TV Cine Estelar
PA,Pluto TV Cine Estelar - Roku
PA,Pluto TV Cine Familia
PA,Pluto TV Cine Inspirador
PA,Pluto TV Cine Navidad
PA,Pluto TV Cine Romance​
PA,Pluto TV Cine Suspenso
PA,Pluto TV Cine Terror
PA,Pluto TV Cocina
PA,Pluto TV Competencias
PA,Pluto TV Conciertos by Stingray
PA,Pluto TV Criaturas Malditas
PA,Pluto TV Deportes
PA,Pluto TV Documentales
PA,Pluto TV Dramas Coreanos
PA,Pluto TV Dramas Coreanos Teen
PA,Pluto TV E-Sports
PA,Pluto TV España
PA,Pluto TV Fashionstream
PA,Pluto TV Filmstream
PA,Pluto TV Fútbol
PA,Pluto TV Historia
PA,Pluto TV Humor
PA,Pluto TV Investiga
PA,Pluto TV Junior
PA,Pluto TV Karaoke by Stingray
PA,Pluto TV Kids
PA,Pluto TV Mi Obsesión Favorita
PA,Pluto TV Misterios
PA,Pluto TV Misterios Medicos
PA,Pluto TV Modus Super Series Darts
PA,Pluto TV Naturaleza
PA,Pluto TV Novelas
PA,Pluto TV Novelas de Argentina
PA,Pluto TV Novelas de Brasil
PA,Pluto TV Novelas de Chile
PA,Pluto TV Novelas de Colombia
PA,Pluto TV Novelas de Mexico
PA,Pluto TV Novelas de Otros Continentes
PA,Pluto TV Novelas de Peru
PA,Pluto TV Novelas de Venezuela
PA,Pluto TV Nuestro Cine
PA,Pluto TV Paisajes by Stingray
PA,Pluto TV Peleas
PA,Pluto TV Reality
PA,Pluto TV Recetas
PA,Pluto TV Retro Cartoons
PA,Pluto TV Sci-Fi
PA,Pluto TV Series
PA,Pluto TV Series Latinas
PA,Pluto TV Series Retro
PA,Pluto TV Series de Acción
PA,Pluto TV Series de Aventura
PA,Pluto TV Series de Comedia
PA,Pluto TV Series de Crimen
PA,Pluto TV Series de Drama
PA,Pluto TV Series de Otros Continentes
PA,Pluto TV Series de Sci-Fi
PA,Pluto TV Stage
PA,Pluto TV Star Trek
PA,Pluto TV Teen
PA,Pluto TV Viajes
PA,Pluto TV Vida Real
PA,Pluto TV Hogar​
PA,Pluto TV Velocidad​
PA,Pokémon
PA,Popeye
PA,RCN Más
PA,RCN Noticias
PA,Realmadrid TV
PA,Red Bull TV
PA,Relic Hunter
PA,Reviví Gran Hermano
PA,Rincón de Luz
PA,Rock Story
PA,Rookie Blue - Policías Novatos
PA,Rugrats
PA,Runtime
PA,Schitt's Creek
PA,Shockwave
PA,Sin Tetas No Hay Paraiso
PA,Smithsonian Channel Pluto TV
PA,Sony One Escape Perfecto
PA,Sony One Shark Tank México
PA,South Park - Apocalipsis
PA,South Park - Celebrities
PA,South Park - Colección Felices Fiestas
PA,South Park - Las Muertes de Kenny
PA,South Park - Lo Mejor de Cartman
PA,South Park - Lo Mejor de Kenny
PA,South Park - Lo Mejor de Kyle
PA,South Park - Lo Mejor de Stan
PA,South Park - ¡Rock & Roll!
PA,Starsky & Hutch
PA,Survivor México
PA,Susana Giménez
PA,Tastemade
PA,Tastemade Hogar
PA,Tastemade Viajes
PA,Teatrix
PA,TeleFórmula
PA,Telefe Deportes
PA,Telefe Hits
PA,Telefe Noticias
PA,Telefe Pluto TV
PA,The Ed Sullivan Show
PA,The New Detectives
PA,The Night Shift
PA,The Pet Collective
PA,The Walking Dead by AMC
PA,TikTok Radio en Español
PA,Tokusato
PA,Top Barça
PA,UFC
PA,Untold Stories of the ER
PA,VOD
PA,Vive Kanal D Drama
PA,Winx Club TV
PA,Wipeout
PA,Yo! MTV
PA,Younger
PA,Yu-Gi-Oh
PA,Z Nation
PA,Zona Investigación TV
PE,ADN40
PE,Acapulco Shore Pluto TV
PE,Adrenalina Pura TV
PE,Al Fondo Hay Sitio
PE,Al Ritmo del Jaripeo
PE,All Women's Sports Network
PE,America's Next Top Model
PE,Andromeda
PE,Archivos Extraterrestres
PE,Archivos Forenses
PE,Avatar - La Leyenda de Aang
PE,Azteca Deportes Network
PE,Azteca Uno -1 hora
PE,Azteca internacional
PE,Babar
PE,Baby Shark TV
PE,BabyFirst
PE,Backdoor
PE,Banco de Chile Stage
PE,Barney
PE,Baywatch
PE,Best of The Drew Barrymore Show
PE,Beverly Hills 90210
PE,Beyblade
PE,Bloomberg Television
PE,Bob Esponja Pantalones Cuadrados
PE,Boom
PE,Boruto - Naruto Next Generations
PE,Bromas Gags - Just for Laughs
PE,C4 en Alerta
PE,CBS News
PE,COPS
PE,CSI - Miami
PE,Canal 6 CdMx
PE,Canal Claro
PE,Captain Tsubasa
PE,Cazador de Homicidas
PE,Chilevision Contigo
PE,Chilevision Deportes
PE,Chilevision Noticias
PE,Chimenea Navideña
PE,Chiquititas
PE,Cinema
PE,Cinépolis Channel
PE,Claro Sports
PE,Claro Sports 2
PE,Claro Sports Mexico
PE,Comedy Central Pluto TV
PE,Comedy Central South Park
PE,Concert Channel
PE,Corazón
PE,Cuando los Ángeles Caen
PE,DAZN Combat
PE,DAZN Women's Football
PE,Daria
PE,Death Note
PE,Desafío Super Humanos
PE,Doc Martin
PE,Dog el cazarrecompensas
PE,Dominance FC TV
PE,"Dora, La Exploradora"
PE,Dr. G
PE,Dulce by elGourmet
PE,ESR 24/7
PE,El Encantador de Perros
PE,El Mariachi
PE,El Reino Infantil
PE,Empeños a lo bestia
PE,Enchufe.tv
PE,Estrellas de Accion
PE,Euronews Español
PE,FIFA+
PE,FUEL TV
PE,Fail Army
PE,Fashion TV
PE,Franky Mostro
PE,Got Talent Argentina
PE,Gran Hermano Chile
PE,Hawaii 5-0
PE,Hechiceras
PE,Hechizada
PE,Hells Kitchen
PE,Hermanos a la Obra
PE,Hey Arnold!
PE,Historias de Ultratumba
PE,Homeful
PE,Hunter x Hunter
PE,I Shouldn't Be Alive
PE,ITV Deportes
PE,Ice Pilots
PE,Imagen TV+
PE,Infierno Sobre Ruedas
PE,Inuyasha
PE,Iron Chef
PE,JoJo’s Bizarre Adventure
PE,Juana La Virgen
PE,Kenan y Kel
PE,LATAM AD Test 1
PE,LATAM AD Test 2
PE,LATAM AD Test 3
PE,LATAM AD Test 4
PE,LATAM AD Test 5
PE,LATAM AD Test 6
PE,LATAM AD Test 7 - Libertadores 1
PE,LATAM AD Test 8 - Libertadores 2
PE,LATAM AD Test 9 - Libertadores 3
PE,La Academia
PE,La Familia del Barrio
PE,La Liga Premier | Paramount+
PE,La Selección
PE,Las Pistas de Blue
PE,Las Tortugas Ninja
PE,Loco Por Ti
PE,Los Asesinatos de Midsomer
PE,Los Padrinos Mágicos
PE,Los Pitufos
PE,Los Tres Chiflados
PE,Los archivos del FBI
PE,Los Ángeles de Charlie
PE,Luces Navideñas
PE,Lucha Libre​ AAA
PE,MTV Animaciones
PE,MTV Biggest Pop
PE,MTV Catfish
PE,MTV Classic
PE,MTV Con Mi Ex
PE,MTV Dating - GF
PE,MTV Drag
PE,MTV EMA
PE,MTV Flow Latino
PE,MTV Halloween
PE,MTV Música Navideña
PE,MTV Pluto TV
PE,MTV Pride
PE,MTV Reality
PE,MTV Reinas del Pop
PE,MTV Ridiculousness
PE,MTV Rocks
PE,MTV Spankin' New
PE,MTV Teen Mom
PE,MTV on Tour!
PE,MacGyver
PE,Maestros de la ilusión
PE,MasterChef
PE,MasterChef Argentina
PE,MasterChef Colombia
PE,MasterChef Junior
PE,MasterChef México
PE,Mi Bella Genio
PE,Mi Coche Clásico
PE,Mi Gorda Bella
PE,Milenio Televisión
PE,Minuto Para Ganar
PE,Misterios sin Resolver
PE,Monstruos de Rio
PE,Motorvision TV
PE,Mr. Bean Animated
PE,NCIS
PE,NCIS - Lo Mejor de Tony & Ziva
PE,Naruto
PE,Naruto Shippuden
PE,NatureTime
PE,Nick Jr. Club
PE,Nick Teen
PE,Nickelodeon Clásico
PE,Nickelodeon Clásico - GF
PE,Nickelodeon Rocket Power
PE,Nickelodeon Toons
PE,Nickelodeon iCarly
PE,Nosey Escandalos
PE,Números
PE,Obsesión por los Autos
PE,One Piece
PE,PAW Patrol Patrulla de Cachorros
PE,PFL MMA
PE,PRIDEtv
PE,Paramount+ Presenta
PE,Plato del Dia by elGourmet
PE,Pluto TV A La Mexicana
PE,Pluto TV Amor y Mentiras
PE,Pluto TV Animales
PE,Pluto TV Anime
PE,Pluto TV Anime Accion
PE,Pluto TV Anime Kids
PE,Pluto TV Aventura
PE,Pluto TV Aventura​
PE,Pluto TV Ciencia
PE,Pluto TV Cine Acción
PE,Pluto TV Cine Acción - Roku
PE,Pluto TV Cine Clásico
PE,Pluto TV Cine Comedia
PE,Pluto TV Cine Crimen
PE,Pluto TV Cine Drama
PE,Pluto TV Cine Estelar
PE,Pluto TV Cine Estelar - Roku
PE,Pluto TV Cine Familia
PE,Pluto TV Cine Inspirador
PE,Pluto TV Cine Navidad
PE,Pluto TV Cine Romance​
PE,Pluto TV Cine Suspenso
PE,Pluto TV Cine Terror
PE,Pluto TV Cocina
PE,Pluto TV Competencias
PE,Pluto TV Conciertos by Stingray
PE,Pluto TV Criaturas Malditas
PE,Pluto TV Deportes
PE,Pluto TV Documentales
PE,Pluto TV Dramas Coreanos
PE,Pluto TV Dramas Coreanos Teen
PE,Pluto TV E-Sports
PE,Pluto TV España
PE,Pluto TV Fashionstream
PE,Pluto TV Filmstream
PE,Pluto TV Fútbol
PE,Pluto TV Historia
PE,Pluto TV Humor
PE,Pluto TV Investiga
PE,Pluto TV Junior
PE,Pluto TV Karaoke by Stingray
PE,Pluto TV Kids
PE,Pluto TV Mi Obsesión Favorita
PE,Pluto TV Misterios
PE,Pluto TV Misterios Medicos
PE,Pluto TV Modus Super Series Darts
PE,Pluto TV Naturaleza
PE,Pluto TV Novelas
PE,Pluto TV Novelas de Argentina
PE,Pluto TV Novelas de Brasil
PE,Pluto TV Novelas de Chile
PE,Pluto TV Novelas de Colombia
PE,Pluto TV Novelas de Mexico
PE,Pluto TV Novelas de Otros Continentes
PE,Pluto TV Novelas de Peru
PE,Pluto TV Novelas de Venezuela
PE,Pluto TV Nuestro Cine
PE,Pluto TV Paisajes by Stingray
PE,Pluto TV Peleas
PE,Pluto TV Reality
PE,Pluto TV Recetas
PE,Pluto TV Retro Cartoons
PE,Pluto TV Sci-Fi
PE,Pluto TV Series
PE,Pluto TV Series Latinas
PE,Pluto TV Series Retro
PE,Pluto TV Series de Acción
PE,Pluto TV Series de Aventura
PE,Pluto TV Series de Comedia
PE,Pluto TV Series de Crimen
PE,Pluto TV Series de Drama
PE,Pluto TV Series de Otros Continentes
PE,Pluto TV Series de Sci-Fi
PE,Pluto TV Stage
PE,Pluto TV Star Trek
PE,Pluto TV Teen
PE,Pluto TV Viajes
PE,Pluto TV Vida Real
PE,Pluto TV Hogar​
PE,Pluto TV Velocidad​
PE,Pokémon
PE,Popeye
PE,RCN Más
PE,RCN Noticias
PE,Realmadrid TV
PE,Red Bull TV
PE,Relic Hunter
PE,Reviví Gran Hermano
PE,Rincón de Luz
PE,Rock Story
PE,Rookie Blue - Policías Novatos
PE,Rugrats
PE,Runtime
PE,Schitt's Creek
PE,Shockwave
PE,Sin Tetas No Hay Paraiso
PE,Smithsonian Channel Pluto TV
PE,Sony One Escape Perfecto
PE,Sony One Shark Tank México
PE,South Park - Apocalipsis
PE,South Park - Celebrities
PE,South Park - Colección Felices Fiestas
PE,South Park - Las Muertes de Kenny
PE,South Park - Lo Mejor de Cartman
PE,South Park - Lo Mejor de Kenny
PE,South Park - Lo Mejor de Kyle
PE,South Park - Lo Mejor de Stan
PE,South Park - ¡Rock & Roll!
PE,Starsky & Hutch
PE,Survivor México
PE,Susana Giménez
PE,Tastemade
PE,Tastemade Hogar
PE,Tastemade Viajes
PE,Teatrix
PE,TeleFórmula
PE,Telefe Deportes
PE,Telefe Hits
PE,Telefe Noticias
PE,Telefe Pluto TV
PE,The Ed Sullivan Show
PE,The New Detectives
PE,The Night Shift
PE,The Pet Collective
PE,The Walking Dead by AMC
PE,TikTok Radio en Español
PE,Tokusato
PE,Top Barça
PE,UFC
PE,Untold Stories of the ER
PE,VOD
PE,Vive Kanal D Drama
PE,Winx Club TV
PE,Wipeout
PE,Yo! MTV
PE,Younger
PE,Yu-Gi-Oh
PE,Z Nation
PE,Zona Investigación TV
PY,ADN40
PY,Acapulco Shore Pluto TV
PY,Adrenalina Pura TV
PY,Al Fondo Hay Sitio
PY,Al Ritmo del Jaripeo
PY,All Women's Sports Network
PY,America's Next Top Model
PY,Andromeda
PY,Archivos Extraterrestres
PY,Archivos Forenses
PY,Avatar - La Leyenda de Aang
PY,Azteca Deportes Network
PY,Azteca Uno -1 hora
PY,Azteca internacional
PY,Babar
PY,Baby Shark TV
PY,BabyFirst
PY,Backdoor
PY,Banco de Chile Stage
PY,Barney
PY,Baywatch
PY,Best of The Drew Barrymore Show
PY,Beverly Hills 90210
PY,Beyblade
PY,Bloomberg Television
PY,Bob Esponja Pantalones Cuadrados
PY,Boom
PY,Boruto - Naruto Next Generations
PY,Bromas Gags - Just for Laughs
PY,C4 en Alerta
PY,CBS News
PY,COPS
PY,CSI - Miami
PY,Canal 6 CdMx
PY,Canal Claro
PY,Captain Tsubasa
PY,Cazador de Homicidas
PY,Chilevision Contigo
PY,Chilevision Deportes
PY,Chilevision Noticias
PY,Chimenea Navideña
PY,Chiquititas
PY,Cinema
PY,Cinépolis Channel
PY,Claro Sports
PY,Claro Sports 2
PY,Claro Sports Mexico
PY,Comedy Central Pluto TV
PY,Comedy Central South Park
PY,Concert Channel
PY,Corazón
PY,Cuando los Ángeles Caen
PY,DAZN Combat
PY,DAZN Women's Football
PY,Daria
PY,Death Note
PY,Desafío Super Humanos
PY,Doc Martin
PY,Dog el cazarrecompensas
PY,Dominance FC TV
PY,"Dora, La Exploradora"
PY,Dr. G
PY,Dulce by elGourmet
PY,ESR 24/7
PY,El Encantador de Perros
PY,El Mariachi
PY,El Reino Infantil
PY,Empeños a lo bestia
PY,Enchufe.tv
PY,Estrellas de Accion
PY,Euronews Español
PY,FIFA+
PY,FUEL TV
PY,Fail Army
PY,Fashion TV
PY,Franky Mostro
PY,Got Talent Argentina
PY,Gran Hermano Chile
PY,Hawaii 5-0
PY,Hechiceras
PY,Hechizada
PY,Hells Kitchen
PY,Hermanos a la Obra
PY,Hey Arnold!
PY,Historias de Ultratumba
PY,Homeful
PY,Hunter x Hunter
PY,I Shouldn't Be Alive
PY,ITV Deportes
PY,Ice Pilots
PY,Imagen TV+
PY,Infierno Sobre Ruedas
PY,Inuyasha
PY,Iron Chef
PY,JoJo’s Bizarre Adventure
PY,Juana La Virgen
PY,Kenan y Kel
PY,LATAM AD Test 1
PY,LATAM AD Test 2
PY,LATAM AD Test 3
PY,LATAM AD Test 4
PY,LATAM AD Test 5
PY,LATAM AD Test 6
PY,LATAM AD Test 7 - Libertadores 1
PY,LATAM AD Test 8 - Libertadores 2
PY,LATAM AD Test 9 - Libertadores 3
PY,La Academia
PY,La Familia del Barrio
PY,La Liga Premier | Paramount+
PY,La Selección
PY,Las Pistas de Blue
PY,Las Tortugas Ninja
PY,Loco Por Ti
PY,Los Asesinatos de Midsomer
PY,Los Padrinos Mágicos
PY,Los Pitufos
PY,Los Tres Chiflados
PY,Los archivos del FBI
PY,Los Ángeles de Charlie
PY,Luces Navideñas
PY,Lucha Libre​ AAA
PY,MTV Animaciones
PY,MTV Biggest Pop
PY,MTV Catfish
PY,MTV Classic
PY,MTV Con Mi Ex
PY,MTV Dating - GF
PY,MTV Drag
PY,MTV EMA
PY,MTV Flow Latino
PY,MTV Halloween
PY,MTV Música Navideña
PY,MTV Pluto TV
PY,MTV Pride
PY,MTV Reality
PY,MTV Reinas del Pop
PY,MTV Ridiculousness
PY,MTV Rocks
PY,MTV Spankin' New
PY,MTV Teen Mom
PY,MTV on Tour!
PY,MacGyver
PY,Maestros de la ilusión
PY,MasterChef
PY,MasterChef Argentina
PY,MasterChef Colombia
PY,MasterChef Junior
PY,MasterChef México
PY,Mi Bella Genio
PY,Mi Coche Clásico
PY,Mi Gorda Bella
PY,Milenio Televisión
PY,Minuto Para Ganar
PY,Misterios sin Resolver
PY,Monstruos de Rio
PY,Motorvision TV
PY,Mr. Bean Animated
PY,NCIS
PY,NCIS - Lo Mejor de Tony & Ziva
PY,Naruto
PY,Naruto Shippuden
PY,NatureTime
PY,Nick Jr. Club
PY,Nick Teen
PY,Nickelodeon Clásico
PY,Nickelodeon Clásico - GF
PY,Nickelodeon Rocket Power
PY,Nickelodeon Toons
PY,Nickelodeon iCarly
PY,Nosey Escandalos
PY,Números
PY,Obsesión por los Autos
PY,One Piece
PY,PAW Patrol Patrulla de Cachorros
PY,PFL MMA
PY,PRIDEtv
PY,Paramount+ Presenta
PY,Plato del Dia by elGourmet
PY,Pluto TV A La Mexicana
PY,Pluto TV Amor y Mentiras
PY,Pluto TV Animales
PY,Pluto TV Anime
PY,Pluto TV Anime Accion
PY,Pluto TV Anime Kids
PY,Pluto TV Aventura
PY,Pluto TV Aventura​
PY,Pluto TV Ciencia
PY,Pluto TV Cine Acción
PY,Pluto TV Cine Acción - Roku
PY,Pluto TV Cine Clásico
PY,Pluto TV Cine Comedia
PY,Pluto TV Cine Crimen
PY,Pluto TV Cine Drama
PY,Pluto TV Cine Estelar
PY,Pluto TV Cine Estelar - Roku
PY,Pluto TV Cine Familia
PY,Pluto TV Cine Inspirador
PY,Pluto TV Cine Navidad
PY,Pluto TV Cine Romance​
PY,Pluto TV Cine Suspenso
PY,Pluto TV Cine Terror
PY,Pluto TV Cocina
PY,Pluto TV Competencias
PY,Pluto TV Conciertos by Stingray
PY,Pluto TV Criaturas Malditas
PY,Pluto TV Deportes
PY,Pluto TV Documentales
PY,Pluto TV Dramas Coreanos
PY,Pluto TV Dramas Coreanos Teen
PY,Pluto TV E-Sports
PY,Pluto TV España
PY,Pluto TV Fashionstream
PY,Pluto TV Filmstream
PY,Pluto TV Fútbol
PY,Pluto TV Historia
PY,Pluto TV Humor
PY,Pluto TV Investiga
PY,Pluto TV Junior
PY,Pluto TV Karaoke by Stingray
PY,Pluto TV Kids
PY,Pluto TV Mi Obsesión Favorita
PY,Pluto TV Misterios
PY,Pluto TV Misterios Medicos
PY,Pluto TV Modus Super Series Darts
PY,Pluto TV Naturaleza
PY,Pluto TV Novelas
PY,Pluto TV Novelas de Argentina
PY,Pluto TV Novelas de Brasil
PY,Pluto TV Novelas de Chile
PY,Pluto TV Novelas de Colombia
PY,Pluto TV Novelas de Mexico
PY,Pluto TV Novelas de Otros Continentes
PY,Pluto TV Novelas de Peru
PY,Pluto TV Novelas de Venezuela
PY,Pluto TV Nuestro Cine
PY,Pluto TV Paisajes by Stingray
PY,Pluto TV Peleas
PY,Pluto TV Reality
PY,Pluto TV Recetas
PY,Pluto TV Retro Cartoons
PY,Pluto TV Sci-Fi
PY,Pluto TV Series
PY,Pluto TV Series Latinas
PY,Pluto TV Series Retro
PY,Pluto TV Series de Acción
PY,Pluto TV Series de Aventura
PY,Pluto TV Series de Comedia
PY,Pluto TV Series de Crimen
PY,Pluto TV Series de Drama
PY,Pluto TV Series de Otros Continentes
PY,Pluto TV Series de Sci-Fi
PY,Pluto TV Stage
PY,Pluto TV Star Trek
PY,Pluto TV Teen
PY,Pluto TV Viajes
PY,Pluto TV Vida Real
PY,Pluto TV Hogar​
PY,Pluto TV Velocidad​
PY,Pokémon
PY,Popeye
PY,RCN Más
PY,RCN Noticias
PY,Realmadrid TV
PY,Red Bull TV
PY,Relic Hunter
PY,Reviví Gran Hermano
PY,Rincón de Luz
PY,Rock Story
PY,Rookie Blue - Policías Novatos
PY,Rugrats
PY,Runtime
PY,Schitt's Creek
PY,Shockwave
PY,Sin Tetas No Hay Paraiso
PY,Smithsonian Channel Pluto TV
PY,Sony One Escape Perfecto
PY,Sony One Shark Tank México
PY,South Park - Apocalipsis
PY,South Park - Celebrities
PY,South Park - Colección Felices Fiestas
PY,South Park - Las Muertes de Kenny
PY,South Park - Lo Mejor de Cartman
PY,South Park - Lo Mejor de Kenny
PY,South Park - Lo Mejor de Kyle
PY,South Park - Lo Mejor de Stan
PY,South Park - ¡Rock & Roll!
PY,Starsky & Hutch
PY,Survivor México
PY,Susana Giménez
PY,Tastemade
PY,Tastemade Hogar
PY,Tastemade Viajes
PY,Teatrix
PY,TeleFórmula
PY,Telefe Deportes
PY,Telefe Hits
PY,Telefe Noticias
PY,Telefe Pluto TV
PY,The Ed Sullivan Show
PY,The New Detectives
PY,The Night Shift
PY,The Pet Collective
PY,The Walking Dead by AMC
PY,TikTok Radio en Español
PY,Tokusato
PY,Top Barça
PY,UFC
PY,Untold Stories of the ER
PY,VOD
PY,Vive Kanal D Drama
PY,Winx Club TV
PY,Wipeout
PY,Yo! MTV
PY,Younger
PY,Yu-Gi-Oh
PY,Z Nation
PY,Zona Investigación TV
SE,21 Jump Street
SE,3ICE Hockey World Cup 2026
SE,48 Hours
SE,7th Heaven
SE,AWSN
SE,Afterwork TV
SE,America's Funniest Home Videos
SE,America's Next Top Model
SE,American Pickers
SE,Andromeda
SE,Anger Management
SE,Antiques Road Trip
SE,Are You The One?
SE,Auction Hunters
SE,Auction Hunters+
SE,Avatar
SE,Avatar+
SE,Awkward
SE,BBQ Pitmasters
SE,BET
SE,Baywatch
SE,Beauty and the Beast
SE,Beavis & Butt-head
SE,Becker
SE,Bellator MMA
SE,Bes Kardes
SE,Best of Dr. Phil
SE,Best of MTV
SE,Best of Magnus Midtbø
SE,Best of Paradise Hotel - Finalveckan
SE,Best of Paradise Hotel - Kyssar & kärlek
SE,Best of Paradise Hotel - Pandoras Ask
SE,Best of Paradise Hotel - Skolveckan
SE,Best of The Drew Barrymore Show
SE,Beverly Hills 90210
SE,Big Time Rush
SE,Billiard TV
SE,Blaze och monstermaskinerna
SE,Bloomberg TV+
SE,Bondi Rescue
SE,Bridezillas
SE,Britain's Next Top Model
SE,Broad City
SE,Bubble Guppies
SE,Bull
SE,Buying Blind Denmark
SE,CBS News 24/7
SE,CNN Headlines International
SE,COPS
SE,CSI - Miami
SE,Camp Kulinaris
SE,Car Chase
SE,Caroline in the City
SE,Casual Golf
SE,Casualty 24/7
SE,Catfish - De största bedragarna
SE,Catfish+
SE,Celeb Reality
SE,Chappelle's Show
SE,Cheaters
SE,Chrysalis
SE,Clubbing TV
SE,Colors
SE,Come Dine with Me
SE,Comedy Central
SE,Comedy Central Roast
SE,Crazy Ex-Girlfriend
SE,Crime 360
SE,Crime Scene Solvers
SE,DAZN Ringside
SE,DAZN Women's Football
SE,DFB Play TV
SE,Dallas Cowboys Cheerleaders
SE,Dance Moms
SE,Dating Naked UK
SE,Dawson's Creek
SE,Desi Play TV
SE,Det stora experimentet
SE,Diagnosis Murder
SE,Doc Martin
SE,Doctor Who
SE,Doctor Who Classic
SE,Dog The Bounty Hunter
SE,Dominance FC TV
SE,Dora TV
SE,Dr. Quinn - Medicine Woman
SE,Drama från Viaplay
SE,Duck Dynasty
SE,Dynastin
SE,Døds World Championship
SE,Efterlyst
SE,Ernest goes to Pluto TV
SE,Escape to the Country
SE,Euronews
SE,Everybody Hates Chris
SE,Ex On The Beach
SE,Extreme Channel
SE,FBI Files
SE,FIFA+
SE,FailArmy
SE,Familjen Thunderman
SE,Family Ties
SE,Farscape
SE,Flashpoint
SE,Flipper - The New Adventures
SE,Forbidden Apple
SE,Forensic Files
SE,Frasier
SE,Freaks and Geeks
SE,Fredagen den 13e
SE,Friday the 13th - The TV series
SE,From Dusk Till Dawn - The Series
SE,From South Park with Love
SE,Frusna Vägar
SE,Förhäxad
SE,Gameplay - Fortnite
SE,Gameplay - Roblox
SE,Geordie Shore
SE,Ghost Dimension
SE,Gigolos
SE,Glory Kickboxing
SE,HORSE TV
SE,Happy Christmageddon
SE,Happy Days
SE,Hawaii Five-O
SE,Heimebane
SE,Hell's Kitchen
SE,Henry Danger
SE,Hercules - The Legendary Journeys
SE,Herlige Hjem
SE,Highway to Heaven
SE,Hoarders & Dirty Home Rescue
SE,Homicide Hunter
SE,Horse & Country
SE,Hot Ones
SE,House of Lies
SE,How to use Pluto TV
SE,Hunters Hemlighet
SE,Högspänning
SE,I Survived
SE,IGN
SE,IMPACT Wrestling
SE,Ice Pilots
SE,Ice Road Truckers
SE,Inazuma Eleven
SE,Inter 24/7
SE,Iron Chef
SE,JAG
SE,Jade Fever
SE,Jakt är Jakt
SE,Jersey Shore
SE,Jersey Shore Family Vacation
SE,Judge Judy
SE,Julskoj för barn
SE,Julvalpar
SE,Just Tattoo Of Us
SE,Just for Laughs GAGS
SE,Karadayi
SE,Key & Peele
SE,Kickin'it
SE,Klovn
SE,Krutrök
SE,Kungen Av Queens
SE,Kungen av Queens - På vift
SE,Kungen av Queens - Svärfar special
SE,Lassie
SE,Leprechaun
SE,Love Boat
SE,Love Island UK
SE,Love the Planet
SE,Lugn i stormen
SE,Lyxfällan
SE,Lyxfällan Danmark
SE,Lyxfällan Norge
SE,MODUS Super Series Darts
SE,MTV Biggest Pop
SE,MTV Catfish
SE,MTV Christmas Songs
SE,MTV Classic
SE,MTV Cribs
SE,MTV Dating
SE,MTV EMA
SE,MTV Flow Latino
SE,MTV Halloween
SE,MTV Hits
SE,MTV Love Music
SE,MTV Movie Hits
SE,MTV Pride - Archived
SE,MTV Queens of Pop
SE,MTV Reality
SE,MTV Ridiculousness
SE,MTV Rocks
SE,MTV Spankin' New
SE,MTV Summer Hits
SE,MTV Teen Mom
SE,MTV Thriller Night
SE,MTV Unplugged
SE,MTV on Tour!
SE,MacGyver
SE,Man with a Plan
SE,Mando Diao MTV Unplugged
SE,Mannen som talar med hundar
SE,Matlock
SE,Medium
SE,Melrose Place
SE,Merry Christmas from Viafree
SE,MinecrafTV
SE,Mission Impossible
SE,Modern Marvels
SE,Monster Jam
SE,Morden i Midsomer
SE,Motorvision
SE,My Super Sweet 16
SE,NCIS
SE,NCIS - New Orleans
SE,Nathan for you
SE,Nature Time
SE,Nick Ukraine
SE,NonStop Kung Fu
SE,Nosey
SE,Numb3rs
SE,On the Case
SE,PFL MMA
SE,PGA TOUR
SE,PRIDEtv
SE,Pacific Blue
SE,Padeltime TV
SE,Paradise
SE,Paradise Hotel
SE,Party of Five
SE,Paw Patrol
SE,Pawn Stars
SE,People are Awesome
SE,Pimp My Ride
SE,Pixel.tv
SE,Pluto TV AIK
SE,Pluto TV AIK FollowUs
SE,Pluto TV AIK Matcher vi minns
SE,Pluto TV Action
SE,Pluto TV Action+
SE,Pluto TV Alien Invasion
SE,Pluto TV Anime
SE,Pluto TV Body Bags
SE,Pluto TV Brittisk Crime & Drama
SE,Pluto TV Bud & Terence
SE,Pluto TV Buskis
SE,Pluto TV Dokumentär
SE,Pluto TV Eldstad
SE,Pluto TV Fight
SE,Pluto TV Film
SE,Pluto TV Film Noir
SE,Pluto TV Film+
SE,Pluto TV Fishing
SE,Pluto TV Hajfilmer
SE,Pluto TV Halloween för barn
SE,Pluto TV Handboll Highlights
SE,Pluto TV Handboll Live
SE,Pluto TV Harlequin
SE,Pluto TV History
SE,Pluto TV Horror
SE,Pluto TV Hus från helvetet
SE,Pluto TV Inside
SE,Pluto TV John Wayne
SE,Pluto TV Jul
SE,Pluto TV Julmys
SE,Pluto TV Juniorklubben
SE,Pluto TV K-Pop
SE,Pluto TV Komedi
SE,Pluto TV Komedi+
SE,Pluto TV Kultfilmer
SE,Pluto TV Mat
SE,Pluto TV Merhaba Turkish Drama
SE,Pluto TV Monster och demoner
SE,Pluto TV Motor
SE,Pluto TV Music
SE,Pluto TV Paranormal
SE,Pluto TV Romantik
SE,Pluto TV Sci-Fi
SE,Pluto TV Sherlock Holmes
SE,Pluto TV Slutet är nära
SE,Pluto TV Snooker 900
SE,Pluto TV Space
SE,Pluto TV Sport
SE,Pluto TV Star Trek
SE,Pluto TV Studio AIK
SE,Pluto TV Tecknade klassiker
SE,Pluto TV Tecknat
SE,Pluto TV Thrillers
SE,Pluto TV True Crime
SE,Pluto TV True Crime+
SE,Pluto TV Ungdomsserier
SE,Pluto TV Urbex
SE,Pluto TV Världskrigen
SE,Pluto TV Western
SE,Pluto TV Wild West
SE,Pluto TV loves Elvis
SE,Project Runway
SE,Punk'd
SE,Rawhide
SE,Realmadrid TV
SE,Red Shoe Diaries
SE,Renegade
SE,Reno 911
SE,Retake E-sport Live
SE,Reuters
SE,Ridiculousness - Nya avsnitt
SE,River Monsters
SE,Robot Wars by MECH+
SE,Rock Channel
SE,RuPaul's Drag Race
SE,Rules of Engagement
SE,STACCS
SE,SUMO Paris 2026
SE,Sabrina The Teenage Witch
SE,Sam & Cat
SE,Saw
SE,School of Rock
SE,Scorpion
SE,See Dad Run
SE,Siesta Key
SE,Sky News
SE,Skål
SE,Skönhetsfällan Danmark
SE,Smithsonian Channel Selects
SE,Smurfarna
SE,South Park
SE,South Park - Butters Collection
SE,South Park - Cartman Collection
SE,South Park - Holiday Collection
SE,South Park - Into the Stars
SE,South Park - Kenny Collection
SE,South Park - Kyle Collection
SE,South Park - Stan Collection
SE,South Park - The Many Deaths of Kenny
SE,South Park Armageddon
SE,South Park Halloween
SE,South Park Rockin' Out
SE,Space Live
SE,Speed Racer
SE,Spin City
SE,Star Trek - The Original Series
SE,Star Trek Movies
SE,Storage Wars
SE,Stugfixarna Norge
SE,Survivor
SE,Survivorman
SE,SvampBob Fyrkant
SE,SvampBob Fyrkant+
SE,Svenska Hollywoodfruar
SE,Svenska Truckers
SE,Svenska komediklassiker
SE,TMNT - The 90's Movies
SE,Tales from the Darkside
SE,Tareq Taylor's Nordic Cookery
SE,Tattoo Fixers
SE,Taxi
SE,Teen Wolf
SE,Tennis Channel
SE,The 4400
SE,The Daily Show
SE,The F Word
SE,The Graham Norton Show
SE,The Great Christmas Light Fight
SE,The Hills
SE,The Hills - Krossade hjärtan
SE,The Incredible Hulk
SE,The L Word
SE,The Magnificent Century - Kösem
SE,The Millers
SE,The Nanny
SE,The Nanny & Mr Sheffield - A Fine Romance
SE,The New Detectives
SE,The Only Way is Essex
SE,The Pet Collective
SE,The Shores
SE,The Twilight Zone
SE,The Wild Wild West
SE,Tidlösa klassiker från Viafree
SE,Top Barça
SE,Top Gear
SE,Top Gear - Actors & Rockstars
SE,Top Gear - Fastest and Slowest Lap
SE,Top Gear - New Crew
SE,Top Gear - Racing Icons
SE,Top Gear Challenge
SE,Top Gear Classics
SE,Top Gear Road Trips
SE,Tosh.0
SE,Totally Turtles
SE,Triton Poker
SE,Trucking Hell
SE,True crime från Viaplay
SE,UFC
SE,Ultimate Classic Wrestling
SE,Unbeaten Sports
SE,Undercover Boss USA
SE,Unga Mammor
SE,Unsolved Mysteries
SE,VOD
SE,Viafree Movies
SE,Victorious
SE,Våra bästa år
SE,Våra värsta år
SE,Våra värsta år - Jul med familjen Bundy
SE,Walker Texas Ranger
SE,Wildfire
SE,Wings
SE,Wired2Fish TV
SE,Women of Wrestling
SE,World Poker Tour
SE,World of Love Island
SE,Xena - Warrior Princess
SE,Yo! MTV
SE,Yo! MTV Raps Classic
SE,Yu-Gi-Oh!
SE,Zoey 101
SE,iCarly
SE,iCarly+
SV,ADN40
SV,Acapulco Shore Pluto TV
SV,Adrenalina Pura TV
SV,Al Fondo Hay Sitio
SV,Al Ritmo del Jaripeo
SV,All Women's Sports Network
SV,America's Next Top Model
SV,Andromeda
SV,Archivos Extraterrestres
SV,Archivos Forenses
SV,Avatar - La Leyenda de Aang
SV,Azteca Deportes Network
SV,Azteca Deportes Premium
SV,Azteca Uno -1 hora
SV,Azteca internacional
SV,Babar
SV,Baby Shark TV
SV,BabyFirst
SV,Backdoor
SV,Banco de Chile Stage
SV,Barney
SV,Baywatch
SV,Best of The Drew Barrymore Show
SV,Beverly Hills 90210
SV,Beyblade
SV,Bloomberg Television
SV,Bob Esponja Pantalones Cuadrados
SV,Boom
SV,Boruto - Naruto Next Generations
SV,Bromas Gags - Just for Laughs
SV,C4 en Alerta
SV,CBS News
SV,COPS
SV,CSI - Miami
SV,Canal 6 CdMx
SV,Canal Claro
SV,Captain Tsubasa
SV,Cazador de Homicidas
SV,Chilevision Contigo
SV,Chilevision Deportes
SV,Chilevision Noticias
SV,Chimenea Navideña
SV,Chiquititas
SV,Cinema
SV,Cinépolis Channel
SV,Claro Sports
SV,Claro Sports 2
SV,Claro Sports Mexico
SV,Comedy Central Pluto TV
SV,Comedy Central South Park
SV,Concert Channel
SV,Corazón
SV,Cuando los Ángeles Caen
SV,DAZN Combat
SV,DAZN Women's Football
SV,Daria
SV,Death Note
SV,Desafío Super Humanos
SV,Doc Martin
SV,Dog el cazarrecompensas
SV,Dominance FC TV
SV,"Dora, La Exploradora"
SV,Dr. G
SV,Dulce by elGourmet
SV,ESR 24/7
SV,El Encantador de Perros
SV,El Mariachi
SV,El Reino Infantil
SV,Empeños a lo bestia
SV,Enchufe.tv
SV,Estrellas de Accion
SV,Euronews Español
SV,FIFA+
SV,FUEL TV
SV,Fail Army
SV,Fashion TV
SV,Franky Mostro
SV,Got Talent Argentina
SV,Gran Hermano Chile
SV,Hawaii 5-0
SV,Hechiceras
SV,Hechizada
SV,Hells Kitchen
SV,Hermanos a la Obra
SV,Hey Arnold!
SV,Historias de Ultratumba
SV,Homeful
SV,Hunter x Hunter
SV,I Shouldn't Be Alive
SV,ITV Deportes
SV,Ice Pilots
SV,Imagen TV+
SV,Infierno Sobre Ruedas
SV,Inuyasha
SV,Iron Chef
SV,JoJo’s Bizarre Adventure
SV,Juana La Virgen
SV,Kenan y Kel
SV,LATAM AD Test 1
SV,LATAM AD Test 2
SV,LATAM AD Test 3
SV,LATAM AD Test 4
SV,LATAM AD Test 5
SV,LATAM AD Test 6
SV,LATAM AD Test 7 - Libertadores 1
SV,LATAM AD Test 8 - Libertadores 2
SV,LATAM AD Test 9 - Libertadores 3
SV,La Academia
SV,La Familia del Barrio
SV,La Liga Premier | Paramount+
SV,La Selección
SV,Las Pistas de Blue
SV,Las Tortugas Ninja
SV,Loco Por Ti
SV,Los Asesinatos de Midsomer
SV,Los Padrinos Mágicos
SV,Los Pitufos
SV,Los Tres Chiflados
SV,Los archivos del FBI
SV,Los Ángeles de Charlie
SV,Luces Navideñas
SV,Lucha Libre​ AAA
SV,MTV Animaciones
SV,MTV Biggest Pop
SV,MTV Catfish
SV,MTV Classic
SV,MTV Con Mi Ex
SV,MTV Dating - GF
SV,MTV Drag
SV,MTV EMA
SV,MTV Flow Latino
SV,MTV Halloween
SV,MTV Música Navideña
SV,MTV Pluto TV
SV,MTV Pride
SV,MTV Reality
SV,MTV Reinas del Pop
SV,MTV Ridiculousness
SV,MTV Rocks
SV,MTV Spankin' New
SV,MTV Teen Mom
SV,MTV on Tour!
SV,MacGyver
SV,Maestros de la ilusión
SV,MasterChef
SV,MasterChef Argentina
SV,MasterChef Colombia
SV,MasterChef Junior
SV,MasterChef México
SV,Mi Bella Genio
SV,Mi Coche Clásico
SV,Mi Gorda Bella
SV,Milenio Televisión
SV,Minuto Para Ganar
SV,Misterios sin Resolver
SV,Monstruos de Rio
SV,Motorvision TV
SV,Mr. Bean Animated
SV,NCIS
SV,NCIS - Lo Mejor de Tony & Ziva
SV,Naruto
SV,Naruto Shippuden
SV,NatureTime
SV,Nick Jr. Club
SV,Nick Teen
SV,Nickelodeon Clásico
SV,Nickelodeon Clásico - GF
SV,Nickelodeon Rocket Power
SV,Nickelodeon Toons
SV,Nickelodeon iCarly
SV,Nosey Escandalos
SV,Números
SV,Obsesión por los Autos
SV,One Piece
SV,PAW Patrol Patrulla de Cachorros
SV,PFL MMA
SV,PRIDEtv
SV,Paramount+ Presenta
SV,Plato del Dia by elGourmet
SV,Pluto TV A La Mexicana
SV,Pluto TV Amor y Mentiras
SV,Pluto TV Animales
SV,Pluto TV Anime
SV,Pluto TV Anime Accion
SV,Pluto TV Anime Kids
SV,Pluto TV Aventura
SV,Pluto TV Aventura​
SV,Pluto TV Ciencia
SV,Pluto TV Cine Acción
SV,Pluto TV Cine Acción - Roku
SV,Pluto TV Cine Clásico
SV,Pluto TV Cine Comedia
SV,Pluto TV Cine Crimen
SV,Pluto TV Cine Drama
SV,Pluto TV Cine Estelar
SV,Pluto TV Cine Estelar - Roku
SV,Pluto TV Cine Familia
SV,Pluto TV Cine Inspirador
SV,Pluto TV Cine Navidad
SV,Pluto TV Cine Romance​
SV,Pluto TV Cine Suspenso
SV,Pluto TV Cine Terror
SV,Pluto TV Cocina
SV,Pluto TV Competencias
SV,Pluto TV Conciertos by Stingray
SV,Pluto TV Criaturas Malditas
SV,Pluto TV Deportes
SV,Pluto TV Documentales
SV,Pluto TV Dramas Coreanos
SV,Pluto TV Dramas Coreanos Teen
SV,Pluto TV E-Sports
SV,Pluto TV España
SV,Pluto TV Fashionstream
SV,Pluto TV Filmstream
SV,Pluto TV Fútbol
SV,Pluto TV Historia
SV,Pluto TV Humor
SV,Pluto TV Investiga
SV,Pluto TV Junior
SV,Pluto TV Karaoke by Stingray
SV,Pluto TV Kids
SV,Pluto TV Mi Obsesión Favorita
SV,Pluto TV Misterios
SV,Pluto TV Misterios Medicos
SV,Pluto TV Modus Super Series Darts
SV,Pluto TV Naturaleza
SV,Pluto TV Novelas
SV,Pluto TV Novelas de Argentina
SV,Pluto TV Novelas de Brasil
SV,Pluto TV Novelas de Chile
SV,Pluto TV Novelas de Colombia
SV,Pluto TV Novelas de Mexico
SV,Pluto TV Novelas de Otros Continentes
SV,Pluto TV Novelas de Peru
SV,Pluto TV Novelas de Venezuela
SV,Pluto TV Nuestro Cine
SV,Pluto TV Paisajes by Stingray
SV,Pluto TV Peleas
SV,Pluto TV Reality
SV,Pluto TV Recetas
SV,Pluto TV Retro Cartoons
SV,Pluto TV Sci-Fi
SV,Pluto TV Series
SV,Pluto TV Series Latinas
SV,Pluto TV Series Retro
SV,Pluto TV Series de Acción
SV,Pluto TV Series de Aventura
SV,Pluto TV Series de Comedia
SV,Pluto TV Series de Crimen
SV,Pluto TV Series de Drama
SV,Pluto TV Series de Otros Continentes
SV,Pluto TV Series de Sci-Fi
SV,Pluto TV Stage
SV,Pluto TV Star Trek
SV,Pluto TV Teen
SV,Pluto TV Viajes
SV,Pluto TV Vida Real
SV,Pluto TV Hogar​
SV,Pluto TV Velocidad​
SV,Pokémon
SV,Popeye
SV,RCN Más
SV,RCN Noticias
SV,Realmadrid TV
SV,Red Bull TV
SV,Relic Hunter
SV,Reviví Gran Hermano
SV,Rincón de Luz
SV,Rock Story
SV,Rookie Blue - Policías Novatos
SV,Rugrats
SV,Runtime
SV,Schitt's Creek
SV,Shockwave
SV,Sin Tetas No Hay Paraiso
SV,Smithsonian Channel Pluto TV
SV,Sony One Escape Perfecto
SV,Sony One Shark Tank México
SV,South Park - Apocalipsis
SV,South Park - Celebrities
SV,South Park - Colección Felices Fiestas
SV,South Park - Las Muertes de Kenny
SV,South Park - Lo Mejor de Cartman
SV,South Park - Lo Mejor de Kenny
SV,South Park - Lo Mejor de Kyle
SV,South Park - Lo Mejor de Stan
SV,South Park - ¡Rock & Roll!
SV,Starsky & Hutch
SV,Survivor México
SV,Susana Giménez
SV,Tastemade
SV,Tastemade Hogar
SV,Tastemade Viajes
SV,Teatrix
SV,TeleFórmula
SV,Telefe Deportes
SV,Telefe Hits
SV,Telefe Noticias
SV,Telefe Pluto TV
SV,The Ed Sullivan Show
SV,The New Detectives
SV,The Night Shift
SV,The Pet Collective
SV,The Walking Dead by AMC
SV,TikTok Radio en Español
SV,Tokusato
SV,Top Barça
SV,UFC
SV,Untold Stories of the ER
SV,VOD
SV,Vive Kanal D Drama
SV,Winx Club TV
SV,Wipeout
SV,Yo! MTV
SV,Younger
SV,Yu-Gi-Oh
SV,Z Nation
SV,Zona Investigación TV
UK,1 vs 100
UK,10 Years Younger
UK,16 & Pregnant
UK,21 Jump Street
UK,3ICE Hockey World Cup 2026
UK,48 Hours
UK,5 Bargain Loving Brits
UK,5 Christmas
UK,5 Cops
UK,5 Cops+
UK,5 Crime
UK,5 Cruising with Jane McDonald
UK,5 Destination Britain
UK,5 Dogs Behaving Badly
UK,5 Emergency Rescue
UK,5 Exploring Britain
UK,5 Exploring Britain+
UK,5 GP's
UK,5 Gp's+
UK,5 History
UK,5 Police Interceptors
UK,5 Trucking Hell
UK,5 Yorkshire Vet
UK,5 on Pluto TV
UK,5Medical
UK,60 Days In Jail
UK,7th Heaven
UK,A Haunting
UK,AMC Reality
UK,AWSN
UK,Ad Ops Test Channel 2
UK,Advent Calendar
UK,Advertising Test Channel
UK,Aftershock
UK,America's Funniest Home Videos - Holiday Edition
UK,America's Next Top Model
UK,Andromeda
UK,Anime All Day
UK,Anthony Bourdain - Parts Unknown
UK,Antiques Road Trip
UK,Arthur
UK,Auction Hunters
UK,Auction Kings
UK,Avatar
UK,Awesomeness TV
UK,BBQ Pitmasters
UK,BET Pluto TV
UK,Bake with Anna Olson
UK,Barney & Friends
UK,Baywatch
UK,Beauty and the Geek
UK,Best of Dr. Phil
UK,Best of Drew Barrymore Show
UK,Beverly Hillbillies
UK,Beverly Hills 90210
UK,Beyond Belief - Fact or Fiction
UK,Bionic Woman
UK,Bitten
UK,Bloodline Detectives
UK,Bloomberg TV+
UK,Bob the Builder
UK,Bondi Rescue
UK,Bridezillas
UK,Bringing up Bates
UK,Britain's Next Top Model
UK,British Screen Classics
UK,CBS News 24/7
UK,CNN Headlines International
UK,CNNi
UK,COPS
UK,CSI - Crime Scene Investigation
UK,CSI - Miami
UK,CSI - New York
UK,Cagney & Lacey
UK,Car Chase
UK,Cash In The Attic
UK,Catfish
UK,Catfish UK
UK,Catfish+
UK,Chaos On Cam
UK,Charlie's Angels
UK,Cheaters
UK,Cheddar News
UK,Christmas Classics
UK,Clubbing TV
UK,Combat Go
UK,Come Dine With Me
UK,Confess by Nosey
UK,Corner Gas
UK,Crime Investigation Australia
UK,Crime scene solvers
UK,Crimes That Shook Britain
UK,Criminal Confessions
UK,Curzon
UK,DAZN Ringside
UK,DAZN Women's Football
UK,DP World Tour
UK,DRM Test Channel 1 GB
UK,DRM Test Channel 2 GB
UK,Deadly Women
UK,Deal Masters
UK,Degrassi - Next Gen
UK,Desi Play TV
UK,Dinner Date
UK,Dog The Bounty Hunter
UK,Dog Vs Duck
UK,Dog Whisperer
UK,Dominance FC TV
UK,Duck Dynasty
UK,Duck Dynasty - Duplicate
UK,Dynasty
UK,ESR 24/7
UK,Earth - Final Conflict
UK,Eggheads
UK,Escape To The Country
UK,Euronews
UK,European League of Football TV
UK,Evidence of Evil
UK,Extreme American Homes
UK,Extreme Channel
UK,FBI Files
UK,FIFA+
UK,FUEL TV
UK,FailArmy
UK,Family Ties
UK,Farscape
UK,Fear Factor
UK,Fifth Gear
UK,Fireplace
UK,Flashpoint
UK,Forensic Files
UK,Full Custom Garage
UK,Funnier AF
UK,Funny AF
UK,Garfield & Friends
UK,Geordie Shore
UK,Get.factual
UK,Ghost Dimension
UK,Ghost Hunters
UK,Ghostly Encounters
UK,Girlfriends
UK,Glory Kickboxing
UK,Great British Menu
UK,Greatest Hits
UK,Gunsmoke
UK,Gusto TV
UK,Hart to Hart
UK,Haunt TV
UK,Hawaii Five-O
UK,He-Man & the Masters of the Universe
UK,Hell's Kitchen
UK,Hercules - The Legendary Journeys
UK,Highway to Heaven
UK,History Hunters
UK,Hoarders
UK,Holiday Lights
UK,Hollywood Weapons
UK,Homes Under the Hammer
UK,Homicide Hunter
UK,Homicide Hunter+
UK,Hot Ones
UK,Hot in Cleveland
UK,How To Use Pluto TV
UK,Hunter
UK,I Survived…
UK,IGN
UK,Ice Pilots
UK,Ice Road Truckers
UK,Icons Unearthed+
UK,Inside Crime
UK,Insight TV
UK,Inspector Gadget
UK,Introuble
UK,Inwonder
UK,Iron Chef
UK,Ironside
UK,It's a Wonderful Life
UK,JAG
UK,Johnny Carson TV
UK,Judge Judy
UK,Judge Nosey
UK,Just for Laughs GAGS
UK,Justified
UK,Kim's Convenience
UK,LADBible
UK,Leprechaun
UK,Little Baby Bum
UK,Location location location
UK,Loupe
UK,Love After Lock Up
UK,Love Drama
UK,Love Pets
UK,MODUS Super Series Darts
UK,MST3K
UK,MTV - Best Of
UK,MTV Biggest Pop
UK,MTV Catfish
UK,MTV Christmas
UK,MTV Classic
UK,MTV EMA
UK,MTV Flow Latino
UK,MTV Geordie Shore
UK,MTV Halloween
UK,MTV Love
UK,MTV Movie Hits
UK,MTV Pluto TV
UK,MTV Pluto TV - Xiaomi
UK,MTV Pride
UK,MTV Queens of Pop
UK,MTV Reality
UK,MTV Rocks
UK,MTV Spankin' New
UK,MTV Summer Hits
UK,MTV Teen Mom
UK,MTV Thriller Night
UK,MTV on Tour!
UK,MacGyver
UK,Mad Men
UK,Mario vs. Sonic
UK,Married with Children
UK,Master Chef Australila
UK,Matlock
UK,Mayday Air Disaster
UK,McLeod's Daughters
UK,Medical Detectives
UK,Medium
UK,Meet Marry Murder
UK,Melrose Place
UK,Milkshake
UK,Million Dollar Listings
UK,MinecrafTV
UK,Mission Impossible
UK,Mob Wives
UK,Moesha
UK,Mona The Vampire
UK,Monkey
UK,Monster Jam
UK,Moonbug Kids
UK,More 48 Hours
UK,More TV Crime
UK,More TV Sci-fi
UK,More TV Sitcoms
UK,Morphle
UK,Most Haunted
UK,Most Haunted - Unseen
UK,Motorvision TV
UK,Moviesphere
UK,Murdertown
UK,Mutant X
UK,My Strange Addiction
UK,Mystery TV
UK,Mythbusters
UK,Mythbusters+
UK,Nature Time
UK,Naturescape
UK,New Life in the Sun
UK,NextUp LIVE Comedy Channel
UK,Ninja Warrior
UK,Northern Exposure
UK,Nosey
UK,Now Rock - Test
UK,Numbers
UK,On the Case
UK,Operation Repo
UK,Outback Truckers
UK,PAW Patrol
UK,PGA TOUR
UK,POP
UK,POP UP
UK,PRIDEtv
UK,Pacific Blue
UK,Paranormal Quest
UK,Paranormal State
UK,Party of Five
UK,Pensacola - Wings of Gold
UK,People are Awesome
UK,Pimp my Ride
UK,Pluto TV 80's Action
UK,Pluto TV 80's Horror
UK,Pluto TV 80s VS 90s
UK,Pluto TV Action
UK,Pluto TV Action - Xiaomi
UK,Pluto TV Action Sports
UK,Pluto TV Action+
UK,Pluto TV Adventure
UK,Pluto TV Alien Invasion
UK,Pluto TV American True Crime
UK,Pluto TV Animals
UK,Pluto TV Animals+
UK,Pluto TV Animation
UK,Pluto TV Bad Romance
UK,Pluto TV Big Builds
UK,Pluto TV Britain At War
UK,Pluto TV Britpocalypse
UK,Pluto TV Cats 24/7
UK,Pluto TV Christmas
UK,Pluto TV Christmas in Summer
UK,Pluto TV Classic Movies
UK,Pluto TV Classic TV
UK,Pluto TV Classic TV+
UK,Pluto TV Comedy Drama
UK,Pluto TV Comedy Movies
UK,Pluto TV Conspiracy
UK,Pluto TV Conspiracy+
UK,Pluto TV Cookalong
UK,Pluto TV Cops & Convicts
UK,Pluto TV Creature Features
UK,Pluto TV Crime
UK,Pluto TV Crime Drama
UK,Pluto TV Crime Thrillers
UK,Pluto TV Crime+
UK,Pluto TV Cult Films
UK,Pluto TV Disaster Movies
UK,Pluto TV Documentaries
UK,Pluto TV Dogs
UK,Pluto TV Drama
UK,Pluto TV Drama+
UK,Pluto TV Erotica
UK,Pluto TV Explore
UK,Pluto TV Extreme Health
UK,Pluto TV Family Movie Club
UK,Pluto TV Family+
UK,Pluto TV Fantasy & Horror
UK,Pluto TV Fight
UK,Pluto TV Fishing
UK,Pluto TV Food
UK,Pluto TV Food+
UK,Pluto TV Gaming Heroes
UK,Pluto TV Great British Drama
UK,Pluto TV HER
UK,Pluto TV Halloween
UK,Pluto TV Health
UK,Pluto TV History
UK,Pluto TV Home
UK,Pluto TV Horror
UK,Pluto TV Hot Summer Nights
UK,Pluto TV Indies
UK,Pluto TV Inside
UK,Pluto TV Inside+
UK,Pluto TV Investigation
UK,Pluto TV K-Drama
UK,Pluto TV K-Pop
UK,Pluto TV Kids
UK,Pluto TV Kids Animation
UK,Pluto TV Kids Halloween
UK,Pluto TV Kids Learn
UK,Pluto TV Luxury Listings
UK,Pluto TV Masters of Horror
UK,Pluto TV Mistletoe
UK,Pluto TV More Movies
UK,Pluto TV Motor
UK,Pluto TV Motor+
UK,Pluto TV Movies
UK,Pluto TV Movies+
UK,Pluto TV Music
UK,Pluto TV Nature
UK,Pluto TV Paranormal
UK,Pluto TV Paranormal+
UK,Pluto TV PetrolHeads
UK,Pluto TV Pets
UK,Pluto TV Pride
UK,Pluto TV Reality
UK,Pluto TV Retro Drama
UK,Pluto TV Retro Drama+
UK,Pluto TV Retro Toons
UK,Pluto TV Romance
UK,Pluto TV Romance+
UK,Pluto TV Royalty
UK,Pluto TV SOS
UK,Pluto TV Sci-Fi
UK,Pluto TV Sci-Fi - Xiaomi
UK,Pluto TV Sci-Fi Series
UK,Pluto TV Science
UK,Pluto TV Series
UK,Pluto TV Sherlock
UK,Pluto TV Sitcoms
UK,Pluto TV Slasher Movies
UK,Pluto TV Snooker 900
UK,Pluto TV Space
UK,Pluto TV Sports
UK,Pluto TV Sports+
UK,Pluto TV Stand Up
UK,Pluto TV Star Trek - Discovery
UK,Pluto TV Stateside Drama
UK,Pluto TV Surf
UK,Pluto TV The Grapevine
UK,Pluto TV Thrillers
UK,Pluto TV Tough Jobs
UK,Pluto TV Trash To Cash
UK,Pluto TV Travel
UK,Pluto TV Weddings
UK,Pluto TV Westerns
UK,Pluto TV Wildest Adventures
UK,Pluto TV World
UK,Pointless
UK,Pokemon
UK,PokerGo
UK,Police Women
UK,Project Runway
UK,Property Brothers
UK,Punk'd
UK,QA-Channel
UK,Rally TV
UK,Rawhide
UK,Realmadrid TV
UK,Relative Justice
UK,Relic Hunter
UK,Renegade
UK,Reuters
UK,RiffTrax
UK,Rig TV
UK,Riptide
UK,Rise of the Footsoldier
UK,River Monsters
UK,Robot Wars by MECH+
UK,Rookie Blue
UK,Rugby Pass TV
UK,Rules Of Engagement
UK,SUMO Paris 2026
UK,Sabrina Teenage Witch
UK,Sabrina The Teenage Witch
UK,Sarah's House
UK,Saw
UK,Say Yes To The Dress
UK,Scorpion
UK,Secret Dealers
UK,Sensing Murder
UK,She-Ra and the Princesses of Power
UK,Shockwave
UK,Simple Life
UK,Sister Sister
UK,Six Million Dollar Man
UK,Sky News
UK,Slow TV
UK,So Real
UK,South Park
UK,SpongeBob SquarePants
UK,StarTalk TV
UK,Starsky and Hutch / The Shield
UK,Strong Man
UK,Sunset Beach
UK,Super Mario Bros.
UK,Supersize vs Super Skinny
UK,Survivorman
UK,TMNT - The 90's Movies
UK,TRT World
UK,Tastemade
UK,Tattoo Fixers
UK,Taxi
UK,Teen Mom
UK,Teen Mom UK
UK,Teletubbies
UK,Tennis Channel
UK,Test Channel
UK,That 60's
UK,That Peter Crouch Podcast
UK,That's 70s
UK,That's 80s
UK,That's 90s00s
UK,That's Rock
UK,The Asylum Channel
UK,The Bold & The Beautiful
UK,The Challenge
UK,The Crystal Maze
UK,The Dick Van Dyke Show
UK,The Ed Sullivan Show
UK,The Graham Norton Show
UK,The Great Christmas Light Fight
UK,The Hotel Inspector
UK,The Hunger Games
UK,The Incredible Hulk
UK,The Lost World
UK,The Love Boat
UK,The Nanny
UK,The New Detectives
UK,The Night Shift
UK,The Pet Collective
UK,The Pink Panther
UK,The Raccoons
UK,The Real Housewives
UK,The Smurfs
UK,The Therapy Crouch
UK,The Yellow Couch with Jeremy Lynch
UK,Tiny Pop
UK,Top Chef
UK,Top Million Dollar Agent
UK,Totally Turtles
UK,Touched by an Angel
UK,Transformers
UK,True Crime Now
UK,True Crime UK
UK,Truly
UK,Twilight Saga
UK,Twin Peaks
UK,U&Laughs
UK,U&Real Heroes
UK,U&The Past
UK,U&Transport
UK,UEFA TEST UK
UK,UFC
UK,UK Xiaomi Test 2026
UK,Unbeaten ESports
UK,Undercover Boss Global
UK,Unsolved Mysteries
UK,Unsolved Mysteries with Dennis Farina
UK,VOD
UK,Voltron
UK,Voyager Documentaries
UK,Wahlburgers
UK,Wardens
UK,Wedding SOS
UK,Weird or What? With William Shatner
UK,When Calls The Heart
UK,Whose Line Is It Anyway?
UK,Wicked Tuna
UK,Wild at Heart
UK,Wipeout
UK,World Poker Tour
UK,World War TV
UK,World's Greatest
UK,Worst Cooks in America
UK,Wrestling Legends TV
UK,Xena - Warrior Princess
UK,Yo! MTV
UK,Yo! MTV Raps Classic
UK,Yu-Gi-Oh!
US,00s Replay
US,2010  Live Stream Test
US,2011 Live Stream Test
US,2012 Live Stream Test
US,2013 Live Stream Test
US,2014 Live Stream Test
US,2015 Live Stream Test
US,2016 Live Stream Test
US,2016-2 Live Stream Test
US,2016_2 Live Stream Test
US,2017 Live Stream Test
US,2018 Live Stream Test
US,2019 Live Stream Test
US,2020 Live Stream Test
US,3000 Live Stream Test
US,3001 Live Stream Test
US,3002 Live Stream Test
US,3003 Live Stream Test
US,3004 Live Stream Test
US,3005 Live Stream Test
US,3006 Live Stream Test
US,3007 Live Stream Test
US,3008 Live Stream Test
US,3009 Live Stream Test
US,3010 Live Stream Test
US,3021 SIM TEST
US,3022 SIM TEST
US,3023 SIM TEST
US,3024 SIM TEST
US,3025 SIM TEST
US,3026 SIM TEST
US,3027 SIM TEST
US,3028 SIM TEST
US,3029 SIM TEST
US,3030 SIM TEST
US,3031 SIM TEST
US,3032 SIM TEST
US,3033 SIM TEST
US,3034 SIM TEST
US,3035 SIM TEST
US,3036 SIM TEST
US,3037 SIM TEST
US,3038 SIM TEST
US,3039 SIM TEST
US,3040 SIM TEST
US,3041 SIM TEST
US,3042 SIM TEST
US,3043 SIM TEST
US,3044 SIM TEST
US,3045 SIM TEST
US,3046 SIM TEST
US,3047 SIM TEST
US,3048 SIM TEST
US,3049 SIM TEST
US,3050 SIM TEST
US,48 Hours
US,4UV
US,50 Cent Action
US,60 Minutes
US,70s Cinema
US,80s Rewind
US,90's Kids
US,90s Kids TV 2
US,90s Throwback
US,ABC News Live
US,AFV TV
US,ALLBLK Gems
US,AMC en EspaÃ±ol
US,AMC en español
US,ANIME x HIDIVE
US,AWE Encore
US,AWSN
US,Acapulco Shore
US,Acapulco Shore 2
US,Action Drama
US,Action News Jax NOW
US,Ad Load Tuning Test 1
US,Ad Load Tuning Test 2
US,Ad Load Tuning Test 3
US,Ad Ops
US,Ad Ops Test Channel 2
US,AdOps TEST Channel
US,AdOps TEST Channel 2
US,Adventure TV
US,Alien Nation by DUST
US,All News
US,All Reality WE tv
US,Always Funny
US,Always Funny Videos
US,Amantes del romance
US,America's Funniest Home Videos
US,America's Next Top Model
US,America's Test Kitchen
US,America's Voice
US,America's Voice News
US,American Crimes
US,American Gladiators
US,Ancient Aliens
US,Andy Griffith HISENSE TEST Channel
US,Anime All Ages
US,Anime All Day
US,Anime on Verizon
US,Antiques Road Trip
US,Antiques Roadshow UK
US,Are You Smarter Than A 5th Grader
US,AspireTV Life
US,AspireTV Life 2
US,Audio Description VLL Test 1
US,Audio Description VLL Test 2
US,Awesomeness TV
US,BBC Earth
US,BBC Food
US,BBC Home & Garden
US,BBC Kids
US,BBC News
US,BET Cinema
US,BET Classics
US,BET Comedy Movies
US,BET Her
US,BET Her 2
US,BET Holiday Movies
US,BET Pluto TV
US,BET Pluto TV 2
US,BET PlutoTV 2
US,BET Throwbacks
US,BET Visionaries
US,BET x Tyler Perry Comedy
US,BET x Tyler Perry Comedy 2
US,BET x Tyler Perry Drama
US,BET x Tyler Perry Drama 2
US,BUZZR
US,Baby Shark TV
US,Bad Girls Club
US,Badass novelas
US,Bar Rescue
US,Battlestar Galactica
US,Baywatch
US,Beach Day
US,Bebecito Bum y sus amigos
US,Bellator MMA
US,Best of Bobby Flay by Food Network
US,Best of Dr. Phil
US,Best of The Drew Barrymore Show
US,Beverly Hillbillies
US,Beverly Hills 90210
US,Beyond the Gates
US,Beyond the Gates 2
US,Big A Anime
US,Big Brother
US,Big Brother 2
US,Big Brother Camera 1
US,Big Brother Camera 2
US,Big Brother Camera 3
US,Big Brother Camera 4
US,Big Brother Quad View
US,Big Sky Conference
US,Big Sky Conference Live
US,Black Cinema 2
US,Black Classics 2
US,Black Family Sitcoms
US,Black Ink Crew
US,Black News Channel
US,Black Throwbacks 2
US,Black Visionaries 2
US,Blaze Live
US,Bloomberg TV+
US,Blue Bloods
US,Bodas+
US,Bonanza
US,Boruto: Naruto Next Generations
US,Bosch
US,Boston 25
US,Bounce XL
US,Bounce XL 2
US,Bravo Vault
US,BritBox Mysteries
US,British Comedy
US,British Drama
US,CBS LA
US,CBS New Detroit
US,CBS News 24/7
US,CBS News Atlanta
US,CBS News Atlanta 2
US,CBS News Baltimore
US,CBS News Baltimore 2
US,CBS News Bay Area
US,CBS News Bay Area 2
US,CBS News Boston
US,CBS News Boston (Local)
US,CBS News Boston 2
US,CBS News Chicago
US,CBS News Chicago 2
US,CBS News Colorado
US,CBS News Colorado 2
US,CBS News Detroit
US,CBS News Detroit 2
US,CBS News Los Angeles
US,CBS News Los Angeles 2
US,CBS News Miami
US,CBS News Miami 2
US,CBS News Minnesota
US,CBS News New York
US,CBS News New York 2
US,CBS News Philadelphia
US,CBS News Philadelphia 2
US,CBS News Pittsburgh
US,CBS News Pittsburgh 2
US,CBS News Sacramento
US,CBS News Sacramento 2
US,CBS News Spotlight
US,CBS News Texas
US,CBS News Texas 2
US,CBS Sports HQ
US,CBS Sunday Morning
US,CBS en español
US,CBSN Minnesota 2
US,CBSNLA
US,CMT Equal Play
US,CMT Pluto TV
US,CMT Pluto TV 2
US,CNET
US,CNN Headlines
US,CNN Noticias
US,CNN Originals
US,COPS
US,CSI
US,CSI Miami
US,CSI Miami en EspaÃ±ol
US,CSI Miami en español
US,CSI NY
US,CSI NY en español
US,CSI New York
US,CSI en espaÃ±ol
US,CSI en español
US,CSI: Boston 25
US,CSI: KIRO Seattle 24/7
US,CSI: WFTV NOW
US,CSI: WSOC NOW
US,CW Presents WWE NXT
US,Car Chase
US,Casos de la Dra. Polo
US,Casos de la Dra. Polo 2
US,Cats 24/7
US,Champions League Goals
US,Charmed
US,Chassy
US,Cheaters
US,Cheddar
US,Cheers
US,Chef vs Chef by Food Network
US,Chip & Jo: Feels Like Home by Magnolia Network
US,Choppertown
US,Cine ClÃ¡sico
US,Cine Clásico
US,Cine Crimen
US,Cine Estellar
US,Cine Navideño
US,Cine Premiere
US,Cine XOXO
US,Cine adrenalina
US,Cine en español
US,Cine en español 2
US,Cine navideño en julio
US,Cine terror
US,Cine ¡¡jaja!!
US,Cine Â¡Â¡jaja!!
US,Circle Country
US,Classic Movie Westerns
US,Classic Movie Westerns 2
US,Classic Movies Channel
US,Classic Movies Channel 2
US,Classic TV Comedy
US,Classic TV Crime Drama
US,Classic TV Drama
US,Classic TV Dramas
US,Classic TV Variety
US,Classic TV: Families
US,Classic Toons TV
US,Classica
US,Closed Caption Test 2
US,Cold Case Files
US,Cold Case Files by A&E
US,Combate World
US,Comedy Central Animation
US,Comedy Central Pluto TV
US,Comedy Central Pluto TV 2
US,Comedy Central en español
US,Comedy Central en español 2
US,Complex Networks
US,Confess by Nosey
US,Construcciones Asombrosas
US,CorazÃ³n turco
US,Corazón turco
US,Court TV
US,Court TV Plus
US,Crackling Fireplace
US,Crackling Fireplace 2
US,Crime 360 by A&E
US,Crimen
US,Criminal Minds
US,Critical Role
US,Crunchyroll
US,Crímenes imperfectos
US,DAZN Ringse
US,DAZN Ringside
US,DRM Test Channel 1
US,DRM Test Channel 2
US,DRM Test Channel 2026-1
US,DRM Test Channel 2026-10
US,DRM Test Channel 2026-2
US,DRM Test Channel 2026-3
US,DRM Test Channel 2026-4
US,DRM Test Channel 2026-5
US,DRM Test Channel 2026-6
US,DRM Test Channel 2026-7
US,DRM Test Channel 2026-8
US,DRM Test Channel 2026-9
US,DRM Test Channel 3
US,DRM Test Channel 5
US,DRM Test Channel 6
US,DRM Test Channel 7
US,Dabl
US,Dallas Cowboys Cheerleaders
US,Dark Shadows
US,Dateline 24/7
US,Dating Disasters
US,Deal or No Deal
US,Degrassi
US,Delicious Eats by Food Network
US,Demand Africa
US,Diagnosis Murder
US,Dinos 24/7
US,Discovery Turbo TV
US,Djazz
US,Doctor Who Classic
US,Dog Whisperer with Cesar Millan
US,Dog the Bounty Hunter
US,Dogs 24/7
US,Dora TV
US,Dr. Oz
US,"Dr. Quinn, Medicine Woman"
US,Dynasty
US,E2E Test Channel
US,ET
US,Earthday 365
US,Eastern Washington
US,Ebony TV Drama
US,Ebony TV Drama 2
US,El Reino Infantil
US,El Rey Rebel
US,Emergencia 911
US,Emril
US,Entitlement Test Channel 1
US,Entitlement Test Channel 2
US,Entitlement Test Channel 3
US,Entre nosotras
US,Estrella News
US,Estrella News 2
US,EstrellaTV
US,EuroNews
US,Expedientes Sobrenaturales
US,F1 Channel
US,FOX 10 Phoenix
US,FOX 11 Los Angeles
US,FOX 13 Seattle
US,FOX 13 Tampa Bay
US,FOX 2 Detroit
US,FOX 26 Houston
US,FOX 29 Philadelphia
US,FOX 32 Chicago
US,FOX 35 Orlando
US,FOX 4 Dallas Fort Worth
US,FOX 5 Atlanta
US,FOX 5 New York
US,FOX 5 Washington DC
US,FOX 6 Milwaukee
US,FOX 7 Austin
US,FOX 9 Minneapolis St. Paul
US,FOX Deportes
US,FOX Soul
US,FOX Sports
US,FOX Weather
US,FailArmy
US,Faith TV
US,Family Feud
US,Family Feud 2
US,Family Feud Classic
US,Family Ties
US,FanDuel Sports Network NOW - Columbus Blue Jackets
US,FanDuel Sports Network NOW - Detroit Pistons
US,FanDuel Sports Network NOW - Minnesota Wild
US,FanDuel Sports Network NOW - St. Louis Blues
US,FanDuel Sports Network Now - Atlanta Hawks
US,FanDuel Sports Network Now - Carolina Hurricanes
US,FanDuel Sports Network Now - Charlotte Hornets
US,FanDuel Sports Network Now - Cleveland Cavaliers
US,FanDuel Sports Network Now - Detroit Red Wings
US,FanDuel Sports Network Now - Indiana Pacers
US,FanDuel Sports Network Now - LA Kings
US,FanDuel Sports Network Now - Los Angeles Clippers
US,FanDuel Sports Network Now - Memphis Grizzlies
US,FanDuel Sports Network Now - Miami Heat
US,FanDuel Sports Network Now - Milwaukee Bucks
US,FanDuel Sports Network Now - Minnesota Timberwolves
US,FanDuel Sports Network Now - Nashville Predators
US,FanDuel Sports Network Now - Oklahoma City Thunder
US,FanDuel Sports Network Now - Orlando Magic
US,FanDuel TV
US,FanDuel TV Extra
US,Fear Factor
US,Feel Good Drama
US,Festive Fireplace
US,Festive Fireplace 2
US,Fight
US,Find Out Why
US,Flicks of Fury
US,Foodies
US,Forensic Files
US,Forever Kids
US,Fox 2 San Francisco
US,Fraiser
US,FrontDoor
US,Funny AF
US,Fuse Beat
US,G4 Select
US,GLORY Kickboxing
US,Game Show Central
US,Gameplay
US,Gameplay Call of Duty
US,Gameplay Fortnite
US,Gameplay Roblox
US,Gameplay Sports
US,Gameplay: Call of Duty
US,Gameplay: Fortnite
US,Gameplay: Roblox
US,Gameplay: Sports
US,Gamespot
US,Gaming on Verizon
US,Garfield and Friends
US,Ghost Hunters
US,Ghost Whisperer
US,Go Go Gadget!
US,Godzilla
US,Godzilla 2
US,Golazo Network
US,GolfPass
US,Gordon Ramsay's Hell's Kitchen
US,Grande-ish
US,GrowthDay
US,Grvty
US,Gunsmoke
US,Hallmark Movies & More
US,Hallmark Movies & More Holiday Favorites
US,Hallmark Movies & More Holiday Favorites 2
US,Hallmark en espaÃ±ol
US,Hallmark en español
US,Hallmark en español 2
US,Happy Days
US,Heartland
US,Hell's Kitchen en español
US,Hit Sitcoms
US,Hogan's Heroes
US,Holay Lights
US,Holay Lights 2
US,Holiday Lights
US,Holiday Lights 2
US,Holiday Movie Favorites by Lifetime
US,Holidays Lights 2
US,Hollywood Squares
US,Home Cooking
US,Home Crashers
US,Home for the Holidays
US,Home for the Holidays 2
US,Home.Made.Nation
US,Homeful
US,Hot Bench
US,I Love Lucy
US,IGN
US,ION
US,Idaho
US,Idaho State
US,Ink Master
US,Inuyasha
US,Investiga
US,Iron Chef
US,Jamie Oliver Channel
US,Jane the Virgin
US,Jeopardy! hosted by Alex Trebek
US,Jersey Shore
US,Jim Rome
US,Johnny Carson TV
US,Judge Nosey
US,Julia Child
US,K-Content by CJ ENM
US,KIRO Seattle
US,KNBC NBC Los Angeles
US,KNSD NBC San Diego
US,KNTV NBC Bay Area
US,KXAS NBC Dallas-Fort Worth
US,Kartoon Channel!
US,Kevin Hart’s LOL! Network
US,Kids Anime
US,Kids Movie Club
US,Kids TV
US,LEGO Kids TV
US,LIVE STREAM TEST
US,La Academia
US,La Familia del Barrio
US,La Familia del Barrio 2
US,Law and Order
US,Let's Make A Deal
US,Let’s Make A Deal
US,Leverage
US,Little Angel's Playroom
US,Little Angel's Playroom en Español
US,Little Baby Bum
US,Little House on the Prairie
US,Little Stars Universe
US,Live Music
US,Live Music 2
US,Live Test Channel 2
US,Live Test Channel 4
US,Live Test Channel 5
US,Live Test Channel 7
US,Live Test Channel 9
US,LiveNOW from FOX
US,LivePD Presents
US,Living with Evil
US,Locals
US,Logo Pluto TV
US,Loupe
US,Love & Hip Hop
US,Love & Hip Hop 2
US,Love Nature
US,Lucha Libre AAA
US,Lupin the 3rd
US,MAVTV Select
US,MLB
US,MLS
US,MST3K
US,MTV Biggest Pop
US,MTV Biggest Pop 2
US,MTV Dating
US,MTV Flow Latino
US,MTV Flow Latino 2
US,MTV Pluto TV
US,MTV Pluto TV 2
US,MTV Spankin New
US,MTV Spankin New 2
US,MTV en español
US,MTV en español 2
US,Makers
US,Martha Stewart
US,Matched Married Meet by Lifetime
US,Matlock
US,Mayday: Air Disaster
US,Medical Incredible
US,Mi obsesión favorita
US,Midsomer Murders
US,Million Dollar Listing Vault
US,Mission Impossible
US,Mister Rogers' Neighborhood
US,Misterios sin resolver
US,Modern Marvels Presented by HISTORY
US,Modus Darts
US,Monster Jam
US,Montana
US,Montana State
US,More Action Drama
US,More Crime Drama
US,More Star Trek 2
US,More TV Drama
US,More TV Game Shows
US,More TV Sitcoms
US,More True Crime
US,Movie Favorites by Lifetime
US,MovieSphere by Lionsgate
US,Movies for Gamers
US,Movies on Verizon
US,Mundo geek
US,Mundo paranormal
US,Mundo viajero
US,"Murder, She Wrote"
US,Mythbusters
US,Más adrenalina
US,NBC Bay Area News
US,NBC Boston News
US,NBC Chicago News
US,NBC Connecticut News
US,NBC Dallas News
US,NBC Los Angeles News
US,NBC New York News
US,NBC News Now
US,NBC Philadelphia News
US,NBC San Diego News
US,NBC South Florida News
US,NBC Sports Now
US,NBC Washington News
US,NFL Channel
US,NFL Draft Vault
US,NFL Super Bowl Classics
US,NHL Channel
US,Narcos
US,Narcos en español
US,Naruto
US,Naruto en espaÃ±ol
US,Naruto en español
US,Nash Bridges
US,Nashville
US,Nashville en español
US,NatureVision TV
US,Naturescape
US,News 12 New York
US,Newsmax2
US,Nick Games
US,Nick Jr.
US,Nick Jr. Latino
US,Nick Jr. Pluto TV
US,Nick Jr. en español
US,Nick Movies
US,Nickelodeon Pluto TV
US,Nickelodeon en español
US,NiÃ±os por BBC Kids
US,NiÃ±os por BBC Ks
US,Niños por BBC Kids
US,Niños por BBC Ks
US,No Parents Allowed
US,No Reservations
US,Northern Arizona
US,Northern Colorado
US,Nosey
US,Nosey casos
US,Nosey escándalos
US,Novelas Drama
US,Novelas Thriller
US,Novelas con la abuela
US,Nuestra Visión
US,OAN Plus
US,ONE Championship TV
US,OUTtv Proud
US,One Piece
US,OuterSphere
US,Outside TV
US,Oxygen True Crime Archives
US,PBR RidePass
US,PBS Antiques Roadshow
US,PBS Genealogy
US,PBS Nature
US,PCine adrenalina
US,PFL MMA
US,PGA TOUR
US,Pac-12
US,Paramount Movie Channel
US,Paramount+ Picks
US,Pelis y Popcorn
US,Penn & Teller - Fool Us
US,People Are Awesome
US,PeopleTV
US,Peppa Pig
US,Perform by Lifetime
US,Perry Mason
US,Pets 24/7
US,Pickers & Pawn
US,Pickers & Pawns
US,Places + Spaces
US,Places + Spaces 2
US,Pluto 007
US,Pluto 007 en Español
US,Pluto TV 007
US,Pluto TV 007 en español
US,Pluto TV Action
US,Pluto TV Action HISENSE TEST
US,Pluto TV Action Sports
US,Pluto TV Adventure
US,Pluto TV Animals
US,Pluto TV Anime
US,Pluto TV Anime Comedy
US,Pluto TV Anime Movies
US,Pluto TV Backcountry
US,Pluto TV Best Life
US,Pluto TV Boxing
US,Pluto TV Cars
US,Pluto TV Cars 2
US,Pluto TV Celebrity
US,Pluto TV Christmas
US,Pluto TV Christmas in July
US,Pluto TV Cine Acción
US,Pluto TV Cine Estelar
US,Pluto TV Cocina
US,Pluto TV Comedy
US,Pluto TV Competition
US,Pluto TV Courtroom
US,Pluto TV Crime Drama
US,Pluto TV Crime Movies
US,Pluto TV Cult Films
US,Pluto TV Documentaries
US,Pluto TV Drama
US,Pluto TV Drama Life
US,Pluto TV Faith
US,Pluto TV Fantastic
US,Pluto TV Fireworks
US,Pluto TV Food
US,Pluto TV Franchise Favorites
US,Pluto TV Game Shows
US,Pluto TV Gamer
US,Pluto TV Her
US,Pluto TV History
US,Pluto TV Home
US,Pluto TV Hometown Drama
US,Pluto TV Horror
US,Pluto TV Icons
US,Pluto TV Lives
US,Pluto TV Love Stories
US,Pluto TV Military
US,Pluto TV Mistletoe
US,Pluto TV Mundo
US,Pluto TV Naturaleza
US,Pluto TV News
US,Pluto TV Novelas
US,Pluto TV Paranormal
US,Pluto TV Pixel World
US,Pluto TV Pranks
US,Pluto TV Pride
US,Pluto TV Pro Wrestling
US,Pluto TV Reaction
US,Pluto TV Realities en Español
US,Pluto TV Reality
US,Pluto TV Rocky
US,Pluto TV Rocky + Creed
US,Pluto TV Romance
US,Pluto TV Sci-Fi
US,Pluto TV Sci-Fi 1
US,Pluto TV Sci-Fi 2
US,Pluto TV Science
US,Pluto TV Sitcoms
US,Pluto TV Soaps
US,Pluto TV Sports
US,Pluto TV Sportsman
US,Pluto TV Spotlight
US,Pluto TV Staff Picks
US,Pluto TV Suspense
US,Pluto TV Terror
US,Pluto TV Thrillers
US,Pluto TV Travel
US,Pluto TV Trending Now
US,Pluto TV True Crime
US,Pluto TV Vs.
US,Pluto TV Weddings
US,Pluto TV Westerns 2
US,Pluto TV Westerns 3
US,Pluto TV Wrestling
US,Pocketwatch
US,PokerGo
US,Pokémon
US,Pokémon en español
US,Portland State
US,PowerNation
US,Product Feature Test Channel 2
US,Project Runway
US,Property Brothers
US,QVC 2
US,Qello Concerts
US,Queens of Reality
US,Rainbow Squad
US,Rawhe
US,Rawhide
US,Real Housewives Vault
US,Real Life on Verizon
US,Realmadrid tv
US,Rescue 911
US,Revry
US,Ridiculousness
US,RiffTrax
US,Road to UFC at the White House
US,Robot Wars by MECH+
US,Ryan and Friends
US,S.W.A.T.
US,Sacramento State
US,Sailor Moon
US,Sala de Emergencias Historias Inéditas
US,Sala de parejas
US,Salem News Channel
US,Science TV
US,Science TV 2
US,Scripps News
US,Series con Ã‘
US,Series con Ñ
US,Shades of Black
US,Shop LC
US,Shout! TV
US,Showtime
US,Showtime Selects
US,Sitcom Legends
US,Sketchy AF
US,Sky News
US,Slightly Off By IFC
US,Sling TV
US,Slow TV
US,Smithsonian Channel Selects
US,Sony Canal Comedias
US,Sony Canal Escape Perfecto
US,Southern Utah
US,Speed Sport 1
US,Spike
US,Spike Outdoors
US,Spike Pluto TV
US,Spike ¡extremo!
US,Spike Â¡extremo!
US,Stadium
US,Stand-up TV
US,Star Trek
US,Star Trek 2
US,Star Trek Deep Space Nine
US,Star Trek Voyager
US,Star Trek en español
US,Star Trek: Enterprise
US,Star Trek: The Motion Pictures
US,Star Trek: The Motion Pictures 2
US,Star Trek: The Next Generation
US,StarTalk TV
US,Stargate
US,Stargate 2
US,Startalk
US,Stingray Holidayscapes
US,Storage Wars by A&E
US,Stories by AMC
US,Stories by AMC 2
US,Stories by AMC 3
US,Strawberry Shortcake & Friends
US,Supermarket Sweep
US,Supernatural Drama
US,Survivor
US,Swerve Women's Sports
US,TBN
US,TNA Wrestling
US,TODAY All Day
US,TOTALLY TURTLES
US,TV Land Drama
US,TV Land Sitcoms
US,TV Land Sitcoms 2
US,TYT Network
US,Tastemade
US,Tastemade Smokehouse
US,Team Spirit
US,Team USA
US,Teen Mom
US,Teen Wolf
US,Telefe noticias
US,Telemundo Noticias California
US,Telemundo Noticias Florida
US,Telemundo Noticias Noreste
US,Telemundo Noticias Texas
US,Telemundo Telenovelas Clásicas
US,Tennis Channel 2
US,Test Channel 1080p resolution
US,The Addams Family
US,The Amazing Race
US,The Andy Griffith Show
US,The Asylum
US,The Asylum 2
US,The Bob Ross Channel
US,The Brady Bunch
US,The Carol Burnett Show
US,The Challenge
US,The Design Network
US,The Dick Van Dyke Show
US,The Ed Sullivan Show
US,The Emeril Lagasse Channel
US,The First
US,The First 48 by A&E
US,The Good Wife
US,The Hills / Laguna Beach
US,The Jack Hannah Channel
US,The Johnny Carson Show
US,The Judge Judy Channel
US,The Lone Ranger
US,The Love Boat
US,The Martha Stewart Channel
US,The NBA Channel
US,The New Detectives
US,The Pet Collective
US,The Price Is Right
US,The Price Is Right: The Barker Era
US,The Rachael Ray Show
US,The Rifleman
US,The Ring
US,The Twilight Zone
US,The Walking Dead Universe
US,The Walking Dead en espaÃ±ol
US,The Walking Dead en español
US,The Weather Channel en español
US,The Wild Wild West
US,The X-Files
US,This Old House
US,Three's Company
US,TikTok Radio
US,Tiny House Nation
US,TokuSHOUTSu 2
US,TokuSHOUTsu
US,Tony Robbins Network
US,Top Chef Vault
US,Top Gear
US,Top Gear en espaÃ±ol
US,Top Gear en español
US,Top Rank Classics
US,Tosh.0
US,Touched By An Angel
US,Tough Jobs
US,Transformers TV
US,Triton Poker
US,True Live Google DAI
US,TuDiscovery
US,TuWarner
US,UFC
US,Ultimate Builds
US,UnXplained Zone
US,Undercover Boss
US,Universal Action
US,Universal Crime
US,Universal Monsters
US,Universal Movies
US,Unsolved Mysteries
US,VH1 Black Ink Crew
US,VH1 Hip Hop Family
US,VH1 I Love Reality
US,VOD
US,Vevo 2k
US,Vevo 70's
US,Vevo 80s
US,Vevo 90s
US,Vevo Country
US,Vevo Holiday
US,Vevo Holiday 2
US,Vevo Iconos Latinos
US,Vevo Iconos Latinos 2
US,Vevo Latino
US,Vevo Latino 2
US,Vevo Pop
US,Vevo R&B
US,Vevo R&B 2
US,Vevo Reggaeton & Trap
US,Vevo Reggaeton & Trap 2
US,Vevo Regional Mexicano
US,Vevo Regional Mexicano 2
US,Vevo Rock
US,Vevo True School Hip Hop
US,Vevo True School Hip-Hop
US,Vidas Extremas
US,Voyager Documentaries
US,WBTS NBC Boston
US,WCAU NBC Philadelphia
US,WFTV Orlando
US,WMAQ NBC Chicago
US,WNBC NBC New York
US,WOW - Women of Wrestling
US,WPXI NOW
US,WRC NBC Washington DC
US,WSB Atlanta
US,WSOC Charlotte
US,WTVJ NBC Miami
US,WVIT NBC Connecticut
US,Wanted Dead or Alive
US,Warner Bros. TV Medical Incredible
US,Warner Bros. TV Rustic Retreats
US,Warner Bros. TV Say Yes to the Dress
US,Warner Bros. TV Sweet Escapes
US,WatchFree Adventure
US,WatchFree Strongman
US,WatchFree Teen
US,Waypoint TV
US,Weather Nation
US,WeatherNation
US,WeatherNation Atlanta
US,WeatherNation Baltimore/Washington
US,WeatherNation Boston
US,WeatherNation Charlotte
US,WeatherNation Chicago
US,WeatherNation Cleveland
US,WeatherNation Dallas/Ft. Worth
US,WeatherNation Denver
US,WeatherNation Detroit
US,WeatherNation Houston
US,WeatherNation Indianapolis
US,WeatherNation Los Angeles
US,WeatherNation Miami
US,WeatherNation Minneapolis
US,WeatherNation Nashville
US,WeatherNation New York
US,WeatherNation Orlando
US,WeatherNation Philadelphia
US,WeatherNation Phoenix
US,WeatherNation Pittsburgh
US,WeatherNation Pittsburgh (Local)
US,WeatherNation Pittsburgh 2
US,WeatherNation Portland
US,WeatherNation Raleigh-Durham
US,WeatherNation Sacramento
US,WeatherNation Salt Lake City
US,WeatherNation San Diego
US,WeatherNation San Francisco
US,WeatherNation Seattle
US,WeatherNation St. Louis
US,WeatherNation Tampa
US,WeatherNation Washington D.C.
US,Weathernation HISENSE TEST
US,Weber State
US,Western TV
US,Wheel of Fortune
US,Wicked Tuna
US,Wild 'N Out
US,Wild West TV
US,Wings
US,Wipeout
US,Women's Sports Network
US,World Poker Tour
US,World of Love Island
US,Wrestling Channel
US,X Games
US,XITE Classic Country
US,XITE Gospel
US,XITE Gospel 2
US,XITE Rock
US,XIVE TV
US,Xtreme Outdoor Presented by HISTORY
US,Yahoo Finance
US,Yo! MTV
US,Yo! MTV 2
US,Young Hollywood
US,Yu-Gi-Oh
US,Yu-Gi-Oh! en espaÃ±ol
US,Yu-Gi-Oh! en español
US,ZenLIFE
US,Zuffa Boxing Prelims
US,beIN SPORTS XTRA en español
US,bein Sports Xtra
US,iCarly TV
US,theGrio
UY,ADN40
UY,Acapulco Shore Pluto TV
UY,Adrenalina Pura TV
UY,Al Fondo Hay Sitio
UY,Al Ritmo del Jaripeo
UY,All Women's Sports Network
UY,America's Next Top Model
UY,Andromeda
UY,Archivos Extraterrestres
UY,Archivos Forenses
UY,Avatar - La Leyenda de Aang
UY,Azteca Deportes Network
UY,Azteca Uno -1 hora
UY,Azteca internacional
UY,Babar
UY,Baby Shark TV
UY,BabyFirst
UY,Backdoor
UY,Banco de Chile Stage
UY,Barney
UY,Baywatch
UY,Best of The Drew Barrymore Show
UY,Beverly Hills 90210
UY,Beyblade
UY,Bloomberg Television
UY,Bob Esponja Pantalones Cuadrados
UY,Boom
UY,Boruto - Naruto Next Generations
UY,Bromas Gags - Just for Laughs
UY,C4 en Alerta
UY,CBS News
UY,COPS
UY,CSI - Miami
UY,Canal 6 CdMx
UY,Canal Claro
UY,Captain Tsubasa
UY,Cazador de Homicidas
UY,Chilevision Contigo
UY,Chilevision Deportes
UY,Chilevision Noticias
UY,Chimenea Navideña
UY,Chiquititas
UY,Cinema
UY,Cinépolis Channel
UY,Claro Sports
UY,Claro Sports 2
UY,Claro Sports Mexico
UY,Comedy Central Pluto TV
UY,Comedy Central South Park
UY,Concert Channel
UY,Corazón
UY,Cuando los Ángeles Caen
UY,DAZN Combat
UY,DAZN Women's Football
UY,Daria
UY,Death Note
UY,Desafío Super Humanos
UY,Doc Martin
UY,Dog el cazarrecompensas
UY,Dominance FC TV
UY,"Dora, La Exploradora"
UY,Dr. G
UY,Dulce by elGourmet
UY,ESR 24/7
UY,El Encantador de Perros
UY,El Mariachi
UY,El Reino Infantil
UY,Empeños a lo bestia
UY,Enchufe.tv
UY,Estrellas de Accion
UY,Euronews Español
UY,FIFA+
UY,FUEL TV
UY,Fail Army
UY,Fashion TV
UY,Franky Mostro
UY,Got Talent Argentina
UY,Gran Hermano Chile
UY,Hawaii 5-0
UY,Hechiceras
UY,Hechizada
UY,Hells Kitchen
UY,Hermanos a la Obra
UY,Hey Arnold!
UY,Historias de Ultratumba
UY,Homeful
UY,Hunter x Hunter
UY,I Shouldn't Be Alive
UY,ITV Deportes
UY,Ice Pilots
UY,Imagen TV+
UY,Infierno Sobre Ruedas
UY,Inuyasha
UY,Iron Chef
UY,JoJo’s Bizarre Adventure
UY,Juana La Virgen
UY,Kenan y Kel
UY,LATAM AD Test 1
UY,LATAM AD Test 2
UY,LATAM AD Test 3
UY,LATAM AD Test 4
UY,LATAM AD Test 5
UY,LATAM AD Test 6
UY,LATAM AD Test 7 - Libertadores 1
UY,LATAM AD Test 8 - Libertadores 2
UY,LATAM AD Test 9 - Libertadores 3
UY,La Academia
UY,La Familia del Barrio
UY,La Liga Premier | Paramount+
UY,La Selección
UY,Las Pistas de Blue
UY,Las Tortugas Ninja
UY,Loco Por Ti
UY,Los Asesinatos de Midsomer
UY,Los Padrinos Mágicos
UY,Los Pitufos
UY,Los Tres Chiflados
UY,Los archivos del FBI
UY,Los Ángeles de Charlie
UY,Luces Navideñas
UY,Lucha Libre​ AAA
UY,MTV Animaciones
UY,MTV Biggest Pop
UY,MTV Catfish
UY,MTV Classic
UY,MTV Con Mi Ex
UY,MTV Dating - GF
UY,MTV Drag
UY,MTV EMA
UY,MTV Flow Latino
UY,MTV Halloween
UY,MTV Música Navideña
UY,MTV Pluto TV
UY,MTV Pride
UY,MTV Reality
UY,MTV Reinas del Pop
UY,MTV Ridiculousness
UY,MTV Rocks
UY,MTV Spankin' New
UY,MTV Teen Mom
UY,MTV on Tour!
UY,MacGyver
UY,Maestros de la ilusión
UY,MasterChef
UY,MasterChef Argentina
UY,MasterChef Colombia
UY,MasterChef Junior
UY,MasterChef México
UY,Mi Bella Genio
UY,Mi Coche Clásico
UY,Mi Gorda Bella
UY,Milenio Televisión
UY,Minuto Para Ganar
UY,Misterios sin Resolver
UY,Monstruos de Rio
UY,Motorvision TV
UY,Mr. Bean Animated
UY,NCIS
UY,NCIS - Lo Mejor de Tony & Ziva
UY,Naruto
UY,Naruto Shippuden
UY,NatureTime
UY,Nick Jr. Club
UY,Nick Teen
UY,Nickelodeon Clásico
UY,Nickelodeon Clásico - GF
UY,Nickelodeon Rocket Power
UY,Nickelodeon Toons
UY,Nickelodeon iCarly
UY,Nosey Escandalos
UY,Números
UY,Obsesión por los Autos
UY,One Piece
UY,PAW Patrol Patrulla de Cachorros
UY,PFL MMA
UY,PRIDEtv
UY,Paramount+ Presenta
UY,Plato del Dia by elGourmet
UY,Pluto TV A La Mexicana
UY,Pluto TV Amor y Mentiras
UY,Pluto TV Animales
UY,Pluto TV Anime
UY,Pluto TV Anime Accion
UY,Pluto TV Anime Kids
UY,Pluto TV Aventura
UY,Pluto TV Ciencia
UY,Pluto TV Cine Acción
UY,Pluto TV Cine Acción - Roku
UY,Pluto TV Cine Clásico
UY,Pluto TV Cine Comedia
UY,Pluto TV Cine Crimen
UY,Pluto TV Cine Drama
UY,Pluto TV Cine Estelar
UY,Pluto TV Cine Estelar - Roku
UY,Pluto TV Cine Familia
UY,Pluto TV Cine Inspirador
UY,Pluto TV Cine Navidad
UY,Pluto TV Cine Romance​
UY,Pluto TV Cine Suspenso
UY,Pluto TV Cine Terror
UY,Pluto TV Cocina
UY,Pluto TV Competencias
UY,Pluto TV Conciertos by Stingray
UY,Pluto TV Criaturas Malditas
UY,Pluto TV Deportes
UY,Pluto TV Documentales
UY,Pluto TV Dramas Coreanos
UY,Pluto TV Dramas Coreanos Teen
UY,Pluto TV E-Sports
UY,Pluto TV España
UY,Pluto TV Fashionstream
UY,Pluto TV Filmstream
UY,Pluto TV Fútbol
UY,Pluto TV Historia
UY,Pluto TV Humor
UY,Pluto TV Investiga
UY,Pluto TV Junior
UY,Pluto TV Karaoke by Stingray
UY,Pluto TV Kids
UY,Pluto TV Mi Obsesión Favorita
UY,Pluto TV Misterios
UY,Pluto TV Misterios Medicos
UY,Pluto TV Modus Super Series Darts
UY,Pluto TV Naturaleza
UY,Pluto TV Novelas
UY,Pluto TV Novelas de Argentina
UY,Pluto TV Novelas de Brasil
UY,Pluto TV Novelas de Chile
UY,Pluto TV Novelas de Colombia
UY,Pluto TV Novelas de Mexico
UY,Pluto TV Novelas de Otros Continentes
UY,Pluto TV Novelas de Peru
UY,Pluto TV Novelas de Venezuela
UY,Pluto TV Nuestro Cine
UY,Pluto TV Paisajes by Stingray
UY,Pluto TV Peleas
UY,Pluto TV Reality
UY,Pluto TV Recetas
UY,Pluto TV Retro Cartoons
UY,Pluto TV Sci-Fi
UY,Pluto TV Series
UY,Pluto TV Series Latinas
UY,Pluto TV Series Retro
UY,Pluto TV Series de Acción
UY,Pluto TV Series de Aventura
UY,Pluto TV Series de Comedia
UY,Pluto TV Series de Crimen
UY,Pluto TV Series de Drama
UY,Pluto TV Series de Otros Continentes
UY,Pluto TV Series de Sci-Fi
UY,Pluto TV Stage
UY,Pluto TV Star Trek
UY,Pluto TV Teen
UY,Pluto TV Viajes
UY,Pluto TV Vida Real
UY,Pluto TV Hogar​
UY,Pluto TV Velocidad​
UY,Pokémon
UY,Popeye
UY,RCN Más
UY,RCN Noticias
UY,Realmadrid TV
UY,Red Bull TV
UY,Relic Hunter
UY,Reviví Gran Hermano
UY,Rincón de Luz
UY,Rock Story
UY,Rookie Blue - Policías Novatos
UY,Rugrats
UY,Runtime
UY,Schitt's Creek
UY,Shockwave
UY,Sin Tetas No Hay Paraiso
UY,Smithsonian Channel Pluto TV
UY,Sony One Escape Perfecto
UY,Sony One Shark Tank México
UY,South Park - Apocalipsis
UY,South Park - Celebrities
UY,South Park - Colección Felices Fiestas
UY,South Park - Las Muertes de Kenny
UY,South Park - Lo Mejor de Cartman
UY,South Park - Lo Mejor de Kenny
UY,South Park - Lo Mejor de Kyle
UY,South Park - Lo Mejor de Stan
UY,South Park - ¡Rock & Roll!
UY,Starsky & Hutch
UY,Survivor México
UY,Susana Giménez
UY,Tastemade
UY,Tastemade Hogar
UY,Tastemade Viajes
UY,Teatrix
UY,TeleFórmula
UY,Telefe Deportes
UY,Telefe Hits
UY,Telefe Noticias
UY,Telefe Pluto TV
UY,The Ed Sullivan Show
UY,The New Detectives
UY,The Night Shift
UY,The Pet Collective
UY,The Walking Dead by AMC
UY,TikTok Radio en Español
UY,Tokusato
UY,Top Barça
UY,UFC
UY,Untold Stories of the ER
UY,VOD
UY,Vive Kanal D Drama
UY,Winx Club TV
UY,Wipeout
UY,Yo! MTV
UY,Younger
UY,Yu-Gi-Oh
UY,Z Nation
UY,Zona Investigación TV
VE,ADN40
VE,Acapulco Shore Pluto TV
VE,Adrenalina Pura TV
VE,Al Fondo Hay Sitio
VE,Al Ritmo del Jaripeo
VE,All Women's Sports Network
VE,America's Next Top Model
VE,Andromeda
VE,Archivos Extraterrestres
VE,Archivos Forenses
VE,Avatar - La Leyenda de Aang
VE,Azteca Deportes Network
VE,Azteca Uno -1 hora
VE,Azteca internacional
VE,Babar
VE,Baby Shark TV
VE,BabyFirst
VE,Backdoor
VE,Banco de Chile Stage
VE,Barney
VE,Baywatch
VE,Best of The Drew Barrymore Show
VE,Beverly Hills 90210
VE,Beyblade
VE,Bloomberg Television
VE,Bob Esponja Pantalones Cuadrados
VE,Boom
VE,Boruto - Naruto Next Generations
VE,Bromas Gags - Just for Laughs
VE,C4 en Alerta
VE,CBS News
VE,COPS
VE,CSI - Miami
VE,Canal 6 CdMx
VE,Canal Claro
VE,Captain Tsubasa
VE,Cazador de Homicidas
VE,Chilevision Contigo
VE,Chilevision Deportes
VE,Chilevision Noticias
VE,Chimenea Navideña
VE,Chiquititas
VE,Cinema
VE,Cinépolis Channel
VE,Claro Sports
VE,Claro Sports 2
VE,Claro Sports Mexico
VE,Comedy Central Pluto TV
VE,Comedy Central South Park
VE,Concert Channel
VE,Corazón
VE,Cuando los Ángeles Caen
VE,DAZN Combat
VE,DAZN Women's Football
VE,Daria
VE,Death Note
VE,Desafío Super Humanos
VE,Doc Martin
VE,Dog el cazarrecompensas
VE,Dominance FC TV
VE,"Dora, La Exploradora"
VE,Dr. G
VE,Dulce by elGourmet
VE,ESR 24/7
VE,El Encantador de Perros
VE,El Mariachi
VE,El Reino Infantil
VE,Empeños a lo bestia
VE,Enchufe.tv
VE,Estrellas de Accion
VE,Euronews Español
VE,FIFA+
VE,FUEL TV
VE,Fail Army
VE,Fashion TV
VE,Franky Mostro
VE,Got Talent Argentina
VE,Gran Hermano Chile
VE,Hawaii 5-0
VE,Hechiceras
VE,Hechizada
VE,Hells Kitchen
VE,Hermanos a la Obra
VE,Hey Arnold!
VE,Historias de Ultratumba
VE,Homeful
VE,Hunter x Hunter
VE,I Shouldn't Be Alive
VE,ITV Deportes
VE,Ice Pilots
VE,Imagen TV+
VE,Infierno Sobre Ruedas
VE,Inuyasha
VE,Iron Chef
VE,JoJo’s Bizarre Adventure
VE,Juana La Virgen
VE,Kenan y Kel
VE,LATAM AD Test 1
VE,LATAM AD Test 2
VE,LATAM AD Test 3
VE,LATAM AD Test 4
VE,LATAM AD Test 5
VE,LATAM AD Test 6
VE,LATAM AD Test 7 - Libertadores 1
VE,LATAM AD Test 8 - Libertadores 2
VE,LATAM AD Test 9 - Libertadores 3
VE,La Academia
VE,La Familia del Barrio
VE,La Liga Premier | Paramount+
VE,La Selección
VE,Las Pistas de Blue
VE,Las Tortugas Ninja
VE,Loco Por Ti
VE,Los Asesinatos de Midsomer
VE,Los Padrinos Mágicos
VE,Los Pitufos
VE,Los Tres Chiflados
VE,Los archivos del FBI
VE,Los Ángeles de Charlie
VE,Luces Navideñas
VE,Lucha Libre​ AAA
VE,MTV Animaciones
VE,MTV Biggest Pop
VE,MTV Catfish
VE,MTV Classic
VE,MTV Con Mi Ex
VE,MTV Dating - GF
VE,MTV Drag
VE,MTV EMA
VE,MTV Flow Latino
VE,MTV Halloween
VE,MTV Música Navideña
VE,MTV Pluto TV
VE,MTV Pride
VE,MTV Reality
VE,MTV Reinas del Pop
VE,MTV Ridiculousness
VE,MTV Rocks
VE,MTV Spankin' New
VE,MTV Teen Mom
VE,MTV on Tour!
VE,MacGyver
VE,Maestros de la ilusión
VE,MasterChef
VE,MasterChef Argentina
VE,MasterChef Colombia
VE,MasterChef Junior
VE,MasterChef México
VE,Mi Bella Genio
VE,Mi Coche Clásico
VE,Mi Gorda Bella
VE,Milenio Televisión
VE,Minuto Para Ganar
VE,Misterios sin Resolver
VE,Monstruos de Rio
VE,Motorvision TV
VE,Mr. Bean Animated
VE,NCIS
VE,NCIS - Lo Mejor de Tony & Ziva
VE,Naruto
VE,Naruto Shippuden
VE,NatureTime
VE,Nick Jr. Club
VE,Nick Pluto TV
VE,Nick Teen
VE,Nickelodeon Clásico
VE,Nickelodeon Clásico - GF
VE,Nickelodeon Rocket Power
VE,Nickelodeon Toons
VE,Nickelodeon iCarly
VE,Nosey Escandalos
VE,Números
VE,Obsesión por los Autos
VE,One Piece
VE,PAW Patrol Patrulla de Cachorros
VE,PFL MMA
VE,PRIDEtv
VE,Paramount+ Presenta
VE,Plato del Dia by elGourmet
VE,Pluto TV A La Mexicana
VE,Pluto TV Amor y Mentiras
VE,Pluto TV Animales
VE,Pluto TV Anime
VE,Pluto TV Anime Accion
VE,Pluto TV Anime Kids
VE,Pluto TV Aventura
VE,Pluto TV Aventura​
VE,Pluto TV Ciencia
VE,Pluto TV Cine Acción
VE,Pluto TV Cine Acción - Roku
VE,Pluto TV Cine Clásico
VE,Pluto TV Cine Comedia
VE,Pluto TV Cine Crimen
VE,Pluto TV Cine Drama
VE,Pluto TV Cine Estelar
VE,Pluto TV Cine Estelar - Roku
VE,Pluto TV Cine Familia
VE,Pluto TV Cine Inspirador
VE,Pluto TV Cine Navidad
VE,Pluto TV Cine Romance​
VE,Pluto TV Cine Suspenso
VE,Pluto TV Cine Terror
VE,Pluto TV Cocina
VE,Pluto TV Competencias
VE,Pluto TV Conciertos by Stingray
VE,Pluto TV Criaturas Malditas
VE,Pluto TV Deportes
VE,Pluto TV Documentales
VE,Pluto TV Dramas Coreanos
VE,Pluto TV Dramas Coreanos Teen
VE,Pluto TV E-Sports
VE,Pluto TV España
VE,Pluto TV Fashionstream
VE,Pluto TV Filmstream
VE,Pluto TV Fútbol
VE,Pluto TV Historia
VE,Pluto TV Humor
VE,Pluto TV Investiga
VE,Pluto TV Junior
VE,Pluto TV Karaoke by Stingray
VE,Pluto TV Kids
VE,Pluto TV Mi Obsesión Favorita
VE,Pluto TV Misterios
VE,Pluto TV Misterios Medicos
VE,Pluto TV Modus Super Series Darts
VE,Pluto TV Naturaleza
VE,Pluto TV Novelas
VE,Pluto TV Novelas de Argentina
VE,Pluto TV Novelas de Brasil
VE,Pluto TV Novelas de Chile
VE,Pluto TV Novelas de Colombia
VE,Pluto TV Novelas de Mexico
VE,Pluto TV Novelas de Otros Continentes
VE,Pluto TV Novelas de Peru
VE,Pluto TV Novelas de Venezuela
VE,Pluto TV Nuestro Cine
VE,Pluto TV Paisajes by Stingray
VE,Pluto TV Peleas
VE,Pluto TV Reality
VE,Pluto TV Recetas
VE,Pluto TV Retro Cartoons
VE,Pluto TV Sci-Fi
VE,Pluto TV Series
VE,Pluto TV Series Latinas
VE,Pluto TV Series Retro
VE,Pluto TV Series de Acción
VE,Pluto TV Series de Aventura
VE,Pluto TV Series de Comedia
VE,Pluto TV Series de Crimen
VE,Pluto TV Series de Drama
VE,Pluto TV Series de Otros Continentes
VE,Pluto TV Series de Sci-Fi
VE,Pluto TV Stage
VE,Pluto TV Star Trek
VE,Pluto TV Teen
VE,Pluto TV Viajes
VE,Pluto TV Vida Real
VE,Pluto TV Hogar​
VE,Pluto TV Velocidad​
VE,Pokémon
VE,Popeye
VE,RCN Más
VE,RCN Noticias
VE,Realmadrid TV
VE,Red Bull TV
VE,Relic Hunter
VE,Reviví Gran Hermano
VE,Rincón de Luz
VE,Rock Story
VE,Rookie Blue - Policías Novatos
VE,Rugrats
VE,Runtime
VE,Schitt's Creek
VE,Shockwave
VE,Sin Tetas No Hay Paraiso
VE,Smithsonian Channel Pluto TV
VE,Sony One Escape Perfecto
VE,Sony One Shark Tank México
VE,South Park - Apocalipsis
VE,South Park - Celebrities
VE,South Park - Colección Felices Fiestas
VE,South Park - Las Muertes de Kenny
VE,South Park - Lo Mejor de Cartman
VE,South Park - Lo Mejor de Kenny
VE,South Park - Lo Mejor de Kyle
VE,South Park - Lo Mejor de Stan
VE,South Park - ¡Rock & Roll!
VE,Starsky & Hutch
VE,Survivor México
VE,Susana Giménez
VE,Tastemade
VE,Tastemade Hogar
VE,Tastemade Viajes
VE,Teatrix
VE,TeleFórmula
VE,Telefe Deportes
VE,Telefe Hits
VE,Telefe Noticias
VE,Telefe Pluto TV
VE,The Ed Sullivan Show
VE,The New Detectives
VE,The Night Shift
VE,The Pet Collective
VE,The Walking Dead by AMC
VE,TikTok Radio en Español
VE,Tokusato
VE,Top Barça
VE,UFC
VE,Untold Stories of the ER
VE,VOD
VE,Vive Kanal D Drama
VE,Winx Club TV
VE,Wipeout
VE,Yo! MTV
VE,Younger
VE,Yu-Gi-Oh
VE,Z Nation
VE,Zona Investigación TV
